{"type":"FeatureCollection","metadata":{"title":"Maritime zones around Palk Strait and the Gulf of Mannar","source":"Marine Regions Maritime Boundaries v12 (Flanders Marine Institute), CC-BY 4.0","region":{"south":7.5,"north":10.8,"west":77.5,"east":80.6},"clippedToRegion":true,"simplifiedToleranceM":25.0,"generated":"2026-10-06","notForNavigation":true},"features":[{"type":"Feature","properties":{"layer":"eez_boundaries","description":"Maritime boundary lines (treaty, 200 NM, straight baselines)","sovereign":"Sri Lanka","otherSovereign":"India","name":"Sri Lanka - India","lineType":"Treaty","mrgid":1307,"source":"Marine Regions Maritime Boundaries v12 (Flanders Marine Institute), CC-BY 4.0"},"geometry":{"type":"MultiLineString","coordinates":[[[79.533333,9.1],[79.521667,9.0],[79.488333,8.896667],[79.303333,8.666667],[79.216667,8.62],[79.078333,8.52],[78.923333,8.37],[78.895,8.203333],[78.761667,7.588333],[78.719044,7.5]]]}},{"type":"Feature","properties":{"layer":"eez_boundaries","description":"Maritime boundary lines (treaty, 200 NM, straight baselines)","sovereign":"Sri Lanka","otherSovereign":"India","name":"Sri Lanka - India","lineType":"Treaty","mrgid":1306,"source":"Marine Regions Maritime Boundaries v12 (Flanders Marine Institute), CC-BY 4.0"},"geometry":{"type":"MultiLineString","coordinates":[[[80.05,10.083333],[79.583333,9.95],[79.376667,9.669167],[79.511667,9.363333],[79.533333,9.216667],[79.533333,9.1]]]}},{"type":"Feature","properties":{"layer":"eez_boundaries","description":"Maritime boundary lines (treaty, 200 NM, straight baselines)","sovereign":"Sri Lanka","otherSovereign":"India","name":"Sri Lanka - India","lineType":"Treaty","mrgid":1310,"source":"Marine Regions Maritime Boundaries v12 (Flanders Marine Institute), CC-BY 4.0"},"geometry":{"type":"MultiLineString","coordinates":[[[80.05,10.083333],[80.083333,10.096667],[80.158333,10.14],[80.6,10.437671]]]}},{"type":"Feature","properties":{"layer":"eez_boundaries","description":"Maritime boundary lines (treaty, 200 NM, straight baselines)","sovereign":"India","otherSovereign":null,"name":"India Straight Baseline","lineType":"Straight baseline","mrgid":368,"source":"Marine Regions Maritime Boundaries v12 (Flanders Marine Institute), CC-BY 4.0"},"geometry":{"type":"MultiLineString","coordinates":[[[79.878333,10.291667],[79.888889,10.308333],[79.880556,10.325],[79.868454,10.8]]]}},{"type":"Feature","properties":{"layer":"eez_boundaries","description":"Maritime boundary lines (treaty, 200 NM, straight baselines)","sovereign":"India","otherSovereign":null,"name":"India Straight Baseline","lineType":"Straight baseline","mrgid":1669,"source":"Marine Regions Maritime Boundaries v12 (Flanders Marine Institute), CC-BY 4.0"},"geometry":{"type":"MultiLineString","coordinates":[[[77.556667,8.073333],[77.746667,8.175833],[78.07,8.373333],[78.131667,8.495556],[78.23,8.746667],[78.58,9.100833],[79.088333,9.19],[79.53,9.093333],[79.526667,9.106667],[79.336667,9.316667]]]}},{"type":"Feature","properties":{"layer":"eez_12nm","description":"Territorial sea (12 NM)","sovereign":"Sri Lanka","otherSovereign":null,"name":"Sri Lankan 12 NM","lineType":null,"mrgid":49069,"source":"Marine Regions Maritime Boundaries v12 (Flanders Marine Institute), CC-BY 4.0"},"geometry":{"type":"MultiPolygon","coordinates":[[[[79.497774,8.925933],[79.521667,9],[79.533333,9.1],[79.533333,9.216667],[79.511667,9.363333],[79.421827,9.566859],[79.435941,9.574176],[79.450958,9.580507],[79.454903,9.597997],[79.458841,9.611249],[79.463912,9.624808],[79.47012,9.638307],[79.4774,9.651516],[79.485351,9.663736],[79.493772,9.675032],[79.504852,9.688156],[79.512497,9.696189],[79.520547,9.703797],[79.528694,9.710736],[79.537232,9.717257],[79.54609,9.723307],[79.557141,9.729957],[79.566214,9.734763],[79.576874,9.739713],[79.5866,9.760646],[79.598008,9.780817],[79.603968,9.789875],[79.610002,9.798069],[79.625769,9.817166],[79.634794,9.826838],[79.641147,9.832941],[79.651151,9.841554],[79.660912,9.84894],[79.669178,9.857526],[79.679052,9.866506],[79.688146,9.873921],[79.701125,9.883191],[79.711701,9.895625],[79.72082,9.905181],[79.7321,9.915447],[79.74262,9.923739],[79.751677,9.930031],[79.760917,9.935738],[79.770643,9.94104],[79.780475,9.945732],[79.793333,9.950934],[79.805666,9.955014],[79.817937,9.958398],[79.832274,9.961321],[79.844423,9.968842],[79.856916,9.975412],[79.866953,9.979925],[79.878769,9.984533],[79.8969,9.992712],[79.927723,10.003401],[79.942789,10.007406],[79.953936,10.009802],[79.970309,10.015563],[79.9793,10.018108],[79.990634,10.020687],[80.002992,10.022729],[80.013837,10.023919],[80.024883,10.024517],[80.035945,10.024517],[80.049195,10.023728],[80.060185,10.022413],[80.071429,10.020435],[80.082203,10.017928],[80.097415,10.021803],[80.116451,10.025327],[80.13406,10.027143],[80.145013,10.027502],[80.148718,10.027253],[80.160598,10.030756],[80.175129,10.033754],[80.189644,10.035683],[80.20624,10.036803],[80.218912,10.036826],[80.233529,10.03594],[80.244693,10.034615],[80.258408,10.03211],[80.269469,10.02937],[80.276129,10.027216],[80.292946,10.023961],[80.306129,10.020441],[80.317494,10.016699],[80.331466,10.011085],[80.345958,10.004105],[80.360363,9.995699],[80.374191,9.986115],[80.386315,9.97626],[80.395254,9.96791],[80.403814,9.958906],[80.411466,9.949816],[80.419448,9.93903],[80.427221,9.927048],[80.433981,9.915124],[80.439779,9.903289],[80.445046,9.890408],[80.450224,9.881117],[80.454578,9.874573],[80.461908,9.865924],[80.468543,9.857143],[80.483271,9.834761],[80.489565,9.824581],[80.49185,9.821364],[80.496731,9.815723],[80.500559,9.811856],[80.507688,9.805646],[80.523537,9.792483],[80.539321,9.780151],[80.559355,9.765579],[80.580124,9.748717],[80.591796,9.739938],[80.6,9.733239],[80.6,7.5],[79.59153,7.5],[79.588528,7.51982],[79.586847,7.541198],[79.584664,7.594851],[79.584563,7.60959],[79.585582,7.626086],[79.587596,7.64044],[79.591641,7.658391],[79.597097,7.675325],[79.59665,7.679223],[79.587123,7.733178],[79.584543,7.744889],[79.580944,7.759239],[79.576114,7.775105],[79.572467,7.789812],[79.568381,7.804229],[79.560876,7.839214],[79.554986,7.861251],[79.548643,7.88719],[79.543567,7.899868],[79.538035,7.916796],[79.529166,7.949702],[79.512431,8.001549],[79.510196,8.010034],[79.507957,8.020595],[79.506009,8.033557],[79.504922,8.046426],[79.504682,8.071187],[79.502259,8.085072],[79.500742,8.100349],[79.500439,8.118898],[79.501496,8.13553],[79.498925,8.145999],[79.497116,8.155414],[79.49311,8.181706],[79.491738,8.194793],[79.491252,8.205731],[79.491297,8.214561],[79.491761,8.224052],[79.492706,8.233886],[79.49579,8.2522],[79.500074,8.268571],[79.50534,8.283603],[79.512515,8.29963],[79.517617,8.309159],[79.522225,8.31683],[79.527076,8.324154],[79.533583,8.332999],[79.539225,8.339925],[79.546478,8.347982],[79.559824,8.360793],[79.568241,8.378212],[79.573625,8.39444],[79.577468,8.412505],[79.584034,8.435197],[79.578833,8.458771],[79.577297,8.468813],[79.576212,8.479725],[79.575726,8.490658],[79.575814,8.501429],[79.576656,8.517172],[79.57785,8.528074],[79.581008,8.545307],[79.586277,8.564443],[79.592648,8.581223],[79.601985,8.600556],[79.607202,8.610023],[79.612979,8.619273],[79.620621,8.63001],[79.62605,8.636836],[79.633775,8.645738],[79.641231,8.653475],[79.650147,8.661826],[79.65933,8.669538],[79.668149,8.676126],[79.67731,8.682221],[79.686774,8.6878],[79.696565,8.692875],[79.706603,8.697403],[79.717008,8.701428],[79.727347,8.704792],[79.739101,8.70789],[79.732757,8.721033],[79.726923,8.735869],[79.72243,8.750574],[79.718883,8.766657],[79.71517,8.78904],[79.714078,8.800196],[79.713621,8.81028],[79.713612,8.819682],[79.714143,8.830438],[79.716755,8.851625],[79.714714,8.855558],[79.712429,8.857703],[79.699833,8.867715],[79.691381,8.872129],[79.680766,8.871778],[79.667585,8.869663],[79.655401,8.868442],[79.642748,8.867948],[79.631305,8.86818],[79.617713,8.869287],[79.603321,8.871422],[79.590634,8.874177],[79.578794,8.877542],[79.567313,8.881523],[79.557104,8.885725],[79.54501,8.89158],[79.535612,8.896844],[79.526293,8.902743],[79.515578,8.910462],[79.507066,8.917402],[79.497774,8.925933]],[[79.929253,8.867882],[79.930793,8.867904],[79.931359,8.868556],[79.931286,8.870057],[79.932852,8.873393],[79.933336,8.875408],[79.931709,8.875901],[79.93152,8.87703],[79.931778,8.878015],[79.933063,8.879225],[79.933669,8.878455],[79.934504,8.874779],[79.935055,8.873942],[79.934135,8.872385],[79.935157,8.870673],[79.933324,8.869002],[79.933363,8.866901],[79.93304,8.865911],[79.932551,8.864825],[79.930817,8.86324],[79.92959,8.860235],[79.928645,8.85988],[79.927977,8.859133],[79.927803,8.864005],[79.929009,8.865674],[79.928653,8.866346],[79.927567,8.866601],[79.927003,8.866228],[79.924344,8.860057],[79.922752,8.85325],[79.922692,8.850112],[79.921943,8.847236],[79.920678,8.844528],[79.919304,8.838265],[79.920054,8.837549],[79.921142,8.838437],[79.921252,8.836075],[79.920671,8.836403],[79.920061,8.83389],[79.918956,8.833098],[79.918449,8.831768],[79.918671,8.829855],[79.919305,8.828698],[79.917973,8.827011],[79.918423,8.824137],[79.916575,8.820421],[79.91571,8.815161],[79.91574,8.814033],[79.916598,8.81311],[79.916842,8.811602],[79.918267,8.809024],[79.918985,8.80919],[79.919164,8.809878],[79.918234,8.810664],[79.917405,8.8129],[79.918676,8.812871],[79.922571,8.811533],[79.922327,8.810961],[79.920872,8.810827],[79.920124,8.809132],[79.922245,8.807811],[79.920445,8.806898],[79.920268,8.805746],[79.920638,8.805263],[79.923289,8.804398],[79.925834,8.80442],[79.927544,8.803902],[79.928772,8.803278],[79.9292,8.80186],[79.92448,8.801708],[79.922853,8.799274],[79.920778,8.799833],[79.921005,8.800867],[79.918401,8.802584],[79.918083,8.802646],[79.917938,8.801606],[79.926563,8.792933],[79.932458,8.784994],[79.933971,8.782217],[79.93868,8.771057],[79.939206,8.769096],[79.939022,8.764648],[79.942408,8.757394],[79.94583,8.752103],[79.946357,8.750751],[79.948646,8.747898],[79.94949,8.74567],[79.951737,8.742048],[79.952847,8.738979],[79.955166,8.735431],[79.955943,8.732409],[79.95786,8.729845],[79.958305,8.728274],[79.95982,8.725531],[79.959536,8.723667],[79.958267,8.721003],[79.956157,8.719661],[79.95237,8.715614],[79.950429,8.711413],[79.949784,8.708732],[79.950468,8.7038],[79.950366,8.701505],[79.951623,8.694708],[79.951489,8.692232],[79.950566,8.688323],[79.95059,8.685694],[79.951761,8.682681],[79.95218,8.678859],[79.95192,8.677609],[79.950784,8.675621],[79.949982,8.672382],[79.949989,8.667045],[79.946887,8.661743],[79.944635,8.660335],[79.943822,8.657787],[79.944025,8.656026],[79.943431,8.655259],[79.942973,8.653533],[79.942974,8.651146],[79.943423,8.649639],[79.94342,8.645543],[79.946862,8.637386],[79.947279,8.632332],[79.946366,8.629359],[79.944957,8.626652],[79.943759,8.621642],[79.942148,8.619675],[79.941211,8.61674],[79.939501,8.615493],[79.937848,8.615254],[79.935889,8.613281],[79.934328,8.612645],[79.933429,8.610886],[79.93195,8.610037],[79.930758,8.607258],[79.927683,8.604397],[79.926265,8.601455],[79.925357,8.600977],[79.924573,8.599468],[79.921816,8.5972],[79.920003,8.593046],[79.919933,8.590725],[79.918767,8.588007],[79.92034,8.580659],[79.920377,8.575484],[79.919848,8.574996],[79.920299,8.573036],[79.919572,8.570521],[79.920395,8.569416],[79.92195,8.569393],[79.921465,8.56819],[79.922753,8.566324],[79.92431,8.565227],[79.923498,8.564409],[79.923638,8.564099],[79.923123,8.563235],[79.919696,8.563306],[79.919799,8.557435],[79.918448,8.552312],[79.916316,8.54893],[79.913149,8.547401],[79.911018,8.547902],[79.906691,8.547777],[79.901348,8.545146],[79.896913,8.540956],[79.89425,8.539628],[79.891574,8.539436],[79.889315,8.537809],[79.885143,8.536495],[79.880553,8.535787],[79.877486,8.536344],[79.875898,8.537206],[79.875112,8.539117],[79.874652,8.539464],[79.87289,8.538817],[79.871353,8.536365],[79.869229,8.530506],[79.868791,8.527938],[79.869511,8.526153],[79.868527,8.522134],[79.869051,8.519678],[79.867658,8.517483],[79.867399,8.516477],[79.867818,8.513875],[79.867115,8.511182],[79.86753,8.507498],[79.866968,8.50185],[79.866273,8.501496],[79.866142,8.498898],[79.864727,8.49658],[79.865529,8.495084],[79.866085,8.491662],[79.865715,8.490411],[79.865915,8.485631],[79.865633,8.485351],[79.865366,8.477866],[79.863974,8.475976],[79.862504,8.474739],[79.862499,8.470283],[79.862033,8.469458],[79.862499,8.46803],[79.862873,8.463972],[79.864303,8.459404],[79.864756,8.453008],[79.863715,8.45075],[79.861734,8.448078],[79.859051,8.446968],[79.856197,8.443687],[79.852173,8.441247],[79.848435,8.440086],[79.847497,8.439362],[79.847511,8.437115],[79.845033,8.430089],[79.844972,8.427122],[79.844518,8.425135],[79.843568,8.423173],[79.843127,8.420215],[79.843228,8.41586],[79.843825,8.412972],[79.844652,8.41133],[79.844233,8.40999],[79.844691,8.406807],[79.844467,8.399166],[79.845135,8.397187],[79.844939,8.395991],[79.846102,8.392643],[79.8461,8.390019],[79.844888,8.385241],[79.845505,8.381277],[79.844927,8.37819],[79.845214,8.375961],[79.844823,8.374342],[79.845424,8.369821],[79.845034,8.364538],[79.845803,8.363378],[79.845314,8.362003],[79.845315,8.354779],[79.846617,8.351132],[79.84505,8.349349],[79.844674,8.349535],[79.841716,8.346854],[79.840117,8.346137],[79.839012,8.344826],[79.837703,8.341626],[79.837754,8.338838],[79.83961,8.33538],[79.839742,8.332904],[79.838984,8.331954],[79.83752,8.331754],[79.836275,8.330519],[79.836072,8.328542],[79.834555,8.326368],[79.833266,8.325505],[79.832179,8.323519],[79.833176,8.321973],[79.83666,8.321223],[79.837282,8.320756],[79.83708,8.32022],[79.834451,8.31938],[79.837593,8.313142],[79.836906,8.309943],[79.834759,8.308855],[79.834919,8.305782],[79.836799,8.303477],[79.837776,8.299251],[79.839224,8.298524],[79.84051,8.297178],[79.840383,8.294959],[79.845072,8.290086],[79.845503,8.288546],[79.845375,8.286819],[79.844626,8.285717],[79.844128,8.288409],[79.842124,8.291464],[79.840447,8.293054],[79.836427,8.294577],[79.834614,8.29564],[79.833765,8.29553],[79.833197,8.294212],[79.833651,8.291245],[79.833139,8.289793],[79.828828,8.28813],[79.825871,8.284972],[79.824171,8.282828],[79.823546,8.279879],[79.821934,8.27785],[79.821479,8.276157],[79.819206,8.272511],[79.818547,8.269345],[79.81712,8.266279],[79.816597,8.262452],[79.815279,8.259389],[79.815494,8.256529],[79.813112,8.252118],[79.812951,8.24986],[79.812268,8.249045],[79.812665,8.247265],[79.811134,8.24405],[79.810699,8.241238],[79.810822,8.23955],[79.81014,8.237585],[79.807974,8.236197],[79.805597,8.23552],[79.798671,8.235459],[79.794657,8.233846],[79.791671,8.233808],[79.79011,8.233418],[79.789544,8.232827],[79.790274,8.232174],[79.790774,8.23005],[79.791229,8.229606],[79.791942,8.229947],[79.79245,8.231562],[79.795536,8.230105],[79.796649,8.230073],[79.797056,8.230432],[79.797701,8.232868],[79.798866,8.233233],[79.801404,8.232319],[79.804688,8.229632],[79.805114,8.229725],[79.80556,8.227376],[79.806854,8.22599],[79.807945,8.226206],[79.809002,8.225682],[79.81004,8.224429],[79.810175,8.223183],[79.809644,8.222794],[79.808185,8.222812],[79.805402,8.224271],[79.804688,8.22433],[79.804064,8.223113],[79.802073,8.222024],[79.799257,8.222296],[79.795607,8.22449],[79.795072,8.225865],[79.793507,8.22766],[79.793027,8.227267],[79.792922,8.226301],[79.7936,8.224446],[79.800602,8.220561],[79.804688,8.219029],[79.810484,8.215074],[79.817,8.208855],[79.820416,8.203286],[79.821008,8.201246],[79.820951,8.197935],[79.820387,8.196968],[79.820392,8.195946],[79.822263,8.191072],[79.822072,8.188684],[79.823442,8.18635],[79.823622,8.183756],[79.824376,8.18154],[79.823031,8.180588],[79.81785,8.18108],[79.816482,8.181854],[79.816087,8.181744],[79.816145,8.18098],[79.817172,8.179273],[79.81998,8.176501],[79.820967,8.17396],[79.821069,8.173037],[79.81974,8.171553],[79.819129,8.172365],[79.819458,8.17331],[79.818892,8.173366],[79.818641,8.172612],[79.818868,8.17049],[79.82042,8.168406],[79.820786,8.167097],[79.820199,8.16638],[79.819121,8.162662],[79.819372,8.161983],[79.819962,8.161738],[79.823109,8.161823],[79.827416,8.15922],[79.829609,8.155805],[79.832268,8.153058],[79.833664,8.150319],[79.833427,8.149673],[79.830643,8.146899],[79.830391,8.146095],[79.832106,8.143581],[79.83305,8.142915],[79.835433,8.137887],[79.834331,8.135772],[79.834829,8.132256],[79.834427,8.130183],[79.833788,8.129562],[79.831776,8.129379],[79.828255,8.125392],[79.825687,8.123819],[79.822182,8.122291],[79.821095,8.123296],[79.820301,8.122781],[79.82001,8.11728],[79.820442,8.116186],[79.820512,8.11319],[79.818143,8.110624],[79.817688,8.109191],[79.817625,8.105888],[79.815889,8.103462],[79.814447,8.098417],[79.814123,8.097961],[79.811769,8.097088],[79.811164,8.096466],[79.811738,8.094455],[79.809804,8.094534],[79.809281,8.094203],[79.80766,8.09184],[79.806687,8.091325],[79.804688,8.088728],[79.804688,8.08817],[79.803278,8.085938],[79.8003,8.083616],[79.799359,8.084492],[79.795292,8.085613],[79.794307,8.085412],[79.793956,8.084419],[79.792806,8.084594],[79.790884,8.085938],[79.791323,8.086674],[79.791111,8.087322],[79.790183,8.086915],[79.789476,8.085938],[79.790734,8.081897],[79.79169,8.081532],[79.793002,8.08196],[79.79807,8.079663],[79.79924,8.078861],[79.799867,8.077404],[79.799982,8.073519],[79.797204,8.072917],[79.795053,8.072976],[79.793861,8.071539],[79.79305,8.071975],[79.791095,8.074731],[79.790156,8.077181],[79.78983,8.076849],[79.789668,8.074675],[79.792574,8.070581],[79.792078,8.06821],[79.793504,8.06635],[79.793803,8.065336],[79.794942,8.063951],[79.796418,8.06295],[79.797341,8.061151],[79.799219,8.060217],[79.801166,8.058594],[79.811026,8.048828],[79.815392,8.045061],[79.820623,8.03985],[79.824339,8.035333],[79.827186,8.031622],[79.828748,8.028844],[79.829507,8.028304],[79.829559,8.02743],[79.833191,8.020797],[79.834355,8.016046],[79.835171,8.014189],[79.833955,8.010441],[79.834815,8.009778],[79.835055,8.00884],[79.832949,8.007969],[79.832074,8.006731],[79.83221,8.002203],[79.831569,8.000603],[79.833808,8.001158],[79.83556,8.001095],[79.835922,8.000246],[79.835884,7.996237],[79.835628,7.995698],[79.83445,7.995116],[79.833673,7.992936],[79.832159,7.9903],[79.832265,7.984816],[79.831021,7.982594],[79.826543,7.982673],[79.825388,7.982194],[79.823992,7.98363],[79.82266,7.982307],[79.824168,7.980099],[79.824633,7.978233],[79.82455,7.977304],[79.823857,7.976532],[79.822906,7.977958],[79.822484,7.975656],[79.823309,7.975002],[79.824076,7.972159],[79.825483,7.969631],[79.823763,7.967538],[79.822502,7.967211],[79.822201,7.966449],[79.822349,7.965227],[79.823234,7.964773],[79.823565,7.964089],[79.822245,7.962978],[79.822926,7.961363],[79.821589,7.958287],[79.821619,7.948659],[79.822686,7.942221],[79.822686,7.938584],[79.822225,7.935498],[79.822785,7.933029],[79.823813,7.930943],[79.823825,7.925985],[79.824288,7.924733],[79.825748,7.923676],[79.825322,7.921187],[79.823713,7.918048],[79.820534,7.913765],[79.819972,7.914968],[79.820531,7.917485],[79.823192,7.923473],[79.822945,7.928773],[79.821948,7.932124],[79.822168,7.933425],[79.818846,7.939313],[79.819728,7.941352],[79.821249,7.943603],[79.820774,7.947297],[79.820494,7.957943],[79.821692,7.96143],[79.82045,7.961746],[79.819977,7.961414],[79.819404,7.958853],[79.81872,7.957496],[79.817982,7.957124],[79.817646,7.956334],[79.814867,7.95383],[79.813931,7.952126],[79.812457,7.950584],[79.80945,7.951639],[79.809241,7.946817],[79.81046,7.943425],[79.810132,7.943084],[79.809597,7.943601],[79.808379,7.94689],[79.808379,7.950414],[79.809506,7.954805],[79.814326,7.96007],[79.815973,7.96409],[79.81829,7.965614],[79.820838,7.966485],[79.822716,7.969447],[79.82269,7.972755],[79.82197,7.974936],[79.821738,7.977365],[79.822187,7.97868],[79.823234,7.979208],[79.822951,7.979851],[79.818293,7.979885],[79.817261,7.97807],[79.81541,7.976904],[79.808678,7.978207],[79.789723,7.978545],[79.774205,7.981893],[79.763708,7.985521],[79.754123,7.989326],[79.750106,7.99149],[79.745814,7.994528],[79.743703,8.000813],[79.737954,8.011858],[79.736307,8.015994],[79.737954,8.021646],[79.741659,8.026923],[79.743205,8.031108],[79.745177,8.034729],[79.744368,8.040461],[79.742217,8.043635],[79.741853,8.053387],[79.74418,8.056809],[79.745672,8.058283],[79.748226,8.058955],[79.749725,8.061417],[79.751131,8.062592],[79.75508,8.062909],[79.755362,8.063374],[79.754092,8.064703],[79.7437,8.068109],[79.739544,8.070594],[79.737127,8.074082],[79.737868,8.075003],[79.737538,8.076462],[79.731513,8.084644],[79.731379,8.090537],[79.731913,8.090972],[79.732855,8.096247],[79.734103,8.09703],[79.735141,8.099964],[79.735037,8.102427],[79.735828,8.104414],[79.736388,8.107716],[79.734416,8.114776],[79.733484,8.116708],[79.732296,8.118312],[79.729554,8.120536],[79.72899,8.120536],[79.727472,8.122072],[79.72695,8.123167],[79.727378,8.124851],[79.729101,8.128231],[79.72905,8.13129],[79.728087,8.133732],[79.728309,8.137755],[79.728853,8.138957],[79.732937,8.143973],[79.738061,8.143864],[79.738068,8.146627],[79.741135,8.151623],[79.739047,8.15488],[79.739048,8.155334],[79.73998,8.156221],[79.739837,8.158007],[79.741781,8.160065],[79.742229,8.161182],[79.743186,8.161745],[79.743995,8.163202],[79.746583,8.165504],[79.746308,8.167206],[79.744949,8.168666],[79.743859,8.171591],[79.743301,8.173898],[79.743563,8.175989],[79.74588,8.180411],[79.747352,8.182164],[79.749143,8.183207],[79.749361,8.183875],[79.748834,8.186217],[79.747686,8.188498],[79.745281,8.190558],[79.740345,8.193894],[79.739482,8.194849],[79.739259,8.199146],[79.738107,8.201745],[79.738661,8.202771],[79.740995,8.205101],[79.7422,8.208019],[79.745091,8.210451],[79.74607,8.213275],[79.747416,8.213906],[79.748866,8.217215],[79.751809,8.220098],[79.755447,8.222127],[79.756639,8.224228],[79.759451,8.223278],[79.761884,8.22123],[79.762364,8.220116],[79.761895,8.217733],[79.762429,8.216593],[79.764783,8.216307],[79.769404,8.217526],[79.770545,8.220881],[79.770826,8.226074],[79.770068,8.228929],[79.767548,8.23405],[79.767775,8.235045],[79.768371,8.235329],[79.767013,8.238695],[79.7657,8.239777],[79.765276,8.240959],[79.765815,8.242348],[79.768056,8.244376],[79.769981,8.246658],[79.770396,8.247638],[79.772332,8.249282],[79.773517,8.253086],[79.774692,8.25438],[79.776265,8.257696],[79.77767,8.259096],[79.777413,8.259956],[79.776623,8.260872],[79.773283,8.261201],[79.773394,8.261719],[79.772447,8.261475],[79.770217,8.262198],[79.767755,8.261719],[79.766925,8.260264],[79.765082,8.259045],[79.764778,8.25845],[79.764946,8.255987],[79.761141,8.25227],[79.757603,8.250955],[79.757609,8.249179],[79.756196,8.247349],[79.754364,8.245536],[79.7538,8.245536],[79.749418,8.241035],[79.748614,8.241256],[79.74905,8.241807],[79.74788,8.241537],[79.744327,8.235911],[79.74144,8.23408],[79.740763,8.231727],[79.739284,8.230246],[79.733688,8.227534],[79.732673,8.227577],[79.729384,8.22902],[79.728617,8.228925],[79.728082,8.227054],[79.728805,8.225343],[79.728204,8.224988],[79.726765,8.227603],[79.725516,8.227782],[79.719584,8.222521],[79.719115,8.221644],[79.717982,8.221066],[79.718356,8.220005],[79.71804,8.219409],[79.715782,8.218161],[79.715006,8.216499],[79.711169,8.216152],[79.710156,8.215502],[79.709522,8.215903],[79.708149,8.215667],[79.707296,8.214404],[79.703916,8.213429],[79.699086,8.209733],[79.697315,8.20961],[79.694253,8.210079],[79.693082,8.209753],[79.694202,8.20267],[79.694945,8.200868],[79.69533,8.196628],[79.696115,8.193997],[79.696175,8.188497],[79.699559,8.179601],[79.703164,8.172294],[79.704531,8.166613],[79.70383,8.162396],[79.705167,8.158064],[79.705449,8.150809],[79.705731,8.15053],[79.705701,8.144441],[79.704633,8.140692],[79.704573,8.137438],[79.703788,8.135734],[79.703786,8.133379],[79.704531,8.128801],[79.703871,8.123457],[79.7044,8.121971],[79.703548,8.117647],[79.702236,8.114823],[79.702154,8.112455],[79.703164,8.110352],[79.703224,8.107839],[79.705945,8.101488],[79.707111,8.095444],[79.707501,8.07659],[79.707219,8.076311],[79.706937,8.069894],[79.706656,8.069615],[79.706656,8.066267],[79.706374,8.065988],[79.706404,8.05681],[79.713387,8.036391],[79.724091,8.00201],[79.726442,7.991911],[79.733192,7.968388],[79.734345,7.966932],[79.738982,7.954584],[79.742781,7.94242],[79.750601,7.910156],[79.750926,7.910156],[79.757933,7.882614],[79.759719,7.87339],[79.761592,7.866174],[79.764223,7.852107],[79.767184,7.842656],[79.770134,7.829794],[79.774784,7.815014],[79.781539,7.788432],[79.78608,7.766492],[79.788614,7.752283],[79.788673,7.749947],[79.795369,7.714807],[79.796739,7.70388],[79.798184,7.698105],[79.798777,7.688197],[79.799058,7.687919],[79.799541,7.683375],[79.799058,7.666155],[79.799339,7.665876],[79.799902,7.651646],[79.800184,7.651367],[79.800436,7.628636],[79.797688,7.613858],[79.798088,7.613636],[79.798557,7.614235],[79.799757,7.613999],[79.801428,7.614611],[79.802583,7.614527],[79.802986,7.614038],[79.800266,7.609944],[79.79915,7.609056],[79.79883,7.609498],[79.799977,7.611489],[79.800096,7.612416],[79.798125,7.612035],[79.796348,7.611232],[79.793594,7.608298],[79.786047,7.605331],[79.786673,7.58524],[79.78808,7.559849],[79.78797,7.55361],[79.788665,7.548032],[79.788682,7.543149],[79.792061,7.523084],[79.793933,7.514592],[79.796165,7.5],[80.6,7.5],[80.6,9.458355],[80.597562,9.458847],[80.596854,9.458386],[80.597115,9.457374],[80.596657,9.457347],[80.594787,9.457809],[80.593334,9.459161],[80.592502,9.45945],[80.590574,9.459203],[80.587718,9.455741],[80.586839,9.455392],[80.584931,9.453591],[80.583139,9.453214],[80.582449,9.452323],[80.579185,9.452689],[80.581092,9.449372],[80.580249,9.446424],[80.578571,9.445163],[80.577059,9.44522],[80.57479,9.444645],[80.57416,9.44437],[80.573639,9.443494],[80.573117,9.443396],[80.572921,9.444345],[80.573274,9.44584],[80.571994,9.446355],[80.5704,9.445953],[80.56991,9.446185],[80.571139,9.446971],[80.570462,9.448686],[80.568504,9.448868],[80.564811,9.447908],[80.56327,9.448582],[80.563001,9.449756],[80.560048,9.448183],[80.557481,9.448132],[80.554382,9.449326],[80.552631,9.451612],[80.550026,9.451595],[80.54916,9.453981],[80.547432,9.453844],[80.546111,9.456568],[80.548806,9.457246],[80.550795,9.456147],[80.551301,9.456212],[80.554671,9.460625],[80.556007,9.461455],[80.558033,9.461987],[80.558769,9.462622],[80.558617,9.46339],[80.557594,9.464584],[80.555773,9.464519],[80.557665,9.46744],[80.55931,9.468004],[80.558102,9.468491],[80.557933,9.468877],[80.558786,9.471403],[80.558262,9.47263],[80.5565,9.473429],[80.55229,9.473121],[80.552603,9.475065],[80.551813,9.475622],[80.54947,9.475196],[80.545071,9.47513],[80.542013,9.47728],[80.538263,9.478239],[80.536649,9.480696],[80.535569,9.480386],[80.535385,9.480736],[80.530443,9.480373],[80.526635,9.478553],[80.529055,9.480931],[80.530379,9.481726],[80.530682,9.482453],[80.530409,9.482656],[80.528008,9.482258],[80.526219,9.481469],[80.523201,9.48139],[80.521814,9.480718],[80.521289,9.479745],[80.51995,9.48011],[80.517813,9.479244],[80.517185,9.479306],[80.515505,9.4804],[80.515527,9.481786],[80.51627,9.482357],[80.518332,9.481534],[80.518526,9.482347],[80.517073,9.483659],[80.516991,9.48448],[80.514807,9.484879],[80.513565,9.484477],[80.513587,9.484046],[80.514667,9.48323],[80.514127,9.48141],[80.514023,9.47917],[80.512083,9.47753],[80.510597,9.479324],[80.509497,9.479759],[80.507917,9.479501],[80.506199,9.477689],[80.504392,9.47752],[80.502592,9.478736],[80.499664,9.477474],[80.498907,9.477573],[80.498231,9.478359],[80.498241,9.478986],[80.496443,9.478596],[80.495108,9.479262],[80.492479,9.482394],[80.491555,9.484696],[80.486792,9.484448],[80.483999,9.485071],[80.487984,9.488982],[80.487383,9.490113],[80.486962,9.492331],[80.484838,9.492654],[80.485398,9.491303],[80.484421,9.490394],[80.484531,9.488201],[80.481962,9.488289],[80.480307,9.489518],[80.481578,9.491108],[80.481792,9.492188],[80.480497,9.49281],[80.475437,9.493516],[80.474038,9.494154],[80.474884,9.497419],[80.474094,9.498981],[80.472301,9.499498],[80.470703,9.500652],[80.468852,9.500768],[80.467672,9.502201],[80.467011,9.501484],[80.466624,9.500156],[80.464313,9.500587],[80.46294,9.502589],[80.461866,9.50263],[80.460209,9.501863],[80.458977,9.501748],[80.457864,9.502141],[80.456852,9.503128],[80.454554,9.502531],[80.453089,9.501171],[80.453328,9.500593],[80.452236,9.500075],[80.451106,9.500466],[80.450594,9.501148],[80.449467,9.501341],[80.447436,9.500627],[80.446164,9.499627],[80.442619,9.499442],[80.440824,9.501368],[80.440233,9.503021],[80.437601,9.502304],[80.435098,9.503484],[80.437444,9.513648],[80.438533,9.514152],[80.439705,9.513321],[80.441912,9.512974],[80.439874,9.515164],[80.437975,9.515588],[80.437421,9.515607],[80.43699,9.515011],[80.435154,9.506489],[80.435194,9.503997],[80.43388,9.504101],[80.42789,9.506447],[80.426074,9.50851],[80.424117,9.509915],[80.423849,9.511754],[80.423203,9.512316],[80.42104,9.512347],[80.420334,9.513163],[80.41982,9.513175],[80.418936,9.512556],[80.419035,9.512107],[80.420258,9.510424],[80.421959,9.50902],[80.421243,9.508532],[80.419582,9.508935],[80.419414,9.50607],[80.418834,9.505112],[80.419423,9.504889],[80.417172,9.504446],[80.417598,9.505149],[80.416065,9.506921],[80.415363,9.507072],[80.414694,9.506321],[80.413882,9.504023],[80.412315,9.502004],[80.409277,9.499079],[80.407333,9.49867],[80.406714,9.49982],[80.407123,9.500971],[80.407804,9.501351],[80.409139,9.501098],[80.410981,9.502064],[80.412577,9.504813],[80.412657,9.506266],[80.410412,9.50719],[80.410776,9.510314],[80.406269,9.513247],[80.405753,9.515157],[80.404328,9.515285],[80.403447,9.514889],[80.402078,9.513404],[80.400497,9.513192],[80.397867,9.513615],[80.395007,9.513136],[80.395058,9.509804],[80.394032,9.511207],[80.393339,9.513715],[80.390849,9.515044],[80.390904,9.514547],[80.392236,9.513603],[80.393304,9.50923],[80.395499,9.506835],[80.396874,9.503813],[80.395498,9.502135],[80.393576,9.500881],[80.392996,9.497112],[80.391593,9.495027],[80.391823,9.491223],[80.391181,9.489648],[80.39112,9.487933],[80.391678,9.48704],[80.393513,9.486176],[80.392635,9.483188],[80.393198,9.481156],[80.392643,9.480334],[80.391789,9.481717],[80.390795,9.481767],[80.389102,9.479634],[80.388605,9.4805],[80.387467,9.480439],[80.385214,9.479324],[80.38631,9.478497],[80.386392,9.47806],[80.384191,9.477156],[80.383645,9.478109],[80.38413,9.478372],[80.381166,9.479277],[80.379417,9.480369],[80.378078,9.480331],[80.379093,9.477819],[80.37712,9.475696],[80.37691,9.476412],[80.377392,9.478096],[80.375869,9.477646],[80.372135,9.474201],[80.361176,9.467291],[80.360003,9.467528],[80.36087,9.46919],[80.360643,9.469552],[80.356255,9.468778],[80.35372,9.468712],[80.352927,9.467673],[80.352661,9.465736],[80.352281,9.465503],[80.350984,9.465692],[80.350887,9.466767],[80.347632,9.467816],[80.345873,9.469244],[80.345103,9.46935],[80.344816,9.469569],[80.345431,9.470803],[80.342319,9.472886],[80.342196,9.471884],[80.342875,9.470427],[80.342671,9.469867],[80.342131,9.470165],[80.34193,9.470982],[80.341082,9.470982],[80.339715,9.469597],[80.337289,9.469272],[80.335314,9.462394],[80.335671,9.461802],[80.336772,9.461636],[80.336687,9.460311],[80.336019,9.458544],[80.332517,9.455668],[80.330299,9.455152],[80.327093,9.455785],[80.323266,9.457366],[80.317538,9.461052],[80.317439,9.461489],[80.318076,9.461658],[80.318724,9.4608],[80.31912,9.460836],[80.320179,9.462131],[80.32014,9.462508],[80.319015,9.463089],[80.318735,9.464445],[80.317623,9.466096],[80.316919,9.466052],[80.315658,9.464398],[80.313195,9.465413],[80.311708,9.464258],[80.311217,9.462979],[80.313643,9.463571],[80.315143,9.462072],[80.316444,9.461904],[80.316869,9.461502],[80.313981,9.461504],[80.312614,9.46217],[80.311756,9.462101],[80.310483,9.461428],[80.309469,9.459746],[80.308578,9.459086],[80.304666,9.458195],[80.303148,9.458745],[80.302541,9.457712],[80.30282,9.457134],[80.305557,9.456033],[80.306558,9.453132],[80.309744,9.453099],[80.310892,9.45097],[80.311937,9.448196],[80.311738,9.447857],[80.308433,9.450279],[80.308584,9.451069],[80.307736,9.451162],[80.305484,9.45311],[80.303482,9.453329],[80.300912,9.45264],[80.298033,9.45303],[80.297466,9.453679],[80.297263,9.454808],[80.2984,9.45501],[80.299378,9.45403],[80.300337,9.453878],[80.30108,9.454262],[80.302636,9.453978],[80.302472,9.455503],[80.302326,9.455837],[80.298592,9.456093],[80.296656,9.458209],[80.294163,9.456862],[80.293657,9.458281],[80.293134,9.45843],[80.292201,9.456601],[80.290482,9.455881],[80.290271,9.454849],[80.292543,9.451857],[80.292466,9.450701],[80.291858,9.4507],[80.290655,9.452702],[80.287817,9.449897],[80.287394,9.44989],[80.28617,9.450501],[80.286116,9.45082],[80.289487,9.452736],[80.289827,9.453142],[80.289519,9.454189],[80.287603,9.454897],[80.286191,9.454637],[80.282802,9.454996],[80.281112,9.454716],[80.277153,9.456723],[80.269518,9.45937],[80.267901,9.459594],[80.256516,9.465709],[80.254604,9.467595],[80.251541,9.468318],[80.250468,9.469098],[80.250859,9.470538],[80.250268,9.470825],[80.251424,9.47144],[80.251803,9.472225],[80.251085,9.474144],[80.25224,9.474529],[80.2525,9.475209],[80.255779,9.472247],[80.259917,9.472026],[80.260224,9.473431],[80.26186,9.474406],[80.264509,9.474495],[80.264373,9.475325],[80.265342,9.476952],[80.268965,9.476869],[80.269791,9.475632],[80.272307,9.476177],[80.275429,9.475601],[80.276065,9.473806],[80.276633,9.473326],[80.277643,9.473413],[80.277333,9.474182],[80.277796,9.475108],[80.27757,9.476166],[80.274349,9.47899],[80.273983,9.479207],[80.272633,9.478933],[80.270304,9.480485],[80.267544,9.480499],[80.266424,9.481086],[80.264977,9.481915],[80.26218,9.484616],[80.259274,9.486184],[80.254641,9.489387],[80.256781,9.490363],[80.258353,9.492188],[80.258376,9.492651],[80.259222,9.493053],[80.259872,9.495182],[80.261248,9.496777],[80.262424,9.499223],[80.264121,9.498107],[80.267224,9.497987],[80.268946,9.497381],[80.271026,9.496028],[80.274652,9.495509],[80.27769,9.492785],[80.276593,9.492545],[80.272636,9.493669],[80.270905,9.493745],[80.274217,9.492331],[80.278012,9.490163],[80.279726,9.489926],[80.282394,9.492188],[80.281496,9.49455],[80.279519,9.497601],[80.277716,9.498936],[80.275234,9.49951],[80.272561,9.500657],[80.272431,9.501078],[80.273212,9.502076],[80.271976,9.502204],[80.26975,9.50405],[80.269896,9.50428],[80.271885,9.503368],[80.273533,9.50322],[80.273233,9.502604],[80.2742,9.501785],[80.274914,9.501768],[80.275284,9.502385],[80.27521,9.503533],[80.274157,9.505098],[80.271222,9.507254],[80.266413,9.512248],[80.260313,9.515025],[80.259528,9.514846],[80.258993,9.512607],[80.257915,9.512638],[80.256836,9.515536],[80.253093,9.517243],[80.252757,9.516902],[80.254358,9.514263],[80.254513,9.513142],[80.249576,9.51536],[80.231001,9.528553],[80.230693,9.529159],[80.232383,9.532904],[80.232339,9.533788],[80.231545,9.533116],[80.229822,9.52947],[80.227033,9.531367],[80.227005,9.53306],[80.226024,9.535453],[80.225686,9.535156],[80.223334,9.537683],[80.220788,9.53916],[80.218954,9.539294],[80.21774,9.538604],[80.218397,9.536888],[80.218332,9.53407],[80.220847,9.533107],[80.221529,9.532067],[80.221129,9.530527],[80.219703,9.529996],[80.219487,9.527622],[80.21865,9.529276],[80.21749,9.529504],[80.215008,9.529279],[80.213816,9.528225],[80.212593,9.528043],[80.212519,9.529969],[80.21128,9.530692],[80.209127,9.53313],[80.209322,9.535573],[80.208845,9.535975],[80.208078,9.535982],[80.207044,9.53493],[80.206584,9.534949],[80.20511,9.536699],[80.203411,9.536803],[80.202245,9.537383],[80.201538,9.538643],[80.201523,9.540605],[80.199056,9.542305],[80.198424,9.542192],[80.198788,9.540641],[80.195807,9.540091],[80.194904,9.537828],[80.193593,9.537541],[80.195509,9.541704],[80.194785,9.54281],[80.195902,9.545007],[80.195931,9.546304],[80.195528,9.546494],[80.195426,9.545884],[80.193207,9.545988],[80.18752,9.545258],[80.178443,9.539937],[80.178101,9.540316],[80.179,9.541249],[80.177709,9.541982],[80.171372,9.543744],[80.15625,9.552176],[80.15625,9.552455],[80.155098,9.552934],[80.152399,9.55307],[80.150625,9.554294],[80.148388,9.554564],[80.146785,9.555579],[80.143558,9.556827],[80.141371,9.558846],[80.137924,9.561005],[80.135471,9.565927],[80.133905,9.567369],[80.132472,9.569162],[80.132229,9.569999],[80.129946,9.572405],[80.129946,9.572963],[80.12612,9.577547],[80.124683,9.577773],[80.123015,9.577147],[80.120862,9.577795],[80.12005,9.577705],[80.120795,9.57503],[80.120577,9.574478],[80.118916,9.574019],[80.115978,9.573971],[80.114139,9.574668],[80.113415,9.57656],[80.112335,9.576934],[80.111855,9.578583],[80.11034,9.579268],[80.109784,9.580335],[80.109157,9.579687],[80.108481,9.579758],[80.107632,9.582214],[80.107629,9.584907],[80.108138,9.586812],[80.106229,9.587519],[80.105712,9.588428],[80.104343,9.589227],[80.100872,9.59105],[80.100374,9.590832],[80.100067,9.590042],[80.100451,9.589687],[80.103159,9.588943],[80.105387,9.587688],[80.10257,9.587248],[80.100616,9.585356],[80.100169,9.585449],[80.099437,9.585822],[80.098454,9.587411],[80.096557,9.58824],[80.096098,9.589492],[80.095154,9.589894],[80.093767,9.592244],[80.0925,9.592849],[80.090536,9.593399],[80.088876,9.592982],[80.087157,9.593111],[80.08414,9.594411],[80.081983,9.596004],[80.07973,9.59564],[80.075416,9.596388],[80.074692,9.596875],[80.074584,9.597578],[80.075716,9.599556],[80.075705,9.600304],[80.075202,9.600807],[80.073886,9.600477],[80.071863,9.598173],[80.07059,9.598392],[80.07027,9.598893],[80.072896,9.601467],[80.072407,9.601987],[80.068981,9.600107],[80.066888,9.59968],[80.065876,9.599799],[80.063077,9.601237],[80.061712,9.603466],[80.061252,9.605091],[80.063982,9.607254],[80.064229,9.60833],[80.062655,9.609959],[80.061135,9.610888],[80.060155,9.608924],[80.059126,9.604998],[80.056232,9.603402],[80.0523,9.598752],[80.053748,9.597686],[80.074663,9.588234],[80.105249,9.568804],[80.115135,9.561596],[80.125482,9.552843],[80.134649,9.545973],[80.147501,9.535184],[80.154553,9.528878],[80.155995,9.52673],[80.164452,9.517717],[80.167454,9.514963],[80.172424,9.50793],[80.174351,9.505999],[80.174351,9.505162],[80.177296,9.501762],[80.182414,9.49436],[80.183119,9.492188],[80.183685,9.492188],[80.183692,9.491512],[80.185596,9.488169],[80.18643,9.485436],[80.185736,9.483668],[80.185963,9.482616],[80.184742,9.480384],[80.184282,9.476776],[80.183283,9.474016],[80.181675,9.472011],[80.177107,9.469651],[80.175039,9.469278],[80.173386,9.467942],[80.171692,9.46732],[80.169861,9.465503],[80.168756,9.462766],[80.166725,9.460068],[80.158512,9.452968],[80.158394,9.451465],[80.159206,9.449053],[80.160421,9.44925],[80.16313,9.450561],[80.164485,9.450232],[80.165783,9.449216],[80.165871,9.448755],[80.164291,9.449427],[80.162856,9.449305],[80.161599,9.448921],[80.161229,9.44769],[80.159884,9.447474],[80.158608,9.448182],[80.156994,9.450032],[80.15625,9.450056],[80.15656,9.44707],[80.15325,9.44284],[80.150774,9.441095],[80.147649,9.437554],[80.14403,9.43512],[80.142275,9.434501],[80.138805,9.432524],[80.137381,9.431008],[80.137224,9.431476],[80.136547,9.431626],[80.133195,9.429176],[80.130969,9.42854],[80.129854,9.427857],[80.128104,9.427249],[80.126422,9.42759],[80.124976,9.427146],[80.123266,9.425662],[80.121803,9.423533],[80.119021,9.422148],[80.117682,9.420971],[80.117703,9.420407],[80.11527,9.419595],[80.115135,9.41862],[80.112548,9.418553],[80.111034,9.416416],[80.108948,9.416499],[80.107586,9.415509],[80.106293,9.415911],[80.105551,9.414653],[80.104699,9.414392],[80.101207,9.414298],[80.097321,9.412349],[80.094154,9.411526],[80.092974,9.410185],[80.089823,9.409206],[80.088531,9.409266],[80.087484,9.40757],[80.084743,9.406392],[80.081715,9.405683],[80.081403,9.406227],[80.080577,9.406459],[80.077713,9.40492],[80.072154,9.403415],[80.069816,9.401965],[80.068467,9.400211],[80.062503,9.397545],[80.057086,9.394193],[80.054897,9.392272],[80.053895,9.390185],[80.053476,9.381263],[80.056265,9.374298],[80.054836,9.371943],[80.05421,9.369794],[80.054739,9.365103],[80.056052,9.363582],[80.061031,9.360175],[80.062897,9.358338],[80.063143,9.357158],[80.062975,9.355978],[80.061278,9.353112],[80.060717,9.351341],[80.059406,9.349767],[80.060308,9.347917],[80.06041,9.347333],[80.060061,9.346872],[80.060392,9.345382],[80.062134,9.344309],[80.063267,9.342739],[80.063293,9.340347],[80.062421,9.337461],[80.061805,9.336774],[80.061531,9.334167],[80.06168,9.33351],[80.062683,9.332811],[80.063689,9.330693],[80.065546,9.329492],[80.066853,9.327243],[80.069278,9.326344],[80.070677,9.325276],[80.073272,9.32613],[80.074936,9.325086],[80.08105,9.324953],[80.08186,9.325238],[80.081911,9.32585],[80.080546,9.326311],[80.080253,9.326588],[80.080477,9.327045],[80.083644,9.328413],[80.084922,9.328593],[80.085848,9.328392],[80.087376,9.327187],[80.090481,9.326511],[80.093061,9.324657],[80.094373,9.321995],[80.097233,9.320737],[80.097881,9.319809],[80.101177,9.318048],[80.102512,9.316406],[80.10312,9.316406],[80.10307,9.316007],[80.106959,9.313565],[80.108171,9.312313],[80.111753,9.310833],[80.115502,9.30813],[80.118904,9.304497],[80.121841,9.300282],[80.122536,9.297845],[80.122589,9.294531],[80.121632,9.291779],[80.120311,9.290083],[80.117903,9.289445],[80.115839,9.287905],[80.111248,9.279985],[80.110951,9.278313],[80.110039,9.27635],[80.110224,9.273363],[80.111338,9.269455],[80.112939,9.267952],[80.11433,9.267244],[80.120864,9.261311],[80.120762,9.256252],[80.121111,9.25404],[80.120887,9.252291],[80.117048,9.243284],[80.116997,9.240245],[80.118449,9.232411],[80.119296,9.230401],[80.120389,9.225336],[80.120962,9.224657],[80.119822,9.220862],[80.118425,9.218557],[80.118918,9.216022],[80.118936,9.213443],[80.118267,9.210821],[80.117189,9.209169],[80.116022,9.208581],[80.114677,9.205497],[80.111355,9.200449],[80.110275,9.198105],[80.108394,9.197004],[80.107838,9.198373],[80.10775,9.200324],[80.106719,9.199156],[80.10626,9.19763],[80.106019,9.194211],[80.106425,9.188322],[80.105984,9.184335],[80.106372,9.182908],[80.105915,9.181783],[80.103411,9.178689],[80.103295,9.17625],[80.103815,9.174754],[80.100884,9.17166],[80.100602,9.17045],[80.100606,9.16858],[80.101348,9.167045],[80.101198,9.164433],[80.101307,9.163854],[80.101766,9.163676],[80.100387,9.161195],[80.098939,9.159543],[80.09769,9.157027],[80.096831,9.156134],[80.096514,9.154159],[80.095101,9.1529],[80.093897,9.152981],[80.092792,9.151618],[80.091404,9.150759],[80.091347,9.14926],[80.090162,9.148485],[80.088738,9.148304],[80.089146,9.146712],[80.087203,9.145942],[80.086333,9.144141],[80.087533,9.142469],[80.084909,9.141926],[80.08429,9.141266],[80.083254,9.138731],[80.083247,9.138108],[80.084121,9.137089],[80.084113,9.136584],[80.082822,9.13411],[80.081442,9.133097],[80.080542,9.129864],[80.079523,9.128635],[80.07774,9.128624],[80.076264,9.126513],[80.075896,9.124323],[80.077536,9.122326],[80.077693,9.120788],[80.076118,9.11733],[80.076841,9.1147],[80.07673,9.113362],[80.076262,9.112891],[80.076281,9.111298],[80.073885,9.106553],[80.074895,9.105371],[80.075034,9.104623],[80.07463,9.10334],[80.07598,9.101945],[80.077698,9.098635],[80.077102,9.097787],[80.075806,9.097841],[80.073846,9.097214],[80.073264,9.095519],[80.073257,9.093048],[80.071954,9.09247],[80.071551,9.091936],[80.071336,9.088359],[80.072323,9.086182],[80.072001,9.085723],[80.070917,9.085849],[80.071648,9.083285],[80.072881,9.081484],[80.071056,9.077763],[80.07094,9.074365],[80.069412,9.071663],[80.069184,9.068731],[80.068579,9.067592],[80.068509,9.065219],[80.06568,9.060274],[80.062907,9.058594],[80.061916,9.057378],[80.060705,9.056878],[80.057416,9.052755],[80.056628,9.050357],[80.055302,9.048779],[80.05112,9.041181],[80.050775,9.03559],[80.048997,9.034315],[80.048352,9.031677],[80.048692,9.031391],[80.048067,9.030075],[80.047373,9.029625],[80.046277,9.028024],[80.045038,9.027447],[80.043425,9.025064],[80.042969,9.02324],[80.038595,9.020205],[80.038398,9.01827],[80.040134,9.016904],[80.040353,9.016371],[80.038053,9.015763],[80.03633,9.014863],[80.028378,9.016769],[80.023358,9.014538],[80.02086,9.014478],[80.019423,9.013737],[80.018267,9.012476],[80.015379,9.012395],[80.012276,9.01042],[80.011341,9.008518],[80.009626,9.006873],[80.008992,9.005665],[80.00608,9.003163],[80.005685,9.002334],[80.003887,9.000599],[80.00197,8.99967],[80.001644,8.998992],[80.001139,8.999669],[80.000742,8.998663],[79.999313,8.999711],[79.998564,8.998913],[79.996242,8.997938],[79.99511,8.996482],[79.99112,8.995073],[79.990804,8.993738],[79.99155,8.991645],[79.991431,8.990063],[79.988882,8.982298],[79.988772,8.980329],[79.988186,8.97919],[79.988305,8.978292],[79.98643,8.975563],[79.98301,8.973523],[79.980495,8.973464],[79.976982,8.971955],[79.974015,8.972599],[79.972586,8.972217],[79.970776,8.970549],[79.967152,8.968819],[79.965306,8.966686],[79.963507,8.96652],[79.961973,8.964844],[79.961096,8.96303],[79.957288,8.959295],[79.954823,8.958421],[79.952608,8.953902],[79.945735,8.947016],[79.941744,8.945621],[79.933645,8.945621],[79.927429,8.947354],[79.924126,8.947325],[79.92362,8.94771],[79.922692,8.952722],[79.921944,8.954311],[79.920662,8.9602],[79.919294,8.961385],[79.916647,8.961528],[79.915243,8.957557],[79.912669,8.957529],[79.91105,8.956431],[79.910218,8.955508],[79.909559,8.953451],[79.908161,8.952746],[79.906987,8.950643],[79.905374,8.948752],[79.904787,8.948553],[79.904401,8.94891],[79.904556,8.949617],[79.907444,8.954469],[79.907683,8.9566],[79.908266,8.958058],[79.908168,8.959193],[79.905288,8.960283],[79.903409,8.961714],[79.900613,8.961801],[79.899638,8.961088],[79.896273,8.960747],[79.894891,8.963542],[79.895874,8.964405],[79.895764,8.96842],[79.896305,8.968705],[79.897634,8.968285],[79.904055,8.969895],[79.904483,8.970278],[79.904852,8.971281],[79.904346,8.971563],[79.901769,8.97095],[79.900104,8.972582],[79.900463,8.974275],[79.901672,8.975058],[79.902666,8.97723],[79.904253,8.977104],[79.905343,8.977647],[79.904738,8.976156],[79.905258,8.975473],[79.907201,8.97593],[79.909909,8.976012],[79.91106,8.974085],[79.913684,8.975223],[79.914889,8.975373],[79.915851,8.975041],[79.91831,8.97615],[79.921774,8.976224],[79.921976,8.975785],[79.926531,8.975759],[79.927259,8.976037],[79.92778,8.976683],[79.927775,8.979382],[79.92717,8.982056],[79.926497,8.983228],[79.920277,8.985242],[79.916888,8.988148],[79.910429,8.990465],[79.900286,8.996422],[79.897104,8.999969],[79.891237,9.005022],[79.880448,9.01571],[79.878916,9.017947],[79.877381,9.019427],[79.875335,9.024701],[79.87306,9.027874],[79.872545,9.029949],[79.872694,9.033346],[79.875432,9.034116],[79.879911,9.03161],[79.892413,9.027872],[79.893022,9.02689],[79.902123,9.022632],[79.901811,9.021897],[79.90215,9.021589],[79.905967,9.020625],[79.909063,9.017514],[79.911062,9.014803],[79.917825,9.009751],[79.926182,9.009277],[79.927532,9.009665],[79.927753,9.010449],[79.926034,9.01216],[79.918315,9.016521],[79.913308,9.02122],[79.912632,9.02137],[79.910892,9.023299],[79.909522,9.026369],[79.907931,9.028608],[79.906739,9.029426],[79.905177,9.03135],[79.904108,9.031872],[79.903983,9.03309],[79.902568,9.033802],[79.902487,9.034575],[79.901446,9.035167],[79.90243,9.037258],[79.901014,9.038119],[79.89887,9.040419],[79.89472,9.042962],[79.89086,9.04672],[79.888272,9.050363],[79.885627,9.052889],[79.879094,9.058036],[79.874294,9.0625],[79.865823,9.069475],[79.863799,9.071579],[79.860651,9.073175],[79.859328,9.074468],[79.853627,9.077525],[79.84719,9.080422],[79.842679,9.082002],[79.839927,9.082374],[79.821257,9.087957],[79.813943,9.090469],[79.804688,9.094308],[79.790094,9.098984],[79.781555,9.101254],[79.760727,9.104881],[79.744209,9.107113],[79.729674,9.108188],[79.715426,9.105439],[79.702315,9.101849],[79.702024,9.10132],[79.699789,9.100696],[79.697769,9.098528],[79.694638,9.096965],[79.695229,9.096392],[79.697303,9.096365],[79.69644,9.093824],[79.691374,9.091151],[79.690708,9.090351],[79.691079,9.087899],[79.691588,9.089064],[79.693256,9.089597],[79.6938,9.091004],[79.694312,9.091217],[79.695612,9.091089],[79.695936,9.090555],[79.69497,9.088065],[79.696321,9.087984],[79.69643,9.08955],[79.697297,9.088659],[79.697413,9.086102],[79.698439,9.082514],[79.696996,9.079509],[79.695628,9.079015],[79.696029,9.078805],[79.697609,9.07842],[79.700631,9.078404],[79.700913,9.078125],[79.704051,9.078189],[79.705341,9.079057],[79.705379,9.077519],[79.713197,9.076979],[79.720622,9.075826],[79.728047,9.074286],[79.734447,9.072477],[79.746016,9.06849],[79.765286,9.060614],[79.781405,9.052809],[79.782483,9.051641],[79.785113,9.051566],[79.786533,9.050113],[79.790148,9.048886],[79.79255,9.046973],[79.798702,9.043672],[79.804688,9.039899],[79.804688,9.039621],[79.816346,9.032608],[79.816665,9.031928],[79.8242,9.026823],[79.829322,9.022144],[79.835929,9.017511],[79.841377,9.012915],[79.849727,9.00558],[79.853855,9.001488],[79.856334,9.000061],[79.857228,8.998508],[79.858491,8.997865],[79.86201,8.994559],[79.864578,8.991253],[79.865536,8.990767],[79.8718,8.984553],[79.874968,8.980266],[79.877197,8.975795],[79.882315,8.96883],[79.884601,8.964844],[79.886295,8.964844],[79.888857,8.964155],[79.891777,8.962475],[79.893756,8.962783],[79.895456,8.959766],[79.895344,8.958591],[79.891996,8.955461],[79.891215,8.955699],[79.890196,8.95771],[79.889456,8.957711],[79.889744,8.956904],[79.891207,8.954646],[79.896935,8.950488],[79.898461,8.948762],[79.900089,8.94818],[79.901078,8.947037],[79.901898,8.947027],[79.903581,8.948051],[79.904775,8.947809],[79.902633,8.943266],[79.901987,8.942658],[79.902275,8.941543],[79.904882,8.939372],[79.906931,8.93855],[79.912436,8.941219],[79.913399,8.941248],[79.913298,8.94039],[79.911113,8.939139],[79.910758,8.938596],[79.91107,8.935984],[79.910051,8.931194],[79.909138,8.934533],[79.905311,8.937788],[79.902728,8.938833],[79.902022,8.93948],[79.898394,8.945689],[79.896713,8.946198],[79.895627,8.948426],[79.893696,8.950327],[79.893397,8.95018],[79.894493,8.947733],[79.898514,8.94252],[79.906752,8.930444],[79.908203,8.929293],[79.909398,8.927614],[79.910239,8.92622],[79.91128,8.923197],[79.922976,8.906667],[79.926928,8.899414],[79.928215,8.895327],[79.928878,8.894601],[79.92938,8.891609],[79.929325,8.886812],[79.928768,8.886301],[79.930111,8.885806],[79.930171,8.885382],[79.929523,8.881965],[79.929469,8.879062],[79.928682,8.877048],[79.928624,8.872484],[79.928145,8.869989],[79.92828,8.868965],[79.929253,8.867882]],[[79.643955,9.069959],[79.643591,9.070611],[79.641049,9.070591],[79.639542,9.069334],[79.642258,9.069152],[79.643955,9.069959]],[[79.644372,9.070199],[79.646468,9.07021],[79.647352,9.070779],[79.646991,9.071378],[79.646049,9.071628],[79.646812,9.072267],[79.646338,9.072964],[79.645452,9.073025],[79.644372,9.070199]],[[79.650427,9.071882],[79.651516,9.071763],[79.651895,9.072518],[79.651626,9.073233],[79.650754,9.073161],[79.650776,9.07373],[79.649739,9.074302],[79.649122,9.073823],[79.648713,9.072684],[79.650427,9.071882]],[[79.674298,9.07346],[79.674322,9.072775],[79.679736,9.072841],[79.681328,9.074184],[79.681832,9.075174],[79.681014,9.075374],[79.679755,9.074612],[79.675782,9.074745],[79.674529,9.074042],[79.674298,9.07346]],[[79.90863,8.975132],[79.908262,8.975255],[79.905536,8.97417],[79.906328,8.971849],[79.908813,8.972773],[79.909113,8.973765],[79.90863,8.975132]],[[80.002047,9.273524],[80.002439,9.274389],[80.002727,9.273775],[80.003976,9.274435],[80.003924,9.27525],[80.005517,9.276771],[80.005607,9.277231],[80.004558,9.27896],[80.005631,9.281045],[80.005128,9.282055],[80.005115,9.283653],[80.004451,9.284968],[80.003851,9.284944],[80.002807,9.28564],[80.003191,9.285926],[80.00471,9.285926],[80.005129,9.286402],[80.004462,9.286901],[80.001193,9.287697],[79.999686,9.289202],[79.9996,9.290414],[79.997638,9.291164],[79.996999,9.290773],[79.996964,9.289845],[79.995615,9.289213],[79.995554,9.288905],[79.99625,9.28832],[79.995605,9.286645],[79.993048,9.28764],[79.991387,9.290039],[79.991545,9.291942],[79.992807,9.29165],[79.994343,9.292546],[79.993896,9.292982],[79.99331,9.292749],[79.992747,9.292996],[79.99113,9.29676],[79.990917,9.298065],[79.988705,9.300087],[79.987942,9.301991],[79.988311,9.302328],[79.988092,9.305624],[79.986219,9.30707],[79.984635,9.306996],[79.984881,9.307743],[79.983964,9.30842],[79.982636,9.307383],[79.982832,9.305593],[79.981245,9.302188],[79.97817,9.298479],[79.976361,9.297559],[79.973994,9.296944],[79.972744,9.297684],[79.972266,9.297623],[79.970907,9.295916],[79.970101,9.293358],[79.970475,9.291395],[79.970324,9.28784],[79.971172,9.2847],[79.973141,9.28255],[79.973343,9.281883],[79.974476,9.280989],[79.977384,9.279935],[79.980567,9.280884],[79.984208,9.284308],[79.986324,9.284844],[79.989118,9.284818],[79.992476,9.282581],[79.995284,9.281397],[79.995654,9.280057],[79.995208,9.278636],[79.996127,9.277577],[79.99621,9.276376],[79.998681,9.270998],[79.999278,9.271017],[79.999697,9.271849],[80.001381,9.272702],[80.002047,9.273524]],[[80.085609,9.315991],[80.085598,9.316406],[80.085259,9.316406],[80.085394,9.317385],[80.084659,9.319763],[80.083194,9.321538],[80.076862,9.32151],[80.074651,9.322681],[80.073198,9.321743],[80.072749,9.320414],[80.072907,9.31956],[80.075497,9.317896],[80.076208,9.316406],[80.079344,9.31263],[80.084833,9.312155],[80.087026,9.311456],[80.090588,9.311633],[80.090526,9.312467],[80.086271,9.315121],[80.085609,9.315991]],[[80.059155,9.336744],[80.059349,9.341347],[80.058017,9.342395],[80.057059,9.344427],[80.056846,9.348541],[80.055601,9.347483],[80.05391,9.344677],[80.052305,9.338832],[80.052698,9.333938],[80.053292,9.33268],[80.054788,9.331298],[80.056837,9.330289],[80.059036,9.32977],[80.060964,9.331594],[80.060589,9.332612],[80.058829,9.332806],[80.058289,9.33347],[80.058188,9.333902],[80.059046,9.335292],[80.059155,9.336744]],[[79.52396,9.392664],[79.523691,9.392829],[79.522304,9.392235],[79.521925,9.390588],[79.522465,9.387277],[79.522908,9.386393],[79.523735,9.385361],[79.525036,9.384529],[79.529209,9.38409],[79.530274,9.386705],[79.529509,9.389202],[79.52396,9.392664]],[[79.88739,9.441395],[79.884871,9.441406],[79.884595,9.440715],[79.885615,9.438565],[79.887077,9.43709],[79.889292,9.438103],[79.88984,9.439049],[79.889033,9.439717],[79.88857,9.440746],[79.88739,9.441395]],[[80.01356,9.484624],[80.005924,9.484654],[80.005248,9.483978],[80.004529,9.48168],[80.004679,9.480029],[80.005172,9.479175],[80.010114,9.472073],[80.010246,9.470922],[80.009546,9.467129],[80.010486,9.466436],[80.011863,9.46605],[80.014769,9.467327],[80.01437,9.468997],[80.014552,9.470917],[80.016267,9.472975],[80.017856,9.476954],[80.017878,9.479578],[80.017482,9.481258],[80.015635,9.483357],[80.01356,9.484624]],[[79.729574,9.48404],[79.730837,9.48761],[79.731122,9.492789],[79.729815,9.497091],[79.729601,9.503539],[79.726225,9.510967],[79.726774,9.514367],[79.726232,9.518009],[79.725879,9.52486],[79.724017,9.527471],[79.72326,9.527564],[79.721997,9.527099],[79.721222,9.528601],[79.720625,9.529],[79.717953,9.529251],[79.716674,9.528595],[79.715633,9.529543],[79.714404,9.529796],[79.712279,9.529326],[79.700318,9.529047],[79.6951,9.53028],[79.694019,9.532667],[79.693216,9.531299],[79.692232,9.531999],[79.691805,9.534196],[79.69135,9.53487],[79.690339,9.53539],[79.689846,9.53447],[79.689369,9.534424],[79.687886,9.53565],[79.687515,9.537229],[79.685426,9.536707],[79.684891,9.536892],[79.68415,9.539818],[79.683633,9.539861],[79.683167,9.53914],[79.679844,9.540494],[79.680494,9.541863],[79.679138,9.542272],[79.677241,9.54625],[79.674353,9.547858],[79.673627,9.54985],[79.672934,9.550161],[79.672577,9.552905],[79.67178,9.553738],[79.669624,9.554335],[79.667954,9.553462],[79.66668,9.553327],[79.666234,9.553414],[79.666751,9.553811],[79.666619,9.554175],[79.665853,9.554364],[79.66296,9.553628],[79.662425,9.554343],[79.660763,9.555154],[79.661788,9.555857],[79.661781,9.556691],[79.660593,9.55661],[79.657057,9.555038],[79.655895,9.554146],[79.655417,9.552887],[79.655839,9.551194],[79.653744,9.551483],[79.651157,9.548054],[79.65029,9.5447],[79.650288,9.53864],[79.65102,9.537034],[79.651278,9.531651],[79.652114,9.530052],[79.651456,9.529521],[79.651735,9.525769],[79.652179,9.52557],[79.651981,9.52203],[79.653423,9.52105],[79.653174,9.516492],[79.654187,9.515053],[79.65382,9.513728],[79.6551,9.512215],[79.654883,9.507124],[79.654139,9.506351],[79.654613,9.504854],[79.656228,9.50363],[79.657006,9.502517],[79.660902,9.499764],[79.670656,9.495224],[79.671376,9.494176],[79.67288,9.493496],[79.674301,9.492188],[79.679404,9.489905],[79.679876,9.489168],[79.682079,9.487474],[79.683493,9.486856],[79.684908,9.485521],[79.68914,9.483762],[79.69559,9.480436],[79.699936,9.478986],[79.701853,9.479041],[79.702613,9.47768],[79.703841,9.477051],[79.70413,9.475955],[79.706412,9.476232],[79.709363,9.474924],[79.709898,9.475049],[79.710634,9.47597],[79.716291,9.474964],[79.718781,9.475182],[79.720512,9.47466],[79.724537,9.47695],[79.725436,9.478973],[79.727984,9.4814],[79.729574,9.48404]],[[79.849407,9.566776],[79.854858,9.566973],[79.858156,9.568676],[79.860163,9.570176],[79.862196,9.570727],[79.860718,9.572101],[79.859643,9.576968],[79.859018,9.577881],[79.859713,9.578972],[79.860488,9.583027],[79.861868,9.584363],[79.862804,9.586383],[79.861095,9.587404],[79.859516,9.589923],[79.859061,9.592796],[79.859589,9.596141],[79.860758,9.597492],[79.863738,9.602966],[79.86375,9.604432],[79.863013,9.606764],[79.863255,9.607221],[79.869909,9.610244],[79.870696,9.611199],[79.873831,9.612935],[79.875241,9.613475],[79.876485,9.613445],[79.876202,9.614012],[79.876414,9.614362],[79.87979,9.615728],[79.887165,9.620234],[79.889337,9.621136],[79.890462,9.622167],[79.891961,9.622685],[79.893094,9.622173],[79.894531,9.620289],[79.898119,9.617718],[79.899007,9.61666],[79.903975,9.615575],[79.906687,9.61611],[79.908729,9.617936],[79.911663,9.62207],[79.912933,9.626792],[79.914976,9.631205],[79.915932,9.632022],[79.918602,9.633082],[79.926664,9.632504],[79.936341,9.630084],[79.9389,9.628548],[79.948591,9.624936],[79.95105,9.623254],[79.953049,9.622488],[79.962198,9.613869],[79.969209,9.612687],[79.969734,9.612158],[79.974803,9.612195],[79.976797,9.613055],[79.976887,9.613566],[79.975668,9.614274],[79.975632,9.615244],[79.979153,9.618194],[79.980967,9.621236],[79.981683,9.621344],[79.982208,9.618123],[79.981486,9.616494],[79.98167,9.615155],[79.980524,9.613412],[79.980412,9.610622],[79.979903,9.609733],[79.979189,9.61012],[79.979195,9.608096],[79.978117,9.607629],[79.977447,9.605597],[79.972368,9.606205],[79.968946,9.605823],[79.967639,9.606196],[79.966585,9.607572],[79.969045,9.608608],[79.967634,9.60957],[79.967793,9.610517],[79.965588,9.611281],[79.964815,9.611171],[79.964377,9.610705],[79.964422,9.607805],[79.966093,9.605252],[79.968444,9.603922],[79.97037,9.603314],[79.970755,9.602583],[79.971558,9.602357],[79.973636,9.600296],[79.974682,9.600366],[79.979995,9.598825],[79.981882,9.597816],[79.986591,9.597454],[79.987754,9.597618],[79.990304,9.599489],[79.995083,9.602178],[79.998628,9.603419],[80.001049,9.605742],[80.002352,9.607942],[80.004025,9.611471],[80.003592,9.612217],[80.003639,9.613711],[80.002963,9.614845],[80.00331,9.616294],[80.002609,9.617473],[80.002502,9.620011],[80.005048,9.622794],[80.005083,9.623836],[80.004642,9.624043],[80.004735,9.62519],[80.005537,9.626498],[80.006532,9.627136],[80.00683,9.627917],[80.007091,9.629784],[80.006933,9.630035],[80.006271,9.629888],[80.005914,9.630405],[80.006469,9.631907],[80.005889,9.633235],[79.999786,9.634902],[79.999866,9.637699],[79.994548,9.639637],[79.992285,9.641312],[79.99201,9.642267],[79.990417,9.643955],[79.989804,9.643816],[79.990044,9.642688],[79.989522,9.642135],[79.987625,9.642332],[79.985618,9.643207],[79.984707,9.64326],[79.984141,9.642914],[79.984144,9.641912],[79.985243,9.639971],[79.986375,9.639089],[79.98637,9.637976],[79.983809,9.636096],[79.980044,9.635419],[79.979897,9.634801],[79.980848,9.633486],[79.980487,9.632342],[79.978824,9.633321],[79.976482,9.632185],[79.973647,9.631766],[79.969154,9.632005],[79.96545,9.633438],[79.957888,9.637893],[79.95744,9.638621],[79.955496,9.639366],[79.949589,9.642965],[79.945656,9.645738],[79.945116,9.647999],[79.943061,9.648481],[79.93988,9.651023],[79.935554,9.653766],[79.935239,9.654817],[79.934105,9.656153],[79.930408,9.658424],[79.924995,9.660585],[79.926087,9.663652],[79.927424,9.663745],[79.931342,9.663019],[79.933774,9.66354],[79.933823,9.664356],[79.92979,9.664318],[79.930155,9.665127],[79.932095,9.66521],[79.933201,9.667049],[79.935703,9.66552],[79.935258,9.664925],[79.935516,9.664713],[79.936378,9.6651],[79.937043,9.666481],[79.93716,9.667969],[79.936772,9.668849],[79.936975,9.671691],[79.937461,9.672799],[79.938761,9.673689],[79.93909,9.675036],[79.938847,9.675901],[79.93798,9.676602],[79.938583,9.677042],[79.938496,9.677401],[79.936506,9.679048],[79.935907,9.679115],[79.93534,9.678504],[79.935011,9.676826],[79.93556,9.676198],[79.935384,9.675739],[79.933814,9.677439],[79.929592,9.679482],[79.925635,9.680428],[79.923882,9.680068],[79.915693,9.680738],[79.914631,9.680026],[79.918949,9.678657],[79.921703,9.677052],[79.922437,9.676198],[79.917582,9.675435],[79.912849,9.6739],[79.91123,9.67401],[79.909564,9.67479],[79.907809,9.674668],[79.907775,9.67431],[79.909244,9.672649],[79.908978,9.672237],[79.907863,9.671979],[79.907167,9.672921],[79.905668,9.673965],[79.903944,9.672398],[79.903442,9.671033],[79.902116,9.671151],[79.902274,9.670387],[79.901859,9.670058],[79.903296,9.669321],[79.904042,9.667969],[79.904528,9.667969],[79.904492,9.667221],[79.906312,9.667648],[79.90699,9.667005],[79.907912,9.66695],[79.908235,9.665496],[79.909439,9.664515],[79.906395,9.664928],[79.905278,9.663836],[79.905689,9.663491],[79.905841,9.66258],[79.908494,9.661626],[79.910707,9.659089],[79.909929,9.658311],[79.909428,9.656828],[79.909094,9.656959],[79.907997,9.659188],[79.906392,9.661159],[79.902372,9.663047],[79.901755,9.664458],[79.903247,9.664399],[79.903355,9.664953],[79.902847,9.665692],[79.901596,9.665752],[79.900851,9.667969],[79.900362,9.667969],[79.90015,9.668959],[79.900882,9.670207],[79.898377,9.672508],[79.897704,9.673679],[79.897404,9.673931],[79.897106,9.673525],[79.896609,9.674503],[79.896731,9.675759],[79.897562,9.677593],[79.899348,9.679591],[79.900696,9.680403],[79.900615,9.682896],[79.900049,9.684012],[79.898873,9.685172],[79.897124,9.686429],[79.894676,9.687272],[79.893895,9.688251],[79.892853,9.690387],[79.892718,9.692646],[79.891527,9.695336],[79.890838,9.695731],[79.891273,9.696437],[79.890006,9.696767],[79.88668,9.699596],[79.884809,9.700266],[79.882956,9.699468],[79.880387,9.69657],[79.880389,9.695621],[79.878189,9.694848],[79.876405,9.694865],[79.873593,9.693669],[79.870603,9.69425],[79.869063,9.695127],[79.866089,9.700698],[79.864341,9.702538],[79.862695,9.703056],[79.858335,9.704194],[79.853154,9.701344],[79.848421,9.701217],[79.847896,9.701823],[79.845397,9.702234],[79.842169,9.703777],[79.840986,9.703867],[79.840154,9.703218],[79.839852,9.702296],[79.839984,9.699341],[79.840206,9.698561],[79.840582,9.698488],[79.840387,9.697533],[79.843232,9.696678],[79.844554,9.695238],[79.844136,9.693828],[79.845498,9.69269],[79.847663,9.692069],[79.847848,9.690751],[79.848645,9.69094],[79.849306,9.691615],[79.849316,9.690886],[79.849692,9.690714],[79.849688,9.690095],[79.849223,9.68984],[79.844833,9.688308],[79.844837,9.686564],[79.843391,9.686252],[79.843496,9.683774],[79.844801,9.680042],[79.849258,9.673375],[79.850702,9.673017],[79.851429,9.67022],[79.852491,9.669462],[79.852808,9.667969],[79.853335,9.667969],[79.853742,9.666639],[79.854334,9.666732],[79.855315,9.667969],[79.857375,9.666386],[79.857146,9.664915],[79.854898,9.665427],[79.855732,9.663478],[79.858822,9.661222],[79.861231,9.657745],[79.863631,9.658303],[79.864906,9.658246],[79.865396,9.656532],[79.864966,9.656214],[79.864112,9.653605],[79.864111,9.651112],[79.867246,9.645765],[79.868861,9.644121],[79.868394,9.643202],[79.868432,9.639062],[79.870197,9.63773],[79.870996,9.636383],[79.870968,9.63572],[79.872333,9.634422],[79.873565,9.634874],[79.873744,9.635847],[79.87611,9.635387],[79.876544,9.634796],[79.879609,9.633198],[79.881745,9.630906],[79.885677,9.627838],[79.892498,9.62393],[79.883203,9.619089],[79.881728,9.617796],[79.875584,9.614645],[79.874701,9.613775],[79.871378,9.612693],[79.868163,9.610259],[79.862274,9.607692],[79.858925,9.609502],[79.854936,9.612538],[79.852622,9.613307],[79.850961,9.614844],[79.849572,9.61557],[79.847823,9.618183],[79.844054,9.619651],[79.843466,9.619541],[79.840971,9.614695],[79.835574,9.612578],[79.834786,9.612113],[79.834717,9.61109],[79.829946,9.61218],[79.82878,9.613125],[79.826558,9.613888],[79.824237,9.613585],[79.823295,9.612222],[79.822542,9.612064],[79.822275,9.61257],[79.824715,9.614616],[79.824146,9.61495],[79.822986,9.614146],[79.820728,9.617361],[79.820743,9.620126],[79.820937,9.620559],[79.82152,9.620503],[79.821863,9.621292],[79.820874,9.625834],[79.819698,9.626289],[79.818314,9.625369],[79.816702,9.622463],[79.815063,9.624798],[79.814436,9.626868],[79.813617,9.627217],[79.81216,9.626985],[79.809818,9.624564],[79.807657,9.618717],[79.80855,9.616312],[79.808334,9.613431],[79.806716,9.610681],[79.80843,9.607724],[79.808444,9.605606],[79.806937,9.603401],[79.805524,9.603382],[79.804688,9.602679],[79.805801,9.601126],[79.809447,9.599623],[79.809635,9.597809],[79.809023,9.596732],[79.809167,9.59589],[79.807319,9.593364],[79.807723,9.592421],[79.807419,9.591135],[79.805884,9.590194],[79.803715,9.590706],[79.802747,9.589514],[79.803149,9.587301],[79.802793,9.586365],[79.803043,9.584085],[79.801524,9.579975],[79.8028,9.579128],[79.802575,9.577351],[79.804263,9.575335],[79.807966,9.575312],[79.808872,9.574247],[79.813661,9.573193],[79.815827,9.5719],[79.821723,9.571907],[79.825554,9.570941],[79.827548,9.571352],[79.830068,9.571106],[79.833672,9.57008],[79.835291,9.568959],[79.83861,9.567868],[79.845645,9.566436],[79.848305,9.566438],[79.849407,9.566776]],[[79.802047,9.589697],[79.801774,9.590154],[79.800623,9.590068],[79.799864,9.591065],[79.79739,9.592243],[79.797423,9.59445],[79.79601,9.599469],[79.794153,9.600835],[79.793394,9.599978],[79.793269,9.598878],[79.791595,9.597527],[79.791042,9.59312],[79.790577,9.592476],[79.790596,9.591955],[79.791343,9.591087],[79.790537,9.590269],[79.790308,9.589092],[79.790798,9.588204],[79.790919,9.586328],[79.791605,9.584973],[79.791183,9.583479],[79.791465,9.58268],[79.792095,9.582363],[79.793342,9.582796],[79.794181,9.581534],[79.794842,9.579184],[79.796785,9.579214],[79.798064,9.577671],[79.800347,9.577433],[79.800838,9.577894],[79.801308,9.579336],[79.801087,9.580619],[79.802352,9.584758],[79.801936,9.586344],[79.802353,9.587782],[79.802047,9.589697]],[[79.77383,9.600338],[79.773888,9.604865],[79.775458,9.614526],[79.775092,9.615654],[79.7755,9.619908],[79.774936,9.620807],[79.769892,9.622239],[79.769075,9.621745],[79.768071,9.620083],[79.764488,9.616942],[79.762168,9.613518],[79.762021,9.611884],[79.76243,9.611131],[79.761048,9.605553],[79.76162,9.605006],[79.761856,9.603992],[79.762062,9.600649],[79.762773,9.598048],[79.762086,9.59496],[79.762701,9.593629],[79.762463,9.59024],[79.76512,9.587363],[79.768173,9.586745],[79.773055,9.584307],[79.774452,9.58469],[79.774967,9.585459],[79.776374,9.591465],[79.776413,9.594723],[79.774544,9.597054],[79.773043,9.598108],[79.77383,9.600338]],[[79.852844,9.626639],[79.853498,9.625441],[79.853017,9.62408],[79.854939,9.62205],[79.856381,9.619413],[79.85716,9.619128],[79.860149,9.6166],[79.861478,9.616482],[79.862298,9.617594],[79.862309,9.619924],[79.86377,9.62241],[79.863115,9.622969],[79.864445,9.62427],[79.864285,9.62537],[79.862402,9.62691],[79.858711,9.628814],[79.857925,9.631346],[79.856956,9.632385],[79.855857,9.634564],[79.854406,9.635647],[79.851966,9.63431],[79.851298,9.633028],[79.851681,9.630914],[79.852136,9.630309],[79.852069,9.629102],[79.85269,9.628294],[79.852844,9.626639]],[[79.853697,9.617964],[79.853219,9.61806],[79.852551,9.617618],[79.852299,9.616823],[79.852535,9.616462],[79.854633,9.61614],[79.855571,9.616537],[79.854577,9.617626],[79.853697,9.617964]],[[79.838211,9.625213],[79.837399,9.624966],[79.836926,9.624089],[79.83905,9.623114],[79.839418,9.623367],[79.839384,9.623919],[79.838911,9.624822],[79.838211,9.625213]],[[79.859112,9.642256],[79.857139,9.6421],[79.856017,9.640861],[79.856052,9.640388],[79.857952,9.639007],[79.860213,9.640247],[79.86062,9.641052],[79.859798,9.642031],[79.859112,9.642256]],[[79.777122,9.651632],[79.774449,9.651971],[79.773692,9.65245],[79.77375,9.652892],[79.774668,9.654054],[79.776644,9.655169],[79.778251,9.655601],[79.779509,9.655289],[79.779724,9.65609],[79.778993,9.658293],[79.780429,9.659076],[79.782909,9.662528],[79.785852,9.664979],[79.786255,9.666098],[79.786021,9.667969],[79.784141,9.670154],[79.784149,9.67111],[79.785392,9.672076],[79.783222,9.67653],[79.783774,9.678177],[79.783251,9.679279],[79.783937,9.680928],[79.783817,9.682189],[79.784757,9.684029],[79.783859,9.685457],[79.784184,9.686275],[79.783983,9.687163],[79.782521,9.687735],[79.778926,9.685472],[79.778183,9.684506],[79.777329,9.684232],[79.776919,9.682162],[79.775528,9.681038],[79.775351,9.679693],[79.773754,9.678826],[79.770378,9.675097],[79.76739,9.669801],[79.766758,9.667829],[79.763741,9.661917],[79.762609,9.657416],[79.764163,9.653187],[79.765453,9.652398],[79.768307,9.651612],[79.768703,9.650464],[79.770108,9.650744],[79.771028,9.650355],[79.772746,9.651776],[79.773218,9.651683],[79.770435,9.648898],[79.771015,9.646517],[79.771539,9.645891],[79.774651,9.644015],[79.775494,9.643755],[79.776299,9.64406],[79.777588,9.646533],[79.777558,9.647439],[79.77724,9.647695],[79.777493,9.65119],[79.777122,9.651632]],[[79.792675,9.680681],[79.79336,9.68085],[79.793777,9.682018],[79.793457,9.684358],[79.793462,9.686557],[79.793782,9.687363],[79.79333,9.688924],[79.791822,9.689238],[79.791136,9.688911],[79.790702,9.687506],[79.790658,9.684626],[79.791299,9.682943],[79.790859,9.682354],[79.791684,9.681277],[79.792675,9.680681]],[[79.811575,9.685014],[79.81238,9.684873],[79.813658,9.685607],[79.813281,9.687967],[79.813651,9.689335],[79.813209,9.691246],[79.814238,9.693849],[79.812679,9.697943],[79.812195,9.701831],[79.812337,9.703181],[79.814475,9.708477],[79.814086,9.709311],[79.81443,9.714359],[79.813985,9.715614],[79.813459,9.715824],[79.813012,9.715163],[79.811396,9.714163],[79.808856,9.708577],[79.808299,9.700697],[79.807265,9.696474],[79.807265,9.691612],[79.807737,9.689892],[79.808986,9.687089],[79.810085,9.685899],[79.811575,9.685014]],[[79.859386,9.709444],[79.861177,9.709747],[79.864393,9.709085],[79.865649,9.706219],[79.869777,9.706141],[79.875849,9.704033],[79.877602,9.70449],[79.8787,9.704098],[79.880844,9.704842],[79.884422,9.70964],[79.885757,9.710149],[79.886308,9.71079],[79.889225,9.711028],[79.891868,9.711852],[79.892901,9.71332],[79.893219,9.714375],[79.892668,9.716854],[79.892029,9.718081],[79.890455,9.71945],[79.890425,9.722449],[79.889235,9.728448],[79.889591,9.728673],[79.890776,9.728437],[79.891622,9.727302],[79.892297,9.727154],[79.89359,9.727079],[79.89657,9.727852],[79.897159,9.729618],[79.897454,9.734329],[79.897123,9.73854],[79.899039,9.739504],[79.899935,9.738894],[79.904158,9.740672],[79.904575,9.741598],[79.906503,9.742156],[79.912653,9.742496],[79.914102,9.743097],[79.914135,9.743651],[79.91064,9.743096],[79.909715,9.743276],[79.903852,9.74261],[79.902793,9.742145],[79.902216,9.742317],[79.898364,9.741399],[79.897838,9.741409],[79.89715,9.742169],[79.896791,9.741391],[79.895576,9.741849],[79.89533,9.74288],[79.895563,9.748724],[79.896437,9.750036],[79.897869,9.751187],[79.898028,9.752018],[79.897623,9.753245],[79.898315,9.755493],[79.897421,9.758297],[79.895869,9.759904],[79.895387,9.760973],[79.900335,9.763396],[79.899071,9.764431],[79.899478,9.7652],[79.899286,9.766469],[79.899814,9.767192],[79.899539,9.767447],[79.892848,9.765689],[79.887175,9.762742],[79.883809,9.762649],[79.882091,9.761664],[79.880033,9.761189],[79.874351,9.761469],[79.865956,9.763059],[79.864794,9.762346],[79.863421,9.762265],[79.862605,9.760705],[79.861402,9.75993],[79.859654,9.75787],[79.858147,9.75464],[79.85459,9.749355],[79.854506,9.746512],[79.855922,9.745117],[79.855639,9.744838],[79.858429,9.742055],[79.85951,9.737892],[79.860986,9.73562],[79.861044,9.732326],[79.861685,9.73027],[79.861705,9.728777],[79.860412,9.725298],[79.859074,9.723921],[79.857864,9.721714],[79.855776,9.720089],[79.854555,9.719678],[79.852843,9.718016],[79.851428,9.715985],[79.850826,9.714072],[79.85091,9.713695],[79.853238,9.713213],[79.855372,9.712243],[79.856133,9.711097],[79.859386,9.709444]],[[79.906903,9.767477],[79.907642,9.767358],[79.907895,9.766694],[79.905494,9.76404],[79.904355,9.761858],[79.904856,9.76148],[79.906987,9.755577],[79.908078,9.754331],[79.908479,9.752974],[79.911095,9.751555],[79.912684,9.751849],[79.914622,9.751075],[79.91607,9.747476],[79.916459,9.747398],[79.916674,9.74801],[79.918155,9.747372],[79.917933,9.745689],[79.918691,9.744276],[79.916455,9.743933],[79.916258,9.743629],[79.919386,9.743289],[79.92154,9.741231],[79.922976,9.738098],[79.923037,9.735351],[79.92418,9.733168],[79.925426,9.73174],[79.927165,9.730702],[79.927488,9.729449],[79.929577,9.726201],[79.931262,9.725431],[79.931756,9.72477],[79.932276,9.722462],[79.931633,9.720433],[79.930642,9.719167],[79.931145,9.716845],[79.93091,9.71571],[79.930426,9.71522],[79.930605,9.713106],[79.932977,9.709797],[79.936848,9.706098],[79.937282,9.704403],[79.937488,9.69965],[79.938639,9.696574],[79.944749,9.693808],[79.944615,9.693401],[79.942488,9.693006],[79.941982,9.692492],[79.942053,9.691662],[79.942723,9.691],[79.945732,9.689809],[79.948824,9.690148],[79.94993,9.690989],[79.949733,9.691945],[79.950453,9.691922],[79.952142,9.691121],[79.953549,9.689006],[79.954552,9.689082],[79.955885,9.689746],[79.956004,9.690454],[79.95504,9.69188],[79.955294,9.692656],[79.959421,9.696641],[79.960135,9.698383],[79.962477,9.700118],[79.965012,9.701671],[79.965283,9.701542],[79.965712,9.703369],[79.966493,9.704787],[79.966466,9.701642],[79.967083,9.700704],[79.965766,9.699985],[79.966626,9.697947],[79.967471,9.697493],[79.96804,9.695969],[79.97042,9.693638],[79.975863,9.689202],[79.977597,9.688842],[79.978132,9.687814],[79.978815,9.687359],[79.980038,9.687658],[79.980069,9.687161],[79.979378,9.686384],[79.979848,9.685012],[79.981908,9.684383],[79.982337,9.684759],[79.983632,9.683988],[79.985731,9.685389],[79.985052,9.686382],[79.986335,9.686929],[79.986692,9.687641],[79.986627,9.690099],[79.987299,9.690932],[79.989029,9.691739],[79.98972,9.691774],[79.994717,9.689693],[79.997515,9.687793],[79.998464,9.686739],[79.999676,9.681218],[79.999635,9.674563],[79.998914,9.672436],[79.999029,9.671118],[80.000936,9.669598],[80.001257,9.667969],[80.002843,9.666752],[80.003548,9.665091],[80.005187,9.663365],[80.000771,9.655998],[80,9.655219],[79.999685,9.655365],[79.995913,9.651088],[79.994459,9.648161],[79.993247,9.6473],[79.993518,9.646402],[79.992405,9.64561],[79.992071,9.644479],[79.991162,9.644558],[79.991741,9.643273],[79.996654,9.639635],[79.999768,9.638888],[80,9.638501],[80.000327,9.638744],[80.001398,9.638393],[80.001964,9.637835],[80.006023,9.637827],[80.006231,9.638296],[80.006063,9.639567],[80.004853,9.639302],[80.004129,9.64005],[80.003207,9.642762],[80.001411,9.644506],[79.999403,9.644993],[79.999797,9.646022],[79.995622,9.64802],[80.005415,9.662294],[80.006135,9.662106],[80.009297,9.659555],[80.013309,9.657304],[80.013927,9.655796],[80.013685,9.654068],[80.015262,9.65265],[80.018954,9.65015],[80.0214,9.649199],[80.023178,9.649803],[80.030028,9.647071],[80.035603,9.647168],[80.03992,9.646279],[80.041348,9.647196],[80.043219,9.649325],[80.044968,9.650349],[80.052738,9.64812],[80.058142,9.644945],[80.062304,9.643095],[80.0632,9.642325],[80.068507,9.640029],[80.074652,9.635603],[80.080991,9.62926],[80.097289,9.618361],[80.122221,9.609029],[80.129039,9.607172],[80.13264,9.60718],[80.135181,9.608886],[80.135096,9.609597],[80.132388,9.609167],[80.127059,9.610521],[80.120474,9.61238],[80.117537,9.614296],[80.11585,9.616779],[80.113485,9.618283],[80.112623,9.619258],[80.111647,9.621201],[80.111691,9.623266],[80.109639,9.624171],[80.109169,9.624864],[80.106402,9.626718],[80.103442,9.627597],[80.100605,9.629319],[80.098231,9.63274],[80.097073,9.635155],[80.092228,9.637025],[80.091655,9.638005],[80.090557,9.638709],[80.088974,9.638194],[80.084785,9.639344],[80.083996,9.639842],[80.08377,9.641932],[80.082015,9.64126],[80.079729,9.642395],[80.078311,9.644644],[80.078123,9.646478],[80.078911,9.647002],[80.081894,9.646123],[80.082445,9.64516],[80.082699,9.643534],[80.084581,9.643661],[80.085061,9.643385],[80.08541,9.642387],[80.086043,9.642151],[80.087998,9.642218],[80.090723,9.641241],[80.091514,9.641577],[80.089246,9.64294],[80.088724,9.64395],[80.087159,9.645433],[80.08481,9.646511],[80.083757,9.646626],[80.083313,9.647455],[80.081976,9.647554],[80.080349,9.648356],[80.078948,9.650566],[80.076863,9.651214],[80.077297,9.655324],[80.076766,9.656154],[80.076846,9.659066],[80.077795,9.65944],[80.078365,9.658666],[80.078199,9.654788],[80.078855,9.653007],[80.08055,9.654422],[80.083958,9.654358],[80.085436,9.653565],[80.086527,9.652172],[80.089139,9.650638],[80.0892,9.650144],[80.093329,9.648772],[80.100138,9.643746],[80.106046,9.640384],[80.108589,9.639465],[80.108864,9.638944],[80.116511,9.635353],[80.119102,9.63519],[80.123603,9.633585],[80.143381,9.623296],[80.144101,9.622399],[80.146424,9.621105],[80.153846,9.615234],[80.155389,9.613721],[80.155429,9.611573],[80.15625,9.610212],[80.161393,9.605587],[80.171925,9.597149],[80.188918,9.587362],[80.198828,9.582519],[80.20062,9.580121],[80.201573,9.582994],[80.202923,9.583094],[80.205091,9.582436],[80.205824,9.583526],[80.208668,9.584118],[80.20797,9.585623],[80.203145,9.586598],[80.200763,9.58812],[80.195389,9.587446],[80.193819,9.588408],[80.192758,9.588624],[80.192505,9.589435],[80.193082,9.590088],[80.19658,9.58907],[80.198984,9.59026],[80.197072,9.592044],[80.195915,9.592438],[80.190933,9.592759],[80.188612,9.593776],[80.186416,9.594251],[80.18524,9.594109],[80.182751,9.592819],[80.18098,9.592945],[80.181237,9.593348],[80.184348,9.594149],[80.185302,9.594961],[80.188701,9.594946],[80.188578,9.595613],[80.188894,9.595913],[80.192877,9.596261],[80.193081,9.601348],[80.192441,9.601908],[80.191537,9.602075],[80.188669,9.601526],[80.185141,9.598176],[80.184765,9.598242],[80.18456,9.598603],[80.185915,9.600683],[80.186184,9.601886],[80.184993,9.60191],[80.184683,9.603007],[80.182073,9.60293],[80.181077,9.605626],[80.180363,9.605701],[80.179669,9.603935],[80.179302,9.603822],[80.177685,9.603991],[80.175048,9.603311],[80.173661,9.60342],[80.172845,9.603858],[80.171931,9.605289],[80.170727,9.608371],[80.172325,9.60842],[80.173382,9.609087],[80.176471,9.609068],[80.180161,9.606516],[80.183302,9.605242],[80.185404,9.604984],[80.186941,9.605501],[80.193279,9.609258],[80.198024,9.61111],[80.199072,9.612022],[80.198822,9.612675],[80.196628,9.612634],[80.194666,9.613293],[80.195726,9.614214],[80.19532,9.616389],[80.19737,9.617771],[80.19741,9.618173],[80.195649,9.618757],[80.194894,9.620139],[80.192557,9.621764],[80.192381,9.622066],[80.193779,9.623911],[80.193036,9.624245],[80.191481,9.624185],[80.190526,9.623612],[80.186368,9.623352],[80.185302,9.621303],[80.184217,9.62103],[80.182963,9.618927],[80.181842,9.618596],[80.181449,9.618955],[80.182301,9.622033],[80.180942,9.623296],[80.179065,9.62399],[80.176568,9.623746],[80.171184,9.619748],[80.164881,9.621306],[80.160591,9.623264],[80.159483,9.624614],[80.160551,9.625207],[80.169621,9.621804],[80.171077,9.621926],[80.172351,9.623268],[80.171488,9.625946],[80.169575,9.626423],[80.169276,9.626818],[80.169877,9.627478],[80.171392,9.627774],[80.172713,9.629589],[80.172983,9.630632],[80.171475,9.632152],[80.172706,9.634352],[80.173158,9.636516],[80.172213,9.638001],[80.170467,9.638571],[80.171687,9.642779],[80.170581,9.642902],[80.170078,9.64491],[80.169198,9.645445],[80.168527,9.646673],[80.167805,9.646582],[80.166102,9.645514],[80.165835,9.644232],[80.164565,9.643315],[80.162982,9.639938],[80.162442,9.639764],[80.162489,9.641898],[80.162224,9.64227],[80.159192,9.643619],[80.157748,9.645518],[80.156104,9.645328],[80.155764,9.646191],[80.15625,9.648438],[80.159549,9.649304],[80.161867,9.651477],[80.165697,9.652923],[80.166367,9.654866],[80.165942,9.655959],[80.168666,9.656045],[80.169639,9.656559],[80.180998,9.652872],[80.185307,9.650551],[80.187373,9.648734],[80.190914,9.647119],[80.192082,9.646039],[80.198529,9.643724],[80.199877,9.643912],[80.201197,9.642895],[80.211001,9.63948],[80.216874,9.636072],[80.233605,9.628627],[80.235305,9.62701],[80.236973,9.626284],[80.239885,9.624197],[80.245567,9.621541],[80.252303,9.61707],[80.256664,9.613599],[80.261218,9.612465],[80.262709,9.611693],[80.263737,9.611837],[80.264834,9.610241],[80.266635,9.610403],[80.266557,9.609009],[80.269264,9.607672],[80.270969,9.606056],[80.274013,9.60507],[80.275371,9.603939],[80.281462,9.600709],[80.284697,9.598138],[80.288877,9.596392],[80.298888,9.590066],[80.299392,9.589075],[80.299321,9.588079],[80.298907,9.587444],[80.297568,9.587139],[80.297468,9.58635],[80.297761,9.586033],[80.307138,9.579494],[80.312463,9.574021],[80.322951,9.567023],[80.329226,9.563493],[80.330029,9.563472],[80.330415,9.564394],[80.329315,9.567062],[80.3258,9.568956],[80.32385,9.57136],[80.325303,9.571303],[80.326161,9.571887],[80.331496,9.568858],[80.341472,9.562043],[80.347333,9.555833],[80.350815,9.554723],[80.352715,9.548937],[80.355303,9.546999],[80.357787,9.545912],[80.360674,9.543382],[80.367391,9.536019],[80.368897,9.534958],[80.377617,9.52434],[80.378872,9.52167],[80.379565,9.521101],[80.380706,9.518963],[80.382871,9.516917],[80.383566,9.517127],[80.383992,9.518708],[80.386531,9.517652],[80.387086,9.518316],[80.386648,9.518797],[80.38559,9.519002],[80.38283,9.52186],[80.381755,9.525319],[80.380033,9.527174],[80.3786,9.529526],[80.37833,9.530577],[80.379031,9.531693],[80.381855,9.530629],[80.387298,9.529381],[80.389503,9.527095],[80.39193,9.52557],[80.391849,9.524379],[80.389707,9.523407],[80.388519,9.522271],[80.387763,9.521009],[80.387678,9.5204],[80.388099,9.520141],[80.39064,9.521161],[80.391688,9.520136],[80.394462,9.520762],[80.39511,9.521284],[80.395593,9.522726],[80.3975,9.523519],[80.398128,9.525632],[80.398555,9.525886],[80.402812,9.525823],[80.403534,9.523573],[80.404216,9.5232],[80.405655,9.523386],[80.406514,9.523023],[80.40742,9.523359],[80.40904,9.523089],[80.409288,9.523341],[80.409235,9.523941],[80.404037,9.529167],[80.403792,9.530139],[80.404514,9.530677],[80.404251,9.532971],[80.403737,9.533809],[80.401313,9.535607],[80.40193,9.536717],[80.402377,9.536711],[80.404068,9.535418],[80.406052,9.533287],[80.408612,9.533196],[80.41014,9.53251],[80.411782,9.532534],[80.412406,9.533004],[80.412279,9.53431],[80.412573,9.53456],[80.413115,9.532473],[80.413722,9.531633],[80.416383,9.530072],[80.420787,9.528988],[80.42449,9.525611],[80.431149,9.521289],[80.434438,9.517569],[80.434933,9.517434],[80.435321,9.518061],[80.43674,9.517379],[80.438423,9.517495],[80.441673,9.516606],[80.442098,9.516891],[80.442056,9.51754],[80.440899,9.518185],[80.438992,9.520523],[80.437636,9.520296],[80.437026,9.519675],[80.436638,9.520035],[80.436348,9.521118],[80.436726,9.522677],[80.436136,9.523543],[80.435989,9.524771],[80.437189,9.526379],[80.436114,9.527065],[80.434638,9.525564],[80.434164,9.525797],[80.433502,9.527225],[80.433589,9.529131],[80.432314,9.530672],[80.43237,9.531692],[80.433193,9.532904],[80.435403,9.533393],[80.438678,9.533448],[80.439343,9.533024],[80.439731,9.531745],[80.440591,9.530895],[80.442264,9.531009],[80.447034,9.535661],[80.446932,9.537009],[80.447605,9.537978],[80.448823,9.538407],[80.450434,9.538321],[80.453697,9.537592],[80.456729,9.536404],[80.457773,9.535391],[80.45836,9.53417],[80.460064,9.534504],[80.462461,9.533972],[80.464681,9.533269],[80.466077,9.531917],[80.466943,9.532058],[80.468951,9.531028],[80.471349,9.528732],[80.473643,9.527915],[80.474755,9.525994],[80.47473,9.524358],[80.475449,9.523901],[80.476376,9.523783],[80.479852,9.52451],[80.481082,9.523851],[80.481812,9.523911],[80.482389,9.524261],[80.482668,9.525516],[80.483247,9.525624],[80.484321,9.525026],[80.484299,9.524359],[80.485287,9.523924],[80.492551,9.522393],[80.496153,9.522818],[80.497852,9.521797],[80.502067,9.521002],[80.503973,9.520038],[80.508513,9.519223],[80.511652,9.518068],[80.51276,9.517549],[80.51644,9.514537],[80.523517,9.510531],[80.526914,9.50912],[80.528319,9.50913],[80.528981,9.508796],[80.530246,9.50776],[80.531115,9.505389],[80.532541,9.504434],[80.535689,9.505229],[80.540429,9.503515],[80.541896,9.502241],[80.542107,9.502499],[80.543872,9.501856],[80.545638,9.499757],[80.545768,9.498911],[80.542932,9.499949],[80.540676,9.501467],[80.53989,9.501005],[80.540421,9.49983],[80.544035,9.49788],[80.548205,9.496988],[80.550907,9.495312],[80.555076,9.491533],[80.558025,9.490272],[80.561627,9.487855],[80.566501,9.484096],[80.570408,9.48055],[80.574443,9.477863],[80.576025,9.475927],[80.579331,9.474668],[80.580925,9.472948],[80.583669,9.472334],[80.586322,9.471011],[80.588835,9.470955],[80.59012,9.470446],[80.591629,9.472527],[80.59076,9.477002],[80.5912,9.478985],[80.590213,9.480139],[80.582339,9.486049],[80.570773,9.496314],[80.564491,9.500338],[80.557793,9.506608],[80.543924,9.516222],[80.541838,9.518108],[80.540262,9.518797],[80.536516,9.521737],[80.532723,9.523898],[80.530396,9.526627],[80.528566,9.527464],[80.527069,9.529131],[80.526689,9.531447],[80.526005,9.533059],[80.522696,9.536426],[80.520692,9.538187],[80.517332,9.540207],[80.515532,9.542646],[80.515045,9.542491],[80.514619,9.543213],[80.511893,9.544449],[80.509287,9.547703],[80.507812,9.548828],[80.506699,9.548962],[80.505758,9.54969],[80.50424,9.551291],[80.501556,9.553257],[80.499675,9.555545],[80.498063,9.556435],[80.492282,9.561166],[80.486741,9.564732],[80.479953,9.570871],[80.466026,9.582291],[80.451602,9.593009],[80.434716,9.607042],[80.42052,9.616976],[80.405103,9.628879],[80.404321,9.629887],[80.395911,9.635672],[80.386618,9.644252],[80.377226,9.651315],[80.370497,9.657645],[80.362294,9.664341],[80.349257,9.677435],[80.332396,9.696517],[80.315949,9.719983],[80.312651,9.72621],[80.305002,9.737512],[80.303098,9.740962],[80.298162,9.746166],[80.290618,9.755862],[80.283479,9.766257],[80.279247,9.773085],[80.275829,9.777705],[80.273382,9.782773],[80.269505,9.789202],[80.266702,9.794793],[80.262171,9.80149],[80.260164,9.805489],[80.255681,9.816924],[80.254593,9.8182],[80.254623,9.82136],[80.253292,9.823709],[80.251797,9.825809],[80.248009,9.827834],[80.245747,9.828359],[80.242719,9.827921],[80.239364,9.828073],[80.238206,9.829163],[80.235782,9.828441],[80.234768,9.829297],[80.232107,9.829941],[80.230323,9.830851],[80.228501,9.83062],[80.224469,9.831901],[80.215531,9.835528],[80.212691,9.835864],[80.208796,9.835457],[80.197152,9.830011],[80.193805,9.82917],[80.192006,9.828341],[80.188907,9.827765],[80.181337,9.827205],[80.177034,9.826203],[80.172809,9.826135],[80.169332,9.825128],[80.167127,9.825865],[80.156675,9.825893],[80.155467,9.826375],[80.153561,9.825969],[80.151534,9.826375],[80.150157,9.825961],[80.149316,9.826421],[80.146223,9.826444],[80.144428,9.825393],[80.14257,9.824849],[80.140239,9.825275],[80.135414,9.82138],[80.134505,9.817907],[80.132704,9.81429],[80.131096,9.812515],[80.129932,9.809243],[80.129896,9.806775],[80.131042,9.80617],[80.130268,9.805653],[80.130698,9.803545],[80.130281,9.799527],[80.13123,9.796716],[80.132125,9.795457],[80.13432,9.794603],[80.135412,9.793768],[80.136495,9.792273],[80.137253,9.790351],[80.135548,9.790769],[80.134096,9.78982],[80.131705,9.78897],[80.131248,9.788372],[80.130052,9.785338],[80.133132,9.784852],[80.133817,9.783252],[80.133314,9.782272],[80.130714,9.78103],[80.129159,9.782284],[80.12834,9.782483],[80.127077,9.780606],[80.126821,9.780739],[80.126985,9.782361],[80.123909,9.782709],[80.123392,9.783247],[80.123422,9.784025],[80.126333,9.78866],[80.127759,9.789491],[80.12969,9.794495],[80.130329,9.794963],[80.129321,9.796989],[80.127552,9.798666],[80.127808,9.802095],[80.128669,9.802944],[80.128672,9.803367],[80.127981,9.804119],[80.127448,9.806573],[80.128289,9.81025],[80.129572,9.812906],[80.131649,9.816221],[80.13272,9.816867],[80.133714,9.818593],[80.132925,9.819849],[80.131471,9.820558],[80.128651,9.820562],[80.124907,9.818698],[80.122288,9.816714],[80.120053,9.816185],[80.117031,9.814524],[80.115253,9.812773],[80.112726,9.811251],[80.107435,9.809777],[80.100533,9.808944],[80.095379,9.809624],[80.084824,9.80946],[80.081148,9.810489],[80.071111,9.8112],[80.067561,9.812164],[80.06268,9.814145],[80.056339,9.814616],[80.055322,9.815281],[80.052786,9.815318],[80.051046,9.816041],[80.047756,9.815915],[80.046298,9.816602],[80.04377,9.816767],[80.041542,9.817472],[80.03606,9.818389],[80.034254,9.819967],[80.032085,9.822793],[80.030414,9.82353],[80.029743,9.823118],[80.029881,9.822598],[80.032179,9.821324],[80.035243,9.817938],[80.03182,9.816039],[80.03048,9.81592],[80.027813,9.81661],[80.026407,9.816097],[80.022938,9.816877],[80.0194,9.816895],[80.017683,9.816211],[80.014945,9.816098],[80.011093,9.815278],[80.009215,9.813842],[80.008103,9.813418],[80.003294,9.813308],[79.998338,9.81154],[79.997218,9.811542],[79.994545,9.812349],[79.991338,9.812191],[79.988399,9.810458],[79.986724,9.811029],[79.977533,9.807706],[79.976051,9.806393],[79.974249,9.805891],[79.971853,9.805889],[79.967136,9.803427],[79.963145,9.800813],[79.959811,9.799994],[79.954273,9.797846],[79.952949,9.796913],[79.945628,9.794614],[79.945067,9.7932],[79.943372,9.791403],[79.943599,9.790115],[79.942995,9.789009],[79.942929,9.787461],[79.941063,9.785141],[79.937866,9.784464],[79.937999,9.784183],[79.937334,9.78331],[79.934464,9.781464],[79.931562,9.780434],[79.929476,9.778316],[79.924948,9.776841],[79.922632,9.775535],[79.917354,9.776755],[79.913557,9.776757],[79.911741,9.776019],[79.910154,9.774803],[79.908854,9.772515],[79.907035,9.771564],[79.906374,9.770015],[79.906506,9.768165],[79.906903,9.767477]],[[80.593707,9.470492],[80.593665,9.467419],[80.592454,9.465934],[80.593329,9.464113],[80.596853,9.463504],[80.598124,9.463909],[80.598121,9.465093],[80.6,9.464539],[80.6,9.475438],[80.598686,9.477109],[80.594228,9.478846],[80.593594,9.476082],[80.594569,9.472498],[80.593707,9.470492]],[[80.58992,9.462414],[80.590376,9.462634],[80.590141,9.464926],[80.59059,9.466223],[80.590451,9.468458],[80.592088,9.469232],[80.590647,9.470226],[80.588992,9.469429],[80.588676,9.466374],[80.58605,9.466592],[80.587079,9.464863],[80.587613,9.462761],[80.588228,9.462726],[80.588913,9.463439],[80.589531,9.4624],[80.58992,9.462414]],[[80.58791,9.469759],[80.587276,9.469929],[80.586408,9.46934],[80.585979,9.46799],[80.586318,9.467621],[80.588042,9.468361],[80.588412,9.469178],[80.58791,9.469759]],[[80.510072,9.48537],[80.509488,9.485545],[80.508673,9.484798],[80.508447,9.484219],[80.508704,9.48365],[80.511106,9.48301],[80.512821,9.483259],[80.51195,9.484338],[80.510072,9.48537]],[[80.494415,9.490695],[80.491399,9.492647],[80.489731,9.492965],[80.489115,9.492673],[80.493001,9.4893],[80.494936,9.489473],[80.494951,9.490098],[80.494415,9.490695]],[[80.506424,9.492335],[80.509724,9.49092],[80.510641,9.490857],[80.511222,9.491339],[80.509509,9.492188],[80.508661,9.492188],[80.506583,9.493616],[80.505775,9.49466],[80.500062,9.497039],[80.499131,9.498293],[80.49746,9.496418],[80.497087,9.494349],[80.497478,9.493726],[80.501425,9.493551],[80.502593,9.493111],[80.504324,9.494084],[80.505477,9.492778],[80.506424,9.492335]],[[80.495191,9.498191],[80.49534,9.498737],[80.494913,9.499413],[80.493391,9.500085],[80.491725,9.498513],[80.491217,9.496044],[80.491975,9.495719],[80.493534,9.496406],[80.495191,9.498191]],[[80.538753,9.498564],[80.541057,9.497268],[80.542194,9.497586],[80.541834,9.498202],[80.537378,9.500501],[80.534078,9.501528],[80.527611,9.505068],[80.525161,9.504909],[80.524302,9.506902],[80.523932,9.506941],[80.523666,9.505901],[80.5239,9.505062],[80.524698,9.504433],[80.527305,9.504392],[80.528713,9.502825],[80.532611,9.501034],[80.537712,9.49939],[80.538753,9.498564]],[[80.476963,9.50373],[80.476329,9.506079],[80.47565,9.506583],[80.47456,9.50684],[80.473956,9.506415],[80.470804,9.506161],[80.471018,9.505619],[80.472118,9.505365],[80.475047,9.505704],[80.475773,9.50379],[80.476568,9.503313],[80.476963,9.50373]],[[80.465751,9.506237],[80.466134,9.506651],[80.466068,9.507822],[80.464916,9.509675],[80.464452,9.509837],[80.461638,9.508082],[80.461574,9.507219],[80.46211,9.506312],[80.463563,9.505924],[80.465751,9.506237]],[[80.47061,9.509751],[80.472564,9.509502],[80.473248,9.509953],[80.47336,9.510707],[80.470524,9.511469],[80.469337,9.510899],[80.469841,9.510123],[80.47061,9.509751]],[[80.514821,9.50962],[80.518872,9.507773],[80.520211,9.506751],[80.52168,9.504735],[80.521989,9.505799],[80.52328,9.507151],[80.516964,9.510007],[80.513919,9.512846],[80.512413,9.513444],[80.511065,9.51476],[80.508897,9.51575],[80.507812,9.516741],[80.505974,9.517507],[80.504843,9.51705],[80.502102,9.51705],[80.498567,9.517791],[80.495128,9.519683],[80.493118,9.520302],[80.491555,9.520074],[80.491273,9.520338],[80.49029,9.519873],[80.490662,9.519394],[80.492851,9.519439],[80.494883,9.518905],[80.496075,9.518386],[80.498375,9.516443],[80.501921,9.516153],[80.505444,9.515279],[80.507812,9.51423],[80.509291,9.512972],[80.514821,9.50962]],[[80.474018,9.514175],[80.47237,9.514817],[80.472439,9.514183],[80.473972,9.512575],[80.475448,9.512437],[80.474892,9.51357],[80.474018,9.514175]],[[80.476026,9.514326],[80.477419,9.514326],[80.478142,9.514902],[80.477677,9.515794],[80.475904,9.51657],[80.475524,9.516033],[80.475569,9.515058],[80.476026,9.514326]],[[80.460076,9.519176],[80.459324,9.520182],[80.457585,9.520402],[80.456274,9.519277],[80.456666,9.518241],[80.458534,9.517824],[80.460076,9.519176]],[[80.455896,9.520225],[80.455569,9.520832],[80.453466,9.522164],[80.452277,9.523855],[80.450835,9.523705],[80.450051,9.521287],[80.448659,9.522283],[80.44715,9.522123],[80.447777,9.524117],[80.447498,9.525233],[80.446872,9.525852],[80.445161,9.526282],[80.44451,9.525854],[80.442882,9.522203],[80.443968,9.520163],[80.445945,9.518105],[80.448513,9.51876],[80.451558,9.51793],[80.454018,9.518151],[80.455896,9.520225]],[[80.440392,9.524719],[80.44007,9.52495],[80.438606,9.523793],[80.438269,9.523027],[80.43864,9.522392],[80.440059,9.521942],[80.441183,9.522399],[80.441231,9.522995],[80.440392,9.524719]],[[80.43842,9.524582],[80.440048,9.525453],[80.440161,9.526133],[80.438909,9.526841],[80.437126,9.524827],[80.437567,9.524505],[80.43842,9.524582]],[[80.448989,9.528079],[80.450325,9.529153],[80.451743,9.530974],[80.451993,9.532164],[80.451366,9.532833],[80.450875,9.532995],[80.449335,9.532057],[80.448714,9.531266],[80.447991,9.527982],[80.448183,9.527761],[80.448989,9.528079]],[[80.414337,9.526753],[80.413071,9.526827],[80.411399,9.526205],[80.411026,9.525423],[80.411747,9.524765],[80.413061,9.52451],[80.414813,9.526107],[80.414927,9.526608],[80.414337,9.526753]],[[80.409054,9.531118],[80.408641,9.531316],[80.407163,9.530513],[80.406635,9.529351],[80.407012,9.528189],[80.408404,9.528095],[80.41014,9.529721],[80.409942,9.5305],[80.409054,9.531118]],[[80.225349,9.538732],[80.22484,9.538816],[80.224294,9.538406],[80.227071,9.536039],[80.227204,9.536998],[80.226849,9.538067],[80.225349,9.538732]],[[80.295169,9.589963],[80.295807,9.590005],[80.295946,9.590591],[80.295131,9.591041],[80.294449,9.5902],[80.294858,9.588588],[80.295782,9.587269],[80.295936,9.587905],[80.295169,9.589963]],[[80.197465,9.597221],[80.197093,9.597428],[80.196108,9.596173],[80.194895,9.595572],[80.194708,9.595238],[80.195324,9.593898],[80.197199,9.594135],[80.200563,9.593716],[80.199749,9.596367],[80.197465,9.597221]],[[80.197834,9.602378],[80.193931,9.601751],[80.193877,9.60004],[80.194296,9.598789],[80.195771,9.598614],[80.196315,9.599943],[80.197875,9.601628],[80.197834,9.602378]],[[80.197912,9.622223],[80.202305,9.622284],[80.204637,9.623094],[80.204545,9.623834],[80.20591,9.624635],[80.205642,9.627026],[80.204341,9.628217],[80.202182,9.628664],[80.198884,9.627384],[80.19783,9.628032],[80.196788,9.627688],[80.196301,9.626701],[80.199101,9.625204],[80.201445,9.624666],[80.200686,9.624082],[80.198173,9.623534],[80.1966,9.62275],[80.196153,9.621803],[80.197912,9.622223]],[[80.161701,9.647613],[80.160796,9.649189],[80.159081,9.647683],[80.159238,9.645779],[80.160349,9.64448],[80.164521,9.644688],[80.166005,9.645786],[80.166028,9.646419],[80.164999,9.646626],[80.163146,9.645583],[80.161957,9.646839],[80.161701,9.647613]],[[80.162611,9.648024],[80.16428,9.648058],[80.165502,9.648854],[80.164028,9.650112],[80.163179,9.650112],[80.162466,9.649562],[80.162132,9.648636],[80.162611,9.648024]],[[80.089827,9.599743],[80.08915,9.599949],[80.088493,9.599324],[80.08943,9.597839],[80.093346,9.597165],[80.097177,9.5949],[80.101887,9.593779],[80.104456,9.593889],[80.104668,9.594169],[80.104456,9.594726],[80.101872,9.594874],[80.097199,9.597031],[80.089827,9.599743]],[[80.085314,9.599819],[80.078528,9.60254],[80.075852,9.604358],[80.071888,9.607906],[80.07025,9.608868],[80.067209,9.609683],[80.066895,9.609151],[80.071959,9.605211],[80.079789,9.60071],[80.086382,9.598562],[80.086997,9.598889],[80.086799,9.59919],[80.085314,9.599819]],[[80.08359,9.608876],[80.084776,9.609015],[80.082839,9.61],[80.077283,9.612215],[80.07661,9.612415],[80.076126,9.612032],[80.078224,9.610438],[80.08359,9.608876]],[[80.014094,9.642007],[80.007631,9.647281],[80.006068,9.647975],[80.004124,9.648126],[80.002796,9.648771],[80.002464,9.648186],[80.002652,9.647628],[80.005497,9.644829],[80.012478,9.641348],[80.013551,9.641224],[80.014094,9.642007]],[[80.016171,9.64324],[80.016389,9.642945],[80.01686,9.643679],[80.017803,9.64295],[80.019675,9.642789],[80.020113,9.644663],[80.019834,9.644852],[80.019475,9.643554],[80.018019,9.643288],[80.017852,9.64413],[80.01884,9.644645],[80.018682,9.644941],[80.01788,9.645749],[80.01526,9.646235],[80.014905,9.645783],[80.014961,9.644984],[80.015747,9.644705],[80.016171,9.64324]],[[79.991208,9.654646],[79.990669,9.654684],[79.989648,9.653778],[79.989454,9.653338],[79.989769,9.652633],[79.992055,9.652393],[79.99335,9.652751],[79.993579,9.653657],[79.991208,9.654646]],[[79.929184,9.723166],[79.929065,9.72373],[79.928499,9.723534],[79.927431,9.722546],[79.927413,9.720597],[79.928642,9.72125],[79.929184,9.723166]],[[79.909973,9.74699],[79.90998,9.748614],[79.908268,9.750085],[79.907584,9.751212],[79.906445,9.751744],[79.90427,9.751983],[79.903207,9.751262],[79.903207,9.747797],[79.904731,9.746401],[79.90805,9.745302],[79.909973,9.74699]],[[80.280004,9.498227],[80.280848,9.498155],[80.281159,9.49873],[80.278293,9.501395],[80.277727,9.501395],[80.276958,9.500633],[80.277135,9.500176],[80.280004,9.498227]],[[80.26614,9.483141],[80.266938,9.483102],[80.267283,9.48349],[80.267902,9.485329],[80.268546,9.484685],[80.269043,9.484815],[80.268794,9.485577],[80.267287,9.487216],[80.266942,9.485059],[80.265192,9.484095],[80.265274,9.483591],[80.26614,9.483141]],[[80.291857,9.473532],[80.291906,9.47118],[80.290057,9.46993],[80.29008,9.469552],[80.290585,9.469365],[80.29343,9.470023],[80.293959,9.470657],[80.293254,9.472659],[80.291857,9.473532]],[[80.312713,9.470171],[80.312852,9.468661],[80.313555,9.467238],[80.314324,9.467132],[80.316283,9.468074],[80.316128,9.471195],[80.31435,9.471569],[80.313272,9.471266],[80.312713,9.470171]],[[80.288701,9.467857],[80.288036,9.46781],[80.288036,9.464895],[80.28661,9.463584],[80.288431,9.462588],[80.287557,9.461802],[80.287627,9.461016],[80.288524,9.459902],[80.289919,9.459605],[80.291274,9.459833],[80.293142,9.461635],[80.292528,9.461828],[80.292357,9.462437],[80.292796,9.464051],[80.291008,9.464107],[80.29086,9.464948],[80.291067,9.465231],[80.293059,9.465453],[80.293538,9.465879],[80.292629,9.466651],[80.292429,9.467708],[80.288701,9.467857]],[[80.261376,9.465893],[80.26134,9.467615],[80.262372,9.466659],[80.263049,9.46658],[80.264836,9.467315],[80.264185,9.469382],[80.262234,9.47082],[80.261429,9.469206],[80.258856,9.467245],[80.259642,9.466034],[80.26023,9.465755],[80.261376,9.465893]],[[80.271976,9.470421],[80.27247,9.469762],[80.27234,9.469092],[80.269821,9.470258],[80.266869,9.469394],[80.266582,9.468663],[80.267662,9.468001],[80.269295,9.466209],[80.272079,9.46744],[80.273532,9.46748],[80.274667,9.470526],[80.272239,9.471006],[80.271976,9.470421]],[[79.737851,8.24725],[79.740267,8.250084],[79.742113,8.250758],[79.743278,8.249935],[79.744856,8.251395],[79.747774,8.250996],[79.74988,8.249661],[79.751202,8.248349],[79.75273,8.247973],[79.753314,8.248647],[79.752867,8.251201],[79.753061,8.251836],[79.753766,8.25239],[79.7541,8.254972],[79.757128,8.255955],[79.758686,8.257972],[79.760425,8.261719],[79.760428,8.265599],[79.763343,8.267605],[79.763739,8.268266],[79.762112,8.272434],[79.760581,8.272822],[79.759712,8.271934],[79.757161,8.271988],[79.756799,8.271731],[79.756648,8.271221],[79.75842,8.269392],[79.758885,8.268273],[79.758369,8.267415],[79.75686,8.266621],[79.755337,8.263841],[79.752797,8.263471],[79.751251,8.263687],[79.751088,8.264047],[79.751505,8.26633],[79.753271,8.268013],[79.754288,8.270233],[79.754957,8.273397],[79.755826,8.27387],[79.757978,8.273808],[79.758418,8.276593],[79.758126,8.277592],[79.755209,8.278768],[79.753971,8.279997],[79.753249,8.281412],[79.753307,8.282662],[79.753816,8.283263],[79.755607,8.283954],[79.755329,8.284685],[79.753638,8.285725],[79.753972,8.2872],[79.754739,8.288119],[79.754158,8.290406],[79.754691,8.291287],[79.758,8.292724],[79.757672,8.294144],[79.758073,8.295105],[79.759281,8.296048],[79.761829,8.296946],[79.762843,8.299601],[79.763419,8.300049],[79.766141,8.300442],[79.767766,8.301175],[79.766179,8.302745],[79.763393,8.302705],[79.760796,8.30169],[79.757875,8.302407],[79.757082,8.302292],[79.753242,8.296275],[79.752194,8.293674],[79.74836,8.287528],[79.743981,8.278064],[79.743868,8.276489],[79.744282,8.274762],[79.743295,8.272591],[79.739844,8.2613],[79.739814,8.258343],[79.739156,8.255221],[79.738086,8.253496],[79.73725,8.249041],[79.736202,8.246702],[79.736213,8.246339],[79.737013,8.24603],[79.737851,8.24725]],[[79.796633,8.294009],[79.799796,8.293868],[79.801289,8.298454],[79.801207,8.29924],[79.800725,8.299667],[79.799947,8.299654],[79.799431,8.299214],[79.798677,8.297236],[79.797436,8.296813],[79.79677,8.296093],[79.795891,8.29658],[79.795331,8.297275],[79.797152,8.298578],[79.797511,8.300344],[79.796279,8.302396],[79.795715,8.304543],[79.796541,8.30459],[79.796457,8.304216],[79.799897,8.303167],[79.80239,8.303475],[79.802158,8.304221],[79.801536,8.304492],[79.79507,8.305833],[79.793329,8.303671],[79.793317,8.300772],[79.794042,8.297819],[79.795519,8.295118],[79.796633,8.294009]],[[79.833226,8.303127],[79.834183,8.301715],[79.83518,8.301373],[79.835788,8.301572],[79.833565,8.304568],[79.83285,8.304444],[79.833226,8.303127]],[[79.833011,8.301556],[79.83273,8.301657],[79.832208,8.301024],[79.832602,8.299895],[79.833555,8.298712],[79.835401,8.297979],[79.837416,8.296332],[79.83848,8.296095],[79.839296,8.296471],[79.839341,8.296835],[79.837893,8.297772],[79.835756,8.299942],[79.833011,8.301556]],[[79.791883,8.282257],[79.794008,8.282334],[79.795648,8.283589],[79.793989,8.285104],[79.790079,8.286031],[79.789536,8.285017],[79.79032,8.283407],[79.791883,8.282257]],[[79.763375,8.274496],[79.765028,8.274596],[79.767344,8.276187],[79.76886,8.276404],[79.768976,8.277501],[79.767867,8.278333],[79.763663,8.277761],[79.762261,8.278432],[79.760809,8.278073],[79.760321,8.277807],[79.760509,8.277115],[79.762228,8.275192],[79.763375,8.274496]],[[79.771451,8.274722],[79.771911,8.273518],[79.772963,8.272548],[79.773677,8.272488],[79.774119,8.272974],[79.774081,8.274365],[79.773327,8.275868],[79.772941,8.277828],[79.772344,8.278149],[79.7719,8.27821],[79.771495,8.277316],[79.771451,8.274722]],[[79.775587,8.272566],[79.774887,8.270636],[79.775401,8.267128],[79.777262,8.26481],[79.778672,8.263137],[79.779979,8.262314],[79.782875,8.263585],[79.784074,8.265783],[79.784215,8.267257],[79.781836,8.26919],[79.779285,8.273578],[79.77794,8.274853],[79.777094,8.275092],[79.776525,8.274692],[79.775587,8.272566]],[[79.777762,8.233322],[79.779148,8.233091],[79.779725,8.23332],[79.780267,8.234245],[79.780365,8.235412],[79.779848,8.237775],[79.778896,8.238305],[79.777398,8.23425],[79.777762,8.233322]],[[79.781303,8.216445],[79.781626,8.215832],[79.782135,8.215695],[79.783882,8.215806],[79.784639,8.216057],[79.785372,8.217557],[79.78312,8.219587],[79.782643,8.218741],[79.781178,8.217797],[79.781303,8.216445]],[[79.768126,8.20777],[79.769389,8.207696],[79.770319,8.208568],[79.767311,8.209993],[79.767881,8.211996],[79.768366,8.21248],[79.771406,8.213345],[79.771607,8.214614],[79.76846,8.214565],[79.764817,8.212802],[79.764708,8.211295],[79.765144,8.209899],[79.768126,8.20777]],[[79.776262,8.186515],[79.777881,8.186672],[79.779528,8.187568],[79.779846,8.188197],[79.778154,8.191869],[79.77521,8.192879],[79.774721,8.192667],[79.775924,8.191427],[79.776153,8.190491],[79.775452,8.188201],[79.776262,8.186515]],[[79.767252,8.180662],[79.766955,8.179942],[79.767215,8.179728],[79.768538,8.180068],[79.770044,8.181308],[79.770554,8.182513],[79.769738,8.182818],[79.767252,8.180662]],[[79.766031,8.179604],[79.765927,8.179925],[79.765596,8.179824],[79.763386,8.178032],[79.764005,8.177794],[79.765024,8.178113],[79.766031,8.179604]],[[79.756877,8.179598],[79.755582,8.180355],[79.754616,8.179509],[79.755099,8.17849],[79.756315,8.177337],[79.757225,8.177965],[79.756877,8.179598]],[[79.750258,8.177406],[79.749662,8.177498],[79.748359,8.176516],[79.748101,8.173541],[79.748803,8.17243],[79.749815,8.172675],[79.751858,8.175925],[79.751137,8.176988],[79.750258,8.177406]],[[79.755095,8.173157],[79.756034,8.173177],[79.758893,8.174591],[79.760025,8.175947],[79.761572,8.176767],[79.761499,8.17705],[79.761219,8.177242],[79.758747,8.176483],[79.754952,8.174081],[79.755095,8.173157]],[[79.806349,8.173476],[79.808953,8.163998],[79.809458,8.162937],[79.810447,8.162318],[79.811943,8.163359],[79.812263,8.16466],[79.810802,8.165867],[79.808361,8.169248],[79.808378,8.172027],[79.807594,8.172283],[79.808171,8.172945],[79.806861,8.174062],[79.806349,8.173476]],[[79.793357,8.167936],[79.792512,8.167851],[79.794198,8.164883],[79.795133,8.164371],[79.795182,8.165087],[79.793357,8.167936]],[[79.752192,8.17117],[79.751858,8.171452],[79.75143,8.170893],[79.750575,8.169637],[79.750788,8.169129],[79.752104,8.16949],[79.752419,8.169997],[79.752192,8.17117]],[[79.738274,8.124628],[79.739731,8.124792],[79.740096,8.125501],[79.739966,8.126083],[79.739141,8.126421],[79.737513,8.12582],[79.737462,8.125301],[79.738274,8.124628]],[[79.779082,8.06928],[79.780059,8.069222],[79.780642,8.069493],[79.780745,8.06998],[79.779861,8.071809],[79.779051,8.072027],[79.778492,8.071518],[79.778223,8.070251],[79.778402,8.069669],[79.779082,8.06928]],[[79.829046,7.999774],[79.829629,7.999855],[79.829851,8.000342],[79.830009,8.00173],[79.829665,8.002365],[79.829046,7.999774]],[[79.820537,7.984191],[79.821779,7.982916],[79.822092,7.983587],[79.821557,7.984796],[79.818913,7.987165],[79.820537,7.984191]],[[79.765082,8.317283],[79.764719,8.318435],[79.766316,8.321847],[79.766319,8.325196],[79.768362,8.326087],[79.769739,8.325636],[79.77174,8.329186],[79.771732,8.332109],[79.77318,8.33642],[79.773725,8.339869],[79.776003,8.343374],[79.777592,8.345006],[79.776261,8.347158],[79.776525,8.347783],[79.778098,8.347819],[79.777082,8.349839],[79.777569,8.350387],[79.778657,8.350611],[79.778455,8.351871],[79.779511,8.354468],[79.779471,8.355991],[79.78082,8.35616],[79.781536,8.356998],[79.781776,8.35781],[79.781255,8.359864],[79.782231,8.360555],[79.784496,8.366711],[79.785109,8.367368],[79.787615,8.36788],[79.783717,8.371868],[79.782019,8.373088],[79.778327,8.377232],[79.777089,8.376248],[79.774735,8.366898],[79.772903,8.361951],[79.773484,8.360281],[79.773603,8.358409],[79.772858,8.356453],[79.773082,8.349394],[79.772236,8.343298],[79.77107,8.341375],[79.769661,8.336981],[79.768312,8.334146],[79.762895,8.324356],[79.761338,8.31943],[79.760175,8.311534],[79.761737,8.311983],[79.764519,8.314094],[79.764993,8.315878],[79.765668,8.316311],[79.765082,8.317283]],[[79.806568,8.339091],[79.805039,8.33882],[79.804688,8.338449],[79.801434,8.338996],[79.801181,8.338467],[79.802646,8.330774],[79.804688,8.326451],[79.804688,8.323382],[79.806234,8.320945],[79.806722,8.319461],[79.808266,8.317821],[79.809331,8.317554],[79.809242,8.31865],[79.811364,8.319238],[79.811689,8.319559],[79.811604,8.320106],[79.807682,8.323163],[79.807219,8.325191],[79.80531,8.327576],[79.805521,8.32782],[79.807828,8.327339],[79.808936,8.327566],[79.806752,8.328792],[79.806315,8.329823],[79.807806,8.331336],[79.807564,8.332147],[79.80906,8.33211],[79.809183,8.332781],[79.80534,8.33438],[79.804688,8.3351],[79.804688,8.335938],[79.805448,8.337049],[79.805472,8.337765],[79.806101,8.338254],[79.807285,8.338643],[79.809999,8.338509],[79.810641,8.338802],[79.808412,8.339492],[79.806568,8.339091]],[[79.800987,8.414746],[79.800619,8.41489],[79.800503,8.414612],[79.800797,8.412755],[79.802852,8.407716],[79.804688,8.404855],[79.806592,8.403638],[79.807852,8.403514],[79.808086,8.403737],[79.807831,8.404085],[79.805033,8.405551],[79.806268,8.406352],[79.806849,8.407464],[79.802818,8.409777],[79.802079,8.412871],[79.800987,8.414746]],[[79.796411,8.43181],[79.796118,8.432092],[79.795685,8.431743],[79.795947,8.427503],[79.797026,8.427179],[79.797489,8.427595],[79.79757,8.428957],[79.797142,8.430682],[79.796411,8.43181]],[[79.795234,8.451976],[79.793941,8.452049],[79.791259,8.451026],[79.792256,8.447315],[79.793278,8.447562],[79.796013,8.450742],[79.796146,8.451605],[79.795234,8.451976]],[[79.789416,8.457525],[79.789266,8.457816],[79.788566,8.457503],[79.788667,8.457176],[79.790045,8.453004],[79.790977,8.452582],[79.79065,8.45463],[79.789416,8.457525]],[[79.790909,8.465082],[79.790539,8.465186],[79.789613,8.464304],[79.788367,8.464167],[79.789212,8.466028],[79.790103,8.466424],[79.790944,8.467414],[79.791341,8.470066],[79.78677,8.471205],[79.78456,8.472474],[79.783684,8.473616],[79.783308,8.475575],[79.78344,8.477523],[79.782751,8.480407],[79.783167,8.481879],[79.782755,8.485215],[79.783218,8.486709],[79.781853,8.487693],[79.781045,8.490738],[79.780207,8.492382],[79.780438,8.494145],[79.781392,8.495982],[79.782206,8.496743],[79.781911,8.498516],[79.78243,8.500578],[79.783593,8.501402],[79.784054,8.50223],[79.784399,8.503986],[79.783601,8.505655],[79.783997,8.50823],[79.784255,8.508636],[79.785956,8.509318],[79.786264,8.50984],[79.785655,8.510506],[79.78572,8.511749],[79.784954,8.512062],[79.781581,8.508511],[79.780074,8.504876],[79.778206,8.50176],[79.777674,8.494022],[79.781643,8.476688],[79.78233,8.475168],[79.783838,8.468948],[79.786133,8.464141],[79.7875,8.459946],[79.788035,8.45926],[79.788553,8.459574],[79.789929,8.463031],[79.790963,8.464151],[79.790909,8.465082]]]]}},{"type":"Feature","properties":{"layer":"eez_12nm","description":"Territorial sea (12 NM)","sovereign":"India","otherSovereign":null,"name":"Indian 12 NM","lineType":null,"mrgid":49194,"source":"Marine Regions Maritime Boundaries v12 (Flanders Marine Institute), CC-BY 4.0"},"geometry":{"type":"MultiPolygon","coordinates":[[[[77.5,8.08605],[77.507176,8.083566],[77.516916,8.081878],[77.525848,8.081441],[77.52833,8.080865],[77.530766,8.079656],[77.531744,8.077176],[77.538496,8.078343],[77.549897,8.077799],[77.550894,8.076613],[77.553939,8.07693],[77.556667,8.073333],[77.746667,8.175833],[78.064827,8.370174],[78.067054,8.370638],[78.067792,8.371985],[78.07,8.373333],[78.131667,8.495556],[78.23,8.746667],[78.58,9.100833],[79.088333,9.19],[79.53,9.093333],[79.526667,9.106667],[79.336667,9.316667],[79.333339,9.31525],[79.332072,9.316406],[79.329996,9.319252],[79.321129,9.324745],[79.314417,9.327765],[79.310846,9.328333],[79.303077,9.325305],[79.300125,9.322641],[79.289629,9.319695],[79.288911,9.317809],[79.28597,9.316406],[79.279509,9.311877],[79.273048,9.302621],[79.271167,9.296028],[79.268226,9.293856],[79.26735,9.293477],[79.25513,9.291679],[79.230745,9.292618],[79.220809,9.291831],[79.219798,9.291343],[79.215995,9.285903],[79.21288,9.28351],[79.205361,9.280184],[79.205121,9.27938],[79.190621,9.281739],[79.190557,9.283226],[79.181442,9.283232],[79.176766,9.284569],[79.160924,9.284222],[79.148536,9.289832],[79.140064,9.292318],[79.131727,9.287224],[79.126785,9.287705],[79.124019,9.289606],[79.109738,9.288534],[79.101562,9.290179],[79.086877,9.295134],[79.074761,9.298198],[79.065591,9.299416],[79.047492,9.309466],[79.034222,9.318577],[79.021909,9.327396],[79.020868,9.329388],[79.019432,9.329315],[79.012365,9.336151],[79.000996,9.345016],[78.998919,9.344555],[78.997815,9.343353],[78.996703,9.340595],[78.9973,9.338553],[79.000687,9.336467],[79.002384,9.333116],[79.00169,9.329217],[78.999294,9.327577],[78.98749,9.327317],[78.966677,9.335851],[78.966404,9.336098],[78.967349,9.337038],[78.969273,9.337183],[78.987743,9.328712],[78.997831,9.32899],[79.001439,9.330272],[79.001748,9.333829],[78.994961,9.338356],[78.993877,9.340039],[78.996533,9.347821],[78.996089,9.348829],[78.989328,9.353914],[78.97061,9.37207],[78.943205,9.401925],[78.939595,9.406169],[78.927098,9.422621],[78.910017,9.450752],[78.901814,9.466667],[78.900117,9.471041],[78.898235,9.480461],[78.89822,9.488674],[78.900793,9.49173],[78.904069,9.492978],[78.909374,9.490865],[78.910482,9.490866],[78.913405,9.491535],[78.914688,9.493752],[78.914436,9.501192],[78.915701,9.504836],[78.914899,9.508495],[78.917241,9.515318],[78.917027,9.517378],[78.918938,9.518863],[78.921467,9.524579],[78.922446,9.527647],[78.922719,9.530649],[78.922335,9.531984],[78.918578,9.536723],[78.91905,9.543293],[78.922574,9.55836],[78.92231,9.56398],[78.923931,9.56711],[78.924188,9.57261],[78.928137,9.580541],[78.927367,9.586046],[78.92952,9.594139],[78.934378,9.603119],[78.93515,9.60823],[78.93884,9.610881],[78.944564,9.617782],[78.954154,9.623797],[78.959433,9.629767],[78.961983,9.637973],[78.961348,9.642081],[78.962646,9.640442],[78.963946,9.641312],[78.965056,9.64521],[78.969908,9.652473],[78.971088,9.656684],[78.971556,9.667406],[78.980421,9.688177],[78.981774,9.690306],[78.988309,9.696849],[78.994045,9.708303],[79.00459,9.717118],[79.008757,9.725081],[79.012823,9.727679],[79.017701,9.732842],[79.020929,9.740941],[79.026477,9.74591],[79.036981,9.761744],[79.041693,9.76597],[79.049682,9.768166],[79.057777,9.772618],[79.058725,9.773778],[79.062813,9.782784],[79.069062,9.792014],[79.077674,9.798651],[79.079434,9.801205],[79.080418,9.809598],[79.087482,9.822469],[79.088825,9.824358],[79.092185,9.828154],[79.095527,9.830894],[79.101138,9.834821],[79.106741,9.837083],[79.107679,9.837991],[79.110054,9.84375],[79.119612,9.851979],[79.121835,9.854736],[79.12415,9.858938],[79.124707,9.862558],[79.123069,9.867281],[79.12018,9.869256],[79.119884,9.869835],[79.118873,9.874259],[79.119345,9.875682],[79.124762,9.884407],[79.125418,9.889071],[79.128099,9.893956],[79.13669,9.90053],[79.143244,9.908306],[79.144723,9.909726],[79.148988,9.912699],[79.151832,9.917066],[79.153632,9.920721],[79.152883,9.927521],[79.155332,9.932214],[79.163081,9.937756],[79.17038,9.944953],[79.174085,9.950195],[79.192675,9.968158],[79.199053,9.971357],[79.200782,9.976993],[79.202526,9.980254],[79.204445,9.982787],[79.220162,9.999658],[79.224673,10.005806],[79.224936,10.007968],[79.225181,10.008261],[79.227229,10.007637],[79.242739,10.024991],[79.246864,10.028324],[79.252131,10.0315],[79.267289,10.038306],[79.257459,10.043926],[79.252632,10.048389],[79.25223,10.053015],[79.253619,10.062522],[79.252182,10.066329],[79.247074,10.070842],[79.242646,10.072333],[79.244196,10.072614],[79.24365,10.073179],[79.236487,10.074417],[79.2328,10.082554],[79.233213,10.083844],[79.231527,10.085224],[79.228692,10.091966],[79.226644,10.09841],[79.226451,10.101132],[79.229537,10.10393],[79.228268,10.112665],[79.232367,10.123961],[79.237177,10.128657],[79.233719,10.128637],[79.23038,10.131102],[79.228719,10.137701],[79.23052,10.138783],[79.230492,10.142129],[79.229013,10.143605],[79.230736,10.150199],[79.237812,10.152608],[79.239806,10.15444],[79.240911,10.162662],[79.237887,10.168674],[79.241478,10.174246],[79.241255,10.180376],[79.242508,10.182703],[79.252761,10.187976],[79.260124,10.19317],[79.265691,10.198243],[79.269427,10.204608],[79.281162,10.2137],[79.280134,10.220377],[79.270367,10.225279],[79.268294,10.228516],[79.267899,10.2297],[79.267997,10.231809],[79.274036,10.24044],[79.295398,10.260744],[79.301243,10.264787],[79.308473,10.264383],[79.311688,10.269958],[79.316084,10.274787],[79.320047,10.277853],[79.329379,10.283425],[79.332497,10.284848],[79.341714,10.287037],[79.347329,10.286974],[79.347667,10.295628],[79.348997,10.293136],[79.348583,10.29076],[79.350033,10.289752],[79.351167,10.286095],[79.353622,10.288508],[79.362541,10.292102],[79.365999,10.292141],[79.366521,10.293848],[79.365148,10.295953],[79.358588,10.300579],[79.358601,10.301811],[79.363108,10.299914],[79.369493,10.294845],[79.376155,10.302248],[79.380007,10.312081],[79.38262,10.31546],[79.385785,10.316599],[79.395291,10.317836],[79.413869,10.316873],[79.427441,10.315078],[79.437117,10.315433],[79.444437,10.313691],[79.450427,10.314381],[79.453125,10.313616],[79.481051,10.310547],[79.502538,10.309648],[79.50669,10.308394],[79.512098,10.309039],[79.518138,10.315068],[79.517945,10.315783],[79.517361,10.31602],[79.507851,10.31504],[79.499881,10.316204],[79.499022,10.317438],[79.497464,10.316688],[79.486783,10.316994],[79.45713,10.320343],[79.457425,10.32478],[79.45875,10.326994],[79.461331,10.325171],[79.470802,10.324744],[79.473587,10.325811],[79.480435,10.324023],[79.485944,10.32496],[79.48658,10.326032],[79.481141,10.333206],[79.475987,10.335598],[79.468801,10.335705],[79.466245,10.33891],[79.462944,10.337576],[79.462661,10.336224],[79.460721,10.337106],[79.459018,10.335255],[79.458375,10.336535],[79.455187,10.336356],[79.456099,10.342042],[79.457799,10.337817],[79.461205,10.337891],[79.462623,10.339286],[79.46723,10.34007],[79.469451,10.339187],[79.471468,10.336665],[79.476178,10.336483],[79.478214,10.335104],[79.481324,10.336328],[79.486344,10.335572],[79.487602,10.330104],[79.490792,10.329283],[79.494593,10.330586],[79.493973,10.327639],[79.488704,10.328621],[79.487526,10.32801],[79.488402,10.326985],[79.487805,10.325238],[79.492667,10.323635],[79.492847,10.320214],[79.495781,10.318649],[79.493629,10.322413],[79.494571,10.325863],[79.496728,10.327917],[79.495493,10.321346],[79.50078,10.3201],[79.504529,10.322006],[79.505585,10.328342],[79.502445,10.330144],[79.501785,10.333308],[79.508019,10.338281],[79.512383,10.337402],[79.514377,10.333871],[79.509917,10.331119],[79.510585,10.329841],[79.517028,10.327339],[79.521902,10.330627],[79.527276,10.330197],[79.529616,10.327757],[79.528402,10.324374],[79.525734,10.324462],[79.524933,10.327241],[79.523723,10.32776],[79.522657,10.327099],[79.52292,10.32534],[79.519432,10.325043],[79.511987,10.326187],[79.508737,10.327687],[79.507179,10.325064],[79.516209,10.320341],[79.520085,10.320518],[79.523908,10.318295],[79.529654,10.321482],[79.537576,10.321911],[79.540149,10.322607],[79.54091,10.324314],[79.543543,10.324104],[79.541553,10.328286],[79.534478,10.335638],[79.534412,10.336156],[79.536644,10.337857],[79.539173,10.337891],[79.540687,10.336457],[79.543586,10.337804],[79.543309,10.338593],[79.540221,10.338754],[79.538222,10.346736],[79.538426,10.347072],[79.538975,10.346971],[79.54084,10.344203],[79.540635,10.341946],[79.542894,10.339109],[79.54347,10.342463],[79.542567,10.345874],[79.543599,10.347476],[79.545745,10.347867],[79.576352,10.340752],[79.58313,10.341325],[79.586666,10.343457],[79.58703,10.343342],[79.590025,10.340009],[79.587297,10.329383],[79.58652,10.327846],[79.582611,10.327875],[79.561873,10.3328],[79.5599,10.332381],[79.553237,10.328782],[79.551506,10.324916],[79.551595,10.319928],[79.549323,10.316784],[79.537667,10.312015],[79.531688,10.316536],[79.527855,10.316678],[79.525169,10.315107],[79.523184,10.310966],[79.523135,10.307886],[79.526236,10.305661],[79.550101,10.300999],[79.565628,10.299601],[79.573172,10.298413],[79.577193,10.296722],[79.581822,10.297074],[79.633778,10.289312],[79.674197,10.281],[79.685317,10.280383],[79.727296,10.274025],[79.730243,10.274025],[79.734751,10.277002],[79.739164,10.277505],[79.739419,10.278103],[79.739147,10.27924],[79.735148,10.278028],[79.731535,10.280282],[79.715722,10.283857],[79.713518,10.286878],[79.708666,10.286935],[79.70897,10.283285],[79.703038,10.285685],[79.682928,10.290119],[79.680546,10.292202],[79.686371,10.291045],[79.690697,10.291917],[79.683178,10.294951],[79.676332,10.300472],[79.673572,10.301152],[79.668821,10.299671],[79.66614,10.295319],[79.663919,10.296575],[79.668842,10.301357],[79.666386,10.301257],[79.662716,10.297868],[79.665668,10.291495],[79.665171,10.289187],[79.662563,10.28915],[79.656411,10.291998],[79.645756,10.292165],[79.644416,10.29378],[79.624712,10.29551],[79.619508,10.297463],[79.619753,10.298576],[79.616852,10.298579],[79.615412,10.297215],[79.616118,10.298921],[79.602999,10.299696],[79.60288,10.300751],[79.595277,10.302423],[79.593224,10.301055],[79.59286,10.302718],[79.589553,10.302977],[79.588823,10.301998],[79.58753,10.304643],[79.582319,10.302897],[79.579584,10.304502],[79.574329,10.304702],[79.569616,10.30701],[79.555737,10.308344],[79.551255,10.312358],[79.550823,10.313581],[79.564578,10.310061],[79.572051,10.310485],[79.576673,10.308623],[79.580831,10.308622],[79.587646,10.312747],[79.585076,10.309739],[79.589421,10.308623],[79.596741,10.308655],[79.599426,10.30946],[79.606639,10.315627],[79.613561,10.317417],[79.616763,10.324908],[79.621309,10.330774],[79.622028,10.333783],[79.620592,10.340808],[79.618811,10.340853],[79.616642,10.338172],[79.615801,10.340623],[79.614535,10.340854],[79.613029,10.339523],[79.610519,10.341248],[79.620364,10.343925],[79.622328,10.347533],[79.621222,10.348348],[79.625049,10.351267],[79.62416,10.358363],[79.62525,10.360631],[79.629951,10.36292],[79.631484,10.36203],[79.627554,10.356735],[79.629516,10.352843],[79.627591,10.350209],[79.627535,10.345994],[79.630743,10.339409],[79.631174,10.336077],[79.634172,10.33385],[79.635002,10.335294],[79.637442,10.327699],[79.636463,10.31822],[79.638687,10.317838],[79.639503,10.318894],[79.645208,10.318947],[79.647193,10.320004],[79.656989,10.31872],[79.671821,10.319226],[79.687178,10.325305],[79.704586,10.323454],[79.709144,10.325081],[79.710164,10.324995],[79.711948,10.32452],[79.71167,10.323683],[79.708755,10.323416],[79.720613,10.31887],[79.730569,10.311046],[79.737627,10.310296],[79.743895,10.31333],[79.757346,10.313586],[79.761654,10.312483],[79.766687,10.306749],[79.775232,10.302545],[79.778288,10.302412],[79.778581,10.301798],[79.777814,10.301508],[79.773881,10.301672],[79.768821,10.303601],[79.762622,10.310172],[79.759779,10.31192],[79.757122,10.311985],[79.758253,10.310138],[79.757648,10.308465],[79.758796,10.306492],[79.763982,10.300831],[79.779489,10.292103],[79.785378,10.286691],[79.786765,10.283636],[79.784981,10.281045],[79.784476,10.280756],[79.782685,10.281739],[79.779256,10.281511],[79.775786,10.285779],[79.772123,10.284344],[79.771044,10.287082],[79.769427,10.287881],[79.763433,10.287136],[79.76061,10.282417],[79.758093,10.284276],[79.760712,10.286691],[79.758619,10.290205],[79.75436,10.290205],[79.753283,10.288518],[79.751446,10.290113],[79.749188,10.288904],[79.751344,10.285826],[79.750333,10.283585],[79.749073,10.283996],[79.747197,10.282514],[79.751524,10.278467],[79.754988,10.277443],[79.755545,10.275346],[79.750963,10.276112],[79.750337,10.277832],[79.747462,10.279434],[79.745724,10.278474],[79.746141,10.276786],[79.743297,10.276727],[79.742808,10.278227],[79.74154,10.278309],[79.742929,10.275297],[79.743292,10.275144],[79.758616,10.273716],[79.787251,10.272879],[79.83538,10.27542],[79.849924,10.278768],[79.85175,10.279341],[79.853055,10.280631],[79.858696,10.281844],[79.859361,10.283068],[79.866915,10.286328],[79.876469,10.293991],[79.878333,10.291667],[79.888889,10.308333],[79.881893,10.322325],[79.88048,10.327956],[79.868454,10.8],[80.071873,10.8],[80.082581,10.3686],[80.085586,10.358187],[80.087592,10.349643],[80.090467,10.332337],[80.091807,10.314848],[80.091602,10.29731],[80.090436,10.284204],[80.08754,10.266901],[80.083133,10.249914],[80.077249,10.233371],[80.071893,10.221332],[80.06468,10.207779],[80.049326,10.18333],[80.04138,10.171916],[80.033811,10.162408],[80.02644,10.154197],[80.020246,10.14793],[80.010452,10.139046],[80.000093,10.130815],[79.992895,10.125708],[79.981695,10.118643],[79.973979,10.114343],[79.94243,10.098704],[79.930163,10.093672],[79.915095,10.088336],[79.899726,10.083894],[79.881324,10.079578],[79.870617,10.077412],[79.855715,10.075392],[79.815856,10.07296],[79.787251,10.071817],[79.752639,10.072742],[79.742079,10.073324],[79.727289,10.072963],[79.704258,10.074408],[79.696612,10.075274],[79.664257,10.080175],[79.653859,10.080973],[79.641935,10.082518],[79.597993,10.091323],[79.567185,10.095926],[79.557307,10.09664],[79.544144,10.098356],[79.531828,10.100754],[79.514862,10.102991],[79.486827,10.1083],[79.477368,10.10946],[79.456442,10.110956],[79.460112,10.100795],[79.46382,10.088162],[79.465824,10.079618],[79.468122,10.06666],[79.469176,10.057951],[79.470036,10.044822],[79.470127,10.036051],[79.46954,10.022907],[79.468667,10.014178],[79.46664,10.001176],[79.464814,9.992593],[79.461371,9.979887],[79.457888,9.96951],[79.453796,9.959292],[79.448181,9.947372],[79.444006,9.939638],[79.439495,9.932092],[79.432117,9.921156],[79.422645,9.909046],[79.415281,9.900835],[79.405895,9.891536],[79.395915,9.882865],[79.385386,9.87486],[79.371739,9.865982],[79.361231,9.850671],[79.350005,9.837118],[79.337631,9.824587],[79.326511,9.815007],[79.318823,9.802883],[79.312587,9.784801],[79.304704,9.767529],[79.294424,9.749281],[79.285922,9.736687],[79.274882,9.722718],[79.261281,9.706817],[79.253736,9.698611],[79.247802,9.68928],[79.240616,9.679099],[79.22939,9.665364],[79.22224,9.655006],[79.21301,9.643357],[79.205652,9.635146],[79.196273,9.625847],[79.188026,9.618579],[79.179621,9.611971],[79.163141,9.59195],[79.156868,9.575015],[79.152613,9.565593],[79.148506,9.557608],[79.142062,9.542766],[79.134863,9.52921],[79.124503,9.513242],[79.123675,9.504935],[79.138588,9.493366],[79.151104,9.493078],[79.159915,9.492409],[79.168687,9.491358],[79.180814,9.489234],[79.196417,9.498168],[79.212496,9.505613],[79.24158,9.517274],[79.252053,9.520729],[79.260563,9.523093],[79.277815,9.526698],[79.286411,9.527922],[79.299385,9.529069],[79.318195,9.529289],[79.335966,9.527947],[79.348642,9.526027],[79.36516,9.522413],[79.378692,9.51843],[79.392672,9.513204],[79.411432,9.504697],[79.43792,9.490792],[79.451008,9.482594],[79.462875,9.473868],[79.511667,9.363333],[79.533333,9.216667],[79.533333,9.1],[79.521667,9],[79.488275,8.896594],[79.083996,8.985057],[78.678891,8.913999],[78.403195,8.635128],[78.317993,8.418125],[78.312114,8.405256],[78.250381,8.283014],[78.244831,8.272773],[78.239044,8.263419],[78.231463,8.252644],[78.223192,8.242385],[78.215146,8.233672],[78.206479,8.225224],[78.193167,8.213676],[78.184609,8.20718],[78.173626,8.199873],[78.166274,8.195519],[78.156816,8.19052],[77.846331,8.000997],[77.647742,7.893919],[77.634275,7.887734],[77.619401,7.882232],[77.606732,7.878552],[77.59169,7.875302],[77.580805,7.873704],[77.57205,7.872845],[77.558866,7.872271],[77.550069,7.872367],[77.532528,7.873704],[77.521643,7.875302],[77.513446,7.876941],[77.5,7.878616],[77.5,8.08605]],[[79.706819,10.28817],[79.703046,10.288225],[79.702433,10.287305],[79.706585,10.285301],[79.707943,10.286401],[79.706819,10.28817]],[[79.700787,10.289312],[79.697854,10.290107],[79.697197,10.28985],[79.697877,10.288533],[79.700558,10.288392],[79.700787,10.289312]],[[79.695442,10.289402],[79.696486,10.290133],[79.693832,10.29132],[79.693481,10.290916],[79.693781,10.289642],[79.695442,10.289402]],[[79.691229,10.297511],[79.690564,10.2978],[79.688778,10.295072],[79.691259,10.293306],[79.691715,10.293416],[79.692921,10.295506],[79.69281,10.296125],[79.691229,10.297511]],[[79.686358,10.297508],[79.685239,10.298342],[79.684007,10.297937],[79.683599,10.297],[79.683792,10.29645],[79.685508,10.295241],[79.685861,10.29533],[79.686358,10.297508]],[[79.608595,10.302074],[79.607716,10.302318],[79.605586,10.301978],[79.606431,10.300934],[79.608325,10.300838],[79.608992,10.301102],[79.608595,10.302074]],[[79.709594,10.305335],[79.71057,10.307435],[79.704977,10.306432],[79.698885,10.30911],[79.703168,10.305623],[79.703893,10.303514],[79.706992,10.303578],[79.709594,10.305335]],[[79.694057,10.307673],[79.693758,10.308196],[79.692444,10.308036],[79.688698,10.310029],[79.689613,10.306196],[79.691739,10.304248],[79.692787,10.304773],[79.694057,10.307673]],[[79.67702,10.309638],[79.67627,10.309739],[79.669787,10.306554],[79.67271,10.304996],[79.679567,10.304877],[79.682741,10.305429],[79.683461,10.307449],[79.67702,10.309638]],[[79.623122,10.306176],[79.623604,10.306775],[79.62371,10.308658],[79.620998,10.30587],[79.621964,10.305429],[79.623122,10.306176]],[[79.605484,10.306101],[79.60988,10.309322],[79.60927,10.310709],[79.607885,10.31114],[79.605734,10.310159],[79.604872,10.30774],[79.604917,10.306835],[79.605484,10.306101]],[[79.713964,10.310601],[79.714493,10.310586],[79.715767,10.311523],[79.716419,10.315091],[79.711739,10.316065],[79.702698,10.315601],[79.700583,10.3182],[79.695666,10.321187],[79.69303,10.319329],[79.688843,10.318453],[79.690832,10.315109],[79.697681,10.311948],[79.708699,10.31387],[79.709918,10.312518],[79.711569,10.314256],[79.713126,10.310992],[79.713964,10.310601]],[[79.616179,10.306827],[79.616675,10.306497],[79.619074,10.307346],[79.619884,10.306105],[79.621167,10.307657],[79.617491,10.308622],[79.616105,10.307485],[79.616179,10.306827]],[[79.628888,10.306513],[79.631227,10.306649],[79.63163,10.308175],[79.631435,10.308427],[79.628458,10.308148],[79.628187,10.30797],[79.62835,10.306697],[79.628888,10.306513]],[[79.632089,10.332911],[79.631511,10.333216],[79.62971,10.330516],[79.62818,10.330032],[79.627621,10.326337],[79.627937,10.326036],[79.631029,10.327336],[79.632744,10.329874],[79.633692,10.332117],[79.632089,10.332911]],[[79.6261,10.343539],[79.625306,10.343635],[79.625114,10.338796],[79.628034,10.336817],[79.628488,10.336949],[79.629076,10.337435],[79.628801,10.341907],[79.6261,10.343539]],[[79.620174,10.298882],[79.622496,10.297214],[79.628171,10.297135],[79.629431,10.298543],[79.620974,10.299694],[79.620174,10.298882]]]]}},{"type":"Feature","properties":{"layer":"eez_24nm","description":"Contiguous zone (24 NM)","sovereign":"Sri Lanka","otherSovereign":null,"name":"Sri Lankan 24 NM","lineType":null,"mrgid":49302,"source":"Marine Regions Maritime Boundaries v12 (Flanders Marine Institute), CC-BY 4.0"},"geometry":{"type":"MultiPolygon","coordinates":[[[[79.379492,8.761351],[79.488333,8.896667],[79.497774,8.925933],[79.507066,8.917402],[79.515578,8.910462],[79.524472,8.90398],[79.533715,8.897987],[79.54326,8.89251],[79.553105,8.887581],[79.56319,8.883142],[79.575226,8.878703],[79.589291,8.87452],[79.601833,8.871699],[79.615496,8.869552],[79.62912,8.868298],[79.641015,8.86794],[79.653407,8.868311],[79.666198,8.869487],[79.680766,8.871778],[79.691381,8.872129],[79.699204,8.868139],[79.71002,8.859792],[79.714714,8.855558],[79.716755,8.851625],[79.714367,8.833135],[79.713569,8.816842],[79.714078,8.800196],[79.715899,8.783817],[79.720376,8.759106],[79.724856,8.742139],[79.730948,8.725278],[79.739101,8.70789],[79.727347,8.704792],[79.717008,8.701428],[79.706603,8.697403],[79.696565,8.692875],[79.686774,8.6878],[79.67731,8.682221],[79.668149,8.676126],[79.65933,8.669538],[79.650147,8.661826],[79.641231,8.653475],[79.633775,8.645738],[79.62605,8.636836],[79.620621,8.63001],[79.612979,8.619273],[79.607202,8.610023],[79.601985,8.600556],[79.592648,8.581223],[79.586277,8.564443],[79.581008,8.545307],[79.57785,8.528074],[79.576656,8.517172],[79.575814,8.501429],[79.575726,8.490658],[79.576212,8.479725],[79.577297,8.468813],[79.578833,8.458771],[79.584034,8.435197],[79.577468,8.412505],[79.573625,8.39444],[79.568241,8.378212],[79.559824,8.360793],[79.55267,8.354221],[79.544973,8.34638],[79.538573,8.339158],[79.532243,8.331259],[79.525833,8.322343],[79.52106,8.314961],[79.516613,8.307377],[79.511542,8.297663],[79.507867,8.28969],[79.50382,8.279649],[79.500387,8.269586],[79.497767,8.260477],[79.494429,8.245302],[79.492022,8.227334],[79.491222,8.209279],[79.491907,8.192606],[79.49311,8.181706],[79.497116,8.155414],[79.498925,8.145999],[79.501496,8.13553],[79.500439,8.118898],[79.500742,8.100349],[79.502259,8.085072],[79.504682,8.071187],[79.504688,8.052937],[79.505368,8.039983],[79.506555,8.029286],[79.508337,8.018591],[79.512431,8.001549],[79.529166,7.949702],[79.538035,7.916796],[79.543567,7.899868],[79.548643,7.88719],[79.554986,7.861251],[79.560876,7.839214],[79.568381,7.804229],[79.572467,7.789812],[79.576114,7.775105],[79.580944,7.759239],[79.584543,7.744889],[79.587123,7.733178],[79.590197,7.714694],[79.596063,7.683586],[79.597097,7.675325],[79.592232,7.660504],[79.58815,7.643421],[79.585582,7.626086],[79.584543,7.608808],[79.584664,7.594851],[79.586847,7.541198],[79.588528,7.51982],[79.59153,7.5],[80.6,7.5],[80.6,9.733239],[80.591796,9.739938],[80.580124,9.748717],[80.559355,9.765579],[80.539321,9.780151],[80.523537,9.792483],[80.507688,9.805646],[80.500559,9.811856],[80.496731,9.815723],[80.49185,9.821364],[80.489565,9.824581],[80.483271,9.834761],[80.468543,9.857143],[80.461908,9.865924],[80.454578,9.874573],[80.450224,9.881117],[80.445046,9.890408],[80.439779,9.903289],[80.432941,9.917056],[80.426054,9.928957],[80.417304,9.942078],[80.407414,9.954768],[80.397764,9.965381],[80.386315,9.97626],[80.375763,9.984923],[80.360363,9.995699],[80.351861,10.000857],[80.343851,10.005205],[80.33285,10.010473],[80.323441,10.014389],[80.315531,10.017414],[80.306129,10.020441],[80.292946,10.023961],[80.276129,10.027216],[80.270703,10.029023],[80.261495,10.031411],[80.247416,10.034194],[80.236894,10.035612],[80.22304,10.036652],[80.212527,10.036933],[80.203266,10.036669],[80.187961,10.035513],[80.174005,10.033562],[80.160598,10.030756],[80.148718,10.027253],[80.142892,10.027478],[80.131852,10.027],[80.114251,10.024991],[80.095255,10.021328],[80.082203,10.017928],[80.070032,10.020716],[80.057988,10.022724],[80.046991,10.023919],[80.033733,10.024565],[80.022671,10.024445],[80.00965,10.023535],[79.996405,10.021745],[79.983034,10.019001],[79.968567,10.015041],[79.953936,10.009802],[79.942789,10.007406],[79.927723,10.003401],[79.899333,9.993653],[79.890103,9.989879],[79.878769,9.984533],[79.866953,9.979925],[79.856916,9.975412],[79.844423,9.968842],[79.832274,9.961321],[79.814773,9.9576],[79.80459,9.954686],[79.793333,9.950934],[79.776512,9.943918],[79.766777,9.939015],[79.759148,9.934697],[79.749838,9.928812],[79.74262,9.923739],[79.728887,9.91268],[79.72082,9.905181],[79.71467,9.898875],[79.701125,9.883191],[79.689605,9.875018],[79.680457,9.867721],[79.669178,9.857526],[79.660912,9.84894],[79.652885,9.842935],[79.644423,9.835888],[79.636357,9.828389],[79.630213,9.82208],[79.612336,9.801048],[79.606083,9.792832],[79.600132,9.784153],[79.594576,9.775144],[79.58744,9.762279],[79.576874,9.739713],[79.566214,9.734763],[79.557141,9.729957],[79.5479,9.724461],[79.538977,9.718504],[79.530381,9.712082],[79.522013,9.705102],[79.513296,9.696979],[79.505596,9.688978],[79.494809,9.676328],[79.486412,9.665253],[79.4774,9.651516],[79.47012,9.638307],[79.463912,9.624808],[79.458841,9.611249],[79.454903,9.597997],[79.450958,9.580507],[79.435941,9.574176],[79.421827,9.566859],[79.376667,9.669167],[79.583333,9.95],[80.05,10.083333],[80.083333,10.096667],[80.158333,10.14],[80.292511,10.230432],[80.306093,10.227565],[80.325474,10.222635],[80.339037,10.219764],[80.366612,10.212392],[80.387628,10.205397],[80.408376,10.197208],[80.423185,10.1906],[80.434911,10.184896],[80.447514,10.178237],[80.460358,10.170853],[80.484237,10.155366],[80.494785,10.147814],[80.506204,10.139019],[80.520312,10.127224],[80.533209,10.115427],[80.545994,10.102669],[80.55801,10.089574],[80.569341,10.076083],[80.579793,10.062483],[80.589269,10.049026],[80.6,10.032371],[80.6,7.5],[79.388007,7.5],[79.385344,7.535822],[79.383192,7.589977],[79.383006,7.610825],[79.383623,7.628383],[79.385186,7.64762],[79.387409,7.665026],[79.390823,7.68476],[79.388166,7.69915],[79.386506,7.70591],[79.380755,7.725327],[79.373434,7.75292],[79.370323,7.765891],[79.364488,7.793374],[79.356811,7.824093],[79.351832,7.837396],[79.346064,7.855137],[79.340937,7.872607],[79.334597,7.896349],[79.319494,7.942827],[79.314237,7.962312],[79.310127,7.981197],[79.306852,8.000813],[79.30464,8.019627],[79.303403,8.036804],[79.302879,8.054166],[79.300704,8.071529],[79.299287,8.089018],[79.298666,8.104798],[79.298625,8.119],[79.29369,8.15075],[79.291508,8.168161],[79.289943,8.188278],[79.289391,8.207915],[79.289555,8.220747],[79.290263,8.235955],[79.291332,8.249075],[79.293095,8.264109],[79.295119,8.277305],[79.297708,8.291026],[79.301209,8.306428],[79.304763,8.319745],[79.310296,8.337594],[79.317208,8.356561],[79.324705,8.374359],[79.333451,8.39256],[79.342832,8.409835],[79.353162,8.426799],[79.364005,8.442796],[79.375316,8.457731],[79.374183,8.474957],[79.373718,8.493105],[79.373947,8.508427],[79.374932,8.528199],[79.376222,8.543058],[79.378448,8.560463],[79.381244,8.576774],[79.384671,8.592453],[79.388957,8.609275],[79.39321,8.623741],[79.398901,8.640302],[79.40507,8.656019],[79.412488,8.672732],[79.422101,8.69215],[79.428965,8.704898],[79.43818,8.720456],[79.421249,8.730809],[79.406612,8.740596],[79.392417,8.751008],[79.379492,8.761351]]]]}},{"type":"Feature","properties":{"layer":"eez_24nm","description":"Contiguous zone (24 NM)","sovereign":"India","otherSovereign":null,"name":"Indian 24 NM","lineType":null,"mrgid":49426,"source":"Marine Regions Maritime Boundaries v12 (Flanders Marine Institute), CC-BY 4.0"},"geometry":{"type":"MultiPolygon","coordinates":[[[[79.488275,8.896594],[79.347447,8.72151],[79.079663,8.780118],[78.777676,8.727146],[78.576287,8.523515],[78.507897,8.349303],[78.503027,8.337706],[78.492478,8.314873],[78.424325,8.180571],[78.413508,8.162069],[78.403926,8.147348],[78.391947,8.130719],[78.380124,8.115871],[78.368415,8.102541],[78.352911,8.086612],[78.339645,8.074072],[78.325456,8.061835],[78.306624,8.047099],[78.293644,8.037835],[78.281354,8.029851],[78.268419,8.022086],[78.256524,8.015537],[77.95137,7.829279],[77.938676,7.822126],[77.748599,7.719609],[77.726512,7.70857],[77.712954,7.702593],[77.698036,7.696683],[77.672286,7.688059],[77.646779,7.681347],[77.628125,7.677527],[77.615092,7.675423],[77.603466,7.673897],[77.585956,7.672242],[77.571321,7.671446],[77.556667,7.671159],[77.542012,7.671446],[77.527377,7.672242],[77.515696,7.673261],[77.5,7.675172],[77.5,7.878616],[77.513446,7.876941],[77.528166,7.874277],[77.541284,7.872845],[77.556667,7.872247],[77.56766,7.872558],[77.576432,7.873227],[77.59169,7.875302],[77.602458,7.877509],[77.610981,7.879686],[77.627379,7.885016],[77.644419,7.892281],[77.848679,8.002346],[78.156816,8.19052],[78.166274,8.195519],[78.173626,8.199873],[78.188161,8.209773],[78.200934,8.22023],[78.215146,8.233672],[78.224639,8.244065],[78.234069,8.25618],[78.243698,8.270867],[78.250381,8.283014],[78.312114,8.405256],[78.319817,8.422474],[78.403195,8.635128],[78.678891,8.913999],[79.083996,8.985057],[79.488275,8.896594]]],[[[80.286337,10.226271],[80.158333,10.14],[80.083333,10.096667],[80.05,10.083333],[79.583333,9.95],[79.376667,9.669167],[79.462875,9.473868],[79.451008,9.482594],[79.43792,9.490792],[79.411432,9.504697],[79.392672,9.513204],[79.378692,9.51843],[79.36516,9.522413],[79.346889,9.52635],[79.331573,9.528425],[79.313471,9.529385],[79.295052,9.528779],[79.286411,9.527922],[79.275678,9.526348],[79.260563,9.523093],[79.252053,9.520729],[79.24158,9.517274],[79.212496,9.505613],[79.196417,9.498168],[79.180814,9.489234],[79.168687,9.491358],[79.159915,9.492409],[79.151104,9.493078],[79.138588,9.493366],[79.123675,9.504935],[79.124503,9.513242],[79.134863,9.52921],[79.142062,9.542766],[79.148506,9.557608],[79.152613,9.565593],[79.156868,9.575015],[79.163141,9.59195],[79.179621,9.611971],[79.188026,9.618579],[79.196273,9.625847],[79.205652,9.635146],[79.21301,9.643357],[79.22224,9.655006],[79.22939,9.665364],[79.240616,9.679099],[79.247802,9.68928],[79.253736,9.698611],[79.261281,9.706817],[79.274882,9.722718],[79.285922,9.736687],[79.294424,9.749281],[79.304704,9.767529],[79.312587,9.784801],[79.318823,9.802883],[79.326511,9.815007],[79.337631,9.824587],[79.350005,9.837118],[79.361231,9.850671],[79.371739,9.865982],[79.385386,9.87486],[79.395915,9.882865],[79.405895,9.891536],[79.415281,9.900835],[79.422645,9.909046],[79.432117,9.921156],[79.439495,9.932092],[79.446136,9.943482],[79.452012,9.955279],[79.455492,9.963344],[79.460038,9.975704],[79.462612,9.984097],[79.464814,9.992593],[79.467055,10.003361],[79.468667,10.014178],[79.469832,10.027284],[79.470153,10.038275],[79.469846,10.049204],[79.468697,10.062311],[79.467451,10.070996],[79.464869,10.083901],[79.462677,10.092399],[79.460112,10.100795],[79.456442,10.110956],[79.477368,10.10946],[79.486827,10.1083],[79.514862,10.102991],[79.531828,10.100754],[79.544144,10.098356],[79.557307,10.09664],[79.567185,10.095926],[79.597993,10.091323],[79.641935,10.082518],[79.653859,10.080973],[79.664257,10.080175],[79.696612,10.075274],[79.704258,10.074408],[79.727289,10.072963],[79.742079,10.073324],[79.752639,10.072742],[79.787251,10.071817],[79.815856,10.07296],[79.855715,10.075392],[79.870617,10.077412],[79.881324,10.079578],[79.899726,10.083894],[79.915095,10.088336],[79.930163,10.093672],[79.94243,10.098704],[79.973979,10.114343],[79.98548,10.120917],[79.996523,10.128223],[80.00706,10.136228],[80.013782,10.141936],[80.023378,10.15103],[80.029433,10.15743],[80.037113,10.16642],[80.04344,10.174718],[80.050269,10.18479],[80.065753,10.209666],[80.073766,10.225306],[80.078856,10.237458],[80.084375,10.254124],[80.08754,10.266901],[80.090436,10.284204],[80.091602,10.29731],[80.091807,10.314848],[80.090467,10.332337],[80.087592,10.349643],[80.085586,10.358187],[80.082581,10.3686],[80.071873,10.8],[80.27529,10.8],[80.285026,10.397001],[80.289109,10.376554],[80.29225,10.354762],[80.2939,10.337295],[80.2949,10.313927],[80.294649,10.293461],[80.293074,10.270124],[80.290575,10.249807],[80.286337,10.226271]]]]}},{"type":"Feature","properties":{"layer":"eez_internal_waters","description":"Internal waters","sovereign":"India","otherSovereign":null,"name":"Indian Internal Waters","lineType":null,"mrgid":49544,"source":"Marine Regions Maritime Boundaries v12 (Flanders Marine Institute), CC-BY 4.0"},"geometry":{"type":"MultiPolygon","coordinates":[[[[77.553939,8.07693],[77.551236,8.076648],[77.55241,8.078228],[77.552981,8.080588],[77.552731,8.084113],[77.555025,8.085938],[77.558016,8.089258],[77.566126,8.09227],[77.565118,8.094204],[77.56529,8.099331],[77.563092,8.096883],[77.56013,8.095745],[77.55906,8.096625],[77.559417,8.107539],[77.557806,8.110914],[77.560078,8.116746],[77.559554,8.119156],[77.566299,8.12445],[77.571217,8.131282],[77.574335,8.132815],[77.576041,8.135573],[77.584581,8.1388],[77.589019,8.141835],[77.602418,8.145678],[77.610784,8.149309],[77.634868,8.155216],[77.640354,8.157487],[77.64664,8.158123],[77.650437,8.160097],[77.651763,8.158939],[77.657765,8.157974],[77.692601,8.162102],[77.695171,8.163225],[77.695312,8.162946],[77.702502,8.163303],[77.712132,8.165955],[77.716288,8.165586],[77.721282,8.167997],[77.723698,8.170613],[77.727593,8.17202],[77.731198,8.171912],[77.742044,8.175178],[77.746192,8.176926],[77.747852,8.179028],[77.754102,8.182631],[77.754625,8.183229],[77.754935,8.183945],[77.751978,8.185856],[77.755181,8.185644],[77.765644,8.193501],[77.775225,8.195836],[77.778055,8.197571],[77.781468,8.200727],[77.782598,8.202461],[77.784257,8.207457],[77.782506,8.215102],[77.783024,8.219443],[77.78215,8.220181],[77.783546,8.220027],[77.785151,8.223182],[77.799312,8.234341],[77.800173,8.241166],[77.803996,8.247703],[77.80464,8.247249],[77.803526,8.242547],[77.802184,8.241171],[77.803213,8.239972],[77.81365,8.246133],[77.81643,8.246153],[77.820136,8.248259],[77.847633,8.256485],[77.855517,8.259275],[77.860755,8.26184],[77.865139,8.264466],[77.868184,8.26465],[77.876346,8.267712],[77.884336,8.272562],[77.888731,8.27319],[77.900833,8.285421],[77.910053,8.289703],[77.916426,8.294019],[77.927967,8.297559],[77.93019,8.300602],[77.936046,8.304501],[77.953565,8.313879],[77.954652,8.31927],[77.956965,8.323202],[77.963848,8.329211],[77.967023,8.330546],[77.966965,8.331445],[77.975425,8.335334],[77.982316,8.341009],[77.999952,8.349042],[78.003213,8.349272],[78.008141,8.352216],[78.01067,8.350991],[78.023074,8.358809],[78.025567,8.358846],[78.046875,8.366071],[78.046875,8.36635],[78.054323,8.367681],[78.057761,8.36939],[78.064827,8.370174],[77.746667,8.175833],[77.556667,8.073333],[77.553939,8.07693]],[[77.553939,8.07693],[77.555601,8.076613],[77.556535,8.077488],[77.556039,8.078752],[77.553889,8.078556],[77.553445,8.078108],[77.553939,8.07693]]],[[[79.435439,9.207497],[79.526667,9.106667],[79.53,9.093333],[79.088333,9.19],[78.58,9.100833],[78.23,8.746667],[78.131667,8.495556],[78.07,8.373333],[78.067792,8.371985],[78.068216,8.373096],[78.067708,8.374261],[78.065894,8.375265],[78.061615,8.375261],[78.060735,8.375746],[78.056835,8.38006],[78.05326,8.378691],[78.049755,8.380608],[78.050252,8.381545],[78.055927,8.381279],[78.055124,8.383437],[78.057379,8.393432],[78.060072,8.398716],[78.065543,8.420092],[78.078476,8.4375],[78.08049,8.440996],[78.086015,8.447013],[78.088995,8.454108],[78.093071,8.456228],[78.098509,8.462751],[78.121681,8.4849],[78.130354,8.497082],[78.127833,8.499115],[78.125947,8.502645],[78.127224,8.506486],[78.123123,8.513356],[78.122522,8.5215],[78.125908,8.53998],[78.13262,8.557389],[78.133004,8.565055],[78.137942,8.582554],[78.138675,8.588991],[78.131453,8.603658],[78.128447,8.612944],[78.127288,8.623186],[78.127955,8.638312],[78.125062,8.636007],[78.1244,8.628811],[78.121111,8.622585],[78.126146,8.617993],[78.126074,8.615557],[78.123356,8.616462],[78.121099,8.612166],[78.123873,8.612939],[78.124409,8.609286],[78.123647,8.607852],[78.124863,8.605506],[78.118598,8.605653],[78.117015,8.604811],[78.117919,8.603111],[78.11712,8.601336],[78.122612,8.599293],[78.122591,8.598359],[78.118258,8.597303],[78.111932,8.599927],[78.11649,8.607275],[78.112924,8.610026],[78.112249,8.612038],[78.110976,8.61216],[78.109595,8.610366],[78.110343,8.607044],[78.105861,8.605675],[78.104787,8.604001],[78.1043,8.599642],[78.105958,8.594202],[78.103738,8.592926],[78.102364,8.595125],[78.102001,8.592688],[78.104599,8.590688],[78.106926,8.590941],[78.108919,8.589419],[78.110215,8.585634],[78.112921,8.585787],[78.118855,8.591209],[78.124112,8.592736],[78.123921,8.594961],[78.125446,8.596046],[78.123449,8.597294],[78.127823,8.59784],[78.126694,8.600307],[78.128852,8.60206],[78.128495,8.596273],[78.131438,8.596189],[78.131315,8.597994],[78.135676,8.594225],[78.135981,8.592559],[78.130501,8.593057],[78.122536,8.587721],[78.119339,8.588047],[78.115263,8.584909],[78.11462,8.579817],[78.111726,8.584366],[78.109637,8.584769],[78.108842,8.584785],[78.108393,8.584422],[78.109864,8.58153],[78.107788,8.579769],[78.100885,8.578745],[78.100099,8.578875],[78.09663,8.581308],[78.09741,8.58523],[78.094379,8.588309],[78.098027,8.591959],[78.095719,8.594483],[78.095215,8.597727],[78.10185,8.596746],[78.1027,8.600851],[78.09881,8.599113],[78.096689,8.60019],[78.097131,8.602533],[78.099326,8.604837],[78.101352,8.61171],[78.107206,8.613696],[78.101902,8.615024],[78.103796,8.616992],[78.102212,8.61707],[78.101361,8.619023],[78.101406,8.628451],[78.10175,8.630725],[78.106843,8.631068],[78.108325,8.633481],[78.108282,8.634123],[78.107164,8.635287],[78.104642,8.635288],[78.100924,8.638206],[78.100776,8.639463],[78.104261,8.641966],[78.110241,8.639576],[78.113382,8.643273],[78.112197,8.647945],[78.114053,8.650486],[78.113912,8.650841],[78.112448,8.651776],[78.111117,8.650405],[78.108223,8.650187],[78.105101,8.65141],[78.108178,8.655678],[78.111643,8.655458],[78.115554,8.657943],[78.118339,8.658012],[78.115675,8.660555],[78.116588,8.66113],[78.122635,8.662136],[78.123247,8.660409],[78.119751,8.660532],[78.119978,8.65881],[78.125314,8.659336],[78.12679,8.657988],[78.126104,8.654091],[78.124583,8.654036],[78.123947,8.657004],[78.121505,8.653804],[78.121665,8.65345],[78.127872,8.650846],[78.128635,8.657814],[78.130654,8.662506],[78.125881,8.660499],[78.126724,8.664185],[78.130931,8.663689],[78.132032,8.666484],[78.131876,8.671741],[78.135539,8.688418],[78.140579,8.698242],[78.15113,8.707589],[78.154531,8.711902],[78.155534,8.719977],[78.158111,8.728876],[78.162586,8.737025],[78.166559,8.741511],[78.172298,8.745763],[78.182784,8.749412],[78.191149,8.7478],[78.194286,8.752471],[78.216374,8.742522],[78.223365,8.745929],[78.222477,8.748329],[78.219956,8.74773],[78.220007,8.746765],[78.21764,8.74516],[78.215138,8.74521],[78.217604,8.748998],[78.217059,8.75059],[78.215068,8.751531],[78.213035,8.748111],[78.211565,8.747603],[78.20097,8.75205],[78.19957,8.753884],[78.201186,8.758315],[78.198186,8.763079],[78.2245,8.752379],[78.228096,8.748217],[78.230125,8.748446],[78.230305,8.749022],[78.223012,8.755822],[78.211864,8.758996],[78.199213,8.764366],[78.199724,8.783237],[78.19941,8.787815],[78.198816,8.788636],[78.197648,8.788726],[78.194682,8.787463],[78.192184,8.789062],[78.191717,8.788624],[78.194654,8.782193],[78.191247,8.778973],[78.194185,8.779764],[78.194667,8.771317],[78.196477,8.776357],[78.196859,8.776479],[78.198703,8.775274],[78.197493,8.772225],[78.195659,8.770216],[78.19461,8.770354],[78.194139,8.767177],[78.191142,8.765527],[78.190423,8.765405],[78.187011,8.766472],[78.187918,8.769493],[78.185018,8.76802],[78.183846,8.770896],[78.18239,8.770775],[78.181892,8.771226],[78.181611,8.771996],[78.186952,8.776467],[78.182058,8.773683],[78.180928,8.771329],[78.180984,8.767844],[78.179845,8.767487],[78.173495,8.768482],[78.163677,8.773668],[78.16016,8.769914],[78.159268,8.76974],[78.157794,8.771042],[78.157271,8.773141],[78.158812,8.776781],[78.160438,8.777194],[78.162482,8.775077],[78.159609,8.783056],[78.160608,8.786702],[78.161805,8.786302],[78.163483,8.782687],[78.163886,8.784425],[78.162276,8.789062],[78.161803,8.789062],[78.16099,8.791391],[78.162854,8.792835],[78.161272,8.793389],[78.160792,8.796443],[78.158772,8.796965],[78.158707,8.797635],[78.160386,8.801813],[78.15932,8.803412],[78.163745,8.802393],[78.161935,8.807046],[78.165424,8.810675],[78.163263,8.813002],[78.163867,8.819943],[78.168328,8.826904],[78.165543,8.831202],[78.164419,8.838527],[78.167138,8.84419],[78.166107,8.856603],[78.168435,8.85966],[78.16879,8.865862],[78.167524,8.872865],[78.168935,8.881729],[78.171434,8.886858],[78.175952,8.891279],[78.179997,8.892996],[78.179906,8.904665],[78.18602,8.922004],[78.196083,8.94051],[78.208493,8.954947],[78.206708,8.955474],[78.209334,8.959411],[78.214608,8.964844],[78.218985,8.969029],[78.236652,8.983627],[78.26675,9.002897],[78.266971,9.003194],[78.266355,9.004949],[78.268004,9.010003],[78.266637,9.015553],[78.265739,9.016935],[78.261342,9.016963],[78.261044,9.018685],[78.263853,9.019061],[78.268233,9.016019],[78.268471,9.012696],[78.271125,9.005651],[78.27157,9.005334],[78.27322,9.005715],[78.275804,9.007623],[78.281654,9.014012],[78.288488,9.015758],[78.288202,9.016989],[78.31126,9.032375],[78.314965,9.036771],[78.345141,9.057498],[78.35961,9.070312],[78.367629,9.077954],[78.362278,9.086782],[78.363194,9.089556],[78.365822,9.09219],[78.366367,9.092307],[78.366227,9.090777],[78.363617,9.087447],[78.370765,9.080957],[78.396525,9.101367],[78.40756,9.108053],[78.411063,9.111959],[78.417862,9.113251],[78.42608,9.117079],[78.442427,9.121878],[78.454841,9.124599],[78.457902,9.126362],[78.476254,9.127718],[78.480981,9.127101],[78.481895,9.127965],[78.481936,9.128763],[78.480363,9.129969],[78.482417,9.132823],[78.482033,9.13515],[78.486925,9.136439],[78.487922,9.138829],[78.48939,9.145723],[78.488389,9.148463],[78.489151,9.150194],[78.490249,9.148859],[78.490752,9.144382],[78.489096,9.133258],[78.486967,9.129007],[78.484401,9.128673],[78.484138,9.128006],[78.484457,9.127847],[78.489539,9.128478],[78.510709,9.135015],[78.521155,9.13635],[78.539228,9.13721],[78.554346,9.137193],[78.561687,9.136337],[78.57811,9.131208],[78.590456,9.140625],[78.59612,9.144032],[78.601198,9.146536],[78.614171,9.151929],[78.622482,9.15332],[78.623206,9.154217],[78.627577,9.153253],[78.635736,9.155383],[78.657034,9.157836],[78.657678,9.158229],[78.657569,9.159183],[78.650913,9.159425],[78.649079,9.164746],[78.643224,9.169783],[78.64247,9.173676],[78.642651,9.175483],[78.645202,9.181285],[78.649372,9.185511],[78.654246,9.188195],[78.657203,9.191679],[78.663664,9.195033],[78.666193,9.195007],[78.671276,9.198305],[78.676334,9.197562],[78.678438,9.196224],[78.695576,9.194167],[78.704681,9.190576],[78.718252,9.190072],[78.719965,9.196396],[78.717635,9.198153],[78.717987,9.200223],[78.722728,9.205049],[78.727518,9.2085],[78.735483,9.211558],[78.74089,9.211862],[78.745708,9.214082],[78.749859,9.215123],[78.756042,9.215734],[78.765757,9.220639],[78.772413,9.221856],[78.778802,9.225313],[78.78541,9.226313],[78.788934,9.228925],[78.793507,9.228722],[78.804169,9.235839],[78.811754,9.237369],[78.816267,9.236681],[78.82542,9.241321],[78.832308,9.243256],[78.832948,9.244334],[78.832618,9.246791],[78.832145,9.248196],[78.828922,9.253887],[78.828917,9.254501],[78.833895,9.265346],[78.832682,9.268888],[78.834707,9.266974],[78.834766,9.264434],[78.830327,9.254541],[78.834536,9.248244],[78.833694,9.245822],[78.834108,9.245087],[78.834532,9.245033],[78.84326,9.247967],[78.853369,9.248457],[78.859703,9.253039],[78.86949,9.253421],[78.873404,9.256412],[78.88035,9.256109],[78.906778,9.249647],[78.914009,9.253368],[78.915993,9.257423],[78.925685,9.265707],[78.955512,9.272335],[78.978854,9.273513],[78.981025,9.274842],[78.994156,9.272393],[78.998353,9.273338],[79.000847,9.271803],[79.033587,9.266991],[79.043569,9.264538],[79.048605,9.26445],[79.053942,9.26247],[79.062704,9.262277],[79.064158,9.26089],[79.065971,9.260677],[79.067872,9.2614],[79.093774,9.259795],[79.101562,9.262277],[79.107837,9.264874],[79.113748,9.26596],[79.12086,9.269184],[79.129743,9.271455],[79.141503,9.272313],[79.143751,9.274656],[79.148113,9.276419],[79.156292,9.276689],[79.16956,9.279546],[79.190621,9.281739],[79.205121,9.27938],[79.204462,9.277169],[79.20445,9.274713],[79.205803,9.272849],[79.206939,9.27306],[79.207106,9.274817],[79.213015,9.273209],[79.21877,9.270527],[79.221234,9.267145],[79.221039,9.26318],[79.218652,9.262185],[79.214619,9.256344],[79.214619,9.253979],[79.216246,9.252466],[79.216605,9.252506],[79.217459,9.255421],[79.224878,9.259136],[79.247681,9.259964],[79.254002,9.259284],[79.282565,9.253037],[79.298953,9.246436],[79.320493,9.236173],[79.321411,9.236584],[79.326676,9.232651],[79.343426,9.223853],[79.371876,9.20455],[79.42157,9.173967],[79.42303,9.171428],[79.426249,9.170298],[79.439608,9.158231],[79.431823,9.166738],[79.429489,9.167791],[79.425326,9.172885],[79.422914,9.174303],[79.421866,9.177401],[79.420101,9.177336],[79.41622,9.179782],[79.415008,9.183053],[79.416577,9.183569],[79.439893,9.161553],[79.429842,9.173727],[79.389363,9.208656],[79.376606,9.217178],[79.362078,9.230308],[79.339941,9.247768],[79.326021,9.26182],[79.317163,9.275123],[79.314869,9.281884],[79.316646,9.28522],[79.319523,9.286409],[79.321912,9.289891],[79.327898,9.294555],[79.327391,9.298638],[79.332547,9.303261],[79.334939,9.308648],[79.335204,9.310961],[79.334944,9.312251],[79.333339,9.31525],[79.336667,9.316667],[79.435439,9.207497]],[[79.091639,9.198798],[79.090934,9.200024],[79.089764,9.199741],[79.088097,9.194889],[79.086429,9.193721],[79.086817,9.1968],[79.083086,9.198411],[79.082161,9.200057],[79.081349,9.200465],[79.077117,9.199777],[79.072593,9.202192],[79.068812,9.205552],[79.070163,9.207405],[79.069234,9.208122],[79.066628,9.20746],[79.06038,9.202417],[79.058429,9.197095],[79.059542,9.196474],[79.060705,9.196604],[79.063923,9.199371],[79.0677,9.199747],[79.077839,9.196666],[79.085727,9.191739],[79.086594,9.191741],[79.08895,9.192841],[79.091601,9.195953],[79.091639,9.198798]],[[79.139547,9.212107],[79.142233,9.214593],[79.138935,9.213856],[79.138678,9.213377],[79.139547,9.212107]],[[79.130278,9.212963],[79.135785,9.214878],[79.136106,9.215229],[79.134769,9.216518],[79.124617,9.217942],[79.124397,9.216403],[79.121125,9.216049],[79.130278,9.212963]],[[79.201473,9.234124],[79.201309,9.240292],[79.198355,9.233604],[79.194114,9.237216],[79.190489,9.237561],[79.189463,9.240423],[79.182803,9.241927],[79.182644,9.243322],[79.18206,9.243887],[79.180814,9.243939],[79.180854,9.244626],[79.182179,9.246113],[79.184436,9.246192],[79.184645,9.24666],[79.184269,9.248546],[79.182748,9.248953],[79.18025,9.247945],[79.179349,9.246092],[79.17878,9.243932],[79.178916,9.243149],[79.182046,9.239324],[79.197726,9.232622],[79.199296,9.232394],[79.201473,9.234124]],[[79.208008,9.247476],[79.206237,9.246046],[79.203665,9.246077],[79.20101,9.241144],[79.204561,9.241739],[79.212263,9.245749],[79.222085,9.246945],[79.222453,9.247634],[79.218986,9.250837],[79.20825,9.249268],[79.207908,9.24912],[79.208008,9.247476]],[[79.233585,9.24124],[79.234744,9.239527],[79.235192,9.239435],[79.239457,9.241141],[79.23835,9.244005],[79.234523,9.243307],[79.231684,9.244497],[79.231354,9.243815],[79.233585,9.24124]],[[78.966977,9.185336],[78.967675,9.183916],[78.970837,9.185848],[78.966958,9.189199],[78.96544,9.188443],[78.966977,9.185336]],[[78.939672,9.183441],[78.941042,9.18524],[78.934876,9.183343],[78.920634,9.183843],[78.910069,9.181157],[78.905183,9.183231],[78.899034,9.179098],[78.90222,9.177788],[78.906722,9.180332],[78.910987,9.18015],[78.91921,9.182448],[78.931214,9.181432],[78.93467,9.182847],[78.938445,9.182521],[78.939672,9.183441]],[[78.81494,9.158194],[78.82005,9.157863],[78.820843,9.160599],[78.822422,9.161425],[78.822312,9.163368],[78.8287,9.165833],[78.828104,9.171223],[78.825192,9.166244],[78.821182,9.164034],[78.818694,9.16062],[78.81494,9.158194]],[[78.730105,9.156296],[78.729203,9.152184],[78.730385,9.151377],[78.731493,9.151263],[78.731869,9.151741],[78.732041,9.155354],[78.730105,9.156296]],[[78.696278,9.15477],[78.694992,9.155249],[78.692986,9.151604],[78.696124,9.151047],[78.696278,9.15477]],[[78.487893,9.134348],[78.48779,9.134747],[78.485484,9.133731],[78.485066,9.13327],[78.484715,9.131134],[78.486248,9.130711],[78.48671,9.131088],[78.487893,9.134348]],[[78.575462,9.107321],[78.571916,9.104517],[78.57191,9.10234],[78.573151,9.102271],[78.580091,9.103673],[78.586339,9.109558],[78.584347,9.111298],[78.580214,9.112094],[78.578274,9.111584],[78.577008,9.110686],[78.575462,9.107321]],[[78.538029,9.102978],[78.539101,9.105911],[78.534966,9.102875],[78.534937,9.102483],[78.536433,9.102296],[78.538029,9.102978]],[[78.488108,9.090145],[78.493196,9.085765],[78.493577,9.085958],[78.495176,9.090591],[78.49125,9.093268],[78.488108,9.090145]],[[78.252065,8.953165],[78.254537,8.952893],[78.255385,8.95533],[78.252498,8.957864],[78.251318,8.957729],[78.252065,8.953165]],[[78.223108,8.872488],[78.226885,8.867197],[78.22748,8.868744],[78.226413,8.872029],[78.224718,8.87356],[78.224211,8.873642],[78.223108,8.872488]],[[78.209252,8.837195],[78.210261,8.835547],[78.211403,8.835548],[78.212784,8.836599],[78.212169,8.838602],[78.208016,8.840997],[78.209252,8.837195]],[[78.120378,8.651296],[78.116994,8.656601],[78.116643,8.654758],[78.117819,8.650203],[78.1188,8.649453],[78.118824,8.64603],[78.116957,8.644656],[78.117304,8.642165],[78.117461,8.641845],[78.118695,8.642108],[78.120291,8.644375],[78.122253,8.644234],[78.119996,8.641387],[78.123294,8.640723],[78.12252,8.63909],[78.124302,8.638297],[78.125428,8.639001],[78.124231,8.641316],[78.125421,8.642052],[78.124644,8.649574],[78.120378,8.651296]],[[78.126526,8.647123],[78.126334,8.643207],[78.127725,8.643368],[78.127501,8.647515],[78.126526,8.647123]],[[78.11448,8.629922],[78.115567,8.62565],[78.11997,8.62684],[78.11843,8.622614],[78.117019,8.621525],[78.118253,8.617412],[78.119478,8.619228],[78.12024,8.624836],[78.122983,8.629317],[78.122622,8.633872],[78.121398,8.633668],[78.121134,8.632361],[78.120868,8.630141],[78.121923,8.629658],[78.119741,8.628487],[78.121904,8.627797],[78.116239,8.627534],[78.115824,8.63131],[78.118122,8.631112],[78.122424,8.635526],[78.122221,8.636229],[78.119541,8.637904],[78.113322,8.634736],[78.111241,8.631681],[78.11448,8.629922]],[[78.120809,8.617784],[78.120274,8.617336],[78.119263,8.615212],[78.120334,8.615546],[78.121465,8.617049],[78.121619,8.617585],[78.120809,8.617784]],[[78.115368,8.616397],[78.110502,8.616406],[78.110064,8.614817],[78.114372,8.614333],[78.11572,8.613281],[78.115223,8.610692],[78.117539,8.610117],[78.120663,8.614073],[78.118858,8.614982],[78.116979,8.614356],[78.115368,8.616397]],[[78.127895,8.595962],[78.127358,8.596328],[78.125852,8.594958],[78.126866,8.595186],[78.127895,8.595962]]],[[[79.888889,10.308333],[79.878333,10.291667],[79.876469,10.293991],[79.879223,10.296456],[79.882977,10.302354],[79.884043,10.305943],[79.884043,10.313756],[79.881893,10.322325],[79.888889,10.308333]]],[[[79.868454,10.8],[79.88048,10.327956],[79.876553,10.343609],[79.871344,10.370241],[79.865693,10.421456],[79.863225,10.465048],[79.863601,10.477871],[79.861547,10.500368],[79.862543,10.502564],[79.861298,10.504302],[79.860586,10.540318],[79.855529,10.600562],[79.856046,10.608678],[79.853277,10.6541],[79.853688,10.687897],[79.853208,10.712472],[79.850476,10.75364],[79.850727,10.762166],[79.851819,10.76501],[79.850763,10.783641],[79.851029,10.8],[79.868454,10.8]]]]}}]}
