{"type":"FeatureCollection","metadata":{"source":"(c) OpenStreetMap contributors, ODbL 1.0","region":{"south":7.5,"north":10.8,"west":77.5,"east":80.6},"generated":"2026-10-06","simplifiedToleranceM":10.0,"notForNavigation":true,"title":"Protected areas","extendsOverWater":"true when any boundary vertex lies on an ETOPO water cell"},"features":[{"type":"Feature","properties":{"osmId":"way/165070558","name":"Vaduvoor WLS","nameLocal":null,"nameTa":null,"source":"(c) OpenStreetMap contributors, ODbL 1.0","protectClass":"4","designation":"protected_area","extendsOverWater":false},"geometry":{"type":"Polygon","coordinates":[[[79.315274,10.69673],[79.31747,10.697275],[79.321715,10.697841],[79.32263,10.69851],[79.323425,10.698381],[79.324116,10.698455],[79.323654,10.700595],[79.320412,10.704418],[79.318183,10.706329],[79.315144,10.701153],[79.315874,10.699122],[79.315063,10.697768],[79.315274,10.69673]]]}},{"type":"Feature","properties":{"osmId":"way/314613662","name":"Lunuwila Coconut Research Institute.","nameLocal":null,"nameTa":null,"source":"(c) OpenStreetMap contributors, ODbL 1.0","protectClass":null,"designation":"protected_area","extendsOverWater":false},"geometry":{"type":"Polygon","coordinates":[[[79.882928,7.683896],[79.895002,7.683625],[79.895077,7.681077],[79.896075,7.681095],[79.903221,7.686666],[79.903392,7.692876],[79.903521,7.69345],[79.902341,7.693705],[79.900731,7.704571],[79.881876,7.701446],[79.879877,7.699258],[79.882928,7.683896]]]}},{"type":"Feature","properties":{"osmId":"way/519016201","name":"Pallekele Reserved Forest","nameLocal":null,"nameTa":null,"source":"(c) OpenStreetMap contributors, ODbL 1.0","protectClass":null,"designation":"protected_area","extendsOverWater":false},"geometry":{"type":"Polygon","coordinates":[[[80.488422,7.773733],[80.487522,7.774669],[80.486146,7.77397],[80.48584,7.774879],[80.485539,7.775155],[80.485062,7.774879],[80.485212,7.774337],[80.484826,7.773879],[80.483791,7.773476],[80.483512,7.773539],[80.482927,7.774124],[80.482959,7.774969],[80.482176,7.774889],[80.480229,7.776803],[80.480137,7.777228],[80.480288,7.777478],[80.481775,7.778098],[80.482619,7.77772],[80.483547,7.77651],[80.483772,7.776428],[80.484105,7.776845],[80.484585,7.776285],[80.484982,7.776298],[80.485547,7.776978],[80.485821,7.777071],[80.486054,7.77651],[80.486602,7.776122],[80.48706,7.77553],[80.487613,7.775663],[80.487524,7.775155],[80.487953,7.77464],[80.488179,7.774709],[80.488308,7.775474],[80.488468,7.775612],[80.490957,7.776999],[80.492191,7.777308],[80.492535,7.778158],[80.495721,7.778254],[80.495839,7.77836],[80.495796,7.779742],[80.49526,7.78055],[80.493833,7.780975],[80.493607,7.781156],[80.493511,7.78156],[80.493801,7.782442],[80.493747,7.782772],[80.489938,7.787534],[80.489842,7.787821],[80.489026,7.793242],[80.489091,7.79354],[80.490314,7.795134],[80.490314,7.795411],[80.490131,7.795676],[80.489466,7.795921],[80.488222,7.795612],[80.48805,7.795729],[80.487878,7.796548],[80.486859,7.796952],[80.485808,7.800119],[80.485947,7.800449],[80.487192,7.801395],[80.490056,7.800757],[80.491172,7.79894],[80.491515,7.79894],[80.492073,7.799322],[80.49217,7.799588],[80.491789,7.801815],[80.492079,7.802299],[80.493817,7.803122],[80.493903,7.803271],[80.493892,7.805365],[80.494444,7.808378],[80.495474,7.811009],[80.49526,7.811812],[80.494165,7.813151],[80.492363,7.81381],[80.491827,7.81431],[80.490786,7.814161],[80.48982,7.814469],[80.488919,7.815319],[80.488114,7.815319],[80.488039,7.816117],[80.489552,7.81634],[80.489284,7.819901],[80.48835,7.819922],[80.487492,7.821878],[80.486162,7.821676],[80.48452,7.821038],[80.483823,7.822143],[80.483748,7.823164],[80.48481,7.823057],[80.485389,7.823631],[80.484681,7.825226],[80.48526,7.827926],[80.484767,7.828457],[80.482793,7.826778],[80.480754,7.826012],[80.479467,7.827181],[80.475712,7.834048],[80.476892,7.835621],[80.476098,7.836088],[80.474124,7.835599],[80.47245,7.83662],[80.473137,7.839064],[80.47157,7.840701],[80.470519,7.844506],[80.46979,7.844952],[80.468996,7.8444],[80.468223,7.84576],[80.466914,7.845718],[80.466528,7.844889],[80.465369,7.844931],[80.46464,7.846037],[80.464811,7.846972],[80.463781,7.846738],[80.462923,7.847673],[80.461679,7.847227],[80.461185,7.846526],[80.461507,7.845229],[80.46067,7.843911],[80.461185,7.843252],[80.45979,7.839043],[80.458031,7.83848],[80.457945,7.838873],[80.45729,7.838575],[80.456593,7.838947],[80.455788,7.838724],[80.455542,7.837885],[80.454254,7.83832],[80.453632,7.836492],[80.45272,7.836992],[80.451647,7.838565],[80.452108,7.839404],[80.451947,7.839819],[80.450789,7.839755],[80.45036,7.840361],[80.451068,7.840946],[80.451057,7.841998],[80.450424,7.842476],[80.449458,7.845186],[80.45005,7.847558],[80.451239,7.8483],[80.452044,7.849098],[80.453331,7.84965],[80.454855,7.850628],[80.456014,7.849565],[80.457816,7.850182],[80.459897,7.850054],[80.461177,7.849528],[80.461335,7.850564],[80.463738,7.852435],[80.465541,7.851712],[80.465391,7.849523],[80.467021,7.849013],[80.468051,7.850139],[80.466828,7.852945],[80.465412,7.854964],[80.466099,7.856559],[80.467579,7.857536],[80.469661,7.856112],[80.469983,7.857834],[80.468566,7.858833],[80.468373,7.859875],[80.465562,7.860619],[80.464854,7.858599],[80.463781,7.857983],[80.459962,7.858663],[80.458438,7.85573],[80.455627,7.855326],[80.454168,7.852796],[80.452237,7.851585],[80.449791,7.851011],[80.448418,7.851096],[80.448517,7.850709],[80.447613,7.850383],[80.446744,7.851585],[80.445903,7.851217],[80.445575,7.851257],[80.445684,7.852663],[80.444982,7.853037],[80.444276,7.852137],[80.442789,7.852159],[80.442988,7.85328],[80.442272,7.85386],[80.442223,7.85432],[80.442538,7.855326],[80.442032,7.858502],[80.441487,7.860023],[80.440779,7.861022],[80.439899,7.861575],[80.438311,7.863424],[80.439641,7.865848],[80.438633,7.867208],[80.437088,7.865848],[80.435682,7.865622],[80.435447,7.865486],[80.435153,7.864898],[80.434843,7.865025],[80.43344,7.864508],[80.432548,7.867159],[80.43271,7.867458],[80.433438,7.868012],[80.436101,7.869695],[80.437089,7.867793],[80.437914,7.868027],[80.438422,7.869171],[80.439255,7.869801],[80.442007,7.870219],[80.442116,7.870705],[80.442869,7.870724],[80.443586,7.870336],[80.444602,7.8703],[80.44477,7.87063],[80.444569,7.871225],[80.444697,7.871609],[80.445226,7.87211],[80.446219,7.872392],[80.446897,7.873174],[80.447146,7.873245],[80.446976,7.873488],[80.446384,7.873714],[80.446382,7.874142],[80.444838,7.874806],[80.444226,7.875247],[80.443607,7.875261],[80.442763,7.875677],[80.442097,7.875659],[80.441844,7.876142],[80.440743,7.877089],[80.439664,7.876052],[80.439361,7.876027],[80.438192,7.876799],[80.437902,7.877565],[80.438993,7.878263],[80.437788,7.878902],[80.437474,7.881151],[80.43771,7.883851],[80.43741,7.885402],[80.437474,7.886359],[80.438054,7.888081],[80.438719,7.889207],[80.438295,7.89032],[80.438272,7.891846],[80.43859,7.893146],[80.442448,7.896021],[80.442966,7.896671],[80.442022,7.897216],[80.441989,7.898149],[80.442851,7.89802],[80.445168,7.897271],[80.445829,7.89767],[80.445156,7.89858],[80.44545,7.899313],[80.444739,7.900137],[80.444709,7.900507],[80.445094,7.900832],[80.445714,7.90062],[80.446444,7.901322],[80.445689,7.902434],[80.446057,7.904999],[80.441936,7.903383],[80.441946,7.905077],[80.443783,7.906168],[80.44439,7.906168],[80.44742,7.906794],[80.447999,7.907497],[80.448461,7.908463],[80.449619,7.908995],[80.450113,7.907847],[80.452559,7.909632],[80.454168,7.908336],[80.456378,7.906912],[80.457644,7.908846],[80.458267,7.908336],[80.458996,7.911162],[80.456443,7.910695],[80.456421,7.911949],[80.45198,7.91095],[80.448053,7.913224],[80.449362,7.916943],[80.448418,7.918388],[80.448568,7.920301],[80.446744,7.921088],[80.449233,7.923128],[80.447645,7.923872],[80.449533,7.924573],[80.449254,7.925381],[80.449469,7.92655],[80.448139,7.927336],[80.448632,7.929164],[80.448375,7.930311],[80.448439,7.931438],[80.449233,7.934094],[80.451851,7.932309],[80.454533,7.931034],[80.454748,7.93267],[80.453696,7.93352],[80.453868,7.935412],[80.453675,7.935922],[80.455799,7.937516],[80.457473,7.937516],[80.45979,7.939471],[80.460413,7.940406],[80.460691,7.941915],[80.461367,7.943211],[80.461679,7.942329],[80.462333,7.941862],[80.463256,7.942776],[80.468835,7.937176],[80.468298,7.935635],[80.466946,7.934392],[80.467558,7.933648],[80.46818,7.933903],[80.46891,7.932883],[80.468459,7.931756],[80.46906,7.930885],[80.469403,7.930906],[80.469446,7.929249],[80.468983,7.928495],[80.468982,7.927454],[80.468704,7.927176],[80.467723,7.927788],[80.465434,7.927501],[80.464103,7.927059],[80.463967,7.925764],[80.464334,7.924742],[80.465799,7.925513],[80.466921,7.92533],[80.467769,7.925699],[80.468738,7.924934],[80.469146,7.924871],[80.46941,7.925073],[80.470768,7.925229],[80.471336,7.926203],[80.472212,7.925652],[80.471658,7.924265],[80.473572,7.923973],[80.473594,7.92268],[80.474577,7.922315],[80.474298,7.921465],[80.474639,7.920676],[80.476594,7.918875],[80.476298,7.917113],[80.477649,7.915746],[80.477755,7.915276],[80.478501,7.913819],[80.48004,7.913665],[80.480173,7.912706],[80.478869,7.912094],[80.479441,7.908058],[80.478789,7.907885],[80.47752,7.907202],[80.47711,7.905272],[80.476878,7.904881],[80.476784,7.903719],[80.477099,7.903609],[80.476814,7.90349],[80.476722,7.902913],[80.477054,7.90267],[80.477002,7.901939],[80.476847,7.901413],[80.47657,7.901222],[80.476336,7.901313],[80.475867,7.901014],[80.4757,7.900161],[80.476122,7.900029],[80.476032,7.899689],[80.476145,7.899502],[80.476407,7.899524],[80.476712,7.899052],[80.476521,7.898962],[80.476879,7.898192],[80.477064,7.896952],[80.477481,7.896538],[80.477948,7.896615],[80.478079,7.895673],[80.478826,7.896102],[80.479257,7.895472],[80.478807,7.894969],[80.477472,7.894851],[80.47793,7.893853],[80.47758,7.892912],[80.477969,7.891807],[80.478521,7.891189],[80.479578,7.890497],[80.479657,7.889831],[80.479924,7.889617],[80.48092,7.890902],[80.482084,7.890773],[80.482879,7.890926],[80.483313,7.889876],[80.483222,7.888815],[80.483337,7.88835],[80.48406,7.887082],[80.483784,7.886432],[80.483915,7.885477],[80.484193,7.885092],[80.484013,7.884868],[80.484125,7.884512],[80.485582,7.884488],[80.486938,7.884769],[80.48674,7.884212],[80.486913,7.884085],[80.485003,7.883468],[80.487728,7.880918],[80.488715,7.879727],[80.487782,7.876146],[80.488264,7.875784],[80.48746,7.875094],[80.486945,7.874414],[80.486741,7.873287],[80.486591,7.870418],[80.487471,7.868441],[80.488372,7.86893],[80.488855,7.869535],[80.488694,7.870173],[80.488426,7.870502],[80.489359,7.87182],[80.49055,7.871874],[80.490056,7.872872],[80.490099,7.874169],[80.490443,7.874233],[80.490818,7.873701],[80.49114,7.873648],[80.491408,7.872267],[80.492438,7.872235],[80.492696,7.872904],[80.491966,7.873021],[80.49188,7.874073],[80.493007,7.875583],[80.494798,7.874414],[80.494831,7.872511],[80.495517,7.872394],[80.495592,7.870991],[80.496236,7.871757],[80.498114,7.871214],[80.498596,7.870641],[80.50027,7.870077],[80.501364,7.86945],[80.501697,7.871034],[80.501504,7.87401],[80.502191,7.874637],[80.502834,7.874222],[80.503188,7.875211],[80.502963,7.876114],[80.503414,7.876762],[80.5041,7.876613],[80.50409,7.877464],[80.504519,7.87774],[80.505098,7.877304],[80.50527,7.877432],[80.50498,7.878378],[80.505238,7.879302],[80.506257,7.879579],[80.506793,7.879993],[80.507244,7.880609],[80.508134,7.881183],[80.508843,7.881385],[80.509647,7.880306],[80.509958,7.879323],[80.510784,7.877761],[80.510248,7.87689],[80.511407,7.873648],[80.51308,7.87384],[80.513917,7.872554],[80.51616,7.872968],[80.517039,7.870598],[80.517232,7.868611],[80.514893,7.866889],[80.514893,7.861979],[80.515687,7.861639],[80.516288,7.859981],[80.519228,7.86234],[80.521009,7.861299],[80.521095,7.855113],[80.519722,7.852945],[80.517704,7.852137],[80.517104,7.85303],[80.516331,7.852945],[80.516202,7.851797],[80.515151,7.851372],[80.514786,7.851563],[80.514185,7.850394],[80.515108,7.849842],[80.514572,7.8488],[80.511289,7.845633],[80.508199,7.847142],[80.507769,7.845186],[80.506911,7.835706],[80.508842,7.827479],[80.510559,7.826076],[80.511117,7.824418],[80.507469,7.821591],[80.507147,7.818211],[80.507533,7.813959],[80.509422,7.81381],[80.510859,7.815723],[80.512984,7.817637],[80.513756,7.817211],[80.513885,7.814235],[80.512641,7.811599],[80.508928,7.812003],[80.506718,7.811621],[80.504272,7.812407],[80.502791,7.810898],[80.502062,7.807709],[80.501204,7.802171],[80.501488,7.801783],[80.503256,7.801653],[80.503535,7.801323],[80.503589,7.800813],[80.503031,7.800856],[80.503814,7.797582],[80.505853,7.801579],[80.506042,7.801655],[80.50615,7.802798],[80.506557,7.80452],[80.506718,7.804552],[80.508295,7.803117],[80.508574,7.802532],[80.508338,7.801671],[80.507448,7.800864],[80.507051,7.800151],[80.506793,7.798217],[80.507609,7.797196],[80.507501,7.793263],[80.50469,7.792073],[80.503006,7.792254],[80.502577,7.792062],[80.502373,7.791796],[80.501783,7.789288],[80.501794,7.788958],[80.504197,7.785769],[80.505527,7.780996],[80.505581,7.779264],[80.506107,7.778594],[80.505195,7.772513],[80.505377,7.76807],[80.503092,7.759364],[80.50248,7.758279],[80.502491,7.75778],[80.503167,7.75661],[80.503167,7.756398],[80.502974,7.756057],[80.500678,7.755005],[80.500066,7.75324],[80.497813,7.754899],[80.497051,7.757036],[80.495807,7.758045],[80.495807,7.758428],[80.497448,7.760958],[80.497448,7.761182],[80.496815,7.762096],[80.496451,7.762032],[80.495646,7.761447],[80.495399,7.761447],[80.494165,7.762649],[80.493854,7.762702],[80.493393,7.762308],[80.493232,7.761139],[80.493275,7.760852],[80.494037,7.759608],[80.493017,7.758811],[80.492771,7.757269],[80.491687,7.756153],[80.49143,7.755122],[80.491537,7.75492],[80.493146,7.754197],[80.493286,7.754016],[80.493135,7.75289],[80.492599,7.75223],[80.49217,7.752592],[80.491902,7.752592],[80.490314,7.751423],[80.490164,7.751518],[80.489552,7.753145],[80.488737,7.753124],[80.488114,7.754006],[80.487932,7.753995],[80.48658,7.75121],[80.486258,7.750902],[80.485894,7.750731],[80.485486,7.750785],[80.484198,7.751837],[80.484348,7.752964],[80.484241,7.753113],[80.483522,7.75323],[80.48304,7.754941],[80.481816,7.756015],[80.481816,7.756164],[80.483404,7.757248],[80.483458,7.757907],[80.482975,7.758407],[80.483007,7.75862],[80.483876,7.760055],[80.483866,7.760288],[80.483726,7.760395],[80.482718,7.760342],[80.480872,7.757461],[80.480626,7.757471],[80.479349,7.759013],[80.47936,7.759236],[80.481763,7.762574],[80.482138,7.762606],[80.483404,7.761968],[80.483565,7.762064],[80.484456,7.763818],[80.484445,7.763967],[80.483362,7.764679],[80.483458,7.765487],[80.481892,7.767252],[80.481441,7.767283],[80.480733,7.768293],[80.479864,7.771025],[80.479349,7.774889],[80.479558,7.775272],[80.479923,7.775219],[80.484338,7.76942],[80.484563,7.769388],[80.484853,7.769431],[80.488318,7.772609],[80.488422,7.773733]]]}},{"type":"Feature","properties":{"osmId":"way/531627418","name":null,"nameLocal":null,"nameTa":null,"source":"(c) OpenStreetMap contributors, ODbL 1.0","protectClass":null,"designation":"protected_area","extendsOverWater":false},"geometry":{"type":"Polygon","coordinates":[[[80.387563,8.329224],[80.387053,8.329358],[80.388722,8.333693],[80.3891,8.33519],[80.389471,8.335185],[80.389329,8.333519],[80.387563,8.329224]]]}},{"type":"Feature","properties":{"osmId":"way/531627419","name":"Ranmasu Uyana","nameLocal":null,"nameTa":null,"source":"(c) OpenStreetMap contributors, ODbL 1.0","protectClass":null,"designation":"nature_reserve","extendsOverWater":false},"geometry":{"type":"Polygon","coordinates":[[[80.389841,8.335868],[80.389802,8.33515],[80.3891,8.33519],[80.389461,8.338026],[80.389355,8.339489],[80.387693,8.3405],[80.388455,8.340409],[80.388585,8.340819],[80.389927,8.340623],[80.390031,8.339957],[80.390745,8.340231],[80.39079,8.340111],[80.390785,8.338803],[80.390841,8.338532],[80.39115,8.338259],[80.390806,8.337001],[80.390951,8.336123],[80.390624,8.335909],[80.389841,8.335868]]]}},{"type":"Feature","properties":{"osmId":"way/544945926","name":null,"nameLocal":null,"nameTa":null,"source":"(c) OpenStreetMap contributors, ODbL 1.0","protectClass":null,"designation":"canal reservation","extendsOverWater":false},"geometry":{"type":"Polygon","coordinates":[[[80.406116,8.341941],[80.408925,8.342337],[80.409656,8.342136],[80.410737,8.341485],[80.411462,8.34135],[80.411761,8.341112],[80.412212,8.339295],[80.412514,8.33871],[80.413981,8.336631],[80.416053,8.33546],[80.418086,8.334969],[80.418105,8.335285],[80.415978,8.335797],[80.415075,8.33619],[80.414034,8.336867],[80.412707,8.338621],[80.411906,8.341116],[80.411704,8.341399],[80.410723,8.341631],[80.409158,8.342463],[80.406216,8.342071],[80.406116,8.341941]]]}},{"type":"Feature","properties":{"osmId":"way/544947473","name":null,"nameLocal":null,"nameTa":null,"source":"(c) OpenStreetMap contributors, ODbL 1.0","protectClass":null,"designation":"canel reservation","extendsOverWater":false},"geometry":{"type":"Polygon","coordinates":[[[80.398907,8.332187],[80.399207,8.33215],[80.39954,8.332574],[80.400936,8.333316],[80.402382,8.334627],[80.404317,8.335736],[80.404519,8.336054],[80.40469,8.336919],[80.404853,8.338829],[80.405419,8.340324],[80.405918,8.340937],[80.406304,8.341958],[80.407523,8.342919],[80.407702,8.343239],[80.407332,8.345124],[80.407694,8.345455],[80.40862,8.345859],[80.409953,8.348277],[80.4102,8.349727],[80.410031,8.350691],[80.408013,8.353513],[80.407678,8.353372],[80.40986,8.350623],[80.409908,8.349462],[80.409617,8.348134],[80.408681,8.346382],[80.408327,8.345995],[80.406886,8.345249],[80.407299,8.343986],[80.407203,8.343235],[80.407007,8.342855],[80.406345,8.342452],[80.405906,8.341958],[80.404558,8.341964],[80.403995,8.342181],[80.403895,8.341965],[80.403464,8.341943],[80.403469,8.339251],[80.404537,8.339278],[80.404392,8.337659],[80.403889,8.336214],[80.4019,8.334684],[80.400548,8.333254],[80.399204,8.332585],[80.398907,8.332187]]]}},{"type":"Feature","properties":{"osmId":"way/549266622","name":null,"nameLocal":null,"nameTa":null,"source":"(c) OpenStreetMap contributors, ODbL 1.0","protectClass":null,"designation":"reservation","extendsOverWater":false},"geometry":{"type":"Polygon","coordinates":[[[80.416569,8.335151],[80.417154,8.333795],[80.418736,8.332423],[80.419367,8.331693],[80.421019,8.331717],[80.421518,8.331282],[80.421429,8.330844],[80.420861,8.330271],[80.418972,8.32957],[80.418626,8.327874],[80.419259,8.325372],[80.419066,8.323524],[80.418551,8.322795],[80.419166,8.322773],[80.419723,8.322197],[80.419935,8.32229],[80.420056,8.322197],[80.42085,8.320305],[80.421035,8.319419],[80.421263,8.319339],[80.421775,8.319512],[80.422475,8.31991],[80.423648,8.321364],[80.424176,8.321624],[80.424506,8.321534],[80.424441,8.3212],[80.425029,8.321024],[80.425069,8.32064],[80.426863,8.320353],[80.427231,8.32048],[80.427244,8.321998],[80.426853,8.323081],[80.427606,8.323519],[80.427778,8.323984],[80.428591,8.324366],[80.429162,8.323769],[80.429846,8.323753],[80.429959,8.323424],[80.429755,8.322741],[80.430192,8.32185],[80.430565,8.321757],[80.431053,8.321231],[80.431498,8.321247],[80.431766,8.32108],[80.432434,8.319549],[80.434406,8.316966],[80.434744,8.315815],[80.434722,8.315141],[80.43414,8.313925],[80.434194,8.313699],[80.434985,8.313426],[80.435023,8.312662],[80.43517,8.312696],[80.43509,8.314247],[80.435649,8.318946],[80.433703,8.320136],[80.432936,8.320924],[80.432322,8.321852],[80.431396,8.322484],[80.43107,8.322833],[80.429941,8.325018],[80.428969,8.325569],[80.427779,8.324847],[80.427322,8.324777],[80.426488,8.325589],[80.425738,8.326965],[80.425469,8.327192],[80.425099,8.32709],[80.424967,8.326409],[80.425204,8.324634],[80.426549,8.32238],[80.4264,8.32111],[80.425457,8.321283],[80.424074,8.321872],[80.422587,8.321585],[80.421874,8.320558],[80.421319,8.320234],[80.420769,8.320874],[80.420798,8.322065],[80.419769,8.32254],[80.419527,8.323783],[80.419931,8.325313],[80.419296,8.327542],[80.419472,8.32777],[80.420003,8.327939],[80.420068,8.328421],[80.420322,8.328639],[80.420152,8.328933],[80.420257,8.329167],[80.420792,8.329339],[80.421778,8.330678],[80.422204,8.331309],[80.422466,8.332351],[80.422337,8.33263],[80.421963,8.332703],[80.421121,8.332579],[80.420523,8.332041],[80.419702,8.33228],[80.418723,8.33409],[80.418086,8.334969],[80.416534,8.335295],[80.416569,8.335151]]]}},{"type":"Feature","properties":{"osmId":"way/549266632","name":null,"nameLocal":null,"nameTa":null,"source":"(c) OpenStreetMap contributors, ODbL 1.0","protectClass":null,"designation":"reservation","extendsOverWater":false},"geometry":{"type":"Polygon","coordinates":[[[80.416479,8.33563],[80.418105,8.335285],[80.418339,8.335662],[80.418893,8.33579],[80.419475,8.335699],[80.419873,8.335865],[80.42041,8.336462],[80.420434,8.337125],[80.420063,8.337691],[80.419539,8.337948],[80.417958,8.336804],[80.417405,8.336751],[80.417027,8.337008],[80.416583,8.337753],[80.416195,8.337986],[80.416026,8.33636],[80.416479,8.33563]]]}},{"type":"Feature","properties":{"osmId":"way/550817807","name":null,"nameLocal":null,"nameTa":null,"source":"(c) OpenStreetMap contributors, ODbL 1.0","protectClass":null,"designation":"protected_area","extendsOverWater":false},"geometry":{"type":"Polygon","coordinates":[[[80.427752,8.379961],[80.427008,8.377449],[80.426874,8.377254],[80.426592,8.377324],[80.426488,8.37606],[80.426335,8.37597],[80.426391,8.375485],[80.426238,8.375379],[80.426289,8.374875],[80.424726,8.370069],[80.424714,8.369593],[80.424828,8.369479],[80.426597,8.369427],[80.427891,8.369654],[80.428282,8.369575],[80.428333,8.369716],[80.42946,8.369894],[80.429583,8.369945],[80.429945,8.371046],[80.428797,8.370107],[80.428276,8.370014],[80.4277,8.370192],[80.427468,8.36993],[80.427025,8.370427],[80.42542,8.370048],[80.425168,8.370416],[80.427985,8.379937],[80.427752,8.379961]]]}},{"type":"Feature","properties":{"osmId":"way/550996891","name":null,"nameLocal":null,"nameTa":null,"source":"(c) OpenStreetMap contributors, ODbL 1.0","protectClass":null,"designation":"protected_area","extendsOverWater":false},"geometry":{"type":"Polygon","coordinates":[[[80.444145,8.328432],[80.44326,8.328394],[80.443013,8.327763],[80.442726,8.327569],[80.440752,8.328028],[80.439961,8.328418],[80.439813,8.328766],[80.439877,8.330196],[80.439757,8.330828],[80.439215,8.331327],[80.438265,8.331646],[80.437973,8.332163],[80.437879,8.33289],[80.438327,8.335212],[80.43807,8.336032],[80.437284,8.336518],[80.436766,8.336526],[80.436195,8.33677],[80.43528,8.336648],[80.435122,8.336762],[80.434532,8.337768],[80.434532,8.339461],[80.434154,8.339904],[80.434105,8.340472],[80.433842,8.34069],[80.43395,8.341467],[80.433666,8.341502],[80.433002,8.339864],[80.43308,8.338715],[80.43472,8.336746],[80.435324,8.336289],[80.4366,8.336258],[80.437372,8.335486],[80.437583,8.3348],[80.437583,8.333449],[80.437415,8.332601],[80.437537,8.331609],[80.437989,8.33112],[80.439539,8.330504],[80.43962,8.33025],[80.439398,8.329928],[80.439371,8.328835],[80.439801,8.328042],[80.441585,8.327393],[80.442334,8.326569],[80.442469,8.325862],[80.443851,8.325646],[80.444399,8.326427],[80.444502,8.328142],[80.445435,8.330149],[80.445255,8.330284],[80.444427,8.330178],[80.4444,8.329313],[80.444145,8.328432]]]}},{"type":"Feature","properties":{"osmId":"way/551031968","name":null,"nameLocal":null,"nameTa":null,"source":"(c) OpenStreetMap contributors, ODbL 1.0","protectClass":null,"designation":"protected_area","extendsOverWater":false},"geometry":{"type":"Polygon","coordinates":[[[80.428725,8.381684],[80.429076,8.381926],[80.429137,8.380249],[80.429419,8.379594],[80.429712,8.379357],[80.432047,8.37939],[80.43308,8.380377],[80.433837,8.38057],[80.434889,8.381138],[80.435927,8.379962],[80.438834,8.378976],[80.439183,8.378626],[80.43923,8.377957],[80.438649,8.378464],[80.437889,8.378382],[80.437225,8.378557],[80.43659,8.378205],[80.436396,8.378394],[80.435682,8.378333],[80.435543,8.378763],[80.435076,8.378898],[80.434767,8.379321],[80.433934,8.379691],[80.433582,8.379654],[80.431933,8.378659],[80.431567,8.37876],[80.431383,8.378988],[80.431165,8.378773],[80.430627,8.378742],[80.430406,8.378591],[80.429418,8.378801],[80.429382,8.379206],[80.428788,8.379223],[80.428849,8.380442],[80.42852,8.38062],[80.428229,8.380538],[80.428484,8.381444],[80.428725,8.381684]]]}},{"type":"Feature","properties":{"osmId":"way/552034526","name":null,"nameLocal":null,"nameTa":null,"source":"(c) OpenStreetMap contributors, ODbL 1.0","protectClass":null,"designation":"protected_area","extendsOverWater":false},"geometry":{"type":"Polygon","coordinates":[[[80.375487,8.327525],[80.37314,8.327623],[80.372712,8.327789],[80.372081,8.328515],[80.37259,8.329812],[80.372487,8.330161],[80.3719,8.330571],[80.371199,8.330609],[80.370266,8.33006],[80.369678,8.330123],[80.369392,8.330804],[80.369472,8.331744],[80.369158,8.332123],[80.368417,8.332384],[80.368306,8.332167],[80.368706,8.331988],[80.369003,8.33162],[80.36916,8.330402],[80.369597,8.329761],[80.370276,8.32978],[80.371024,8.33039],[80.371476,8.330331],[80.371744,8.330467],[80.37194,8.330373],[80.372132,8.329958],[80.37183,8.328928],[80.371959,8.328079],[80.372136,8.32788],[80.37366,8.327358],[80.374487,8.327338],[80.375487,8.327525]]]}},{"type":"Feature","properties":{"osmId":"way/553418878","name":null,"nameLocal":null,"nameTa":null,"source":"(c) OpenStreetMap contributors, ODbL 1.0","protectClass":null,"designation":"protected_area","extendsOverWater":false},"geometry":{"type":"Polygon","coordinates":[[[80.368619,8.326546],[80.368625,8.32544],[80.368414,8.325507],[80.36837,8.327228],[80.368677,8.328171],[80.368858,8.328136],[80.36857,8.327329],[80.368619,8.326546]]]}},{"type":"Feature","properties":{"osmId":"way/553418879","name":null,"nameLocal":null,"nameTa":null,"source":"(c) OpenStreetMap contributors, ODbL 1.0","protectClass":null,"designation":"protected_area","extendsOverWater":false},"geometry":{"type":"Polygon","coordinates":[[[80.368307,8.324438],[80.369455,8.321267],[80.370518,8.320692],[80.371078,8.320053],[80.371085,8.318852],[80.370567,8.317876],[80.370463,8.317974],[80.370762,8.318338],[80.371002,8.319218],[80.370839,8.320121],[80.370559,8.320464],[80.369563,8.32092],[80.369197,8.321237],[80.368121,8.32453],[80.368295,8.325351],[80.368562,8.325297],[80.368307,8.324438]]]}},{"type":"Feature","properties":{"osmId":"way/553683929","name":null,"nameLocal":null,"nameTa":null,"source":"(c) OpenStreetMap contributors, ODbL 1.0","protectClass":null,"designation":"protected_area","extendsOverWater":false},"geometry":{"type":"Polygon","coordinates":[[[80.369257,8.315788],[80.368666,8.316437],[80.368619,8.316754],[80.369132,8.317446],[80.370567,8.317876],[80.370363,8.318062],[80.369042,8.317704],[80.36871,8.317483],[80.368354,8.316919],[80.368347,8.316369],[80.368945,8.315494],[80.369077,8.31498],[80.369363,8.315093],[80.369257,8.315788]]]}},{"type":"Feature","properties":{"osmId":"way/554216871","name":null,"nameLocal":null,"nameTa":null,"source":"(c) OpenStreetMap contributors, ODbL 1.0","protectClass":null,"designation":"protected_area","extendsOverWater":false},"geometry":{"type":"Polygon","coordinates":[[[80.45265,8.313301],[80.452999,8.312582],[80.453779,8.312025],[80.455019,8.310828],[80.455622,8.310841],[80.45614,8.310568],[80.4564,8.309742],[80.45717,8.309795],[80.457663,8.309543],[80.457811,8.308874],[80.457768,8.308067],[80.457403,8.307399],[80.456971,8.307497],[80.457398,8.308641],[80.457352,8.309028],[80.457151,8.309153],[80.456258,8.3091],[80.456065,8.309203],[80.455787,8.310146],[80.45379,8.311121],[80.453298,8.311777],[80.452082,8.312202],[80.451698,8.313105],[80.450993,8.31328],[80.449917,8.312964],[80.449252,8.313776],[80.448372,8.314005],[80.448097,8.314504],[80.446559,8.315807],[80.44418,8.31644],[80.443897,8.317045],[80.444213,8.318406],[80.446973,8.318991],[80.44753,8.31974],[80.449476,8.321255],[80.450113,8.321205],[80.447594,8.318599],[80.447372,8.318179],[80.447315,8.317357],[80.446894,8.317006],[80.447023,8.316401],[80.447841,8.316481],[80.449823,8.315738],[80.449955,8.315416],[80.450306,8.315167],[80.451585,8.314599],[80.451939,8.313962],[80.452417,8.313707],[80.45265,8.313301]]]}},{"type":"Feature","properties":{"osmId":"way/561139964","name":null,"nameLocal":null,"nameTa":null,"source":"(c) OpenStreetMap contributors, ODbL 1.0","protectClass":null,"designation":"protected_area","extendsOverWater":false},"geometry":{"type":"Polygon","coordinates":[[[80.37951,8.328148],[80.379683,8.328073],[80.381231,8.328601],[80.382541,8.328791],[80.384222,8.328676],[80.387038,8.328784],[80.387563,8.329224],[80.387053,8.329358],[80.386884,8.329099],[80.386143,8.329009],[80.382249,8.329009],[80.379652,8.328352],[80.37951,8.328148]]]}},{"type":"Feature","properties":{"osmId":"way/645607775","name":null,"nameLocal":null,"nameTa":null,"source":"(c) OpenStreetMap contributors, ODbL 1.0","protectClass":null,"designation":"nature_reserve","extendsOverWater":false},"geometry":{"type":"Polygon","coordinates":[[[79.758221,10.574148],[79.758296,10.573136],[79.757996,10.571206],[79.760592,10.570974],[79.76071,10.574106],[79.758221,10.574148]]]}},{"type":"Feature","properties":{"osmId":"way/671122257","name":"Chitrangudi Bird WLS","nameLocal":null,"nameTa":null,"source":"(c) OpenStreetMap contributors, ODbL 1.0","protectClass":"4","designation":"protected_area","extendsOverWater":false},"geometry":{"type":"Polygon","coordinates":[[[78.486103,9.342911],[78.485985,9.340206],[78.485298,9.338094],[78.482997,9.334019],[78.482069,9.331959],[78.480771,9.331917],[78.478893,9.332182],[78.477112,9.33287],[78.476586,9.33341],[78.474162,9.334055],[78.474215,9.334807],[78.4759,9.335125],[78.47693,9.336056],[78.481425,9.335284],[78.484139,9.342747],[78.484794,9.342694],[78.486103,9.342911]]]}},{"type":"Feature","properties":{"osmId":"way/671199074","name":"Udhayamarthandapuram Lake WLS","nameLocal":null,"nameTa":null,"source":"(c) OpenStreetMap contributors, ODbL 1.0","protectClass":"4","designation":"protected_area","extendsOverWater":false},"geometry":{"type":"Polygon","coordinates":[[[79.554813,10.455254],[79.558193,10.452996],[79.557667,10.45076],[79.557141,10.449451],[79.556004,10.447457],[79.555714,10.447626],[79.554346,10.446117],[79.552506,10.446347],[79.552088,10.446558],[79.55116,10.447515],[79.551208,10.447731],[79.552104,10.447737],[79.552517,10.448085],[79.552769,10.448686],[79.552774,10.449805],[79.552581,10.450992],[79.553177,10.454284],[79.554427,10.454347],[79.554577,10.454975],[79.554813,10.455254]]]}},{"type":"Feature","properties":{"osmId":"way/671201903","name":"Therthangal WLS","nameLocal":null,"nameTa":null,"source":"(c) OpenStreetMap contributors, ODbL 1.0","protectClass":"4","designation":"protected_area","extendsOverWater":false},"geometry":{"type":"Polygon","coordinates":[[[78.76781,9.456097],[78.768175,9.459253],[78.767241,9.459465],[78.768786,9.465995],[78.768668,9.466376],[78.770149,9.465984],[78.770514,9.470005],[78.77072,9.470421],[78.771023,9.469564],[78.771176,9.468376],[78.771399,9.467934],[78.771345,9.466603],[78.771707,9.465648],[78.771632,9.464185],[78.771358,9.463024],[78.771139,9.462648],[78.771281,9.460833],[78.772024,9.458203],[78.771745,9.456219],[78.771203,9.455224],[78.77098,9.455203],[78.768687,9.455708],[78.76781,9.456097]]]}},{"type":"Feature","properties":{"osmId":"way/671203113","name":"Sakkarakottai Bird WLS","nameLocal":null,"nameTa":null,"source":"(c) OpenStreetMap contributors, ODbL 1.0","protectClass":"4","designation":"protected_area","extendsOverWater":false},"geometry":{"type":"Polygon","coordinates":[[[78.841415,9.35264],[78.843395,9.352116],[78.843019,9.349459],[78.843008,9.347649],[78.841796,9.341334],[78.840927,9.339317],[78.839934,9.336094],[78.839554,9.335384],[78.832017,9.333659],[78.829887,9.333944],[78.824759,9.335209],[78.824072,9.335596],[78.82346,9.335665],[78.819024,9.334521],[78.815183,9.333934],[78.813574,9.333727],[78.811787,9.333785],[78.809625,9.333606],[78.807753,9.334045],[78.80571,9.335157],[78.80351,9.336083],[78.799438,9.336184],[78.796295,9.335802],[78.792947,9.336236],[78.789418,9.336374],[78.787057,9.335802],[78.786049,9.336025],[78.784043,9.337539],[78.783452,9.33828],[78.782648,9.340958],[78.782927,9.340926],[78.784161,9.339582],[78.7843,9.337951],[78.784584,9.337454],[78.78547,9.337136],[78.786188,9.336692],[78.790222,9.337062],[78.791918,9.336819],[78.796885,9.336533],[78.801788,9.337041],[78.809523,9.336988],[78.813643,9.338978],[78.817849,9.338851],[78.823771,9.338259],[78.827677,9.338301],[78.831668,9.338597],[78.832483,9.341477],[78.835444,9.342239],[78.838663,9.342366],[78.839521,9.34461],[78.840036,9.347405],[78.841415,9.35264]]]}},{"type":"Feature","properties":{"osmId":"way/671205635","name":"Srivilliputhur Grizzled Squirrel Wildlife Sanctuary","nameLocal":null,"nameTa":"ஸ்ரீவில்லிபுத்தூர் வனவிலங்கு சரணாலயம்","source":"(c) OpenStreetMap contributors, ODbL 1.0","protectClass":"4","designation":"protected_area","extendsOverWater":false},"geometry":{"type":"Polygon","coordinates":[[[77.517128,9.621483],[77.51687,9.620087],[77.517085,9.618225],[77.51687,9.616998],[77.516055,9.615771],[77.513866,9.615052],[77.513738,9.612005],[77.513266,9.610821],[77.512193,9.609636],[77.511678,9.608493],[77.509403,9.605108],[77.504683,9.598634],[77.499962,9.595842],[77.499747,9.592414],[77.498417,9.586617],[77.495284,9.585813],[77.486443,9.582639],[77.433572,9.527411],[77.429366,9.521105],[77.425675,9.519878],[77.415976,9.513042],[77.412064,9.510459],[77.411399,9.507128],[77.408407,9.50612],[77.405336,9.503633],[77.402498,9.500487],[77.399704,9.496737],[77.398305,9.492254],[77.397623,9.487005],[77.39918,9.484546],[77.399217,9.480032],[77.401318,9.477278],[77.399249,9.474668],[77.397554,9.471111],[77.39131,9.468114],[77.39246,9.465299],[77.39331,9.459635],[77.386199,9.455618],[77.378422,9.454597],[77.375882,9.4574],[77.366621,9.460405],[77.358076,9.453264],[77.356851,9.448044],[77.351888,9.444387],[77.348854,9.439057],[77.34812,9.434015],[77.343717,9.423757],[77.339112,9.420179],[77.33646,9.415069],[77.336022,9.411077],[77.336709,9.409498],[77.342704,9.403274],[77.341956,9.397656],[77.350295,9.395803],[77.356024,9.393707],[77.359242,9.391251],[77.360873,9.389558],[77.364349,9.38852],[77.365358,9.387906],[77.369177,9.387652],[77.372632,9.388414],[77.371924,9.38996],[77.371859,9.391505],[77.37364,9.391421],[77.375293,9.391759],[77.37643,9.39214],[77.377782,9.393156],[77.378082,9.394511],[77.378168,9.397285],[77.379091,9.398407],[77.379262,9.399762],[77.3804,9.400142],[77.381408,9.399973],[77.381601,9.398597],[77.382159,9.397539],[77.384949,9.396268],[77.38615,9.395951],[77.387309,9.398301],[77.388661,9.398978],[77.389584,9.399846],[77.390013,9.401434],[77.39351,9.406006],[77.394476,9.409415],[77.39572,9.41041],[77.396472,9.412907],[77.398295,9.415617],[77.400935,9.41549],[77.403188,9.415786],[77.405484,9.4164],[77.406299,9.418919],[77.408037,9.419555],[77.409196,9.419173],[77.410312,9.420994],[77.411942,9.422137],[77.41396,9.420613],[77.417436,9.423238],[77.420568,9.422349],[77.421126,9.423703],[77.422371,9.423449],[77.424259,9.427895],[77.426233,9.430985],[77.427735,9.433017],[77.433615,9.432806],[77.441168,9.446945],[77.441769,9.453465],[77.442048,9.461846],[77.443356,9.466799],[77.458763,9.459391],[77.479534,9.460068],[77.482281,9.467857],[77.475929,9.475985],[77.467432,9.478948],[77.461424,9.481276],[77.454171,9.48335],[77.44885,9.486736],[77.444773,9.48898],[77.450008,9.493678],[77.455716,9.489784],[77.458892,9.488429],[77.463055,9.48826],[77.465587,9.489149],[77.4652,9.491223],[77.463913,9.493001],[77.464342,9.494736],[77.46563,9.495921],[77.468677,9.496726],[77.468677,9.499562],[77.459021,9.504344],[77.4543,9.50481],[77.452626,9.505953],[77.453613,9.510397],[77.456574,9.51137],[77.460608,9.510566],[77.463655,9.512175],[77.469106,9.513698],[77.471423,9.515264],[77.473869,9.513444],[77.477217,9.512598],[77.479534,9.51264],[77.479792,9.509804],[77.480779,9.508535],[77.481809,9.508154],[77.484083,9.508873],[77.485757,9.509635],[77.488289,9.508238],[77.490048,9.506334],[77.491593,9.503794],[77.493009,9.506122],[77.493567,9.508535],[77.498503,9.510482],[77.502623,9.515095],[77.506485,9.520682],[77.513394,9.526057],[77.516398,9.527877],[77.519102,9.527962],[77.522621,9.528343],[77.525754,9.528977],[77.528114,9.530332],[77.542705,9.531178],[77.551632,9.537611],[77.549658,9.539854],[77.549057,9.542309],[77.551074,9.543155],[77.55322,9.542732],[77.556567,9.543113],[77.560601,9.542817],[77.564678,9.544256],[77.567639,9.546964],[77.573776,9.5498],[77.579141,9.550138],[77.580986,9.551747],[77.584548,9.553778],[77.58678,9.55674],[77.589741,9.559576],[77.592702,9.562877],[77.596779,9.563258],[77.607079,9.563173],[77.616176,9.561903],[77.625103,9.559872],[77.630596,9.564527],[77.631798,9.568844],[77.631712,9.572991],[77.632398,9.575276],[77.636862,9.574937],[77.643041,9.573668],[77.649393,9.569859],[77.657734,9.57168],[77.663984,9.573329],[77.67673,9.578069],[77.680893,9.583104],[77.678661,9.584839],[77.673082,9.58357],[77.671409,9.582893],[77.66643,9.584924],[77.662353,9.58814],[77.65892,9.589664],[77.647505,9.591356],[77.641067,9.59051],[77.637205,9.590933],[77.627172,9.59453],[77.61559,9.597241],[77.610769,9.593895],[77.606478,9.595842],[77.601242,9.598804],[77.598324,9.602612],[77.602701,9.607859],[77.602873,9.611498],[77.599783,9.616744],[77.597465,9.619622],[77.587166,9.615137],[77.581587,9.613613],[77.573605,9.613021],[77.56751,9.613359],[77.563308,9.612358],[77.558069,9.609213],[77.548799,9.605066],[77.53644,9.600073],[77.531891,9.602104],[77.533264,9.609128],[77.535496,9.616152],[77.538929,9.622668],[77.540131,9.627745],[77.542534,9.636631],[77.542019,9.638746],[77.539058,9.637858],[77.53571,9.63113],[77.53232,9.627619],[77.527556,9.630453],[77.52584,9.632865],[77.523265,9.632738],[77.520862,9.631723],[77.519445,9.629946],[77.517664,9.629967],[77.517707,9.630982],[77.518201,9.63223],[77.519209,9.633182],[77.519982,9.63443],[77.520111,9.635848],[77.52054,9.637625],[77.522299,9.640946],[77.52363,9.642914],[77.526483,9.645516],[77.527299,9.648519],[77.529728,9.652892],[77.53232,9.6544],[77.534809,9.656558],[77.536654,9.658843],[77.538672,9.660408],[77.540903,9.661169],[77.542276,9.661381],[77.545237,9.661042],[77.545452,9.6588],[77.544932,9.65583],[77.544937,9.65],[77.544422,9.647546],[77.546289,9.647483],[77.549143,9.650804],[77.554421,9.656346],[77.558498,9.662904],[77.563691,9.668277],[77.570128,9.675426],[77.583432,9.688287],[77.590599,9.694928],[77.598581,9.699751],[77.609825,9.70322],[77.619524,9.706012],[77.631197,9.708973],[77.638836,9.709142],[77.645445,9.707196],[77.65111,9.701866],[77.653341,9.695182],[77.656774,9.690021],[77.660637,9.68486],[77.667332,9.680799],[77.669735,9.680038],[77.680206,9.680038],[77.6863,9.689598],[77.695398,9.69882],[77.699776,9.696367],[77.700462,9.693829],[77.702436,9.691883],[77.704496,9.692559],[77.706985,9.695521],[77.708702,9.69992],[77.70999,9.704573],[77.716427,9.711849],[77.719345,9.716248],[77.719088,9.719632],[77.720032,9.723016],[77.722349,9.724285],[77.724495,9.738328],[77.7178,9.739681],[77.71004,9.742005],[77.707243,9.741373],[77.705526,9.743827],[77.704926,9.74628],[77.702093,9.74941],[77.696943,9.751101],[77.690077,9.755077],[77.685442,9.759983],[77.684069,9.763536],[77.680464,9.764551],[77.675571,9.764043],[77.670422,9.763705],[77.666903,9.765904],[77.659607,9.771233],[77.657461,9.775378],[77.653599,9.777154],[77.648277,9.776055],[77.645702,9.776393],[77.6439,9.777916],[77.641067,9.780791],[77.639265,9.784428],[77.640467,9.788742],[77.641067,9.793817],[77.639522,9.796608],[77.634802,9.7972],[77.631283,9.795255],[77.627335,9.788742],[77.624845,9.783921],[77.622528,9.780622],[77.617636,9.778],[77.613559,9.779015],[77.612271,9.780918],[77.609053,9.782145],[77.60386,9.780284],[77.600255,9.778085],[77.584333,9.764043],[77.581329,9.759222],[77.57266,9.750763],[77.568498,9.747083],[77.559013,9.736213],[77.554636,9.728092],[77.54837,9.717263],[77.538242,9.69679],[77.536096,9.684353],[77.535667,9.67843],[77.533479,9.671534],[77.531848,9.667642],[77.523394,9.656685],[77.520819,9.654146],[77.516012,9.6511],[77.511163,9.646954],[77.507944,9.641454],[77.508373,9.627915],[77.511291,9.625122],[77.514553,9.623599],[77.517128,9.621483]]]}},{"type":"Feature","properties":{"osmId":"way/671207570","name":"Kanjirankulam Birds WLS","nameLocal":null,"nameTa":null,"source":"(c) OpenStreetMap contributors, ODbL 1.0","protectClass":"4","designation":"protected_area","extendsOverWater":false},"geometry":{"type":"Polygon","coordinates":[[[78.474612,9.363327],[78.475385,9.363327],[78.475943,9.362776],[78.476919,9.363253],[78.479097,9.363316],[78.481167,9.363274],[78.484129,9.36285],[78.484161,9.362141],[78.484386,9.361506],[78.484837,9.360781],[78.485985,9.359844],[78.486017,9.359452],[78.485566,9.359045],[78.484279,9.357187],[78.483608,9.35679],[78.48319,9.356276],[78.482852,9.356213],[78.480679,9.356949],[78.480282,9.356451],[78.480063,9.356372],[78.4773,9.356626],[78.475261,9.356499],[78.47377,9.356811],[78.472783,9.357467],[78.472863,9.359124],[78.471887,9.359526],[78.471801,9.359913],[78.472381,9.361427],[78.473808,9.361236],[78.473706,9.360802],[78.474065,9.36077],[78.474612,9.363327]]]}},{"type":"Feature","properties":{"osmId":"way/671212129","name":"Vallanadu Blackbuck WLS","nameLocal":null,"nameTa":null,"source":"(c) OpenStreetMap contributors, ODbL 1.0","protectClass":"4","designation":"protected_area","extendsOverWater":false},"geometry":{"type":"Polygon","coordinates":[[[77.875235,8.734392],[77.872027,8.73277],[77.871362,8.731635],[77.870686,8.729896],[77.870117,8.729281],[77.870525,8.727765],[77.871394,8.727987],[77.872301,8.726943],[77.872875,8.72488],[77.87413,8.723194],[77.874119,8.72172],[77.87443,8.720999],[77.874827,8.716131],[77.874677,8.713331],[77.877123,8.707329],[77.87781,8.707287],[77.878947,8.705272],[77.878969,8.70315],[77.877638,8.703129],[77.877681,8.699905],[77.876522,8.700075],[77.87751,8.690975],[77.878561,8.690869],[77.878776,8.689576],[77.879741,8.687794],[77.89283,8.666847],[77.893109,8.667059],[77.894043,8.666688],[77.896349,8.672277],[77.898495,8.673985],[77.898699,8.675544],[77.898592,8.676764],[77.899772,8.685588],[77.899074,8.689395],[77.898903,8.691283],[77.894118,8.692343],[77.893474,8.695016],[77.894021,8.695239],[77.893635,8.697604],[77.893184,8.69753],[77.893184,8.697943],[77.895491,8.701008],[77.897937,8.700754],[77.904267,8.697869],[77.908623,8.698378],[77.907325,8.701348],[77.906713,8.70384],[77.906317,8.703861],[77.906349,8.705091],[77.905383,8.705303],[77.90224,8.709609],[77.899096,8.712833],[77.892809,8.718825],[77.89047,8.717955],[77.883754,8.727012],[77.885985,8.728518],[77.885041,8.729833],[77.882359,8.730469],[77.877145,8.734032],[77.875235,8.734392]]]}},{"type":"Feature","properties":{"osmId":"way/671213413","name":"Melaselvanoor - Keelaselvanoor Bird WLS","nameLocal":null,"nameTa":null,"source":"(c) OpenStreetMap contributors, ODbL 1.0","protectClass":"4","designation":"protected_area","extendsOverWater":false},"geometry":{"type":"Polygon","coordinates":[[[78.540487,9.226043],[78.540702,9.228225],[78.542601,9.22779],[78.543781,9.227727],[78.544521,9.22814],[78.545702,9.228267],[78.549821,9.229146],[78.555958,9.227843],[78.556784,9.227155],[78.557181,9.227833],[78.557482,9.227727],[78.557546,9.228278],[78.557342,9.228775],[78.557053,9.229051],[78.557074,9.229739],[78.556548,9.229834],[78.556613,9.23047],[78.556441,9.230745],[78.556452,9.2312],[78.557503,9.230967],[78.55775,9.23119],[78.558683,9.231211],[78.558769,9.230735],[78.559606,9.230364],[78.562986,9.229347],[78.566387,9.228013],[78.572116,9.226488],[78.5707,9.221955],[78.569112,9.219075],[78.566987,9.215855],[78.566151,9.210603],[78.562353,9.210062],[78.560765,9.209702],[78.559231,9.20967],[78.558576,9.210052],[78.557707,9.210264],[78.556817,9.209649],[78.556527,9.208929],[78.555626,9.208897],[78.554338,9.209469],[78.551238,9.209935],[78.550133,9.210338],[78.549596,9.210041],[78.549221,9.209628],[78.548319,9.209607],[78.547568,9.209755],[78.547096,9.210094],[78.54553,9.212276],[78.545272,9.213144],[78.545315,9.214013],[78.545573,9.214712],[78.54583,9.214892],[78.546335,9.214923],[78.546528,9.215411],[78.546174,9.215908],[78.546034,9.21666],[78.546034,9.216999],[78.546774,9.217656],[78.546603,9.220886],[78.546324,9.222157],[78.54391,9.225312],[78.543137,9.226043],[78.541474,9.226223],[78.541399,9.225927],[78.540487,9.226043]]]}},{"type":"Feature","properties":{"osmId":"way/671268852","name":"Gangaikondan spotted Deer WLS","nameLocal":null,"nameTa":null,"source":"(c) OpenStreetMap contributors, ODbL 1.0","protectClass":"4","designation":"protected_area","extendsOverWater":false},"geometry":{"type":"Polygon","coordinates":[[[77.764685,8.834304],[77.766091,8.833721],[77.768612,8.831728],[77.768655,8.830403],[77.77741,8.829565],[77.777517,8.828611],[77.779566,8.827328],[77.778429,8.825282],[77.778922,8.824784],[77.777742,8.823618],[77.771627,8.818481],[77.770168,8.818571],[77.769401,8.819176],[77.769143,8.820008],[77.768333,8.821031],[77.766997,8.820167],[77.76594,8.819955],[77.764766,8.818932],[77.763205,8.817956],[77.761509,8.819769],[77.760158,8.820978],[77.758098,8.821826],[77.757046,8.820787],[77.753849,8.823745],[77.76078,8.830201],[77.764685,8.834304]]]}},{"type":"Feature","properties":{"osmId":"way/671269863","name":"Point Calimere WLS","nameLocal":null,"nameTa":null,"source":"(c) OpenStreetMap contributors, ODbL 1.0","protectClass":"4","designation":"protected_area","extendsOverWater":true},"geometry":{"type":"Polygon","coordinates":[[[79.845103,10.334584],[79.850596,10.334652],[79.863975,10.335618],[79.864383,10.335291],[79.865466,10.329348],[79.867687,10.319944],[79.87112,10.29879],[79.87421,10.298663],[79.874876,10.296742],[79.873867,10.29461],[79.87215,10.292224],[79.869975,10.288799],[79.8614,10.284856],[79.856486,10.282217],[79.851508,10.28],[79.844127,10.277973],[79.83387,10.276706],[79.833977,10.279113],[79.833591,10.28171],[79.833301,10.282417],[79.832765,10.283357],[79.831019,10.285405],[79.830372,10.285394],[79.829138,10.28712],[79.830807,10.288392],[79.830689,10.289005],[79.83372,10.29053],[79.835098,10.292589],[79.834793,10.293597],[79.835055,10.294557],[79.835082,10.295259],[79.833891,10.295776],[79.83284,10.296441],[79.832175,10.297492],[79.831869,10.298458],[79.833355,10.302464],[79.831735,10.304738],[79.832727,10.305551],[79.833623,10.307003],[79.834176,10.309003],[79.835259,10.31133],[79.835699,10.313621],[79.836702,10.315305],[79.837013,10.316276],[79.837598,10.317331],[79.837663,10.319775],[79.838397,10.321574],[79.839068,10.324087],[79.839669,10.325659],[79.838333,10.327163],[79.838998,10.329274],[79.840007,10.330731],[79.841316,10.331491],[79.842904,10.331554],[79.843483,10.332905],[79.844856,10.334151],[79.845103,10.334584]]]}},{"type":"Feature","properties":{"osmId":"relation/415570","name":"Gulf of Mannar Marine National Park","nameLocal":null,"nameTa":"மன்னார் வளைகுடா தேசிய கடல்சார் உயிரியல் பூங்கா","source":"(c) OpenStreetMap contributors, ODbL 1.0","protectClass":"2","designation":"national_park","extendsOverWater":true},"geometry":{"type":"MultiPolygon","coordinates":[[[[78.678294,9.163733],[78.685043,9.116004],[78.758926,9.117013],[78.865356,9.155655],[78.883552,9.166501],[78.99721,9.174071],[78.998757,9.220071],[78.894538,9.215305],[78.860893,9.19531],[78.678294,9.163733]]],[[[78.191679,8.816655],[78.224071,8.944849],[78.262564,8.974896],[78.308336,8.925008],[78.241663,8.816669],[78.191679,8.816655]]],[[[78.463186,9.106166],[78.4716,9.057313],[78.605554,9.089802],[78.581466,9.124176],[78.463186,9.106166]],[[78.535442,9.10216],[78.536359,9.102298],[78.537987,9.103067],[78.538562,9.104592],[78.538977,9.104899],[78.539178,9.105277],[78.539071,9.10568],[78.538299,9.105797],[78.537918,9.105447],[78.537845,9.105084],[78.537363,9.104491],[78.536499,9.104162],[78.535466,9.103418],[78.53497,9.102597],[78.535182,9.102219],[78.535442,9.10216]]],[[[79.041137,9.17633],[79.038734,9.218355],[79.093322,9.231571],[79.17469,9.219033],[79.180526,9.190565],[79.041137,9.17633]]],[[[79.171128,9.253936],[79.18808,9.256478],[79.205246,9.255292],[79.216447,9.25148],[79.241467,9.249785],[79.241467,9.238815],[79.178123,9.210052],[79.171128,9.253936]]]]}},{"type":"Feature","properties":{"osmId":"relation/4808018","name":"Megamalai WLS","nameLocal":null,"nameTa":"மேகமலை வனவிலங்கு சரணாலயம்","source":"(c) OpenStreetMap contributors, ODbL 1.0","protectClass":"4","designation":"protected_area","extendsOverWater":false},"geometry":{"type":"MultiPolygon","coordinates":[[[[77.221228,9.598597],[77.21917,9.599602],[77.212826,9.601999],[77.212869,9.602212],[77.211156,9.603736],[77.209688,9.605873],[77.210456,9.610265],[77.209186,9.613705],[77.207066,9.61343],[77.205027,9.613375],[77.203226,9.614503],[77.200384,9.614623],[77.198259,9.614132],[77.197122,9.610884],[77.194942,9.610339],[77.193781,9.609505],[77.192834,9.610126],[77.190847,9.609426],[77.190406,9.609134],[77.188766,9.60654],[77.188203,9.6063],[77.18694,9.606521],[77.185764,9.606965],[77.183183,9.608225],[77.181768,9.609288],[77.17789,9.610176],[77.176982,9.610572],[77.17567,9.610444],[77.171531,9.612979],[77.168527,9.615348],[77.169633,9.619346],[77.169743,9.623457],[77.195375,9.626997],[77.197328,9.623798],[77.202897,9.626104],[77.211238,9.627132],[77.213116,9.627026],[77.214306,9.622999],[77.218952,9.622837],[77.218609,9.617717],[77.225792,9.616573],[77.228222,9.617675],[77.229456,9.615177],[77.233249,9.61434],[77.235015,9.615614],[77.235882,9.617379],[77.236758,9.620344],[77.237256,9.623318],[77.238221,9.625503],[77.238798,9.628972],[77.23805,9.631596],[77.238367,9.633857],[77.235196,9.635319],[77.232385,9.635023],[77.232843,9.637763],[77.23623,9.641938],[77.243773,9.635799],[77.245624,9.63388],[77.245005,9.629242],[77.242958,9.621699],[77.244059,9.62155],[77.246633,9.622964],[77.250794,9.623677],[77.252448,9.629099],[77.257551,9.629467],[77.263579,9.632761],[77.264721,9.635213],[77.264616,9.638787],[77.273024,9.63912],[77.273682,9.637815],[77.272596,9.630009],[77.277479,9.628707],[77.278444,9.629327],[77.278004,9.633415],[77.279819,9.633897],[77.281137,9.636588],[77.283966,9.635373],[77.287651,9.641732],[77.290041,9.64486],[77.287037,9.645537],[77.284958,9.647384],[77.281583,9.643805],[77.279783,9.644905],[77.282123,9.64775],[77.282059,9.651756],[77.284871,9.654392],[77.283111,9.656071],[77.283836,9.658854],[77.288106,9.65881],[77.290301,9.662625],[77.2915,9.663433],[77.294397,9.664998],[77.295721,9.663079],[77.296307,9.66265],[77.298202,9.665277],[77.299375,9.664511],[77.300432,9.662904],[77.302062,9.662781],[77.303914,9.662185],[77.305183,9.662018],[77.305829,9.664332],[77.306778,9.665231],[77.306845,9.665674],[77.30636,9.668393],[77.304517,9.669024],[77.30474,9.670931],[77.302133,9.671545],[77.301296,9.672306],[77.302519,9.674316],[77.304007,9.673979],[77.306038,9.674887],[77.306298,9.680713],[77.306972,9.68338],[77.309268,9.683433],[77.309471,9.684628],[77.314999,9.685099],[77.318623,9.684649],[77.321134,9.684638],[77.32186,9.682381],[77.325683,9.684194],[77.326895,9.683337],[77.328622,9.682533],[77.33139,9.681762],[77.331626,9.683538],[77.330586,9.686341],[77.330644,9.689426],[77.331498,9.691502],[77.333837,9.690814],[77.335911,9.68942],[77.336845,9.689696],[77.338568,9.689873],[77.339834,9.689239],[77.341872,9.689545],[77.34242,9.690402],[77.341797,9.691756],[77.340381,9.692887],[77.342881,9.695848],[77.344705,9.695774],[77.344909,9.696324],[77.344598,9.696853],[77.343911,9.697382],[77.344276,9.699212],[77.341518,9.698714],[77.33845,9.697287],[77.337149,9.695944],[77.334644,9.696687],[77.334614,9.697269],[77.335815,9.698689],[77.338906,9.703385],[77.340173,9.705769],[77.339943,9.709856],[77.343953,9.7123],[77.345708,9.715012],[77.34766,9.719392],[77.348555,9.723316],[77.352076,9.726971],[77.354662,9.726061],[77.357104,9.724728],[77.358792,9.725596],[77.361722,9.723681],[77.365741,9.723216],[77.36701,9.723841],[77.366838,9.726019],[77.365282,9.72575],[77.365333,9.728394],[77.36111,9.727161],[77.358832,9.730631],[77.35768,9.734037],[77.355031,9.735853],[77.355607,9.741302],[77.356989,9.744594],[77.356625,9.747633],[77.356298,9.753108],[77.362978,9.751746],[77.366066,9.7566],[77.363209,9.757875],[77.364896,9.762925],[77.367052,9.765426],[77.371702,9.765235],[77.373941,9.762479],[77.374611,9.759691],[77.374488,9.755807],[77.374611,9.753675],[77.373201,9.752127],[77.373458,9.750964],[77.377221,9.749173],[77.379915,9.745441],[77.380722,9.746533],[77.383697,9.749144],[77.387519,9.752029],[77.389562,9.75199],[77.390967,9.749929],[77.393596,9.748965],[77.394846,9.751821],[77.403593,9.755412],[77.408037,9.759158],[77.409922,9.758431],[77.411929,9.759464],[77.413037,9.761929],[77.412852,9.764681],[77.414174,9.76711],[77.415749,9.768802],[77.418494,9.773199],[77.421143,9.771837],[77.419131,9.76564],[77.417039,9.766549],[77.415998,9.76471],[77.41864,9.763579],[77.419163,9.762013],[77.420386,9.760205],[77.423063,9.75846],[77.425166,9.758995],[77.427478,9.750044],[77.426748,9.744292],[77.428808,9.730418],[77.429296,9.71821],[77.430683,9.70744],[77.428119,9.702822],[77.425881,9.701943],[77.425861,9.699569],[77.423326,9.696201],[77.422112,9.696052],[77.422131,9.695192],[77.42288,9.69507],[77.422548,9.694173],[77.423525,9.693902],[77.407007,9.692729],[77.390184,9.688498],[77.363387,9.673161],[77.356967,9.666585],[77.33624,9.637519],[77.299032,9.617358],[77.294226,9.606589],[77.279162,9.598888],[77.283585,9.583156],[77.280606,9.579631],[77.276915,9.575652],[77.272055,9.576467],[77.269884,9.572816],[77.265726,9.573547],[77.26412,9.573626],[77.261502,9.576822],[77.259933,9.577053],[77.25833,9.576588],[77.257829,9.578165],[77.253315,9.582867],[77.250599,9.583191],[77.242705,9.585183],[77.237113,9.580892],[77.234219,9.581573],[77.233253,9.583432],[77.227859,9.587386],[77.225063,9.5908],[77.222574,9.592607],[77.221862,9.595024],[77.222268,9.597708],[77.221893,9.597639],[77.221798,9.59814],[77.221228,9.598597]]],[[[77.600274,9.806064],[77.605497,9.805409],[77.61107,9.813989],[77.612057,9.812931],[77.609272,9.804936],[77.622399,9.80329],[77.629562,9.809046],[77.633556,9.817513],[77.637792,9.82276],[77.641907,9.828961],[77.64348,9.833135],[77.643117,9.84017],[77.644085,9.843867],[77.646264,9.848159],[77.646748,9.856745],[77.649653,9.867476],[77.649289,9.869861],[77.646627,9.871053],[77.6482,9.875465],[77.657277,9.878445],[77.660303,9.883095],[77.664297,9.887507],[77.668774,9.892753],[77.673131,9.894184],[77.677851,9.898476],[77.682571,9.903364],[77.687654,9.906225],[77.699515,9.905867],[77.705808,9.901814],[77.710649,9.898118],[77.713433,9.897045],[77.717306,9.897403],[77.720331,9.895018],[77.725535,9.894303],[77.730619,9.89776],[77.736428,9.895137],[77.737275,9.89323],[77.738727,9.890607],[77.742842,9.892634],[77.751314,9.894184],[77.754582,9.897522],[77.757486,9.902529],[77.7641,9.906349],[77.76862,9.911829],[77.77806,9.916359],[77.782296,9.917551],[77.785685,9.914809],[77.790647,9.915643],[77.790889,9.919101],[77.789437,9.922677],[77.785443,9.927446],[77.782054,9.928876],[77.779271,9.929115],[77.77564,9.930665],[77.770557,9.929592],[77.764506,9.929234],[77.761238,9.929711],[77.754582,9.930307],[77.750467,9.931261],[77.749135,9.93436],[77.751072,9.936744],[77.754945,9.940678],[77.761117,9.945804],[77.765837,9.949142],[77.770194,9.951645],[77.772372,9.955102],[77.771404,9.957724],[77.768257,9.959989],[77.762811,9.95832],[77.758938,9.957724],[77.752887,9.958678],[77.750225,9.955579],[77.747925,9.951645],[77.744778,9.949738],[77.73546,9.945327],[77.72251,9.945208],[77.71779,9.945804],[77.706897,9.95236],[77.703751,9.956413],[77.6977,9.959393],[77.694795,9.958559],[77.692374,9.954983],[77.692616,9.95248],[77.693343,9.950095],[77.691285,9.948784],[77.688865,9.950691],[77.684508,9.95248],[77.679909,9.952122],[77.674463,9.952122],[77.66938,9.947115],[77.665386,9.943778],[77.664055,9.941393],[77.662723,9.935314],[77.661634,9.933526],[77.653162,9.932334],[77.651952,9.93281],[77.652436,9.936029],[77.649895,9.93889],[77.645296,9.939248],[77.646748,9.94342],[77.646627,9.947235],[77.642391,9.950334],[77.63755,9.951168],[77.631983,9.948665],[77.630531,9.945685],[77.62811,9.947711],[77.6269,9.947473],[77.624479,9.945685],[77.619759,9.944016],[77.617944,9.940678],[77.616976,9.939963],[77.614192,9.936625],[77.612861,9.935314],[77.611408,9.933049],[77.612619,9.929949],[77.612135,9.928995],[77.609714,9.927088],[77.612619,9.922677],[77.616007,9.922677],[77.619275,9.924227],[77.62339,9.924942],[77.627505,9.926492],[77.631257,9.924227],[77.635008,9.919697],[77.638276,9.916597],[77.641423,9.914332],[77.643601,9.913974],[77.643722,9.911829],[77.64106,9.910517],[77.639244,9.90849],[77.638034,9.904914],[77.637671,9.903006],[77.633435,9.898953],[77.630773,9.899668],[77.629683,9.896687],[77.630894,9.894064],[77.635493,9.894541],[77.639244,9.895614],[77.639849,9.892753],[77.636219,9.885957],[77.635856,9.883453],[77.634403,9.881545],[77.632225,9.883453],[77.63162,9.88083],[77.630651,9.878565],[77.629199,9.878088],[77.626053,9.876299],[77.62339,9.873676],[77.620364,9.872842],[77.616855,9.86998],[77.615281,9.872365],[77.618549,9.875345],[77.617944,9.878803],[77.618186,9.88083],[77.620848,9.884645],[77.618065,9.888341],[77.612861,9.892753],[77.609835,9.892276],[77.60681,9.892038],[77.601606,9.895853],[77.599064,9.896568],[77.59628,9.893826],[77.594707,9.889891],[77.59507,9.884049],[77.596764,9.879876],[77.597854,9.876538],[77.59858,9.87308],[77.600758,9.867953],[77.599911,9.865568],[77.600032,9.859606],[77.596522,9.859964],[77.592165,9.859845],[77.589503,9.859129],[77.585993,9.858652],[77.583331,9.856745],[77.579337,9.855671],[77.577642,9.857579],[77.577884,9.860441],[77.575464,9.860322],[77.57377,9.859964],[77.577764,9.865091],[77.580184,9.867476],[77.584541,9.869741],[77.585267,9.874153],[77.583452,9.873199],[77.580305,9.872007],[77.577764,9.872365],[77.582605,9.878207],[77.582605,9.883095],[77.583694,9.885838],[77.58212,9.887149],[77.575585,9.887507],[77.571591,9.886553],[77.56905,9.882857],[77.564693,9.880711],[77.559731,9.879995],[77.557673,9.880949],[77.557673,9.884407],[77.555374,9.887268],[77.552711,9.885003],[77.549928,9.885361],[77.545571,9.890011],[77.543997,9.892634],[77.543876,9.897641],[77.540004,9.898356],[77.538309,9.89621],[77.534436,9.896807],[77.530443,9.897641],[77.528385,9.896926],[77.524875,9.897045],[77.52185,9.897403],[77.52064,9.894303],[77.522939,9.891799],[77.520518,9.889295],[77.518945,9.886076],[77.516767,9.885718],[77.515799,9.88238],[77.515799,9.881426],[77.513741,9.879518],[77.513378,9.875822],[77.512773,9.874511],[77.510715,9.871291],[77.510352,9.86843],[77.512047,9.865807],[77.512652,9.86211],[77.511442,9.859249],[77.509868,9.856625],[77.507206,9.850783],[77.505511,9.848875],[77.503091,9.846848],[77.501518,9.843986],[77.499097,9.841601],[77.498976,9.839693],[77.502646,9.838435],[77.505555,9.841622],[77.510738,9.842578],[77.511503,9.842349],[77.508976,9.837061],[77.503509,9.831029],[77.502866,9.829264],[77.501576,9.827962],[77.500525,9.826184],[77.49998,9.824625],[77.501029,9.824756],[77.501879,9.823798],[77.502882,9.824156],[77.507149,9.822779],[77.509809,9.819696],[77.511316,9.819609],[77.51143,9.821105],[77.509581,9.823647],[77.51146,9.830497],[77.51608,9.832113],[77.526933,9.840289],[77.530321,9.844463],[77.531169,9.84184],[77.529232,9.83862],[77.530321,9.836235],[77.530685,9.834208],[77.532379,9.831823],[77.537704,9.836354],[77.544602,9.841124],[77.549323,9.841601],[77.549565,9.837547],[77.543997,9.832419],[77.537946,9.828245],[77.533831,9.82431],[77.528869,9.823118],[77.527417,9.819182],[77.523423,9.814889],[77.52185,9.812743],[77.51955,9.81],[77.516283,9.810954],[77.515435,9.812504],[77.513136,9.81155],[77.512894,9.807972],[77.511563,9.806661],[77.514467,9.806303],[77.517856,9.806541],[77.519792,9.804633],[77.519671,9.801771],[77.52306,9.798193],[77.525117,9.798312],[77.527175,9.796881],[77.526691,9.794138],[77.523302,9.791515],[77.52306,9.789606],[77.528385,9.790441],[77.535162,9.794138],[77.541819,9.799028],[77.552348,9.804752],[77.557915,9.810835],[77.562877,9.814293],[77.576553,9.815366],[77.582362,9.816439],[77.587082,9.819182],[77.588898,9.81954],[77.589866,9.818467],[77.587324,9.814054],[77.583573,9.80833],[77.580789,9.804752],[77.575827,9.802964],[77.571591,9.803798],[77.566387,9.802129],[77.561667,9.799982],[77.558036,9.797955],[77.559368,9.79712],[77.56554,9.798193],[77.568081,9.798074],[77.560215,9.794854],[77.558014,9.794478],[77.556944,9.793937],[77.556013,9.793232],[77.556255,9.792893],[77.559052,9.792527],[77.560107,9.792739],[77.562533,9.793884],[77.566629,9.794854],[77.571833,9.795689],[77.578611,9.796046],[77.583089,9.797955],[77.585872,9.800101],[77.585509,9.802129],[77.591076,9.805945],[77.593376,9.810238],[77.601,9.820256],[77.604026,9.824668],[77.600637,9.827411],[77.605841,9.833731],[77.609835,9.834566],[77.610924,9.833373],[77.61044,9.830392],[77.609472,9.826814],[77.609472,9.821806],[77.607294,9.816082],[77.60209,9.810238],[77.600274,9.806064]]]]}},{"type":"Feature","properties":{"osmId":"relation/9192571","name":"Jathika Namal Uyana","nameLocal":null,"nameTa":null,"source":"(c) OpenStreetMap contributors, ODbL 1.0","protectClass":null,"designation":"protected_area","extendsOverWater":false},"geometry":{"type":"MultiPolygon","coordinates":[[[[80.567051,7.917155],[80.566676,7.917166],[80.566805,7.918527],[80.566397,7.918819],[80.566335,7.91921],[80.566424,7.919446],[80.567218,7.920014],[80.567259,7.920321],[80.566226,7.922262],[80.565687,7.92278],[80.565898,7.923038],[80.566362,7.923128],[80.566486,7.924063],[80.566293,7.924212],[80.565831,7.924086],[80.565397,7.92437],[80.566048,7.925308],[80.565032,7.92565],[80.564873,7.926256],[80.564171,7.92631],[80.563413,7.926592],[80.563238,7.92703],[80.563999,7.927689],[80.566239,7.92699],[80.568237,7.927283],[80.569353,7.92699],[80.570834,7.926204],[80.572223,7.926018],[80.572298,7.925896],[80.572046,7.925428],[80.572202,7.925184],[80.574546,7.92443],[80.574787,7.924196],[80.575023,7.923324],[80.575839,7.923282],[80.576316,7.922942],[80.576712,7.922055],[80.577142,7.919169],[80.577513,7.918622],[80.578226,7.918253],[80.580243,7.917682],[80.580618,7.91773],[80.580946,7.918043],[80.581503,7.917592],[80.58167,7.917204],[80.582362,7.917283],[80.583065,7.917097],[80.583209,7.916794],[80.582871,7.916194],[80.583778,7.914632],[80.585417,7.913344],[80.586693,7.913169],[80.58705,7.912937],[80.586696,7.911757],[80.587673,7.909972],[80.588112,7.909781],[80.589614,7.910589],[80.590843,7.908325],[80.59094,7.905493],[80.591315,7.902873],[80.591363,7.9007],[80.591632,7.899829],[80.591943,7.896604],[80.591347,7.896274],[80.591465,7.895668],[80.590382,7.895062],[80.590362,7.893667],[80.590215,7.893208],[80.589706,7.893118],[80.589008,7.893495],[80.586813,7.893952],[80.586152,7.894383],[80.584713,7.895852],[80.583831,7.896252],[80.583601,7.896263],[80.582855,7.895833],[80.581466,7.896574],[80.579959,7.896343],[80.577829,7.896481],[80.576305,7.895573],[80.576064,7.895089],[80.576622,7.893596],[80.576967,7.891686],[80.577695,7.889202],[80.577282,7.886348],[80.576461,7.885583],[80.576354,7.885189],[80.576214,7.884127],[80.57622,7.881975],[80.575222,7.882219],[80.575007,7.882698],[80.574809,7.882806],[80.574364,7.882783],[80.573628,7.882257],[80.57274,7.882588],[80.572894,7.883813],[80.573446,7.884355],[80.573103,7.884818],[80.573067,7.885304],[80.573425,7.88612],[80.572212,7.887847],[80.571934,7.889206],[80.571907,7.890365],[80.572282,7.892055],[80.573999,7.894871],[80.574557,7.896147],[80.575313,7.896715],[80.575302,7.896908],[80.574975,7.897289],[80.573838,7.897772],[80.573264,7.898873],[80.572969,7.899037],[80.573022,7.898314],[80.57254,7.897645],[80.572985,7.897082],[80.572861,7.896948],[80.572341,7.896912],[80.571349,7.897533],[80.570705,7.897199],[80.569945,7.897439],[80.56967,7.897246],[80.56953,7.89655],[80.56911,7.896154],[80.568623,7.89612],[80.568425,7.896332],[80.568758,7.896965],[80.568264,7.897533],[80.568344,7.897811],[80.568709,7.898182],[80.569375,7.898219],[80.569515,7.89846],[80.569359,7.899892],[80.56901,7.900838],[80.568736,7.901178],[80.568752,7.90261],[80.569868,7.905238],[80.56984,7.905535],[80.568929,7.906104],[80.56881,7.906322],[80.568374,7.908288],[80.56717,7.908277],[80.566113,7.908581],[80.565748,7.909744],[80.566564,7.910482],[80.566767,7.910881],[80.565797,7.912735],[80.566209,7.913059],[80.567079,7.912172],[80.567274,7.912274],[80.567905,7.914419],[80.569171,7.915489],[80.569423,7.916011],[80.569894,7.916275],[80.570008,7.916438],[80.569895,7.917044],[80.570254,7.917756],[80.569155,7.919212],[80.568452,7.919244],[80.567164,7.918532],[80.567156,7.918294],[80.568941,7.9178],[80.569191,7.917663],[80.569164,7.917372],[80.568591,7.917161],[80.567051,7.917155]],[[80.576735,7.913458],[80.577062,7.913649],[80.577528,7.913607],[80.578623,7.912384],[80.579648,7.908434],[80.579599,7.908006],[80.579368,7.907678],[80.57902,7.907507],[80.577421,7.907942],[80.574909,7.90765],[80.5743,7.907725],[80.573784,7.907996],[80.573499,7.908371],[80.573419,7.90909],[80.573592,7.909619],[80.574482,7.910875],[80.575898,7.912161],[80.576735,7.913458]]]]}},{"type":"Feature","properties":{"osmId":"relation/9334908","name":"Koonthankulam-Kadankulam WLS","nameLocal":null,"nameTa":null,"source":"(c) OpenStreetMap contributors, ODbL 1.0","protectClass":"4","designation":"protected_area","extendsOverWater":false},"geometry":{"type":"MultiPolygon","coordinates":[[[[77.755952,8.485987],[77.756435,8.488003],[77.757272,8.487674],[77.75755,8.489499],[77.758334,8.490582],[77.759374,8.490412],[77.760158,8.490942],[77.76049,8.491611],[77.763312,8.491197],[77.767088,8.4916],[77.767528,8.492099],[77.76859,8.493924],[77.770736,8.493447],[77.771423,8.493574],[77.771691,8.493341],[77.771659,8.491749],[77.770908,8.48985],[77.769996,8.489282],[77.769175,8.489409],[77.766788,8.490284],[77.764857,8.488592],[77.761692,8.486613],[77.760705,8.486204],[77.75945,8.485976],[77.758344,8.485377],[77.757765,8.485414],[77.755952,8.485987]]],[[[77.749986,8.493214],[77.752261,8.496652],[77.753731,8.4982],[77.754396,8.498073],[77.756634,8.501505],[77.758226,8.502127],[77.759337,8.502057],[77.759385,8.50028],[77.758586,8.496402],[77.757652,8.493036],[77.754707,8.492216],[77.751488,8.493065],[77.749986,8.493214]]]]}},{"type":"Feature","properties":{"osmId":"relation/9335094","name":"Vettangudi WLS","nameLocal":null,"nameTa":null,"source":"(c) OpenStreetMap contributors, ODbL 1.0","protectClass":"4","designation":"protected_area","extendsOverWater":false},"geometry":{"type":"MultiPolygon","coordinates":[[[[78.514802,10.108324],[78.516122,10.107944],[78.516916,10.107278],[78.520854,10.105742],[78.521277,10.105499],[78.52154,10.104807],[78.520226,10.103925],[78.519738,10.103841],[78.518289,10.103967],[78.517619,10.104527],[78.517141,10.105319],[78.515237,10.106972],[78.514448,10.107384],[78.514454,10.108002],[78.514802,10.108324]]],[[[78.511198,10.112618],[78.511493,10.11219],[78.512485,10.111334],[78.513708,10.110806],[78.515677,10.110389],[78.515967,10.110484],[78.516101,10.110838],[78.514035,10.111937],[78.511675,10.112792],[78.511198,10.112618]]],[[[78.510264,10.112465],[78.511047,10.112222],[78.510726,10.110014],[78.50976,10.108367],[78.507507,10.109349],[78.507239,10.110078],[78.508542,10.110542],[78.509722,10.112084],[78.510264,10.112465]]]]}},{"type":"Feature","properties":{"osmId":"relation/9336178","name":"Kanyakumari WLS","nameLocal":null,"nameTa":"கன்னியாகுமரி வனவிலங்கு சரணாலயம்","source":"(c) OpenStreetMap contributors, ODbL 1.0","protectClass":"4","designation":"protected_area","extendsOverWater":false},"geometry":{"type":"MultiPolygon","coordinates":[[[[77.409646,8.276621],[77.4072,8.275156],[77.405312,8.275135],[77.4019,8.276005],[77.400076,8.275304],[77.395742,8.272077],[77.394755,8.271525],[77.39233,8.271503],[77.390399,8.272332],[77.389777,8.273287],[77.387781,8.273924],[77.38409,8.277067],[77.386247,8.285051],[77.387137,8.291209],[77.378908,8.298163],[77.379327,8.300307],[77.375679,8.30501],[77.375936,8.309681],[77.37731,8.314182],[77.378511,8.319957],[77.3807,8.325266],[77.382588,8.327473],[77.385378,8.32552],[77.391128,8.322251],[77.394733,8.319214],[77.397158,8.31741],[77.398961,8.315647],[77.399561,8.313121],[77.400162,8.312335],[77.402287,8.312972],[77.405698,8.310955],[77.40808,8.30915],[77.40896,8.3076],[77.410333,8.306517],[77.41147,8.306157],[77.412694,8.304628],[77.413573,8.301868],[77.411685,8.293629],[77.411428,8.290869],[77.410097,8.289977],[77.411814,8.2859],[77.402029,8.28883],[77.400055,8.286622],[77.409646,8.276621]]],[[[77.520711,8.166549],[77.519574,8.166167],[77.518716,8.166188],[77.518351,8.164765],[77.517536,8.163639],[77.51789,8.160485],[77.518716,8.159752],[77.520937,8.158658],[77.522192,8.158297],[77.523608,8.158807],[77.524928,8.159497],[77.524863,8.160718],[77.524231,8.160963],[77.523973,8.161313],[77.523893,8.163156],[77.524735,8.163198],[77.525083,8.163023],[77.527631,8.163225],[77.528715,8.163761],[77.531902,8.162811],[77.532122,8.163735],[77.532041,8.164409],[77.53019,8.165152],[77.529906,8.165402],[77.530035,8.166421],[77.531644,8.166868],[77.532626,8.166257],[77.537835,8.167091],[77.53821,8.168248],[77.538854,8.168556],[77.538629,8.170377],[77.538226,8.170431],[77.538189,8.172602],[77.53872,8.172501],[77.539208,8.171312],[77.539337,8.170138],[77.539852,8.170319],[77.540871,8.170393],[77.540817,8.171944],[77.539964,8.17273],[77.539734,8.173271],[77.540055,8.174365],[77.540892,8.17427],[77.541279,8.174397],[77.541997,8.175024],[77.544004,8.175862],[77.544969,8.177668],[77.54586,8.177668],[77.547415,8.176574],[77.548166,8.17787],[77.548928,8.17805],[77.548993,8.180365],[77.547555,8.180843],[77.544497,8.184656],[77.543762,8.184884],[77.543805,8.185654],[77.547737,8.185675],[77.54837,8.188086],[77.549411,8.189392],[77.550849,8.188532],[77.55205,8.189073],[77.552866,8.189126],[77.553348,8.1909],[77.552383,8.193661],[77.552147,8.193926],[77.549668,8.194532],[77.549277,8.194218],[77.548322,8.193969],[77.547458,8.19511],[77.545372,8.196358],[77.545093,8.196794],[77.54542,8.197409],[77.545592,8.198275],[77.546101,8.199284],[77.547153,8.199847],[77.54822,8.200659],[77.548633,8.200447],[77.548869,8.200786],[77.549856,8.201105],[77.55021,8.201063],[77.550559,8.202422],[77.551412,8.201928],[77.552082,8.201004],[77.553568,8.201142],[77.553853,8.201009],[77.553896,8.199225],[77.554625,8.198917],[77.555205,8.199087],[77.556503,8.199034],[77.556728,8.199661],[77.55734,8.19965],[77.557458,8.200064],[77.558252,8.200075],[77.558413,8.20034],[77.558488,8.201742],[77.557973,8.202496],[77.555805,8.203101],[77.554711,8.203739],[77.55484,8.204344],[77.553445,8.205257],[77.552426,8.20617],[77.54954,8.205618],[77.548006,8.206308],[77.545452,8.20633],[77.545517,8.206733],[77.546525,8.206945],[77.547104,8.207806],[77.549121,8.207912],[77.549314,8.208358],[77.548456,8.20942],[77.547501,8.209717],[77.546579,8.210259],[77.546611,8.210482],[77.548016,8.210344],[77.547534,8.211597],[77.546396,8.212669],[77.545463,8.215239],[77.548585,8.216067],[77.548639,8.217511],[77.550344,8.220368],[77.548596,8.221844],[77.545785,8.22298],[77.54454,8.222566],[77.543553,8.222056],[77.542019,8.222353],[77.541826,8.223266],[77.542341,8.224403],[77.544712,8.224742],[77.546364,8.225241],[77.54586,8.226346],[77.546343,8.228353],[77.544733,8.230508],[77.543049,8.231995],[77.541557,8.23243],[77.537084,8.232961],[77.533779,8.234745],[77.532728,8.235764],[77.531569,8.235955],[77.531354,8.237421],[77.530518,8.238122],[77.531032,8.240797],[77.530217,8.241562],[77.528522,8.242156],[77.527385,8.241859],[77.525861,8.240479],[77.525818,8.239778],[77.524102,8.237208],[77.524467,8.235786],[77.523866,8.232664],[77.522385,8.226526],[77.521355,8.225146],[77.520432,8.225486],[77.519016,8.227439],[77.51451,8.227822],[77.514231,8.22693],[77.513308,8.22538],[77.511978,8.225231],[77.510455,8.225613],[77.509253,8.225082],[77.507837,8.225953],[77.506163,8.226059],[77.504811,8.224742],[77.504489,8.223022],[77.502944,8.222343],[77.5017,8.222194],[77.501035,8.221366],[77.499747,8.220899],[77.497183,8.219178],[77.495295,8.217118],[77.494973,8.216524],[77.495027,8.215897],[77.494758,8.215345],[77.493868,8.215451],[77.492098,8.213497],[77.491947,8.212988],[77.491958,8.211989],[77.492301,8.210832],[77.492838,8.210492],[77.494501,8.209972],[77.494726,8.210269],[77.495595,8.209972],[77.495499,8.209462],[77.497526,8.207933],[77.503363,8.20599],[77.504178,8.207083],[77.507375,8.205767],[77.510122,8.206414],[77.511463,8.205809],[77.513866,8.205151],[77.513448,8.203069],[77.513201,8.200797],[77.51612,8.199714],[77.516763,8.200882],[77.518501,8.200723],[77.518877,8.201466],[77.521173,8.201275],[77.521784,8.200585],[77.523254,8.200648],[77.523758,8.200447],[77.52319,8.199268],[77.524971,8.198737],[77.525464,8.200202],[77.52628,8.199725],[77.525775,8.197855],[77.528243,8.197484],[77.527835,8.196475],[77.527149,8.195859],[77.526054,8.195817],[77.524724,8.196411],[77.524445,8.193926],[77.52526,8.193926],[77.525217,8.192525],[77.523909,8.192419],[77.523823,8.190826],[77.524703,8.189488],[77.528286,8.188171],[77.529874,8.187852],[77.531032,8.188872],[77.531483,8.190804],[77.532556,8.19142],[77.533371,8.190656],[77.533414,8.189296],[77.534766,8.187895],[77.536912,8.186684],[77.537341,8.186217],[77.536955,8.184836],[77.535796,8.184751],[77.535517,8.183647],[77.534122,8.182585],[77.533929,8.181162],[77.534316,8.180185],[77.534015,8.179505],[77.533135,8.179441],[77.532062,8.177679],[77.530324,8.177487],[77.528114,8.176702],[77.526269,8.174748],[77.525883,8.173792],[77.525539,8.169862],[77.526011,8.168822],[77.525775,8.168291],[77.522879,8.168503],[77.521312,8.167887],[77.520711,8.166549]]],[[[77.202636,8.501405],[77.202986,8.500092],[77.20587,8.495839],[77.211885,8.492121],[77.213393,8.487003],[77.213792,8.488099],[77.217836,8.487568],[77.223544,8.484767],[77.22908,8.480564],[77.239809,8.476872],[77.244186,8.47354],[77.247341,8.471545],[77.25219,8.466578],[77.253091,8.463862],[77.252748,8.460826],[77.254121,8.459065],[77.255602,8.460232],[77.25867,8.459956],[77.265665,8.455117],[77.267489,8.453525],[77.270558,8.452825],[77.273948,8.452761],[77.27721,8.451276],[77.277274,8.450469],[77.277875,8.450129],[77.278411,8.448835],[77.27869,8.44754],[77.280428,8.446012],[77.279742,8.445396],[77.278476,8.445757],[77.279077,8.444675],[77.280321,8.44424],[77.2803,8.443454],[77.280536,8.442955],[77.281512,8.441395],[77.282231,8.440865],[77.283357,8.44044],[77.286791,8.439729],[77.287113,8.440101],[77.289516,8.440053],[77.290412,8.439543],[77.291222,8.439506],[77.292053,8.439867],[77.295159,8.442573],[77.295685,8.443608],[77.296382,8.446362],[77.295813,8.447466],[77.295867,8.448304],[77.296264,8.448983],[77.296371,8.449663],[77.296103,8.451371],[77.296511,8.452146],[77.297369,8.453143],[77.294977,8.455648],[77.297745,8.458067],[77.299547,8.457516],[77.303592,8.455722],[77.305062,8.454608],[77.306714,8.454587],[77.308967,8.44944],[77.30989,8.449726],[77.311617,8.448973],[77.313194,8.446649],[77.31637,8.445672],[77.316971,8.44529],[77.31607,8.442149],[77.314868,8.441555],[77.315233,8.439008],[77.316113,8.437819],[77.316499,8.436694],[77.315683,8.435802],[77.314095,8.435654],[77.312078,8.436842],[77.310855,8.437161],[77.310212,8.436694],[77.309096,8.43714],[77.307572,8.434338],[77.306188,8.432799],[77.30548,8.431632],[77.308034,8.431281],[77.308516,8.429159],[77.307572,8.42555],[77.307787,8.424022],[77.30886,8.422239],[77.312497,8.422929],[77.313752,8.423651],[77.315995,8.42381],[77.316359,8.423407],[77.317786,8.419777],[77.31755,8.416763],[77.315705,8.416062],[77.311006,8.415532],[77.30916,8.415192],[77.306972,8.41394],[77.305834,8.41256],[77.305126,8.410947],[77.304697,8.409567],[77.303967,8.405958],[77.303817,8.404515],[77.304246,8.403241],[77.306113,8.40339],[77.309804,8.406871],[77.312765,8.407423],[77.316284,8.407338],[77.318945,8.403517],[77.320704,8.400248],[77.321906,8.39872],[77.320919,8.396512],[77.317829,8.397106],[77.31504,8.396342],[77.312035,8.395069],[77.310319,8.393413],[77.306886,8.392903],[77.309461,8.387129],[77.311907,8.383605],[77.316198,8.381483],[77.318001,8.375751],[77.322314,8.373394],[77.327828,8.371293],[77.332292,8.37004],[77.33315,8.370592],[77.334502,8.369382],[77.335961,8.368597],[77.345552,8.362376],[77.349715,8.363141],[77.35332,8.364032],[77.356539,8.361697],[77.353406,8.357027],[77.351217,8.354182],[77.351904,8.352611],[77.354651,8.350615],[77.359886,8.347813],[77.36671,8.347346],[77.372503,8.345244],[77.387824,8.345265],[77.391,8.343482],[77.39439,8.339915],[77.399615,8.339607],[77.400581,8.339278],[77.400817,8.338015],[77.404218,8.335287],[77.405805,8.334565],[77.407265,8.334989],[77.409239,8.336093],[77.411299,8.334735],[77.414196,8.334735],[77.416642,8.335881],[77.416298,8.337495],[77.416213,8.341953],[77.415633,8.344395],[77.412951,8.352356],[77.411256,8.354352],[77.409325,8.357112],[77.408874,8.35951],[77.405634,8.362589],[77.402372,8.364881],[77.398939,8.36624],[77.395549,8.367896],[77.392952,8.370698],[77.39306,8.371632],[77.396407,8.374732],[77.398853,8.375751],[77.409582,8.377831],[77.416792,8.371675],[77.4231,8.371675],[77.42722,8.37193],[77.431254,8.370359],[77.433743,8.368151],[77.438078,8.367684],[77.440181,8.368066],[77.442112,8.365816],[77.447176,8.360848],[77.44591,8.357472],[77.447519,8.356623],[77.45224,8.355031],[77.453699,8.351549],[77.452497,8.349851],[77.448463,8.350021],[77.443399,8.352483],[77.440481,8.351252],[77.439837,8.349554],[77.439451,8.344034],[77.435374,8.343567],[77.432756,8.344501],[77.432499,8.342548],[77.431512,8.338684],[77.422242,8.338896],[77.419109,8.337452],[77.419539,8.334565],[77.420397,8.330998],[77.420826,8.327601],[77.421856,8.324756],[77.423251,8.321699],[77.424356,8.321507],[77.425021,8.321911],[77.426759,8.322378],[77.427295,8.321189],[77.428261,8.320478],[77.428883,8.320202],[77.429527,8.320138],[77.430235,8.320786],[77.430182,8.321624],[77.430493,8.322856],[77.430836,8.323546],[77.431512,8.323907],[77.43193,8.323418],[77.432231,8.32276],[77.432746,8.322389],[77.433572,8.322569],[77.434484,8.323429],[77.435374,8.323811],[77.436318,8.324862],[77.437091,8.328068],[77.439365,8.331253],[77.442069,8.331932],[77.444472,8.331508],[77.446833,8.331338],[77.449536,8.333418],[77.451596,8.331677],[77.453527,8.330361],[77.454815,8.328493],[77.458076,8.327346],[77.45975,8.325648],[77.462325,8.322123],[77.463527,8.320042],[77.465887,8.318089],[77.468119,8.316645],[77.472153,8.312951],[77.474084,8.312909],[77.475843,8.312654],[77.478633,8.313376],[77.481637,8.313928],[77.483826,8.312271],[77.488503,8.31121],[77.491336,8.310361],[77.493954,8.306454],[77.494769,8.30467],[77.493095,8.300933],[77.491465,8.29932],[77.488975,8.297706],[77.486229,8.297111],[77.484384,8.296262],[77.480607,8.29622],[77.476788,8.296814],[77.475822,8.296241],[77.475715,8.295158],[77.475414,8.29433],[77.474492,8.293863],[77.473269,8.294033],[77.473183,8.293735],[77.473783,8.293247],[77.474427,8.292376],[77.474406,8.291421],[77.474942,8.289043],[77.473483,8.288193],[77.471037,8.287875],[77.470565,8.288873],[77.468977,8.290168],[77.468054,8.290657],[77.466359,8.290699],[77.46269,8.289319],[77.46063,8.288321],[77.459021,8.286622],[77.457982,8.284846],[77.458227,8.283331],[77.458227,8.282163],[77.457712,8.281144],[77.458806,8.281038],[77.46196,8.278861],[77.463838,8.275209],[77.461853,8.270867],[77.455802,8.258805],[77.457862,8.25494],[77.462711,8.250821],[77.463484,8.248102],[77.466874,8.247763],[77.468505,8.250046],[77.472367,8.252774],[77.473912,8.25511],[77.479405,8.256469],[77.482109,8.255917],[77.486787,8.259357],[77.490177,8.260079],[77.494168,8.257913],[77.497215,8.260334],[77.502451,8.262627],[77.503352,8.265685],[77.503481,8.268658],[77.506399,8.272608],[77.508674,8.273669],[77.512708,8.271843],[77.515368,8.26972],[77.522535,8.270399],[77.527041,8.269295],[77.532749,8.268913],[77.535324,8.267554],[77.538972,8.268361],[77.541933,8.268191],[77.542834,8.267172],[77.546825,8.267426],[77.549314,8.269125],[77.550959,8.269292],[77.551541,8.270856],[77.552096,8.271493],[77.552286,8.274917],[77.552512,8.275761],[77.552455,8.278014],[77.551635,8.279464],[77.551441,8.280679],[77.550631,8.281399],[77.550457,8.281218],[77.548952,8.282397],[77.548633,8.282566],[77.548682,8.282261],[77.548515,8.282174],[77.547665,8.282763],[77.547391,8.283254],[77.546337,8.284297],[77.5462,8.284809],[77.546436,8.285744],[77.546241,8.287102],[77.545559,8.288289],[77.544216,8.288886],[77.543545,8.289682],[77.541576,8.290935],[77.54093,8.291017],[77.540058,8.290667],[77.539511,8.290707],[77.538771,8.291753],[77.53773,8.294194],[77.537899,8.295469],[77.537813,8.296565],[77.538264,8.297472],[77.538824,8.29816],[77.539404,8.298478],[77.539677,8.29911],[77.540149,8.29898],[77.540498,8.299094],[77.54185,8.299006],[77.54285,8.298744],[77.543711,8.299168],[77.544621,8.300262],[77.544894,8.304596],[77.544151,8.305782],[77.543797,8.306685],[77.5438,8.307078],[77.542877,8.308739],[77.542531,8.310363],[77.542124,8.311011],[77.541557,8.31155],[77.539358,8.312903],[77.537642,8.314692],[77.532191,8.31758],[77.530925,8.318556],[77.531548,8.320849],[77.533994,8.323716],[77.534273,8.324777],[77.533135,8.325096],[77.531848,8.325924],[77.531934,8.327452],[77.53365,8.33087],[77.533715,8.331741],[77.533543,8.332166],[77.532363,8.333418],[77.532148,8.33414],[77.532599,8.335095],[77.53453,8.335372],[77.536976,8.334629],[77.538607,8.333758],[77.540002,8.333737],[77.54086,8.33414],[77.54189,8.335011],[77.542362,8.336369],[77.541933,8.338195],[77.540903,8.340021],[77.539744,8.34155],[77.539358,8.342717],[77.539916,8.345584],[77.537663,8.350275],[77.536976,8.35104],[77.536483,8.352335],[77.536311,8.354182],[77.53453,8.359086],[77.53468,8.364223],[77.534251,8.366983],[77.534487,8.368915],[77.535067,8.370486],[77.537105,8.373522],[77.54056,8.377704],[77.541053,8.378914],[77.540066,8.380442],[77.538435,8.384943],[77.53408,8.388637],[77.533071,8.391078],[77.53232,8.392075],[77.53099,8.392394],[77.528157,8.391715],[77.524187,8.390441],[77.523737,8.389358],[77.523501,8.387002],[77.523179,8.385516],[77.522407,8.384306],[77.521462,8.383627],[77.520068,8.382969],[77.518523,8.382841],[77.517214,8.383308],[77.510691,8.383924],[77.509553,8.384539],[77.508502,8.385452],[77.50685,8.386174],[77.50524,8.385983],[77.504339,8.385134],[77.502966,8.38282],[77.501206,8.38178],[77.499168,8.38023],[77.498267,8.379827],[77.496636,8.379254],[77.494769,8.37919],[77.493053,8.379317],[77.490585,8.379784],[77.489469,8.381567],[77.489083,8.386047],[77.488525,8.387681],[77.487795,8.38904],[77.485971,8.38991],[77.483139,8.39284],[77.481401,8.394262],[77.478933,8.395514],[77.475178,8.396576],[77.473912,8.397425],[77.473033,8.399123],[77.472281,8.404027],[77.472475,8.415383],[77.471981,8.416232],[77.470457,8.415595],[77.46947,8.415553],[77.468505,8.416529],[77.467668,8.418057],[77.466209,8.419267],[77.465179,8.420796],[77.463806,8.425975],[77.462068,8.42969],[77.462175,8.430645],[77.462647,8.431664],[77.46387,8.432788],[77.463269,8.436163],[77.463291,8.437691],[77.46417,8.442],[77.466488,8.446224],[77.469041,8.448856],[77.471359,8.450745],[77.472088,8.451679],[77.472303,8.452782],[77.47226,8.453844],[77.471166,8.456178],[77.469986,8.457112],[77.468913,8.457537],[77.467797,8.458195],[77.464589,8.461484],[77.464128,8.46244],[77.464653,8.464382],[77.465372,8.465984],[77.465651,8.467332],[77.465533,8.468149],[77.4652,8.468775],[77.463409,8.469412],[77.461649,8.469486],[77.458688,8.468255],[77.458023,8.468075],[77.457175,8.468053],[77.454944,8.46991],[77.453463,8.471354],[77.449107,8.473497],[77.44664,8.473794],[77.430868,8.477636],[77.409453,8.481116],[77.386107,8.4843],[77.38349,8.484851],[77.380786,8.490072],[77.378211,8.493595],[77.372503,8.496481],[77.364349,8.500004],[77.360186,8.503654],[77.35641,8.506031],[77.349758,8.510912],[77.343492,8.517703],[77.336369,8.521098],[77.325597,8.52373],[77.321391,8.527252],[77.31667,8.529587],[77.309976,8.531581],[77.30504,8.531709],[77.29517,8.536971],[77.293754,8.540876],[77.283819,8.546561],[77.28283,8.545032],[77.281237,8.543441],[77.276408,8.540076],[77.274146,8.536808],[77.274163,8.533545],[77.271519,8.530687],[77.270877,8.529288],[77.269516,8.525389],[77.268196,8.522692],[77.267012,8.520836],[77.266523,8.518474],[77.266246,8.514989],[77.26514,8.511461],[77.264157,8.509401],[77.262633,8.507504],[77.261838,8.50622],[77.260868,8.505984],[77.259923,8.506102],[77.25884,8.506384],[77.25737,8.507022],[77.256437,8.505176],[77.25122,8.505469],[77.249382,8.503851],[77.246339,8.502372],[77.24493,8.499206],[77.244378,8.497606],[77.241236,8.497262],[77.24002,8.496916],[77.239026,8.49869],[77.231325,8.507815],[77.229034,8.509299],[77.224828,8.510604],[77.222283,8.512443],[77.220369,8.512705],[77.214305,8.512803],[77.210565,8.50671],[77.203806,8.502616],[77.202636,8.501405]],[[77.411224,8.437532],[77.412511,8.436535],[77.412897,8.435314],[77.414088,8.435304],[77.416288,8.433807],[77.418112,8.432279],[77.418509,8.431494],[77.419635,8.431069],[77.419946,8.432544],[77.42133,8.432534],[77.424399,8.430358],[77.424796,8.429732],[77.42354,8.429106],[77.421491,8.429658],[77.42118,8.429286],[77.42353,8.428204],[77.424302,8.426187],[77.425633,8.425699],[77.426512,8.424532],[77.426963,8.424935],[77.426308,8.426166],[77.42737,8.426559],[77.429817,8.428501],[77.429173,8.429785],[77.428282,8.430974],[77.427349,8.431197],[77.426158,8.429392],[77.425278,8.42935],[77.425128,8.430613],[77.425386,8.432512],[77.424731,8.43386],[77.423691,8.434741],[77.42177,8.435007],[77.420751,8.435856],[77.420708,8.436736],[77.420847,8.437203],[77.421749,8.437405],[77.42398,8.435569],[77.425536,8.436184],[77.426727,8.435176],[77.427338,8.435887],[77.426137,8.437225],[77.423573,8.438997],[77.420075,8.440886],[77.415805,8.442138],[77.413348,8.441576],[77.412436,8.443083],[77.412071,8.445163],[77.409528,8.445927],[77.407662,8.44581],[77.407029,8.446755],[77.407018,8.448081],[77.409979,8.449684],[77.412372,8.451636],[77.414989,8.453377],[77.414861,8.455881],[77.412887,8.45794],[77.409775,8.458131],[77.409582,8.460444],[77.409056,8.46244],[77.407286,8.463034],[77.404228,8.461835],[77.40352,8.45932],[77.403209,8.456518],[77.404132,8.455287],[77.404271,8.452093],[77.401815,8.451859],[77.401782,8.450225],[77.403424,8.448591],[77.404486,8.447869],[77.403928,8.444261],[77.404003,8.441629],[77.405183,8.440653],[77.407297,8.440684],[77.41043,8.438434],[77.411224,8.437532]],[[77.389283,8.453186],[77.38821,8.454353],[77.389691,8.456093],[77.389133,8.457027],[77.388918,8.457898],[77.389519,8.458895],[77.390592,8.459256],[77.391429,8.460763],[77.390764,8.461633],[77.390614,8.46244],[77.390614,8.464732],[77.389712,8.465305],[77.389262,8.466324],[77.389283,8.467406],[77.389841,8.468701],[77.39248,8.468064],[77.393339,8.466706],[77.393296,8.465538],[77.392309,8.463607],[77.39218,8.461591],[77.392545,8.460402],[77.392437,8.458704],[77.393811,8.457622],[77.393832,8.456773],[77.392738,8.455457],[77.392137,8.454438],[77.390592,8.453186],[77.389841,8.452825],[77.389283,8.453186]],[[77.512643,8.365996],[77.510519,8.366442],[77.509757,8.365869],[77.509757,8.365391],[77.508405,8.363831],[77.507708,8.363587],[77.50597,8.364277],[77.504961,8.364213],[77.504318,8.363459],[77.504232,8.362822],[77.504779,8.362207],[77.505863,8.36158],[77.508663,8.360943],[77.510186,8.360307],[77.511281,8.360062],[77.513384,8.359298],[77.514135,8.359404],[77.513931,8.35985],[77.51318,8.360232],[77.513212,8.361145],[77.51348,8.362005],[77.514843,8.361442],[77.516216,8.361357],[77.516259,8.361856],[77.514446,8.362175],[77.513738,8.362918],[77.513351,8.363629],[77.513373,8.364202],[77.514006,8.36503],[77.51377,8.36554],[77.512643,8.365996]]]]}},{"type":"Feature","properties":{"osmId":"relation/9336901","name":"Kodaikanal WLS","nameLocal":null,"nameTa":null,"source":"(c) OpenStreetMap contributors, ODbL 1.0","protectClass":"4","designation":"protected_area","extendsOverWater":false},"geometry":{"type":"MultiPolygon","coordinates":[[[[77.542062,10.38539],[77.543092,10.380019],[77.545237,10.376684],[77.546868,10.369972],[77.545452,10.361951],[77.543521,10.356125],[77.543306,10.351566],[77.541847,10.348526],[77.543735,10.347133],[77.545753,10.343713],[77.548327,10.341518],[77.55322,10.335101],[77.551932,10.334256],[77.549357,10.333834],[77.547898,10.334974],[77.54704,10.334974],[77.546525,10.333665],[77.546568,10.329359],[77.541804,10.323195],[77.534895,10.317748],[77.539272,10.313062],[77.536526,10.313019],[77.531118,10.313695],[77.528286,10.315046],[77.523007,10.315468],[77.519832,10.318255],[77.51687,10.31969],[77.510519,10.32045],[77.506485,10.318001],[77.505112,10.315806],[77.503052,10.314708],[77.500305,10.314582],[77.499318,10.314962],[77.494426,10.314328],[77.489448,10.309937],[77.487945,10.307488],[77.487216,10.302886],[77.471466,10.301915],[77.468119,10.299297],[77.463741,10.29879],[77.459793,10.300141],[77.456961,10.302084],[77.452755,10.300901],[77.444172,10.302084],[77.442284,10.306559],[77.436361,10.309008],[77.436876,10.310655],[77.434859,10.310908],[77.434559,10.312091],[77.430396,10.313273],[77.429967,10.31399],[77.42898,10.31361],[77.426791,10.314286],[77.426147,10.324335],[77.428722,10.330457],[77.423487,10.334087],[77.420611,10.336283],[77.419238,10.335861],[77.417393,10.332019],[77.413402,10.337845],[77.412887,10.339491],[77.414603,10.345318],[77.410655,10.353128],[77.413187,10.3587],[77.412286,10.36022],[77.412887,10.362035],[77.415676,10.362415],[77.418551,10.370731],[77.422585,10.369676],[77.427993,10.371998],[77.431126,10.3728],[77.435632,10.373264],[77.438164,10.373264],[77.439279,10.371913],[77.44091,10.372209],[77.441254,10.371322],[77.437735,10.366932],[77.438722,10.366637],[77.440009,10.366763],[77.439279,10.36385],[77.441511,10.364568],[77.443657,10.363977],[77.446961,10.365455],[77.449107,10.366003],[77.450309,10.367481],[77.454471,10.366468],[77.456789,10.366806],[77.458205,10.365961],[77.459707,10.366848],[77.461038,10.366806],[77.462068,10.366341],[77.4652,10.366932],[77.465715,10.367945],[77.466617,10.368199],[77.467647,10.368874],[77.468634,10.368874],[77.46829,10.366932],[77.469749,10.367101],[77.47108,10.368958],[77.471681,10.368494],[77.470565,10.366552],[77.470737,10.364273],[77.471852,10.360769],[77.470264,10.355745],[77.469363,10.350975],[77.470007,10.346837],[77.471895,10.345824],[77.474255,10.349919],[77.473397,10.352748],[77.474127,10.355534],[77.476315,10.356547],[77.478204,10.358531],[77.480049,10.360811],[77.481551,10.364273],[77.48301,10.365624],[77.486057,10.364737],[77.489061,10.365708],[77.491422,10.36537],[77.491722,10.363766],[77.491679,10.361782],[77.495842,10.363555],[77.496014,10.362837],[77.495584,10.360853],[77.498503,10.360178],[77.499661,10.361191],[77.503095,10.361972],[77.502708,10.363555],[77.501421,10.364062],[77.501335,10.365244],[77.50185,10.368452],[77.503137,10.371154],[77.504511,10.370985],[77.505541,10.36765],[77.508845,10.367439],[77.509317,10.365666],[77.515948,10.365792],[77.516098,10.366995],[77.517342,10.367291],[77.5179,10.368009],[77.518845,10.368178],[77.522256,10.370584],[77.523351,10.370204],[77.525175,10.37071],[77.525797,10.374467],[77.528458,10.377338],[77.529702,10.377676],[77.533028,10.377465],[77.533715,10.37833],[77.534187,10.380863],[77.536268,10.381876],[77.539186,10.382805],[77.542062,10.38539]]],[[[77.600255,10.196],[77.60092,10.195895],[77.606285,10.198725],[77.607851,10.196951],[77.612357,10.197986],[77.617292,10.195663],[77.616949,10.193931],[77.619782,10.193593],[77.629781,10.190003],[77.629781,10.185356],[77.62609,10.184216],[77.625017,10.183244],[77.618022,10.18147],[77.617807,10.176655],[77.620597,10.175895],[77.624245,10.176359],[77.626219,10.175683],[77.62639,10.173318],[77.629781,10.171586],[77.636604,10.169347],[77.636132,10.170784],[77.639565,10.16977],[77.641153,10.168756],[77.64111,10.16732],[77.640209,10.166559],[77.640638,10.165884],[77.639565,10.163518],[77.6442,10.160139],[77.644157,10.158027],[77.643342,10.156717],[77.640853,10.15752],[77.640939,10.159336],[77.639394,10.159759],[77.631927,10.158153],[77.631755,10.156083],[77.63021,10.156126],[77.630167,10.154901],[77.632098,10.153253],[77.63257,10.15],[77.631411,10.149958],[77.631197,10.14755],[77.629952,10.146874],[77.62845,10.147001],[77.625446,10.148944],[77.623901,10.150761],[77.620339,10.15],[77.616391,10.150423],[77.61373,10.148775],[77.605748,10.146959],[77.60283,10.142903],[77.597594,10.139988],[77.595019,10.14096],[77.593389,10.14096],[77.587938,10.138256],[77.586393,10.138848],[77.586994,10.142058],[77.585792,10.142608],[77.583089,10.146367],[77.577553,10.142312],[77.57545,10.143453],[77.57369,10.143495],[77.574892,10.146705],[77.569613,10.144931],[77.566051,10.142396],[77.565279,10.146198],[77.570686,10.149705],[77.572532,10.149747],[77.573519,10.152873],[77.575064,10.15414],[77.584762,10.159336],[77.585664,10.165926],[77.584162,10.166559],[77.585578,10.169178],[77.589054,10.170657],[77.590256,10.170953],[77.590814,10.172896],[77.592873,10.172896],[77.594891,10.176782],[77.590213,10.178091],[77.58944,10.179865],[77.590985,10.182315],[77.591715,10.182315],[77.591972,10.184385],[77.593389,10.185272],[77.593131,10.187257],[77.595749,10.188398],[77.595363,10.190045],[77.594397,10.190087],[77.59444,10.191734],[77.593024,10.191587],[77.591672,10.191819],[77.591414,10.192917],[77.591307,10.194543],[77.590728,10.196423],[77.589183,10.196761],[77.588088,10.193192],[77.584999,10.191333],[77.578475,10.188947],[77.574592,10.187975],[77.57427,10.186074],[77.571695,10.182167],[77.56957,10.181259],[77.567596,10.182611],[77.567768,10.184934],[77.568562,10.185779],[77.56691,10.190636],[77.568111,10.191481],[77.568369,10.193255],[77.566888,10.193994],[77.565987,10.19505],[77.563713,10.196634],[77.562318,10.198915],[77.559786,10.198873],[77.55558,10.201956],[77.553949,10.201175],[77.549872,10.199886],[77.549658,10.201428],[77.549701,10.203265],[77.548542,10.204152],[77.547941,10.203392],[77.548113,10.20166],[77.546825,10.200013],[77.546589,10.199126],[77.549701,10.196803],[77.549658,10.195916],[77.547641,10.195789],[77.549615,10.193973],[77.551074,10.191481],[77.54807,10.19165],[77.544894,10.192621],[77.544594,10.189242],[77.543135,10.189073],[77.543049,10.187764],[77.544637,10.187722],[77.545237,10.187046],[77.547061,10.186243],[77.547448,10.185018],[77.546203,10.182759],[77.545538,10.181956],[77.544036,10.181682],[77.54292,10.18354],[77.541354,10.183519],[77.540173,10.184575],[77.540345,10.185863],[77.539659,10.186032],[77.539143,10.188018],[77.538071,10.187764],[77.537642,10.186243],[77.537427,10.184638],[77.537062,10.181513],[77.537255,10.179992],[77.536933,10.179094],[77.535474,10.178408],[77.527814,10.178683],[77.526226,10.176613],[77.523265,10.176106],[77.523437,10.175134],[77.525453,10.17505],[77.5279,10.173825],[77.522149,10.170657],[77.517815,10.166179],[77.516441,10.165884],[77.512794,10.160772],[77.510648,10.160962],[77.503352,10.160181],[77.500005,10.161026],[77.495627,10.154774],[77.494726,10.154563],[77.487817,10.147846],[77.487538,10.148923],[77.486443,10.15131],[77.485843,10.152176],[77.482882,10.154225],[77.48095,10.15262],[77.482088,10.14867],[77.481337,10.147297],[77.479534,10.146621],[77.476487,10.14793],[77.475071,10.147508],[77.47447,10.145311],[77.471981,10.145776],[77.471681,10.145185],[77.472753,10.144255],[77.472453,10.142819],[77.470951,10.141932],[77.469749,10.143368],[77.467904,10.142101],[77.469578,10.139651],[77.468333,10.139059],[77.467775,10.133609],[77.4646,10.131032],[77.464964,10.129617],[77.462389,10.130019],[77.460823,10.131666],[77.459063,10.13249],[77.457111,10.131835],[77.455244,10.133958],[77.454225,10.134908],[77.451982,10.136144],[77.449622,10.135384],[77.444858,10.136186],[77.442799,10.132934],[77.440438,10.132976],[77.437885,10.132479],[77.437005,10.133947],[77.43487,10.134391],[77.432241,10.135753],[77.427907,10.135891],[77.426362,10.136947],[77.423186,10.138637],[77.421191,10.140443],[77.417993,10.142016],[77.417135,10.143241],[77.413487,10.14379],[77.411513,10.144804],[77.410912,10.14755],[77.410097,10.148099],[77.40985,10.150539],[77.408466,10.158491],[77.408338,10.164532],[77.395978,10.165292],[77.395377,10.162673],[77.394637,10.161416],[77.393103,10.156126],[77.384133,10.145945],[77.375636,10.142903],[77.373962,10.140749],[77.371774,10.139186],[77.372096,10.139555],[77.370014,10.142523],[77.368555,10.142903],[77.367439,10.145903],[77.362804,10.150592],[77.360916,10.151014],[77.358298,10.150381],[77.355638,10.148437],[77.35435,10.148268],[77.350573,10.142819],[77.349844,10.142819],[77.346325,10.140918],[77.344994,10.137749],[77.341733,10.136102],[77.338257,10.137538],[77.332506,10.141023],[77.342162,10.149662],[77.32727,10.171502],[77.328644,10.178091],[77.320726,10.182019],[77.336111,10.182738],[77.34478,10.185187],[77.355423,10.186877],[77.356624,10.220835],[77.349501,10.244063],[77.349071,10.247273],[77.338085,10.2493],[77.336969,10.251749],[77.334909,10.254368],[77.334652,10.256057],[77.337313,10.256732],[77.337999,10.260871],[77.340231,10.261124],[77.341733,10.261969],[77.342827,10.263383],[77.345531,10.264418],[77.348041,10.263468],[77.348835,10.267121],[77.350681,10.27109],[77.351282,10.273645],[77.351282,10.275503],[77.351153,10.276495],[77.34875,10.280591],[77.348149,10.28247],[77.348428,10.285046],[77.347698,10.286566],[77.347406,10.290089],[77.35023,10.291528],[77.35435,10.291063],[77.355509,10.291781],[77.361131,10.294146],[77.36156,10.291739],[77.358727,10.28929],[77.363663,10.279958],[77.366409,10.278142],[77.368813,10.275524],[77.370958,10.26598],[77.369671,10.265938],[77.369542,10.264122],[77.372503,10.262476],[77.38203,10.261504],[77.381773,10.258759],[77.385464,10.257999],[77.38615,10.250018],[77.390571,10.250609],[77.391386,10.24778],[77.395592,10.250989],[77.396107,10.252003],[77.398038,10.252763],[77.398081,10.254579],[77.399368,10.253818],[77.400355,10.254325],[77.402673,10.252974],[77.403917,10.253734],[77.406278,10.251327],[77.409582,10.25593],[77.41426,10.253903],[77.418251,10.253903],[77.420912,10.250229],[77.428808,10.254325],[77.430868,10.259688],[77.430825,10.261589],[77.438979,10.261209],[77.439709,10.26332],[77.450105,10.259129],[77.453656,10.257492],[77.457261,10.253481],[77.460823,10.252087],[77.460566,10.249469],[77.461338,10.247273],[77.462969,10.245668],[77.465286,10.24609],[77.470779,10.249764],[77.475758,10.246851],[77.47829,10.24457],[77.476616,10.240389],[77.481852,10.240938],[77.482281,10.239375],[77.478075,10.237517],[77.476616,10.237771],[77.474427,10.236968],[77.470994,10.23794],[77.468076,10.237179],[77.466488,10.239333],[77.463612,10.233041],[77.461767,10.230718],[77.461724,10.229493],[77.46078,10.229493],[77.460694,10.227719],[77.459621,10.227339],[77.45975,10.22565],[77.462368,10.225312],[77.463956,10.22565],[77.467174,10.223411],[77.469535,10.224383],[77.47138,10.222187],[77.473741,10.221215],[77.473354,10.22016],[77.475843,10.220328],[77.4755,10.217752],[77.477088,10.217963],[77.477474,10.216907],[77.476272,10.214965],[77.475071,10.214289],[77.474856,10.210107],[77.47962,10.211332],[77.481551,10.212642],[77.494555,10.199295],[77.494984,10.194353],[77.494297,10.190721],[77.495284,10.188693],[77.495284,10.183625],[77.498417,10.178852],[77.49876,10.179992],[77.510133,10.187299],[77.505026,10.190805],[77.503438,10.194353],[77.504683,10.197268],[77.503481,10.200689],[77.503266,10.204363],[77.498288,10.205546],[77.494769,10.206729],[77.486787,10.20977],[77.48713,10.214922],[77.485414,10.216696],[77.485199,10.218343],[77.483912,10.218723],[77.483826,10.221426],[77.482753,10.222778],[77.487988,10.221807],[77.495584,10.226283],[77.499533,10.225312],[77.502794,10.226748],[77.502751,10.225397],[77.503395,10.225397],[77.504511,10.22679],[77.508502,10.227381],[77.509618,10.227381],[77.51554,10.228606],[77.518415,10.228437],[77.520347,10.229704],[77.522921,10.231858],[77.523737,10.23435],[77.526398,10.233674],[77.529573,10.235617],[77.529402,10.237137],[77.535753,10.237475],[77.539701,10.233336],[77.546482,10.229704],[77.545967,10.225143],[77.546396,10.219653],[77.553005,10.220075],[77.561932,10.226326],[77.565193,10.222018],[77.565794,10.219061],[77.56854,10.21695],[77.569056,10.215767],[77.572832,10.213909],[77.573261,10.21129],[77.580557,10.212895],[77.580471,10.21923],[77.583475,10.224721],[77.581243,10.232069],[77.580042,10.232069],[77.580042,10.236462],[77.575836,10.240178],[77.566996,10.24305],[77.560301,10.248709],[77.554893,10.253945],[77.553949,10.257661],[77.553949,10.260449],[77.550001,10.262982],[77.548199,10.263278],[77.550302,10.265052],[77.552018,10.264714],[77.553692,10.268092],[77.555666,10.266065],[77.55867,10.271808],[77.557983,10.272948],[77.56,10.274933],[77.558069,10.276706],[77.55455,10.275271],[77.551246,10.279662],[77.549486,10.27848],[77.547126,10.281436],[77.549701,10.290219],[77.563906,10.299001],[77.574119,10.295919],[77.58296,10.301155],[77.601929,10.319142],[77.608023,10.323617],[77.612615,10.319057],[77.618236,10.315595],[77.619395,10.315933],[77.622485,10.311753],[77.62682,10.310824],[77.63463,10.29955],[77.637634,10.297144],[77.638793,10.294483],[77.642226,10.29043],[77.650852,10.294483],[77.652226,10.294103],[77.653556,10.293005],[77.651625,10.291781],[77.651968,10.290937],[77.65626,10.288699],[77.656689,10.287601],[77.663512,10.283209],[77.663383,10.279789],[77.664285,10.279704],[77.6648,10.281562],[77.667203,10.283294],[77.669992,10.283885],[77.674026,10.283125],[77.670808,10.276664],[77.671323,10.275989],[77.672299,10.275883],[77.672524,10.27109],[77.672396,10.267796],[77.666731,10.267078],[77.660079,10.267923],[77.657804,10.269865],[77.657032,10.26919],[77.65892,10.267459],[77.660379,10.263658],[77.663341,10.262687],[77.680249,10.255719],[77.682481,10.254536],[77.687116,10.252552],[77.688746,10.250356],[77.691236,10.247864],[77.693252,10.247273],[77.697544,10.247695],[77.703552,10.245415],[77.704926,10.243007],[77.70823,10.242332],[77.708359,10.238235],[77.707715,10.232576],[77.708101,10.229071],[77.707672,10.228775],[77.708638,10.224467],[77.706084,10.225143],[77.704325,10.225016],[77.703166,10.223243],[77.703166,10.222102],[77.703681,10.220117],[77.704754,10.219146],[77.706009,10.21771],[77.706428,10.216654],[77.706792,10.214943],[77.706792,10.213339],[77.706084,10.212494],[77.705247,10.212578],[77.70441,10.213592],[77.703681,10.214141],[77.702351,10.214268],[77.702458,10.212346],[77.703273,10.210234],[77.703338,10.208819],[77.702715,10.207763],[77.701299,10.207066],[77.699604,10.206813],[77.697287,10.206855],[77.6966,10.206011],[77.697973,10.203096],[77.698038,10.201914],[77.696815,10.201196],[77.696815,10.199379],[77.693682,10.197183],[77.693188,10.196972],[77.690978,10.197901],[77.689562,10.198894],[77.687674,10.200794],[77.684476,10.202125],[77.683554,10.201301],[77.681365,10.201386],[77.680528,10.198556],[77.678189,10.197711],[77.67673,10.196571],[77.674778,10.197056],[77.67379,10.195979],[77.67261,10.195916],[77.672653,10.196887],[77.671108,10.195916],[77.670464,10.194733],[77.669048,10.191291],[77.667868,10.189918],[77.665958,10.188693],[77.663469,10.188862],[77.662911,10.189094],[77.662783,10.190763],[77.663684,10.191692],[77.661581,10.193002],[77.660079,10.191185],[77.657933,10.192115],[77.657676,10.194438],[77.655744,10.194987],[77.65523,10.19372],[77.653212,10.19467],[77.652934,10.195325],[77.653127,10.197352],[77.653084,10.198408],[77.651668,10.198007],[77.649415,10.199041],[77.649736,10.200773],[77.645788,10.20185],[77.645187,10.202294],[77.64523,10.20449],[77.643986,10.20487],[77.642441,10.20297],[77.636089,10.207362],[77.632055,10.206349],[77.631454,10.208798],[77.630081,10.210234],[77.625446,10.211037],[77.623901,10.213655],[77.6233,10.215788],[77.623258,10.218386],[77.620726,10.218386],[77.620296,10.21771],[77.619932,10.216295],[77.619095,10.214606],[77.617614,10.213465],[77.615361,10.212642],[77.610168,10.213486],[77.608581,10.212473],[77.60931,10.211797],[77.604632,10.209094],[77.604053,10.206327],[77.60313,10.205525],[77.6018,10.205187],[77.600899,10.20563],[77.600598,10.207996],[77.600062,10.207742],[77.599418,10.206475],[77.598624,10.205757],[77.596435,10.205926],[77.59635,10.203624],[77.596693,10.202252],[77.597337,10.201681],[77.59974,10.201449],[77.601392,10.201132],[77.602465,10.19976],[77.602379,10.19826],[77.600255,10.196]],[[77.599654,10.242881],[77.603645,10.247357],[77.603731,10.248751],[77.604933,10.249849],[77.6015,10.249891],[77.6015,10.251031],[77.60313,10.252805],[77.60253,10.254705],[77.604289,10.256141],[77.604718,10.259942],[77.602401,10.263278],[77.597852,10.256944],[77.597594,10.255592],[77.599869,10.252256],[77.60004,10.249469],[77.6021,10.248497],[77.601585,10.247442],[77.600169,10.246766],[77.599783,10.244739],[77.599482,10.244148],[77.599654,10.242881]],[[77.637205,10.249891],[77.635059,10.249089],[77.635059,10.248413],[77.631884,10.24647],[77.630682,10.246386],[77.630682,10.244866],[77.628794,10.243641],[77.629008,10.241614],[77.628322,10.24098],[77.628365,10.240389],[77.627592,10.240347],[77.626219,10.24229],[77.625532,10.241994],[77.625232,10.241234],[77.622528,10.243007],[77.621756,10.245035],[77.624073,10.246808],[77.626734,10.247906],[77.626476,10.249173],[77.627549,10.249849],[77.627978,10.250905],[77.627592,10.252425],[77.628322,10.252932],[77.629094,10.25441],[77.631068,10.25593],[77.629867,10.257197],[77.629867,10.259562],[77.630811,10.262222],[77.628493,10.261631],[77.625317,10.261251],[77.624588,10.259393],[77.62167,10.259224],[77.621112,10.257535],[77.62064,10.257661],[77.62064,10.259435],[77.619653,10.259815],[77.620983,10.262222],[77.619867,10.262138],[77.618279,10.259519],[77.617464,10.258928],[77.616305,10.259435],[77.615533,10.259139],[77.615018,10.259857],[77.613473,10.260364],[77.613473,10.262687],[77.612743,10.262644],[77.611627,10.260195],[77.609525,10.262898],[77.608752,10.263531],[77.608023,10.263531],[77.608623,10.260702],[77.607937,10.260575],[77.60725,10.262813],[77.605791,10.262898],[77.603688,10.266023],[77.60356,10.267205],[77.601585,10.268261],[77.601542,10.272315],[77.597981,10.275059],[77.597465,10.290007],[77.599697,10.287854],[77.600899,10.285743],[77.603345,10.284603],[77.604976,10.284476],[77.606092,10.283969],[77.609224,10.285658],[77.61313,10.29005],[77.617722,10.28532],[77.618322,10.28663],[77.618194,10.28891],[77.616434,10.29385],[77.617378,10.295201],[77.62536,10.29613],[77.625532,10.298748],[77.626519,10.297861],[77.629824,10.298663],[77.628879,10.295581],[77.629652,10.293385],[77.630467,10.292963],[77.631841,10.291528],[77.632914,10.290979],[77.632227,10.285236],[77.6336,10.284729],[77.636604,10.281394],[77.638922,10.280296],[77.637377,10.279367],[77.637463,10.277297],[77.63566,10.274975],[77.636218,10.269908],[77.638836,10.268852],[77.638707,10.267923],[77.636347,10.265685],[77.635488,10.264376],[77.635617,10.257873],[77.636905,10.25821],[77.637248,10.257704],[77.637119,10.256521],[77.638235,10.256226],[77.639694,10.257492],[77.640595,10.257788],[77.640982,10.257366],[77.640638,10.255803],[77.641539,10.254241],[77.636948,10.252298],[77.637205,10.249891]],[[77.660894,10.210445],[77.662868,10.211713],[77.664499,10.210023],[77.667675,10.211882],[77.667675,10.21298],[77.668877,10.213909],[77.66819,10.214922],[77.669048,10.219822],[77.670336,10.219653],[77.670422,10.220751],[77.673426,10.221004],[77.674799,10.222271],[77.676086,10.222356],[77.682095,10.22413],[77.683468,10.226241],[77.68527,10.226664],[77.684455,10.230971],[77.680979,10.232112],[77.677417,10.231732],[77.675056,10.230296],[77.675185,10.232238],[77.676902,10.232407],[77.676902,10.233885],[77.677417,10.234645],[77.676129,10.235364],[77.674971,10.23435],[77.674241,10.235068],[77.675099,10.235997],[77.674584,10.236968],[77.67261,10.234815],[77.671623,10.235659],[77.670593,10.235279],[77.669306,10.236377],[77.669134,10.239038],[77.668233,10.240009],[77.668576,10.242205],[77.670422,10.242458],[77.671108,10.244992],[77.665401,10.245795],[77.660251,10.247948],[77.65626,10.247906],[77.656088,10.242078],[77.656345,10.239587],[77.656989,10.239375],[77.656045,10.238235],[77.653642,10.238995],[77.652226,10.23794],[77.651238,10.238446],[77.650165,10.243514],[77.650165,10.244739],[77.648363,10.246977],[77.64832,10.245119],[77.647591,10.245119],[77.646732,10.246344],[77.645273,10.246386],[77.644973,10.247695],[77.643599,10.247653],[77.642097,10.244063],[77.640638,10.241656],[77.642355,10.241529],[77.644115,10.239925],[77.643299,10.239291],[77.643428,10.238489],[77.644587,10.238531],[77.644458,10.236884],[77.645745,10.236842],[77.645316,10.235701],[77.644758,10.235237],[77.645273,10.234012],[77.646518,10.234139],[77.647419,10.233632],[77.647977,10.233928],[77.647333,10.235237],[77.650123,10.234983],[77.65111,10.232661],[77.650251,10.2319],[77.650123,10.228986],[77.648964,10.228775],[77.648406,10.229197],[77.647505,10.229155],[77.647891,10.227973],[77.646647,10.227593],[77.646131,10.22793],[77.644029,10.22641],[77.645402,10.225016],[77.647376,10.226621],[77.648106,10.225565],[77.647119,10.224214],[77.648234,10.220878],[77.646775,10.219948],[77.646904,10.219019],[77.649436,10.216527],[77.649822,10.214373],[77.651796,10.213866],[77.653942,10.213951],[77.655873,10.212135],[77.660894,10.210445]],[[77.424345,10.159843],[77.426491,10.152662],[77.43473,10.146494],[77.445974,10.154858],[77.455501,10.176148],[77.453012,10.178429],[77.452068,10.181133],[77.449665,10.181977],[77.428722,10.172431],[77.431383,10.169643],[77.433786,10.168038],[77.436876,10.167447],[77.43679,10.165841],[77.424345,10.159843]]]]}},{"type":"Feature","properties":{"osmId":"relation/9762728","name":"Great Living Chola Temples","nameLocal":"Great Living Chola Temples","nameTa":null,"source":"(c) OpenStreetMap contributors, ODbL 1.0","protectClass":"22","designation":"protected_area","extendsOverWater":false},"geometry":{"type":"MultiPolygon","coordinates":[[[[79.130422,10.782846],[79.130803,10.781794],[79.132923,10.782545],[79.132527,10.783606],[79.130422,10.782846]]],[[[79.357173,10.949159],[79.356533,10.949158],[79.356532,10.949427],[79.357172,10.949428],[79.357173,10.949159]]],[[[79.357039,10.948273],[79.358076,10.948274],[79.358075,10.948537],[79.356066,10.948711],[79.356064,10.948092],[79.357038,10.948089],[79.357039,10.948273]]],[[[79.449659,11.206216],[79.449669,11.206782],[79.448796,11.20678],[79.448782,11.206935],[79.447933,11.206764],[79.44793,11.20626],[79.447821,11.206222],[79.447928,11.205777],[79.449509,11.205773],[79.449589,11.205669],[79.449736,11.205768],[79.449659,11.206216]]],[[[79.449659,11.206216],[79.449669,11.206782],[79.448796,11.20678],[79.448782,11.206935],[79.447933,11.206764],[79.44793,11.20626],[79.447821,11.206222],[79.447928,11.205777],[79.449509,11.205773],[79.449589,11.205669],[79.449736,11.205768],[79.449659,11.206216]]]]}},{"type":"Feature","properties":{"osmId":"relation/15434166","name":"Wilpattu National Park","nameLocal":null,"nameTa":"வில்பத்து தேசிய வனம்","source":"(c) OpenStreetMap contributors, ODbL 1.0","protectClass":"2","designation":"National Park","extendsOverWater":true},"geometry":{"type":"MultiPolygon","coordinates":[[[[80.115164,8.649661],[80.114546,8.649602],[80.114323,8.649866],[80.113305,8.650176],[80.11309,8.650586],[80.112166,8.650566],[80.111923,8.650277],[80.111687,8.650279],[80.111461,8.650576],[80.111456,8.65121],[80.110194,8.652053],[80.109472,8.651827],[80.109212,8.651372],[80.108746,8.651269],[80.108542,8.650848],[80.108269,8.650833],[80.107924,8.65115],[80.107139,8.65132],[80.106169,8.651011],[80.105648,8.651217],[80.105171,8.650809],[80.104794,8.65132],[80.104325,8.65136],[80.104032,8.651843],[80.103501,8.65208],[80.103517,8.6526],[80.103008,8.652572],[80.102174,8.652853],[80.101993,8.653032],[80.101797,8.653749],[80.101504,8.654066],[80.100754,8.654018],[80.10031,8.654367],[80.099712,8.654189],[80.099035,8.654447],[80.098389,8.653884],[80.097748,8.654134],[80.097563,8.653579],[80.097366,8.653499],[80.09652,8.653682],[80.09541,8.653444],[80.094989,8.652917],[80.094608,8.653079],[80.094147,8.653028],[80.092675,8.653598],[80.092466,8.654343],[80.091929,8.654629],[80.091677,8.655013],[80.090831,8.654756],[80.09055,8.654827],[80.090229,8.655414],[80.090175,8.655836],[80.089842,8.656189],[80.089443,8.656249],[80.089118,8.655964],[80.087707,8.656093],[80.086654,8.656812],[80.086105,8.656949],[80.085622,8.65729],[80.085374,8.657194],[80.084752,8.656254],[80.083373,8.6552],[80.081121,8.65436],[80.080467,8.654766],[80.079499,8.654381],[80.079295,8.654426],[80.079021,8.654697],[80.079115,8.655153],[80.078996,8.655834],[80.078654,8.656492],[80.077978,8.656505],[80.077894,8.656072],[80.077269,8.656371],[80.076793,8.656413],[80.076701,8.657596],[80.075503,8.657928],[80.0751,8.65824],[80.074756,8.6583],[80.07435,8.658676],[80.073459,8.659092],[80.072418,8.660155],[80.070947,8.660471],[80.069748,8.661452],[80.069314,8.661334],[80.068933,8.660729],[80.068209,8.660681],[80.067906,8.661041],[80.067674,8.661083],[80.067081,8.660447],[80.06653,8.660593],[80.065896,8.660367],[80.065332,8.661077],[80.064559,8.661255],[80.06414,8.661641],[80.063468,8.661671],[80.063507,8.662352],[80.063391,8.662531],[80.063117,8.662588],[80.062769,8.661948],[80.06246,8.66198],[80.062293,8.662432],[80.062892,8.663826],[80.062063,8.66437],[80.061615,8.664855],[80.061148,8.665886],[80.060348,8.66609],[80.059851,8.666593],[80.058912,8.666587],[80.058505,8.667263],[80.057293,8.668162],[80.056644,8.668425],[80.055469,8.668479],[80.054772,8.668976],[80.054257,8.669564],[80.05342,8.669821],[80.052957,8.670176],[80.050805,8.670254],[80.050248,8.670032],[80.049823,8.670032],[80.049254,8.670913],[80.048502,8.671368],[80.047756,8.672948],[80.046889,8.673439],[80.046301,8.674236],[80.044932,8.674254],[80.044014,8.674673],[80.043456,8.674727],[80.048704,8.65845],[80.049981,8.654914],[80.051499,8.649593],[80.052389,8.645752],[80.055066,8.638805],[80.055308,8.636987],[80.054932,8.623806],[80.054085,8.614258],[80.05394,8.610186],[80.052679,8.605674],[80.052642,8.603244],[80.052003,8.598368],[80.052084,8.596603],[80.051681,8.593916],[80.051445,8.587741],[80.051901,8.583745],[80.051767,8.58014],[80.052245,8.576422],[80.052186,8.569878],[80.051665,8.564942],[80.051429,8.556837],[80.051081,8.55357],[80.050415,8.549412],[80.050523,8.547277],[80.050501,8.537863],[80.0507,8.535503],[80.050292,8.530058],[80.050228,8.525006],[80.048336,8.525395],[80.046058,8.525371],[80.043845,8.524716],[80.041679,8.524417],[80.039902,8.524945],[80.038755,8.525526],[80.036885,8.526035],[80.035483,8.526121],[80.034034,8.525896],[80.030988,8.527586],[80.028695,8.528332],[80.027847,8.528801],[80.026705,8.529012],[80.021865,8.531719],[80.020276,8.532386],[80.018913,8.532584],[80.017692,8.532982],[80.015368,8.53307],[80.013998,8.533367],[80.013144,8.533334],[80.011267,8.534261],[80.010292,8.534354],[80.009524,8.534902],[80.009544,8.536321],[80.008089,8.535859],[80.007915,8.535865],[80.007615,8.536202],[80.006313,8.539571],[80.006146,8.540616],[80.005531,8.541778],[80.005184,8.542796],[80.00461,8.543469],[80.004049,8.543859],[80.00111,8.545332],[79.999299,8.546059],[79.998197,8.546237],[79.996795,8.546237],[79.995058,8.545848],[79.994409,8.545561],[79.993781,8.54494],[79.991631,8.543725],[79.990768,8.543388],[79.990066,8.543296],[79.989238,8.543441],[79.98843,8.543778],[79.987542,8.544399],[79.984355,8.547609],[79.979974,8.551413],[79.977516,8.552774],[79.975315,8.553058],[79.971108,8.552054],[79.968747,8.550931],[79.96681,8.550403],[79.965601,8.55041],[79.963046,8.550746],[79.960755,8.551387],[79.959145,8.55208],[79.956647,8.552034],[79.955846,8.552146],[79.955264,8.552369],[79.954609,8.55287],[79.95236,8.555217],[79.950949,8.55621],[79.950112,8.556983],[79.949285,8.558257],[79.94901,8.55971],[79.948808,8.560025],[79.947227,8.560502],[79.946867,8.560467],[79.946202,8.559932],[79.945346,8.559492],[79.945176,8.559193],[79.945204,8.558464],[79.944885,8.558026],[79.943621,8.557757],[79.942313,8.558122],[79.941163,8.557794],[79.940325,8.557121],[79.939552,8.556114],[79.939177,8.555878],[79.936228,8.556266],[79.935888,8.556495],[79.935303,8.557436],[79.934697,8.557605],[79.933349,8.557685],[79.932957,8.557849],[79.931661,8.559122],[79.931087,8.560166],[79.93085,8.561104],[79.930539,8.563593],[79.930108,8.564115],[79.927338,8.565789],[79.925803,8.566332],[79.925286,8.566301],[79.92331,8.565261],[79.919818,8.56623],[79.919573,8.563243],[79.919389,8.562954],[79.919847,8.560385],[79.919886,8.559351],[79.919714,8.557771],[79.919081,8.554883],[79.918421,8.55318],[79.917433,8.551377],[79.916542,8.550209],[79.915048,8.548631],[79.914462,8.548648],[79.912725,8.547787],[79.912394,8.547816],[79.912047,8.548121],[79.910912,8.548106],[79.910114,8.548468],[79.908885,8.548093],[79.908071,8.548332],[79.907258,8.548417],[79.906775,8.548321],[79.905211,8.546963],[79.904297,8.5468],[79.903656,8.546923],[79.902132,8.545581],[79.901608,8.545482],[79.90147,8.545823],[79.901263,8.545919],[79.901326,8.546058],[79.901195,8.546031],[79.901078,8.545533],[79.900484,8.544535],[79.89958,8.543598],[79.899143,8.54336],[79.897027,8.541507],[79.895659,8.541],[79.894307,8.540199],[79.893599,8.539951],[79.893066,8.539903],[79.892608,8.540108],[79.891546,8.540018],[79.890005,8.538735],[79.888389,8.537909],[79.88774,8.537922],[79.887615,8.538083],[79.884721,8.536744],[79.884266,8.536913],[79.882242,8.536404],[79.88053,8.536247],[79.878743,8.536382],[79.877437,8.536656],[79.876088,8.537238],[79.875454,8.537727],[79.875002,8.539186],[79.874507,8.540221],[79.873913,8.540043],[79.873349,8.539553],[79.872737,8.539439],[79.870803,8.536236],[79.87014,8.53438],[79.870121,8.533916],[79.869853,8.533478],[79.869795,8.532256],[79.869554,8.531803],[79.869412,8.530925],[79.86866,8.52975],[79.86872,8.527938],[79.868613,8.527443],[79.868867,8.527268],[79.868817,8.526976],[79.869144,8.526633],[79.869317,8.52606],[79.869069,8.525618],[79.86903,8.524976],[79.868626,8.524061],[79.868468,8.522974],[79.86817,8.522179],[79.868519,8.520215],[79.868449,8.519154],[79.867784,8.517809],[79.867292,8.51733],[79.867064,8.516825],[79.867451,8.513833],[79.86681,8.51031],[79.867339,8.508673],[79.867363,8.507315],[79.86696,8.504156],[79.86666,8.503193],[79.866585,8.500259],[79.865343,8.497572],[79.865179,8.496521],[79.865477,8.494677],[79.865297,8.494078],[79.86555,8.493348],[79.865485,8.492213],[79.865783,8.491428],[79.865289,8.489937],[79.865721,8.488629],[79.865882,8.487268],[79.865413,8.484395],[79.865544,8.48366],[79.865524,8.482124],[79.86458,8.478312],[79.8637,8.476869],[79.863156,8.476275],[79.862729,8.476109],[79.862733,8.476405],[79.862908,8.476632],[79.862807,8.476746],[79.862391,8.476421],[79.861875,8.474778],[79.862021,8.473647],[79.862541,8.472813],[79.862629,8.472413],[79.86219,8.469332],[79.862405,8.468096],[79.862429,8.466431],[79.862714,8.46552],[79.862708,8.464901],[79.862914,8.464104],[79.863581,8.462412],[79.864578,8.457104],[79.864489,8.456502],[79.864739,8.453738],[79.864563,8.452324],[79.863827,8.450867],[79.861862,8.448458],[79.86063,8.447503],[79.858401,8.446399],[79.858104,8.44581],[79.857379,8.445391],[79.855223,8.443245],[79.853431,8.442223],[79.852919,8.442223],[79.852533,8.441915],[79.851219,8.441459],[79.847716,8.440618],[79.847927,8.441151],[79.847694,8.441104],[79.847313,8.439352],[79.847598,8.437445],[79.846492,8.434956],[79.844626,8.429621],[79.844593,8.429297],[79.844923,8.428304],[79.844918,8.427248],[79.844569,8.426248],[79.844154,8.42581],[79.843802,8.424425],[79.843201,8.423393],[79.843006,8.422263],[79.842984,8.418697],[79.84277,8.417646],[79.842815,8.416548],[79.843622,8.414276],[79.843692,8.41355],[79.844309,8.412241],[79.844017,8.409845],[79.844384,8.406311],[79.844277,8.404947],[79.844414,8.403889],[79.844677,8.403199],[79.844644,8.402663],[79.844381,8.402044],[79.844564,8.398592],[79.844862,8.39781],[79.84488,8.395467],[79.845342,8.394636],[79.846039,8.39203],[79.845878,8.390433],[79.845495,8.389769],[79.844728,8.385314],[79.844854,8.383489],[79.845403,8.3817],[79.845446,8.380599],[79.845369,8.380005],[79.844786,8.378418],[79.844749,8.377797],[79.844966,8.377354],[79.844835,8.376634],[79.844953,8.375602],[79.844744,8.372561],[79.8451,8.369775],[79.844942,8.367262],[79.845009,8.364842],[79.845425,8.363308],[79.845127,8.361647],[79.844808,8.361193],[79.845369,8.35834],[79.845232,8.355583],[79.845712,8.353871],[79.846272,8.352889],[79.846248,8.351406],[79.846125,8.350931],[79.845369,8.350257],[79.84374,8.349495],[79.842271,8.347741],[79.83965,8.346348],[79.839151,8.345751],[79.837314,8.341714],[79.837252,8.341024],[79.837612,8.340008],[79.837169,8.338962],[79.838553,8.337524],[79.839457,8.335476],[79.839562,8.33465],[79.839464,8.332722],[79.838969,8.332046],[79.838663,8.332057],[79.838529,8.332205],[79.838532,8.332572],[79.83887,8.333461],[79.838902,8.333917],[79.83869,8.333962],[79.838215,8.33297],[79.83655,8.330892],[79.836139,8.329788],[79.836061,8.329106],[79.834704,8.327715],[79.833732,8.327021],[79.83372,8.326149],[79.832448,8.324536],[79.832784,8.32258],[79.833521,8.321367],[79.833569,8.319881],[79.83438,8.31965],[79.834626,8.319387],[79.835686,8.3175],[79.836823,8.315053],[79.837464,8.313089],[79.83748,8.311595],[79.83696,8.310384],[79.836134,8.309463],[79.835863,8.3094],[79.835498,8.309562],[79.835176,8.30945],[79.834929,8.308917],[79.835206,8.307393],[79.835013,8.306117],[79.835372,8.305127],[79.836018,8.304702],[79.836783,8.303609],[79.83682,8.303354],[79.836504,8.302478],[79.836831,8.301586],[79.83667,8.301241],[79.836279,8.300907],[79.835377,8.300758],[79.833881,8.301172],[79.832883,8.302027],[79.832743,8.302335],[79.832534,8.302271],[79.832497,8.302117],[79.833065,8.298247],[79.834555,8.296726],[79.835546,8.296159],[79.838488,8.295187],[79.839585,8.294583],[79.841982,8.292454],[79.843443,8.292464],[79.844734,8.293075],[79.846014,8.293966],[79.847638,8.295538],[79.847724,8.295925],[79.84752,8.296297],[79.846828,8.296769],[79.846753,8.297135],[79.846919,8.297395],[79.847632,8.297358],[79.847767,8.297756],[79.848115,8.297852],[79.848528,8.297778],[79.848855,8.297454],[79.849157,8.296705],[79.849569,8.296535],[79.849918,8.296679],[79.850046,8.296854],[79.850025,8.297257],[79.850478,8.297613],[79.850894,8.297464],[79.851463,8.296466],[79.852401,8.296121],[79.852777,8.296196],[79.853426,8.296928],[79.854035,8.296915],[79.854402,8.29657],[79.854976,8.29635],[79.855379,8.295405],[79.855668,8.29515],[79.855963,8.295145],[79.856688,8.295851],[79.858077,8.295336],[79.858517,8.295272],[79.858753,8.295484],[79.858833,8.295909],[79.858705,8.29618],[79.857782,8.29695],[79.857852,8.297618],[79.858195,8.297772],[79.858662,8.297724],[79.859718,8.297417],[79.860094,8.297682],[79.860185,8.297974],[79.860829,8.297963],[79.861494,8.298377],[79.861797,8.298176],[79.86234,8.298196],[79.862562,8.298319],[79.862771,8.298879],[79.863028,8.299025],[79.863358,8.29873],[79.863779,8.298643],[79.864324,8.29877],[79.864282,8.299549],[79.864528,8.299838],[79.864809,8.299917],[79.865032,8.299826],[79.865126,8.299083],[79.865422,8.298887],[79.867819,8.298685],[79.868596,8.298919],[79.869948,8.298569],[79.870544,8.298792],[79.870898,8.299163],[79.871488,8.299089],[79.871639,8.298664],[79.871332,8.298239],[79.871219,8.297793],[79.871568,8.297234],[79.87188,8.297183],[79.872112,8.297347],[79.872569,8.298238],[79.872818,8.298372],[79.873135,8.298321],[79.873709,8.297793],[79.874018,8.297044],[79.874622,8.296736],[79.875704,8.29725],[79.877068,8.298786],[79.87895,8.298866],[79.879402,8.298796],[79.87984,8.298332],[79.88019,8.296583],[79.880103,8.29618],[79.879599,8.295819],[79.879482,8.295569],[79.880001,8.29418],[79.880304,8.293788],[79.88142,8.293469],[79.882743,8.292623],[79.883505,8.291789],[79.884159,8.291455],[79.884956,8.291488],[79.886144,8.292044],[79.886734,8.292623],[79.887105,8.293477],[79.887348,8.29455],[79.887672,8.295145],[79.88937,8.296331],[79.890188,8.296541],[79.891466,8.296408],[79.892999,8.295776],[79.893675,8.295776],[79.894749,8.296153],[79.895714,8.296307],[79.897795,8.295808],[79.90037,8.296137],[79.90169,8.295834],[79.903964,8.295649],[79.906229,8.294879],[79.90699,8.294386],[79.907623,8.293722],[79.907934,8.292782],[79.907633,8.292092],[79.905714,8.291025],[79.905423,8.290213],[79.90552,8.289396],[79.90581,8.28861],[79.906443,8.288021],[79.916035,8.284124],[79.917321,8.283779],[79.918233,8.283758],[79.919542,8.284417],[79.920175,8.285213],[79.920354,8.28577],[79.920326,8.287113],[79.92082,8.287967],[79.921083,8.289969],[79.921361,8.29084],[79.92171,8.291199],[79.922501,8.291346],[79.923184,8.29118],[79.924248,8.290525],[79.925107,8.289742],[79.925647,8.288414],[79.926051,8.287861],[79.928006,8.286764],[79.928569,8.286541],[79.930125,8.286299],[79.932143,8.286247],[79.933422,8.285959],[79.934467,8.285402],[79.935169,8.284673],[79.93762,8.283041],[79.938426,8.28274],[79.94193,8.282735],[79.942705,8.282642],[79.943557,8.282253],[79.94737,8.27832],[79.948774,8.273342],[79.948949,8.270459],[79.949465,8.269014],[79.949926,8.266235],[79.950639,8.264574],[79.952255,8.261913],[79.953274,8.260968],[79.955527,8.259758],[79.956332,8.259121],[79.957179,8.257433],[79.95734,8.256477],[79.956814,8.255214],[79.956417,8.254672],[79.95586,8.254407],[79.95542,8.253833],[79.954905,8.252867],[79.954878,8.252119],[79.953719,8.250446],[79.953537,8.249836],[79.953692,8.248901],[79.954111,8.248164],[79.955269,8.245021],[79.957061,8.24312],[79.960859,8.241357],[79.96323,8.240614],[79.968069,8.241294],[79.97042,8.241115],[79.973305,8.239924],[79.975933,8.238076],[79.977832,8.237768],[79.979887,8.237747],[79.981359,8.238039],[79.981606,8.237941],[79.98472,8.23823],[79.985487,8.238018],[79.987021,8.237344],[79.98796,8.236643],[79.990208,8.235884],[79.99193,8.234742],[79.99423,8.230915],[79.995063,8.230251],[79.9962,8.228934],[79.997678,8.228255],[80.001023,8.227652],[80.002152,8.227872],[80.003517,8.228592],[80.005645,8.228572],[80.007443,8.229007],[80.008287,8.228935],[80.010138,8.228081],[80.012039,8.226647],[80.012772,8.226411],[80.014206,8.226253],[80.016935,8.224874],[80.018346,8.224476],[80.020445,8.224997],[80.021196,8.22505],[80.0216,8.225048],[80.02224,8.224687],[80.022698,8.224616],[80.024127,8.225086],[80.025554,8.225211],[80.026106,8.225468],[80.026598,8.225908],[80.028231,8.226868],[80.029063,8.228511],[80.030219,8.229762],[80.031136,8.230486],[80.032493,8.232565],[80.032941,8.232835],[80.034571,8.235599],[80.03547,8.236269],[80.035927,8.236414],[80.037191,8.236504],[80.037886,8.236413],[80.038929,8.235942],[80.039807,8.234728],[80.040709,8.23397],[80.041367,8.233173],[80.042978,8.232376],[80.04444,8.231379],[80.046491,8.229114],[80.048354,8.227498],[80.051534,8.2256],[80.055775,8.223589],[80.056946,8.222749],[80.058009,8.222546],[80.05894,8.221154],[80.059451,8.22063],[80.060986,8.219907],[80.061733,8.219796],[80.063211,8.219181],[80.064149,8.21915],[80.066397,8.219634],[80.069575,8.220964],[80.070683,8.22165],[80.0728,8.222484],[80.074243,8.222759],[80.076371,8.222725],[80.07858,8.223558],[80.079157,8.224507],[80.079166,8.22512],[80.079398,8.225393],[80.079451,8.225856],[80.080278,8.226863],[80.080376,8.227219],[80.081055,8.227417],[80.083449,8.229658],[80.084721,8.230525],[80.085016,8.231136],[80.084812,8.232354],[80.085092,8.232938],[80.085789,8.232881],[80.086219,8.232583],[80.086459,8.232583],[80.086727,8.2329],[80.087007,8.23291],[80.087226,8.232731],[80.089264,8.232384],[80.089721,8.232621],[80.090299,8.232542],[80.090648,8.232731],[80.091133,8.232711],[80.091693,8.232444],[80.09217,8.23272],[80.092618,8.232226],[80.092995,8.232285],[80.093568,8.231951],[80.094012,8.232157],[80.094538,8.232088],[80.094984,8.232343],[80.095192,8.232541],[80.095283,8.233144],[80.097199,8.234131],[80.09773,8.234562],[80.097526,8.235042],[80.09752,8.235478],[80.097789,8.236611],[80.09752,8.237522],[80.098009,8.239056],[80.097681,8.240224],[80.09774,8.240925],[80.097365,8.242825],[80.097595,8.244158],[80.097553,8.245995],[80.096131,8.246171],[80.095015,8.246528],[80.094234,8.247868],[80.094177,8.248893],[80.094651,8.250429],[80.093972,8.25122],[80.094041,8.252996],[80.093874,8.253341],[80.094037,8.25348],[80.094037,8.255263],[80.093904,8.256483],[80.093005,8.258796],[80.091491,8.260023],[80.091548,8.260459],[80.091419,8.260879],[80.091548,8.261547],[80.09184,8.261716],[80.092041,8.262073],[80.092573,8.26211],[80.093001,8.262692],[80.094014,8.263604],[80.094336,8.263668],[80.094386,8.264303],[80.094135,8.264441],[80.093828,8.265117],[80.093544,8.265436],[80.09269,8.26565],[80.09233,8.265605],[80.091871,8.26648],[80.09203,8.266975],[80.092303,8.267058],[80.092891,8.267643],[80.093274,8.268751],[80.093487,8.270658],[80.093718,8.270939],[80.09481,8.270962],[80.095573,8.271232],[80.097159,8.271041],[80.097488,8.270812],[80.097451,8.269963],[80.097128,8.269779],[80.097272,8.269588],[80.097564,8.269558],[80.09739,8.26877],[80.096673,8.268458],[80.096495,8.26815],[80.097043,8.266205],[80.097027,8.263495],[80.097319,8.261852],[80.097531,8.261114],[80.098145,8.260955],[80.099009,8.259673],[80.099808,8.259145],[80.100283,8.259248],[80.100838,8.258503],[80.101785,8.258404],[80.10163,8.255532],[80.10186,8.255357],[80.102917,8.255962],[80.10399,8.256307],[80.105908,8.256483],[80.107418,8.255983],[80.107555,8.256044],[80.10866,8.257603],[80.109172,8.257839],[80.109373,8.258176],[80.109255,8.258991],[80.109601,8.259153],[80.110392,8.259092],[80.110829,8.258572],[80.111371,8.258704],[80.112082,8.258553],[80.113477,8.258667],[80.114381,8.260706],[80.11507,8.260634],[80.11647,8.262006],[80.118458,8.262864],[80.12015,8.262635],[80.120244,8.26207],[80.120928,8.262067],[80.121802,8.26284],[80.122325,8.262688],[80.122449,8.26207],[80.122325,8.261409],[80.1228,8.260244],[80.123355,8.259527],[80.124141,8.259761],[80.124603,8.259267],[80.124847,8.25936],[80.124941,8.26039],[80.125651,8.260544],[80.126389,8.261191],[80.126182,8.261592],[80.126357,8.261945],[80.126783,8.262139],[80.126826,8.26241],[80.127076,8.262627],[80.128334,8.261868],[80.128736,8.262022],[80.129138,8.261908],[80.129361,8.261536],[80.129616,8.261648],[80.129712,8.262282],[80.130321,8.263055],[80.131354,8.26349],[80.132537,8.263206],[80.133019,8.263947],[80.132939,8.26482],[80.131888,8.26676],[80.130774,8.268164],[80.130055,8.268586],[80.129476,8.269239],[80.128414,8.269531],[80.128122,8.270789],[80.128502,8.272409],[80.128173,8.273807],[80.128296,8.274243],[80.127781,8.276446],[80.128215,8.27773],[80.128905,8.278866],[80.128618,8.280454],[80.128629,8.281444],[80.128022,8.282559],[80.127902,8.283076],[80.128564,8.284377],[80.128819,8.285245],[80.12869,8.286208],[80.1281,8.287681],[80.128116,8.289091],[80.127864,8.291225],[80.12971,8.293199],[80.130144,8.293998],[80.130337,8.295508],[80.130026,8.296655],[80.130825,8.296979],[80.131788,8.296841],[80.13281,8.296973],[80.133161,8.299078],[80.132604,8.300325],[80.132462,8.301066],[80.132086,8.301106],[80.131359,8.300639],[80.12997,8.300363],[80.129133,8.300753],[80.128425,8.302401],[80.128798,8.30298],[80.129294,8.303383],[80.128886,8.30454],[80.129109,8.305397],[80.12825,8.306727],[80.128307,8.307985],[80.127226,8.309174],[80.12762,8.310462],[80.12891,8.310442],[80.129226,8.311943],[80.129058,8.312868],[80.129202,8.313182],[80.129718,8.31343],[80.13014,8.313354],[80.130582,8.31357],[80.130825,8.313536],[80.13123,8.313261],[80.131288,8.312355],[80.132035,8.311594],[80.132391,8.311509],[80.132961,8.311635],[80.134279,8.313285],[80.134857,8.313165],[80.135819,8.310676],[80.137094,8.310446],[80.137522,8.310029],[80.137822,8.308744],[80.137551,8.307717],[80.13825,8.306458],[80.13935,8.306422],[80.139726,8.306052],[80.140536,8.305671],[80.140629,8.304234],[80.142798,8.304382],[80.143482,8.305004],[80.143697,8.305486],[80.142888,8.306975],[80.142487,8.308151],[80.142361,8.310592],[80.142501,8.311089],[80.143106,8.311024],[80.143433,8.310774],[80.145028,8.308617],[80.145668,8.30806],[80.146309,8.307771],[80.14687,8.307737],[80.147463,8.307973],[80.14795,8.308385],[80.148636,8.308473],[80.149389,8.308087],[80.149818,8.307602],[80.150329,8.308638],[80.151393,8.309661],[80.152154,8.309781],[80.15262,8.310019],[80.15349,8.310883],[80.154669,8.31174],[80.155447,8.312606],[80.156016,8.31294],[80.156824,8.313721],[80.157422,8.315062],[80.158968,8.316237],[80.159461,8.316268],[80.161961,8.315542],[80.165473,8.315091],[80.166652,8.315515],[80.167134,8.31588],[80.167419,8.316422],[80.168468,8.317171],[80.16983,8.317304],[80.170365,8.31783],[80.170804,8.318787],[80.171071,8.319029],[80.173183,8.319448],[80.172972,8.319979],[80.172311,8.320444],[80.172018,8.321379],[80.170991,8.322038],[80.170155,8.321932],[80.169661,8.322251],[80.168717,8.323716],[80.168631,8.324544],[80.168288,8.324989],[80.167987,8.326773],[80.167558,8.327473],[80.167494,8.329023],[80.167816,8.33051],[80.168652,8.332314],[80.169168,8.33276],[80.17215,8.333376],[80.173231,8.335013],[80.173438,8.335775],[80.173352,8.336157],[80.173008,8.336178],[80.172386,8.335456],[80.170283,8.336199],[80.170176,8.336624],[80.169918,8.336773],[80.168459,8.337049],[80.167944,8.337282],[80.166399,8.337431],[80.165842,8.337219],[80.165176,8.337282],[80.163438,8.338036],[80.162419,8.336529],[80.162087,8.336284],[80.161807,8.336284],[80.160713,8.337452],[80.159469,8.337718],[80.158685,8.338185],[80.158653,8.338323],[80.15979,8.340371],[80.159705,8.340637],[80.159383,8.34086],[80.157741,8.341051],[80.156851,8.340265],[80.155749,8.33983],[80.154265,8.341173],[80.15373,8.342487],[80.153446,8.342814],[80.151766,8.343391],[80.148238,8.345512],[80.148185,8.345831],[80.148447,8.346585],[80.149694,8.347858],[80.151485,8.348728],[80.151538,8.348968],[80.151212,8.349847],[80.15059,8.350477],[80.149782,8.351854],[80.148925,8.352939],[80.148864,8.354515],[80.14971,8.356396],[80.149641,8.356711],[80.14999,8.357559],[80.14982,8.358272],[80.150161,8.358839],[80.15073,8.358959],[80.150973,8.35882],[80.151546,8.359349],[80.151864,8.36031],[80.152437,8.361323],[80.153476,8.36219],[80.153492,8.362659],[80.1537,8.363027],[80.154205,8.363327],[80.154527,8.363931],[80.1562,8.365481],[80.156025,8.367238],[80.156268,8.367793],[80.156367,8.368821],[80.156712,8.369129],[80.156617,8.369474],[80.156746,8.370525],[80.156936,8.370827],[80.15727,8.370986],[80.156576,8.370726],[80.155874,8.370142],[80.155693,8.36968],[80.155695,8.368946],[80.155352,8.368397],[80.155164,8.367437],[80.154106,8.365598],[80.152094,8.364511],[80.15169,8.364782],[80.151635,8.365141],[80.152342,8.366042],[80.152557,8.366565],[80.152574,8.367101],[80.152163,8.36783],[80.151478,8.368385],[80.150999,8.368469],[80.150298,8.36827],[80.14947,8.367578],[80.14832,8.367416],[80.147961,8.367637],[80.147857,8.368177],[80.148246,8.368797],[80.148574,8.369757],[80.148286,8.371499],[80.148639,8.371754],[80.148271,8.372201],[80.14708,8.372307],[80.146557,8.372623],[80.146078,8.373152],[80.14656,8.375013],[80.148051,8.375815],[80.149297,8.376054],[80.149975,8.376494],[80.150953,8.378205],[80.151007,8.379637],[80.153334,8.384629],[80.153624,8.386088],[80.153355,8.386797],[80.152717,8.387209],[80.152395,8.387978],[80.152866,8.393759],[80.155385,8.394074],[80.156681,8.394592],[80.157331,8.395199],[80.159221,8.398932],[80.160898,8.399875],[80.162263,8.400294],[80.163674,8.40048],[80.166662,8.400308],[80.167251,8.400585],[80.167832,8.401293],[80.167525,8.402785],[80.16806,8.403218],[80.167807,8.40718],[80.166964,8.40987],[80.167128,8.410429],[80.16527,8.414768],[80.164732,8.415332],[80.162489,8.417034],[80.161159,8.419018],[80.160355,8.42118],[80.16034,8.423604],[80.161875,8.423435],[80.162905,8.423044],[80.163076,8.423098],[80.163209,8.424089],[80.163618,8.424927],[80.163847,8.426655],[80.163192,8.426914],[80.163336,8.428467],[80.16299,8.429011],[80.163262,8.429751],[80.16558,8.432378],[80.166545,8.432762],[80.167548,8.432813],[80.167382,8.43493],[80.170741,8.435093],[80.172129,8.438686],[80.170055,8.439914],[80.169068,8.441616],[80.168866,8.443393],[80.169363,8.446147],[80.169818,8.44707],[80.170836,8.44814],[80.170559,8.451354],[80.16926,8.45216],[80.168895,8.453257],[80.167444,8.456266],[80.164596,8.456117],[80.162266,8.455655],[80.160301,8.456512],[80.158525,8.457607],[80.157692,8.458283],[80.15727,8.458975],[80.157365,8.459712],[80.157087,8.460031],[80.156111,8.462022],[80.153822,8.463757],[80.152026,8.464489],[80.151145,8.46513],[80.150171,8.465368],[80.147038,8.466983],[80.146222,8.467097],[80.145981,8.467781],[80.145177,8.468187],[80.144584,8.469468],[80.144327,8.470168],[80.144464,8.47125],[80.144204,8.472444],[80.142599,8.473963],[80.142051,8.474186],[80.14155,8.474662],[80.14008,8.47672],[80.138707,8.478067],[80.138548,8.479033],[80.138614,8.480888],[80.138335,8.482796],[80.137367,8.484929],[80.136296,8.485764],[80.134826,8.487422],[80.126397,8.49462],[80.124525,8.495564],[80.120302,8.494288],[80.119346,8.494742],[80.119294,8.495161],[80.11883,8.495815],[80.118649,8.496429],[80.118559,8.49759],[80.118902,8.498628],[80.119551,8.499291],[80.119275,8.501149],[80.119895,8.502035],[80.121778,8.502887],[80.123859,8.504408],[80.124757,8.505386],[80.129435,8.508816],[80.131518,8.510724],[80.132591,8.512633],[80.13614,8.5137],[80.136668,8.514091],[80.13703,8.514817],[80.137023,8.515672],[80.137683,8.517862],[80.138293,8.51776],[80.13821,8.516433],[80.138327,8.515798],[80.140604,8.513834],[80.148668,8.514391],[80.15092,8.514051],[80.152274,8.51434],[80.153913,8.515377],[80.156984,8.513981],[80.161519,8.513631],[80.164642,8.513599],[80.166971,8.514861],[80.169641,8.514988],[80.169946,8.514921],[80.170416,8.514472],[80.171906,8.515008],[80.172467,8.515453],[80.17366,8.517148],[80.174383,8.517883],[80.174741,8.518953],[80.175334,8.519191],[80.175543,8.519043],[80.175969,8.518021],[80.175844,8.515457],[80.175608,8.51398],[80.175758,8.513585],[80.175969,8.513444],[80.182628,8.51386],[80.184045,8.5138],[80.184815,8.514039],[80.185359,8.51467],[80.186158,8.514805],[80.186557,8.51466],[80.187015,8.514128],[80.187367,8.51395],[80.189399,8.513925],[80.191126,8.513696],[80.19301,8.513836],[80.195393,8.513355],[80.196166,8.513366],[80.197311,8.513867],[80.197788,8.51458],[80.199304,8.518925],[80.199768,8.519138],[80.200362,8.519095],[80.201008,8.518826],[80.201536,8.518242],[80.202239,8.517767],[80.202656,8.517031],[80.202758,8.51604],[80.202628,8.514235],[80.202793,8.513891],[80.203213,8.513654],[80.204364,8.513595],[80.207077,8.514001],[80.212109,8.513001],[80.212709,8.512681],[80.21474,8.512507],[80.21771,8.511997],[80.220198,8.510631],[80.221309,8.510509],[80.223392,8.511717],[80.22625,8.514005],[80.229215,8.515346],[80.230619,8.520119],[80.23166,8.522791],[80.23241,8.523393],[80.23321,8.524436],[80.232905,8.525793],[80.233031,8.526238],[80.233689,8.526748],[80.23385,8.527739],[80.233524,8.52819],[80.234475,8.531658],[80.234533,8.532668],[80.234221,8.536712],[80.233559,8.537325],[80.232332,8.537597],[80.230384,8.537779],[80.228988,8.540036],[80.229,8.541202],[80.231078,8.541878],[80.232426,8.54313],[80.23248,8.544815],[80.231021,8.547429],[80.231325,8.548907],[80.232992,8.549167],[80.237353,8.54856],[80.238059,8.54913],[80.240913,8.552415],[80.241595,8.553478],[80.242179,8.554428],[80.24267,8.55714],[80.241376,8.558234],[80.239955,8.558663],[80.239759,8.559078],[80.239629,8.559496],[80.240263,8.560951],[80.240175,8.561489],[80.240601,8.562213],[80.240666,8.56281],[80.239494,8.563911],[80.239655,8.565655],[80.238277,8.567256],[80.236348,8.568635],[80.234934,8.571056],[80.233941,8.571162],[80.233651,8.571447],[80.232737,8.571693],[80.232613,8.572238],[80.232307,8.572456],[80.230806,8.572561],[80.230414,8.572977],[80.230036,8.57657],[80.229759,8.577556],[80.229238,8.578258],[80.227596,8.57926],[80.22521,8.579944],[80.223403,8.579232],[80.223101,8.579262],[80.222,8.580073],[80.220083,8.58081],[80.220523,8.581541],[80.223035,8.582778],[80.224207,8.583204],[80.226635,8.583508],[80.227478,8.584148],[80.22792,8.584872],[80.229354,8.589467],[80.229147,8.591005],[80.231006,8.594682],[80.230798,8.595121],[80.229192,8.595831],[80.22866,8.59773],[80.228536,8.600016],[80.230125,8.598951],[80.231873,8.598756],[80.235525,8.601203],[80.236898,8.601718],[80.236444,8.603671],[80.237175,8.607245],[80.239895,8.608119],[80.241062,8.607031],[80.242068,8.609445],[80.242842,8.610479],[80.243745,8.610553],[80.244413,8.60996],[80.246041,8.610392],[80.246816,8.611916],[80.248988,8.613672],[80.251327,8.61267],[80.25293,8.61424],[80.249906,8.615011],[80.247374,8.617005],[80.245571,8.618098],[80.244917,8.619106],[80.244904,8.619389],[80.245443,8.620251],[80.245647,8.620983],[80.245335,8.621821],[80.244367,8.622597],[80.242805,8.624852],[80.241173,8.625672],[80.240908,8.626027],[80.240749,8.626345],[80.240866,8.62829],[80.240593,8.628748],[80.240146,8.628785],[80.238648,8.628414],[80.237672,8.628409],[80.236183,8.62866],[80.23562,8.629899],[80.235705,8.630524],[80.236224,8.630799],[80.23613,8.63111],[80.237331,8.635683],[80.237653,8.636141],[80.238834,8.636969],[80.238072,8.638507],[80.237922,8.639482],[80.237203,8.640405],[80.23775,8.641371],[80.237889,8.642219],[80.237653,8.643725],[80.235486,8.648477],[80.234231,8.650683],[80.232997,8.652476],[80.233104,8.653303],[80.233448,8.654025],[80.234038,8.654884],[80.234628,8.655361],[80.234853,8.655828],[80.2348,8.658649],[80.235154,8.659487],[80.235636,8.659975],[80.237471,8.660272],[80.238201,8.66094],[80.238555,8.66286],[80.238551,8.66342],[80.238304,8.663951],[80.238283,8.665117],[80.237664,8.666148],[80.236259,8.666805],[80.235572,8.667293],[80.235486,8.66793],[80.23584,8.668311],[80.236845,8.66848],[80.237342,8.669086],[80.237532,8.669657],[80.237306,8.670336],[80.235719,8.671959],[80.235837,8.673146],[80.236613,8.673912],[80.237038,8.674875],[80.236995,8.675819],[80.235869,8.678158],[80.235339,8.679985],[80.235372,8.680284],[80.22963,8.678497],[80.226041,8.677767],[80.209374,8.673642],[80.200394,8.670911],[80.194976,8.669779],[80.182037,8.666378],[80.178582,8.665043],[80.172585,8.663889],[80.161775,8.66081],[80.150696,8.65854],[80.136332,8.654614],[80.132486,8.653745],[80.125201,8.651782],[80.117594,8.650167],[80.115722,8.649631],[80.115164,8.649661]]]]}},{"type":"Feature","properties":{"osmId":"relation/17746132","name":"Kalakkad Mundanthurai Tiger Reserve","nameLocal":null,"nameTa":"களக்காடு முண்டந்துறை புலிகள் காப்பகம்","source":"(c) OpenStreetMap contributors, ODbL 1.0","protectClass":"4","designation":"protected_area","extendsOverWater":false},"geometry":{"type":"MultiPolygon","coordinates":[[[[77.44664,8.473794],[77.449107,8.473497],[77.453463,8.471354],[77.454944,8.46991],[77.457175,8.468053],[77.458023,8.468075],[77.458688,8.468255],[77.461649,8.469486],[77.463409,8.469412],[77.4652,8.468775],[77.465533,8.468149],[77.465651,8.467332],[77.465372,8.465984],[77.464653,8.464382],[77.464128,8.46244],[77.464589,8.461484],[77.467797,8.458195],[77.468913,8.457537],[77.469986,8.457112],[77.471166,8.456178],[77.47226,8.453844],[77.472303,8.452782],[77.472088,8.451679],[77.471359,8.450745],[77.469041,8.448856],[77.466488,8.446224],[77.46417,8.442],[77.463291,8.437691],[77.463269,8.436163],[77.46387,8.432788],[77.462647,8.431664],[77.462175,8.430645],[77.462068,8.42969],[77.463806,8.425975],[77.465179,8.420796],[77.466209,8.419267],[77.467668,8.418057],[77.468505,8.416529],[77.46947,8.415553],[77.470457,8.415595],[77.471981,8.416232],[77.472475,8.415383],[77.472281,8.404027],[77.473033,8.399123],[77.473912,8.397425],[77.475178,8.396576],[77.478933,8.395514],[77.481401,8.394262],[77.483139,8.39284],[77.485971,8.38991],[77.487795,8.38904],[77.488525,8.387681],[77.489083,8.386047],[77.489469,8.381567],[77.490585,8.379784],[77.493053,8.379317],[77.494769,8.37919],[77.496636,8.379254],[77.499168,8.38023],[77.501206,8.38178],[77.502966,8.38282],[77.504339,8.385134],[77.50524,8.385983],[77.50685,8.386174],[77.508502,8.385452],[77.509553,8.384539],[77.510691,8.383924],[77.517214,8.383308],[77.518523,8.382841],[77.520068,8.382969],[77.521462,8.383627],[77.522407,8.384306],[77.523179,8.385516],[77.523501,8.387002],[77.523737,8.389358],[77.524187,8.390441],[77.528157,8.391715],[77.53099,8.392394],[77.53232,8.392075],[77.533071,8.391078],[77.53408,8.388637],[77.538435,8.384943],[77.540066,8.380442],[77.541053,8.378914],[77.54056,8.377704],[77.53983,8.376685],[77.537105,8.373522],[77.535946,8.371845],[77.535067,8.370486],[77.534487,8.368915],[77.534251,8.366983],[77.53468,8.364223],[77.53453,8.359086],[77.535172,8.35738],[77.536248,8.35767],[77.536541,8.358567],[77.536541,8.359449],[77.535557,8.359646],[77.535296,8.360133],[77.535833,8.360589],[77.537509,8.360878],[77.537217,8.36103],[77.538001,8.362475],[77.538431,8.362688],[77.539015,8.364954],[77.538723,8.365227],[77.539661,8.367052],[77.541198,8.369378],[77.541582,8.369333],[77.541121,8.37353],[77.541228,8.374077],[77.543196,8.375431],[77.543672,8.376951],[77.54358,8.378928],[77.545009,8.37911],[77.54524,8.37946],[77.545025,8.379825],[77.543672,8.38054],[77.544379,8.38127],[77.546639,8.381437],[77.546669,8.381923],[77.546116,8.382669],[77.546869,8.39015],[77.550681,8.390682],[77.552495,8.389983],[77.552694,8.390378],[77.554447,8.390545],[77.554493,8.390728],[77.556614,8.390378],[77.556814,8.390834],[77.555599,8.391321],[77.555108,8.391853],[77.554308,8.392339],[77.554631,8.394392],[77.556552,8.395411],[77.556552,8.396141],[77.558766,8.396095],[77.559795,8.399212],[77.559288,8.399911],[77.559841,8.401022],[77.560133,8.403105],[77.560594,8.403044],[77.560748,8.404914],[77.558381,8.405507],[77.559104,8.409202],[77.556752,8.409399],[77.558074,8.41035],[77.557887,8.410405],[77.557866,8.412205],[77.554429,8.416646],[77.552332,8.41777],[77.548436,8.419481],[77.54632,8.419997],[77.543235,8.419702],[77.54148,8.420711],[77.540252,8.421917],[77.538816,8.42302],[77.537267,8.423916],[77.533998,8.424367],[77.533285,8.42502],[77.531808,8.425187],[77.530844,8.424914],[77.528191,8.424705],[77.526846,8.425504],[77.524474,8.424322],[77.52327,8.423404],[77.522147,8.4217],[77.521273,8.418218],[77.520249,8.41638],[77.518313,8.417938],[77.516191,8.423481],[77.521744,8.425794],[77.521986,8.426288],[77.522327,8.426319],[77.523041,8.425876],[77.523468,8.42522],[77.524562,8.426517],[77.525243,8.427643],[77.52744,8.427032],[77.52818,8.428053],[77.528658,8.430232],[77.530402,8.430451],[77.532489,8.429697],[77.533111,8.430814],[77.531925,8.433239],[77.528731,8.43546],[77.527083,8.436571],[77.52466,8.436771],[77.522904,8.437782],[77.52251,8.443643],[77.522902,8.445385],[77.524181,8.445755],[77.525853,8.445387],[77.527838,8.444711],[77.529957,8.442855],[77.530857,8.445954],[77.53304,8.445396],[77.533938,8.443938],[77.535549,8.443401],[77.536956,8.44249],[77.538014,8.442449],[77.538892,8.442701],[77.539493,8.443249],[77.539042,8.44403],[77.538191,8.444443],[77.537449,8.445136],[77.537295,8.446093],[77.537619,8.446935],[77.538499,8.447283],[77.539626,8.446577],[77.541752,8.446688],[77.541432,8.44832],[77.540141,8.449799],[77.542923,8.449409],[77.543736,8.450604],[77.543714,8.452244],[77.542343,8.454114],[77.543402,8.456694],[77.543585,8.458865],[77.545048,8.45973],[77.546904,8.45831],[77.546691,8.457752],[77.545739,8.457633],[77.545893,8.456677],[77.546553,8.456278],[77.548373,8.456465],[77.549237,8.455808],[77.55067,8.455192],[77.551198,8.454563],[77.552246,8.454414],[77.553253,8.454921],[77.553606,8.455976],[77.550986,8.460206],[77.549435,8.461104],[77.54796,8.461564],[77.546499,8.462338],[77.545382,8.463624],[77.543744,8.465176],[77.543598,8.466626],[77.544575,8.466964],[77.545247,8.466938],[77.546,8.466528],[77.546923,8.465539],[77.547703,8.465694],[77.548671,8.46565],[77.549265,8.466006],[77.550034,8.465878],[77.549513,8.467426],[77.548682,8.468413],[77.547736,8.468831],[77.546911,8.469814],[77.546663,8.470775],[77.545834,8.471665],[77.544715,8.472566],[77.544037,8.472593],[77.543218,8.473672],[77.542179,8.474189],[77.539773,8.474187],[77.538254,8.474625],[77.536115,8.473566],[77.534558,8.477007],[77.528157,8.484629],[77.527199,8.489631],[77.52756,8.495582],[77.521214,8.501425],[77.519148,8.504957],[77.514574,8.511001],[77.513225,8.519825],[77.510103,8.526697],[77.516552,8.532274],[77.510688,8.532825],[77.509603,8.536947],[77.510907,8.538669],[77.511995,8.539817],[77.512876,8.541191],[77.514783,8.543579],[77.516115,8.545029],[77.522456,8.542861],[77.524017,8.543801],[77.526545,8.545976],[77.527203,8.547222],[77.527098,8.550192],[77.52728,8.553714],[77.530602,8.555674],[77.535003,8.554157],[77.536805,8.554297],[77.538888,8.553579],[77.540834,8.553588],[77.542656,8.555569],[77.547252,8.553982],[77.549995,8.553433],[77.551801,8.553679],[77.55185,8.554934],[77.553445,8.555295],[77.556519,8.555595],[77.5584,8.556647],[77.559002,8.558618],[77.557609,8.561583],[77.559434,8.563561],[77.561875,8.564326],[77.562458,8.565392],[77.562833,8.566843],[77.562712,8.569361],[77.562227,8.570427],[77.561209,8.57089],[77.5591,8.571287],[77.556169,8.570246],[77.553644,8.570659],[77.550973,8.572445],[77.55769,8.576051],[77.550197,8.578701],[77.547539,8.584837],[77.547496,8.591514],[77.545689,8.596222],[77.539957,8.602535],[77.529568,8.607047],[77.525041,8.613064],[77.517005,8.615135],[77.508072,8.613802],[77.502318,8.608685],[77.498535,8.611133],[77.497602,8.614529],[77.489728,8.617951],[77.487089,8.621102],[77.483566,8.624883],[77.480521,8.625738],[77.478339,8.626871],[77.475675,8.626772],[77.468008,8.627112],[77.460183,8.626767],[77.457974,8.635341],[77.456289,8.638345],[77.455119,8.640805],[77.455075,8.642593],[77.454218,8.645148],[77.451837,8.648907],[77.449958,8.649867],[77.445843,8.65119],[77.439735,8.650597],[77.43798,8.649091],[77.436728,8.647149],[77.434917,8.647011],[77.430142,8.644902],[77.428395,8.645905],[77.427374,8.646244],[77.425769,8.645992],[77.425219,8.646997],[77.420726,8.649645],[77.414269,8.656002],[77.406794,8.660178],[77.407263,8.663942],[77.406469,8.665339],[77.407143,8.666257],[77.408141,8.66727],[77.410852,8.668634],[77.408337,8.668932],[77.407394,8.669423],[77.406949,8.669747],[77.407043,8.670199],[77.406218,8.670649],[77.405795,8.67059],[77.405742,8.671086],[77.405215,8.671296],[77.405149,8.671677],[77.403894,8.672863],[77.404467,8.672994],[77.404222,8.673612],[77.403463,8.673908],[77.403194,8.673842],[77.402713,8.673176],[77.402369,8.673677],[77.402325,8.674025],[77.40278,8.674279],[77.402526,8.674592],[77.40289,8.675033],[77.402601,8.675423],[77.403086,8.676129],[77.40278,8.677089],[77.401873,8.678057],[77.400057,8.68281],[77.396963,8.689675],[77.391996,8.696396],[77.386112,8.700191],[77.375291,8.703732],[77.368491,8.707776],[77.362633,8.71387],[77.358465,8.716057],[77.358509,8.717424],[77.357128,8.717326],[77.355923,8.722235],[77.356118,8.7236],[77.355,8.726612],[77.354309,8.730087],[77.350916,8.737939],[77.353804,8.738745],[77.353743,8.739845],[77.357911,8.739104],[77.359731,8.738574],[77.360778,8.738948],[77.361883,8.739885],[77.361984,8.741276],[77.361869,8.742297],[77.361094,8.743682],[77.360858,8.745346],[77.361043,8.74851],[77.361691,8.750134],[77.356701,8.75626],[77.351574,8.76005],[77.350605,8.762273],[77.349988,8.763167],[77.348519,8.763677],[77.34677,8.763466],[77.346648,8.764265],[77.346161,8.76451],[77.345573,8.764078],[77.345362,8.763482],[77.344874,8.763613],[77.343966,8.764701],[77.341877,8.765837],[77.341158,8.765979],[77.340434,8.765969],[77.339891,8.765727],[77.338241,8.765376],[77.337877,8.76456],[77.336681,8.765617],[77.334706,8.766937],[77.332941,8.765646],[77.33234,8.765292],[77.332081,8.765338],[77.331977,8.765869],[77.332477,8.766945],[77.331898,8.766884],[77.33191,8.767525],[77.331711,8.768245],[77.331314,8.768976],[77.329696,8.769896],[77.329523,8.770254],[77.329004,8.770307],[77.327909,8.769942],[77.327254,8.769933],[77.326378,8.771457],[77.326449,8.772715],[77.326099,8.773407],[77.325493,8.773285],[77.324776,8.773592],[77.323364,8.776789],[77.321705,8.775299],[77.32036,8.777423],[77.319453,8.77787],[77.32103,8.781729],[77.314492,8.785539],[77.314756,8.785925],[77.314635,8.78661],[77.313772,8.787279],[77.313245,8.78873],[77.311591,8.791702],[77.310901,8.793239],[77.310798,8.794261],[77.311446,8.797667],[77.311805,8.803869],[77.312228,8.803933],[77.313661,8.805076],[77.31372,8.804776],[77.315243,8.804832],[77.315972,8.803981],[77.317227,8.803553],[77.317641,8.803885],[77.318898,8.803897],[77.319542,8.804495],[77.320866,8.80457],[77.321946,8.80414],[77.323885,8.805513],[77.324741,8.80683],[77.323772,8.809445],[77.322814,8.810042],[77.322445,8.811298],[77.322551,8.814763],[77.320403,8.817998],[77.318851,8.819857],[77.320142,8.820898],[77.320532,8.822476],[77.322088,8.824643],[77.323827,8.830896],[77.318985,8.842192],[77.31448,8.846164],[77.31694,8.846438],[77.319182,8.847544],[77.320848,8.848084],[77.322182,8.848953],[77.321763,8.85052],[77.322983,8.850948],[77.323812,8.8501],[77.325102,8.85072],[77.324802,8.851575],[77.32409,8.852498],[77.323164,8.852979],[77.322285,8.85438],[77.32272,8.857166],[77.323471,8.857201],[77.319144,8.859746],[77.317829,8.862556],[77.316284,8.863956],[77.317743,8.866924],[77.320318,8.875701],[77.316971,8.874726],[77.314525,8.873327],[77.311134,8.873284],[77.308173,8.874853],[77.30607,8.877355],[77.303882,8.879263],[77.301564,8.880492],[77.295856,8.881425],[77.293625,8.88151],[77.287402,8.879305],[77.283411,8.879517],[77.280192,8.879348],[77.276931,8.877482],[77.273626,8.876295],[77.269764,8.878245],[77.265944,8.881298],[77.263284,8.881977],[77.260408,8.88168],[77.258391,8.88062],[77.256371,8.878809],[77.2571,8.873484],[77.257054,8.869552],[77.257529,8.867577],[77.258639,8.86589],[77.258075,8.864558],[77.256052,8.86352],[77.255396,8.862153],[77.255869,8.860276],[77.257072,8.859],[77.259678,8.857032],[77.261519,8.85643],[77.261772,8.852591],[77.259113,8.853168],[77.258285,8.849789],[77.260516,8.848102],[77.260699,8.846025],[77.262886,8.842222],[77.261537,8.840648],[77.258741,8.83862],[77.257601,8.835418],[77.256617,8.834489],[77.254156,8.833104],[77.252769,8.831903],[77.25155,8.82709],[77.248539,8.825447],[77.247104,8.823354],[77.246448,8.821513],[77.246812,8.818853],[77.247944,8.816918],[77.246989,8.814743],[77.24417,8.812638],[77.2431,8.810488],[77.242329,8.809686],[77.240415,8.809668],[77.238083,8.809139],[77.235477,8.807608],[77.231944,8.807639],[77.23267,8.803016],[77.23247,8.800446],[77.230464,8.797438],[77.231048,8.794159],[77.23072,8.792701],[77.231194,8.790769],[77.230046,8.786869],[77.2298,8.784528],[77.224661,8.783739],[77.221767,8.7812],[77.219971,8.779181],[77.215412,8.779707],[77.213954,8.779561],[77.213098,8.77865],[77.214556,8.774878],[77.216864,8.77328],[77.219086,8.769823],[77.217882,8.768144],[77.215904,8.768244],[77.21472,8.767206],[77.213007,8.766878],[77.209726,8.765329],[77.208888,8.765456],[77.208075,8.765995],[77.206355,8.768518],[77.204321,8.76934],[77.198451,8.769705],[77.197471,8.769037],[77.196951,8.767962],[77.197152,8.766714],[77.19932,8.76501],[77.200195,8.76275],[77.199642,8.760018],[77.19833,8.755274],[77.198382,8.753465],[77.197635,8.752235],[77.19747,8.750842],[77.19686,8.749665],[77.194491,8.7474],[77.192926,8.74501],[77.19216,8.744327],[77.190362,8.743324],[77.188923,8.744245],[77.186071,8.744079],[77.182629,8.742867],[77.179633,8.744625],[77.177419,8.745302],[77.175905,8.746505],[77.171962,8.750255],[77.169702,8.747523],[77.170105,8.741819],[77.170897,8.7409],[77.171768,8.740425],[77.171769,8.740285],[77.17517,8.737033],[77.179109,8.730494],[77.176998,8.726905],[77.17695,8.72512],[77.178526,8.723095],[77.180604,8.721263],[77.180641,8.719447],[77.181285,8.717656],[77.182211,8.717158],[77.184249,8.716452],[77.184167,8.714566],[77.184453,8.713781],[77.184932,8.713388],[77.186631,8.712536],[77.190031,8.712333],[77.19494,8.707837],[77.194915,8.7058],[77.195583,8.70217],[77.196842,8.701388],[77.197905,8.698117],[77.200705,8.694455],[77.201621,8.692987],[77.201644,8.690811],[77.20261,8.689243],[77.205599,8.68606],[77.206747,8.684186],[77.206948,8.682659],[77.207108,8.682512],[77.207694,8.680842],[77.206555,8.679548],[77.205271,8.677528],[77.202342,8.672246],[77.201724,8.671374],[77.200739,8.669062],[77.203572,8.666608],[77.20609,8.665226],[77.208345,8.663687],[77.207776,8.660768],[77.210844,8.658847],[77.212141,8.657114],[77.211726,8.654718],[77.213559,8.651537],[77.214073,8.649379],[77.219171,8.645649],[77.222304,8.642687],[77.224851,8.639059],[77.226775,8.639455],[77.228852,8.640166],[77.229554,8.638626],[77.229405,8.637363],[77.232142,8.635619],[77.232402,8.634075],[77.232929,8.632216],[77.234364,8.63061],[77.233574,8.629015],[77.234529,8.626908],[77.237727,8.625215],[77.239168,8.624676],[77.244088,8.621871],[77.245804,8.615854],[77.245899,8.614787],[77.24596,8.612536],[77.245682,8.610663],[77.245265,8.609223],[77.245942,8.606582],[77.246147,8.604365],[77.245336,8.603618],[77.246311,8.603546],[77.248973,8.601477],[77.250357,8.599126],[77.251005,8.598656],[77.251924,8.598551],[77.253168,8.597693],[77.25464,8.597684],[77.255505,8.596866],[77.25597,8.595554],[77.256843,8.594839],[77.257002,8.593036],[77.25699,8.590888],[77.258319,8.590074],[77.25874,8.589303],[77.261559,8.587981],[77.26274,8.588738],[77.263296,8.588783],[77.263724,8.588592],[77.264936,8.586379],[77.26592,8.585758],[77.266485,8.584972],[77.266986,8.583726],[77.266494,8.580729],[77.267995,8.578943],[77.268924,8.579002],[77.268996,8.578848],[77.270901,8.570776],[77.272988,8.567754],[77.275044,8.565494],[77.274362,8.563784],[77.273989,8.56105],[77.275033,8.558063],[77.276818,8.555499],[77.282404,8.550424],[77.282558,8.548809],[77.283819,8.546561],[77.293754,8.540876],[77.29517,8.536971],[77.30504,8.531709],[77.309976,8.531581],[77.31667,8.529587],[77.321391,8.527252],[77.325597,8.52373],[77.336369,8.521098],[77.343492,8.517703],[77.349758,8.510912],[77.35641,8.506031],[77.360186,8.503654],[77.364349,8.500004],[77.372503,8.496481],[77.378211,8.493595],[77.380786,8.490072],[77.38349,8.484851],[77.386107,8.4843],[77.409453,8.481116],[77.430868,8.477636],[77.44664,8.473794]]]]}},{"type":"Feature","properties":{"osmId":"relation/19896759","name":"Kallaperambur Lake Bird WLS","nameLocal":null,"nameTa":null,"source":"(c) OpenStreetMap contributors, ODbL 1.0","protectClass":"4","designation":"protected_area","extendsOverWater":false},"geometry":{"type":"MultiPolygon","coordinates":[[[[79.016839,10.796833],[79.016649,10.797892],[79.016349,10.797955],[79.016349,10.798266],[79.015651,10.798439],[79.016369,10.801133],[79.016687,10.801191],[79.01732,10.80234],[79.017523,10.80245],[79.017416,10.802824],[79.018285,10.80316],[79.01909,10.803004],[79.019342,10.803146],[79.020055,10.803143],[79.025296,10.802552],[79.027916,10.80281],[79.030829,10.802819],[79.032276,10.803014],[79.032776,10.802819],[79.033231,10.800738],[79.033949,10.800232],[79.034191,10.799415],[79.034679,10.798682],[79.035146,10.798245],[79.035537,10.797429],[79.036246,10.796789],[79.036537,10.795783],[79.038491,10.793012],[79.039324,10.791355],[79.040959,10.785515],[79.036197,10.787569],[79.036004,10.787142],[79.034208,10.787565],[79.034357,10.788597],[79.033633,10.788797],[79.033687,10.789619],[79.033289,10.789751],[79.033391,10.790188],[79.032716,10.790294],[79.032749,10.790683],[79.03197,10.791021],[79.031809,10.791764],[79.03057,10.792017],[79.030602,10.792359],[79.030141,10.792454],[79.030253,10.792728],[79.027319,10.793366],[79.027163,10.792965],[79.02667,10.793129],[79.02657,10.793691],[79.026353,10.793735],[79.025946,10.796211],[79.022967,10.796344],[79.02292,10.795974],[79.017658,10.796016],[79.016724,10.796448],[79.016839,10.796833]]]]}},{"type":"Feature","properties":{"osmId":"relation/21127289","name":"Kodaikanal WLS ESZ (Proposed)","nameLocal":null,"nameTa":null,"source":"(c) OpenStreetMap contributors, ODbL 1.0","protectClass":"6","designation":"Eco-Sensitive Zone","extendsOverWater":false},"geometry":{"type":"MultiPolygon","coordinates":[[[[77.470779,10.249764],[77.467475,10.25555],[77.457561,10.258844],[77.457476,10.261546],[77.455759,10.263996],[77.453613,10.263489],[77.452841,10.266192],[77.448978,10.266023],[77.447777,10.267965],[77.444086,10.267881],[77.440395,10.266614],[77.436876,10.266361],[77.435074,10.265685],[77.431726,10.265769],[77.428122,10.263067],[77.423916,10.256226],[77.419232,10.252548],[77.420912,10.250229],[77.428808,10.254325],[77.430868,10.259688],[77.430825,10.261589],[77.438979,10.261209],[77.439709,10.26332],[77.450105,10.259129],[77.453656,10.257492],[77.457261,10.253481],[77.460823,10.252087],[77.460566,10.249469],[77.461338,10.247273],[77.462969,10.245668],[77.465286,10.24609],[77.470779,10.249764]]],[[[77.600255,10.196],[77.602379,10.19826],[77.602465,10.19976],[77.601392,10.201132],[77.59974,10.201449],[77.597337,10.201681],[77.596693,10.202252],[77.59635,10.203624],[77.596435,10.205926],[77.598624,10.205757],[77.599418,10.206475],[77.600062,10.207742],[77.600598,10.207996],[77.600899,10.20563],[77.6018,10.205187],[77.60313,10.205525],[77.604053,10.206327],[77.604632,10.209094],[77.60931,10.211797],[77.608581,10.212473],[77.610168,10.213486],[77.615361,10.212642],[77.617614,10.213465],[77.619095,10.214606],[77.619932,10.216295],[77.620296,10.21771],[77.620726,10.218386],[77.623258,10.218386],[77.6233,10.215788],[77.623901,10.213655],[77.625446,10.211037],[77.630081,10.210234],[77.631454,10.208798],[77.632055,10.206349],[77.636089,10.207362],[77.642441,10.20297],[77.643986,10.20487],[77.64523,10.20449],[77.645187,10.202294],[77.645788,10.20185],[77.649736,10.200773],[77.649415,10.199041],[77.651668,10.198007],[77.653084,10.198408],[77.653127,10.197352],[77.652934,10.195325],[77.653212,10.19467],[77.65523,10.19372],[77.655744,10.194987],[77.657676,10.194438],[77.657933,10.192115],[77.660079,10.191185],[77.661581,10.193002],[77.663684,10.191692],[77.662783,10.190763],[77.662911,10.189094],[77.663469,10.188862],[77.665958,10.188693],[77.667868,10.189918],[77.669048,10.191291],[77.670464,10.194733],[77.671108,10.195916],[77.672653,10.196887],[77.67261,10.195916],[77.67379,10.195979],[77.674778,10.197056],[77.67673,10.196571],[77.678189,10.197711],[77.680528,10.198556],[77.681365,10.201386],[77.683554,10.201301],[77.684476,10.202125],[77.687674,10.200794],[77.689562,10.198894],[77.690978,10.197901],[77.693188,10.196972],[77.693682,10.197183],[77.696815,10.199379],[77.696815,10.201196],[77.698038,10.201914],[77.697973,10.203096],[77.6966,10.206011],[77.697287,10.206855],[77.699604,10.206813],[77.701299,10.207066],[77.702715,10.207763],[77.703338,10.208819],[77.703273,10.210234],[77.702458,10.212346],[77.702351,10.214268],[77.703681,10.214141],[77.70441,10.213592],[77.705247,10.212578],[77.706084,10.212494],[77.706792,10.213339],[77.706792,10.214943],[77.707543,10.213909],[77.707801,10.212979],[77.707801,10.211142],[77.70823,10.209558],[77.709281,10.208334],[77.70999,10.20637],[77.708809,10.20582],[77.7075,10.206011],[77.707372,10.205039],[77.706449,10.204997],[77.705998,10.203814],[77.70602,10.201069],[77.704368,10.200984],[77.704132,10.197922],[77.704818,10.196359],[77.701213,10.196381],[77.700999,10.195536],[77.697716,10.195494],[77.686644,10.193213],[77.686729,10.190594],[77.679777,10.188651],[77.672825,10.182231],[77.668705,10.181217],[77.668705,10.183751],[77.667761,10.183836],[77.665615,10.183413],[77.663555,10.184512],[77.656946,10.183836],[77.648449,10.187468],[77.643299,10.19279],[77.637291,10.195916],[77.637892,10.200055],[77.629566,10.202674],[77.622442,10.205968],[77.619867,10.209347],[77.616005,10.206475],[77.616005,10.203603],[77.615061,10.201914],[77.619524,10.199971],[77.623987,10.194987],[77.626305,10.195747],[77.628365,10.194226],[77.627335,10.192115],[77.631197,10.190848],[77.631369,10.184934],[77.628365,10.181724],[77.627592,10.179696],[77.629995,10.176655],[77.633428,10.176655],[77.633428,10.178598],[77.635832,10.178598],[77.639351,10.179612],[77.641325,10.173614],[77.644501,10.161702],[77.648449,10.158829],[77.64493,10.151817],[77.642097,10.150465],[77.640467,10.150972],[77.639437,10.147086],[77.633944,10.145649],[77.623987,10.139566],[77.62064,10.141087],[77.612915,10.139313],[77.607079,10.135172],[77.598152,10.13137],[77.587423,10.130187],[77.582531,10.130779],[77.579784,10.133229],[77.572832,10.134159],[77.572489,10.135933],[77.568197,10.138552],[77.565365,10.139313],[77.563562,10.141256],[77.563047,10.14379],[77.565966,10.149789],[77.569227,10.151648],[77.57,10.157562],[77.568626,10.162547],[77.567167,10.162631],[77.569227,10.166855],[77.57575,10.171924],[77.582617,10.17581],[77.584677,10.181977],[77.584677,10.184174],[77.578239,10.1824],[77.574119,10.178429],[77.572231,10.173191],[77.565708,10.17336],[77.561417,10.176233],[77.559786,10.179358],[77.559271,10.185441],[77.558241,10.18637],[77.556181,10.184089],[77.55043,10.184005],[77.548885,10.182315],[77.545538,10.181956],[77.546203,10.182759],[77.547448,10.185018],[77.547061,10.186243],[77.545237,10.187046],[77.544637,10.187722],[77.543049,10.187764],[77.543135,10.189073],[77.544594,10.189242],[77.544894,10.192621],[77.54807,10.19165],[77.551074,10.191481],[77.549615,10.193973],[77.547641,10.195789],[77.549658,10.195916],[77.549701,10.196803],[77.546589,10.199126],[77.546825,10.200013],[77.548113,10.20166],[77.547941,10.203392],[77.548542,10.204152],[77.549701,10.203265],[77.549658,10.201428],[77.549872,10.199886],[77.553949,10.201175],[77.55558,10.201956],[77.559786,10.198873],[77.562318,10.198915],[77.563713,10.196634],[77.565987,10.19505],[77.566888,10.193994],[77.568369,10.193255],[77.568111,10.191481],[77.56691,10.190636],[77.568562,10.185779],[77.567768,10.184934],[77.567596,10.182611],[77.56957,10.181259],[77.571695,10.182167],[77.57427,10.186074],[77.574592,10.187975],[77.578475,10.188947],[77.584999,10.191333],[77.588088,10.193192],[77.589183,10.196761],[77.590728,10.196423],[77.591307,10.194543],[77.591414,10.192917],[77.591672,10.191819],[77.593024,10.191587],[77.59444,10.191734],[77.594397,10.190087],[77.595363,10.190045],[77.595749,10.188398],[77.593131,10.187257],[77.593389,10.185272],[77.591972,10.184385],[77.591715,10.182315],[77.590985,10.182315],[77.58944,10.179865],[77.590213,10.178091],[77.594891,10.176782],[77.592873,10.172896],[77.590814,10.172896],[77.590256,10.170953],[77.589054,10.170657],[77.585578,10.169178],[77.584162,10.166559],[77.585664,10.165926],[77.584762,10.159336],[77.575064,10.15414],[77.573519,10.152873],[77.572532,10.149747],[77.570686,10.149705],[77.565279,10.146198],[77.566051,10.142396],[77.569613,10.144931],[77.574892,10.146705],[77.57369,10.143495],[77.57545,10.143453],[77.577553,10.142312],[77.583089,10.146367],[77.585792,10.142608],[77.586994,10.142058],[77.586393,10.138848],[77.587938,10.138256],[77.593389,10.14096],[77.595019,10.14096],[77.597594,10.139988],[77.60283,10.142903],[77.605748,10.146959],[77.61373,10.148775],[77.616391,10.150423],[77.620339,10.15],[77.623901,10.150761],[77.625446,10.148944],[77.62845,10.147001],[77.629952,10.146874],[77.631197,10.14755],[77.631411,10.149958],[77.63257,10.15],[77.632098,10.153253],[77.630167,10.154901],[77.63021,10.156126],[77.631755,10.156083],[77.631927,10.158153],[77.639394,10.159759],[77.640939,10.159336],[77.640853,10.15752],[77.643342,10.156717],[77.644157,10.158027],[77.6442,10.160139],[77.639565,10.163518],[77.640638,10.165884],[77.640209,10.166559],[77.64111,10.16732],[77.641153,10.168756],[77.639565,10.16977],[77.636132,10.170784],[77.636604,10.169347],[77.629781,10.171586],[77.62639,10.173318],[77.626219,10.175683],[77.624245,10.176359],[77.620597,10.175895],[77.617807,10.176655],[77.618022,10.18147],[77.625017,10.183244],[77.62609,10.184216],[77.629781,10.185356],[77.629781,10.190003],[77.619782,10.193593],[77.616949,10.193931],[77.617292,10.195663],[77.612357,10.197986],[77.607851,10.196951],[77.606285,10.198725],[77.60092,10.195895],[77.600255,10.196]]],[[[77.464964,10.129617],[77.4646,10.131032],[77.467775,10.133609],[77.468333,10.139059],[77.469578,10.139651],[77.467904,10.142101],[77.469749,10.143368],[77.470951,10.141932],[77.472453,10.142819],[77.472753,10.144255],[77.471681,10.145185],[77.471981,10.145776],[77.47447,10.145311],[77.475071,10.147508],[77.476487,10.14793],[77.479534,10.146621],[77.481337,10.147297],[77.482088,10.14867],[77.48095,10.15262],[77.482882,10.154225],[77.485843,10.152176],[77.486443,10.15131],[77.487538,10.148923],[77.487817,10.147846],[77.494726,10.154563],[77.495627,10.154774],[77.500005,10.161026],[77.503352,10.160181],[77.510648,10.160962],[77.512794,10.160772],[77.516441,10.165884],[77.517815,10.166179],[77.522149,10.170657],[77.5279,10.173825],[77.525453,10.17505],[77.523437,10.175134],[77.523265,10.176106],[77.526226,10.176613],[77.527814,10.178683],[77.535474,10.178408],[77.536933,10.179094],[77.536526,10.176571],[77.541075,10.173022],[77.539272,10.171164],[77.533779,10.169559],[77.53129,10.164828],[77.528458,10.163814],[77.516355,10.151901],[77.505026,10.150972],[77.497001,10.14303],[77.491121,10.138975],[77.483053,10.13813],[77.47623,10.134539],[77.474255,10.134877],[77.47138,10.132215],[77.466981,10.131011],[77.464964,10.129617]]],[[[77.555803,10.253064],[77.560301,10.248709],[77.566996,10.24305],[77.575836,10.240178],[77.580042,10.236462],[77.580042,10.232069],[77.581243,10.232069],[77.583475,10.224721],[77.580471,10.21923],[77.580557,10.212895],[77.573261,10.21129],[77.572832,10.213909],[77.569056,10.215767],[77.56854,10.21695],[77.565794,10.219061],[77.565193,10.222018],[77.561932,10.226326],[77.553005,10.220075],[77.546396,10.219653],[77.545967,10.225143],[77.546482,10.229704],[77.539701,10.233336],[77.535753,10.237475],[77.53747,10.243894],[77.543993,10.239418],[77.549229,10.230718],[77.552748,10.23283],[77.551288,10.227086],[77.552233,10.225903],[77.554636,10.227846],[77.556867,10.227424],[77.558327,10.230042],[77.556009,10.233928],[77.559957,10.23359],[77.562446,10.23511],[77.564678,10.234857],[77.569056,10.223623],[77.567682,10.223031],[77.568111,10.221004],[77.576694,10.216612],[77.578153,10.218893],[77.576265,10.225397],[77.577896,10.229113],[77.576609,10.231225],[77.574463,10.231309],[77.573948,10.236124],[77.570429,10.236208],[77.566996,10.241867],[77.564421,10.242881],[77.561245,10.246344],[77.558241,10.245921],[77.559099,10.248709],[77.556095,10.251665],[77.555803,10.253064]]],[[[77.435632,10.373264],[77.436018,10.377866],[77.437177,10.378921],[77.439322,10.37795],[77.440696,10.375671],[77.44194,10.375671],[77.443442,10.379596],[77.443314,10.383311],[77.444858,10.383269],[77.44679,10.380399],[77.451296,10.378921],[77.4543,10.38061],[77.455544,10.376177],[77.452626,10.371154],[77.466316,10.371323],[77.47108,10.368958],[77.469749,10.367101],[77.46829,10.366932],[77.468634,10.368874],[77.467647,10.368874],[77.466617,10.368199],[77.465715,10.367945],[77.4652,10.366932],[77.462068,10.366341],[77.461038,10.366806],[77.459707,10.366848],[77.458205,10.365961],[77.456789,10.366806],[77.454471,10.366468],[77.450309,10.367481],[77.449107,10.366003],[77.446961,10.365455],[77.443657,10.363977],[77.441511,10.364568],[77.439279,10.36385],[77.440009,10.366763],[77.438722,10.366637],[77.437735,10.366932],[77.441254,10.371322],[77.44091,10.372209],[77.439279,10.371913],[77.438164,10.373264],[77.435632,10.373264]]],[[[77.509317,10.365666],[77.513308,10.370098],[77.517171,10.375164],[77.525239,10.380187],[77.529144,10.381327],[77.530775,10.384367],[77.540474,10.388123],[77.542062,10.38539],[77.539186,10.382805],[77.536268,10.381876],[77.534187,10.380863],[77.533715,10.37833],[77.533028,10.377465],[77.529702,10.377676],[77.528458,10.377338],[77.525797,10.374467],[77.525175,10.37071],[77.523351,10.370204],[77.522256,10.370584],[77.518845,10.368178],[77.5179,10.368009],[77.517342,10.367291],[77.516098,10.366995],[77.515948,10.365792],[77.509317,10.365666]]],[[[77.536526,10.313019],[77.531118,10.313695],[77.528286,10.315046],[77.523007,10.315468],[77.519832,10.318255],[77.51687,10.31969],[77.510519,10.32045],[77.506485,10.318001],[77.505112,10.315806],[77.503052,10.314708],[77.500305,10.314582],[77.499318,10.314962],[77.494426,10.314328],[77.489448,10.309937],[77.487945,10.307488],[77.487216,10.302886],[77.471466,10.301915],[77.468119,10.299297],[77.469449,10.298727],[77.470672,10.297714],[77.47329,10.296447],[77.475328,10.299086],[77.477818,10.299001],[77.480693,10.297692],[77.484984,10.301788],[77.487345,10.300479],[77.492709,10.305039],[77.492967,10.308544],[77.500262,10.310233],[77.501636,10.311795],[77.508416,10.311415],[77.514381,10.308924],[77.519875,10.311035],[77.521462,10.310444],[77.522621,10.312639],[77.524638,10.310697],[77.524853,10.309093],[77.524037,10.308502],[77.524467,10.30791],[77.528501,10.308966],[77.534594,10.311668],[77.536526,10.313019]]],[[[77.417393,10.332019],[77.412929,10.331132],[77.411728,10.329612],[77.409668,10.330288],[77.390785,10.32767],[77.383575,10.330963],[77.382202,10.333243],[77.379627,10.332652],[77.380142,10.322435],[77.375765,10.31703],[77.380571,10.315933],[77.38203,10.308417],[77.379541,10.301324],[77.37731,10.300733],[77.37731,10.299719],[77.380314,10.291359],[77.37894,10.287221],[77.379799,10.2819],[77.377739,10.271428],[77.37628,10.271597],[77.37628,10.269908],[77.379885,10.26653],[77.379885,10.263742],[77.38203,10.263489],[77.38203,10.261504],[77.381773,10.258759],[77.385464,10.257999],[77.38615,10.250018],[77.388639,10.256521],[77.388597,10.258844],[77.390528,10.261842],[77.392845,10.260913],[77.391214,10.264883],[77.391729,10.266023],[77.390399,10.269232],[77.392116,10.27071],[77.397952,10.267459],[77.402587,10.275482],[77.398939,10.276284],[77.397866,10.277382],[77.395849,10.277171],[77.392287,10.281605],[77.388854,10.284138],[77.384047,10.284856],[77.381945,10.286925],[77.381816,10.291105],[77.381902,10.295539],[77.381,10.300141],[77.38512,10.308037],[77.385721,10.31247],[77.387438,10.312175],[77.390614,10.313864],[77.393231,10.313864],[77.395806,10.315764],[77.397222,10.320155],[77.399154,10.322266],[77.402029,10.320957],[77.408209,10.321844],[77.40705,10.323237],[77.407565,10.325897],[77.41353,10.329106],[77.419624,10.328135],[77.421899,10.329443],[77.42383,10.331596],[77.425547,10.330457],[77.4228,10.324461],[77.419066,10.323997],[77.417221,10.321084],[77.419238,10.31893],[77.418809,10.317537],[77.424216,10.31513],[77.430224,10.312091],[77.429752,10.310655],[77.43134,10.309219],[77.429538,10.306686],[77.435117,10.304195],[77.436619,10.300901],[77.440009,10.300437],[77.441983,10.299466],[77.444172,10.302084],[77.442284,10.306559],[77.436361,10.309008],[77.436876,10.310655],[77.434859,10.310908],[77.434559,10.312091],[77.430396,10.313273],[77.429967,10.31399],[77.42898,10.31361],[77.426791,10.314286],[77.426147,10.324335],[77.428722,10.330457],[77.423487,10.334087],[77.420611,10.336283],[77.419238,10.335861],[77.417393,10.332019]]]]}}]}
