{"type":"FeatureCollection","metadata":{"source":"(c) OpenStreetMap contributors, ODbL 1.0","region":{"south":7.5,"north":10.8,"west":77.5,"east":80.6},"generated":"2026-10-06","simplifiedToleranceM":10.0,"notForNavigation":true,"title":"Navigation hazards and aids"},"features":[{"type":"Feature","properties":{"osmId":"node/849508105","name":null,"nameLocal":null,"nameTa":null,"source":"(c) OpenStreetMap contributors, ODbL 1.0","category":"landmark","seamark":{"landmark:category":"tower","landmark:colour":"red;white","landmark:colour_pattern":"diagonal","landmark:function":"light_support","light:character":"Fl","light:colour":"white","light:group":"2","light:height":"16","light:period":"20","light:range":"13","light:reference":"F 0906","light:sequence":"0.8+(2),0.8+(16.4)","name":"Rameswaram","type":"landmark"}},"geometry":{"type":"Point","coordinates":[79.3306663,9.317584]}},{"type":"Feature","properties":{"osmId":"node/1053621702","name":"Vivekananda Rock Memorial","nameLocal":null,"nameTa":"விவேகானந்தர் பாறை நினைவிடம்","source":"(c) OpenStreetMap contributors, ODbL 1.0","category":"island","seamark":null},"geometry":{"type":"Point","coordinates":[77.5549562,8.0783202]}},{"type":"Feature","properties":{"osmId":"node/1207752705","name":"The Tortoise Rock","nameLocal":null,"nameTa":null,"source":"(c) OpenStreetMap contributors, ODbL 1.0","category":"island","seamark":null},"geometry":{"type":"Point","coordinates":[77.5512106,8.0774113]}},{"type":"Feature","properties":{"osmId":"node/1293789600","name":null,"nameLocal":null,"nameTa":null,"source":"(c) OpenStreetMap contributors, ODbL 1.0","category":"light_minor","seamark":{"information":"Occasional.","light:category":"upper","light:character":"Q","light:colour":"white","light:reference":"F 0904.1","type":"light_minor"}},"geometry":{"type":"Point","coordinates":[79.1585985,9.2847598]}},{"type":"Feature","properties":{"osmId":"node/1293789637","name":null,"nameLocal":null,"nameTa":null,"source":"(c) OpenStreetMap contributors, ODbL 1.0","category":"beacon_special_purpose","seamark":{"beacon_special_purpose:category":"leading","beacon_special_purpose:shape":"tower","light:category":"rear","light:character":"Q","light:colour":"white","light:height":"14","light:reference":"F 0736.1","name":"Tuticorin Range","type":"beacon_special_purpose"}},"geometry":{"type":"Point","coordinates":[78.1581397,8.8021802]}},{"type":"Feature","properties":{"osmId":"node/1293789643","name":null,"nameLocal":null,"nameTa":null,"source":"(c) OpenStreetMap contributors, ODbL 1.0","category":"light_minor","seamark":{"light:character":"LFl","light:colour":"white","light:height":"9","light:period":"5","light:range":"10","light:reference":"F 0735.5","type":"light_minor"}},"geometry":{"type":"Point","coordinates":[78.2289266,8.7485253]}},{"type":"Feature","properties":{"osmId":"node/1293789647","name":null,"nameLocal":null,"nameTa":null,"source":"(c) OpenStreetMap contributors, ODbL 1.0","category":"light_minor","seamark":{"light:character":"Q","light:colour":"green","light:reference":"F 0735.6","type":"light_minor"}},"geometry":{"type":"Point","coordinates":[78.226711,8.7494154]}},{"type":"Feature","properties":{"osmId":"node/1293789652","name":null,"nameLocal":null,"nameTa":null,"source":"(c) OpenStreetMap contributors, ODbL 1.0","category":"light_minor","seamark":{"light:character":"Q","light:colour":"red","light:reference":"F 0735.7","type":"light_minor"}},"geometry":{"type":"Point","coordinates":[78.2255774,8.7482868]}},{"type":"Feature","properties":{"osmId":"node/1293789668","name":null,"nameLocal":null,"nameTa":null,"source":"(c) OpenStreetMap contributors, ODbL 1.0","category":"landmark","seamark":{"landmark:category":"tower","landmark:colour":"red;white","landmark:colour_pattern":"diagonal","landmark:construction":"masonry","landmark:function":"light_support","light:1:character":"Fl","light:1:colour":"white","light:1:group":"2","light:1:height":"45","light:1:period":"10","light:1:range":"23","light:1:sector_end":"70","light:1:sector_start":"115","light:1:sequence":"0.2+(1.5),0.2+(8.1)","light:reference":"F 0730","name":"Manappad Point","radar_transponder:category":"racon","radar_transponder:group":"G","radar_transponder:wavelength":"0.03-X","radio_station:category":"ais_base","radio_station:mmsi":"004194415","type":"landmark"}},"geometry":{"type":"Point","coordinates":[78.0656508,8.3729144]}},{"type":"Feature","properties":{"osmId":"node/1296800926","name":null,"nameLocal":null,"nameTa":null,"source":"(c) OpenStreetMap contributors, ODbL 1.0","category":"beacon_special_purpose","seamark":{"beacon_special_purpose:category":"leading","beacon_special_purpose:shape":"tower","light:category":"front","light:character":"Q","light:colour":"white","light:height":"9","light:range":"9","light:reference":"F 0736","name":"Tuticorin Range","type":"beacon_special_purpose"}},"geometry":{"type":"Point","coordinates":[78.1604008,8.8018812]}},{"type":"Feature","properties":{"osmId":"node/3220201375","name":"Delft","nameLocal":null,"nameTa":null,"source":"(c) OpenStreetMap contributors, ODbL 1.0","category":"islet","seamark":null},"geometry":{"type":"Point","coordinates":[79.6810889,9.5143958]}},{"type":"Feature","properties":{"osmId":"node/3220232378","name":"Karativu","nameLocal":null,"nameTa":null,"source":"(c) OpenStreetMap contributors, ODbL 1.0","category":"island","seamark":null},"geometry":{"type":"Point","coordinates":[79.8733585,9.7367996]}},{"type":"Feature","properties":{"osmId":"node/4025127654","name":"Bar Reef","nameLocal":null,"nameTa":null,"source":"(c) OpenStreetMap contributors, ODbL 1.0","category":"reef","seamark":null},"geometry":{"type":"Point","coordinates":[79.7463453,8.3673231]}},{"type":"Feature","properties":{"osmId":"node/4055852991","name":"Anchor Point","nameLocal":null,"nameTa":null,"source":"(c) OpenStreetMap contributors, ODbL 1.0","category":"reef","seamark":null},"geometry":{"type":"Point","coordinates":[79.6940893,8.3172012]}},{"type":"Feature","properties":{"osmId":"node/4561905664","name":"Iranaitivu (North)","nameLocal":null,"nameTa":"இரணைதீவு (வடக்கு)","source":"(c) OpenStreetMap contributors, ODbL 1.0","category":"island","seamark":null},"geometry":{"type":"Point","coordinates":[79.9801151,9.2914766]}},{"type":"Feature","properties":{"osmId":"node/4561905665","name":"Iranaitivu (South)","nameLocal":null,"nameTa":"இரணைதீவு (தெற்கு)","source":"(c) OpenStreetMap contributors, ODbL 1.0","category":"island","seamark":null},"geometry":{"type":"Point","coordinates":[80.0009867,9.280574]}},{"type":"Feature","properties":{"osmId":"node/5051070940","name":null,"nameLocal":null,"nameTa":null,"source":"(c) OpenStreetMap contributors, ODbL 1.0","category":"lighthouse","seamark":null},"geometry":{"type":"Point","coordinates":[79.9884847,9.5983391]}},{"type":"Feature","properties":{"osmId":"node/6183477768","name":"Kankesanturai Lighthouse","nameLocal":null,"nameTa":null,"source":"(c) OpenStreetMap contributors, ODbL 1.0","category":"lighthouse","seamark":null},"geometry":{"type":"Point","coordinates":[80.0448342,9.8160876]}},{"type":"Feature","properties":{"osmId":"node/6280211987","name":"Hind-M","nameLocal":null,"nameTa":null,"source":"(c) OpenStreetMap contributors, ODbL 1.0","category":"wreck","seamark":{"type":"wreck"}},"geometry":{"type":"Point","coordinates":[80.0681672,9.8132302]}},{"type":"Feature","properties":{"osmId":"node/6299016096","name":"Vilanguchalli","nameLocal":null,"nameTa":null,"source":"(c) OpenStreetMap contributors, ODbL 1.0","category":"reef","seamark":null},"geometry":{"type":"Point","coordinates":[78.2704837,8.9393967]}},{"type":"Feature","properties":{"osmId":"node/6412105085","name":"Point Pedro Shoal","nameLocal":null,"nameTa":null,"source":"(c) OpenStreetMap contributors, ODbL 1.0","category":"shoal","seamark":null},"geometry":{"type":"Point","coordinates":[80.3332905,9.8833503]}},{"type":"Feature","properties":{"osmId":"node/7851698707","name":"Talawila Light House","nameLocal":null,"nameTa":null,"source":"(c) OpenStreetMap contributors, ODbL 1.0","category":"lighthouse","seamark":null},"geometry":{"type":"Point","coordinates":[79.7024696,8.1122221]}},{"type":"Feature","properties":{"osmId":"node/10976238972","name":"Old Lighthouse","nameLocal":null,"nameTa":null,"source":"(c) OpenStreetMap contributors, ODbL 1.0","category":"lighthouse","seamark":null},"geometry":{"type":"Point","coordinates":[79.698295,9.0938468]}},{"type":"Feature","properties":{"osmId":"node/12077150672","name":null,"nameLocal":null,"nameTa":null,"source":"(c) OpenStreetMap contributors, ODbL 1.0","category":"lighthouse","seamark":null},"geometry":{"type":"Point","coordinates":[78.3652008,9.0771667]}},{"type":"Feature","properties":{"osmId":"node/14137778355","name":null,"nameLocal":null,"nameTa":null,"source":"(c) OpenStreetMap contributors, ODbL 1.0","category":"landmark","seamark":{"information":"Radiobeacon","landmark:category":"tower","landmark:colour":"black;white","landmark:colour_pattern":"horizontal","landmark:construction":"masonry","landmark:function":"light_support","light:character":"Fl","light:colour":"white","light:group":"2","light:height":"48","light:period":"20","light:range":"26","light:reference":"F 0914","light:sequence":"0.5+(2),0.5+(17)","name":"Nagappattinam","radar_transponder:category":"racon","radar_transponder:group":"G","radio_station:category":"ais","radio_station:mmsi":"004194421","type":"landmark"}},"geometry":{"type":"Point","coordinates":[79.8501263,10.7659444]}},{"type":"Feature","properties":{"osmId":"node/14140089204","name":null,"nameLocal":null,"nameTa":null,"source":"(c) OpenStreetMap contributors, ODbL 1.0","category":"landmark","seamark":{"landmark:category":"tower","landmark:colour":"white","landmark:construction":"masonry","landmark:function":"light_support","light:character":"Fl","light:colour":"white","light:group":"3","light:height":"13","light:period":"10","light:range":"15","light:reference":"F 0910","light:sequence":"0.3+(1.5),0.3+(1.5),0.3+(6.1)","name":"Calimere Point","type":"landmark"}},"geometry":{"type":"Point","coordinates":[79.8689068,10.2937996]}},{"type":"Feature","properties":{"osmId":"node/14140108199","name":null,"nameLocal":null,"nameTa":null,"source":"(c) OpenStreetMap contributors, ODbL 1.0","category":"landmark","seamark":{"landmark:category":"tower","landmark:colour":"red;white","landmark:colour_pattern":"horizontal","landmark:construction":"masonry","landmark:function":"light_support","light:character":"Fl","light:colour":"white","light:height":"45","light:period":"10","light:range":"20","light:reference":"F 0902","light:sequence":"0.2+(9.8)","name":"Kodikkarai","radio_station:category":"ais","radio_station:mmsi":"004194420","type":"landmark"}},"geometry":{"type":"Point","coordinates":[79.825734,10.278297]}},{"type":"Feature","properties":{"osmId":"node/14142694809","name":null,"nameLocal":null,"nameTa":null,"source":"(c) OpenStreetMap contributors, ODbL 1.0","category":"landmark","seamark":{"landmark:category":"tower","landmark:colour":"red;white","landmark:colour_pattern":"vertical","landmark:construction":"concreted","landmark:function":"light_support","light:character":"Fl","light:colour":"white","light:height":"48","light:period":"5","light:range":"22","light:reference":"F 0901.9","light:sequence":"0.5+(4.5)","name":"Mallipatnam","type":"landmark"}},"geometry":{"type":"Point","coordinates":[79.3037573,10.2676963]}},{"type":"Feature","properties":{"osmId":"node/14144046086","name":null,"nameLocal":null,"nameTa":null,"source":"(c) OpenStreetMap contributors, ODbL 1.0","category":"landmark","seamark":{"landmark:category":"tower","landmark:colour":"black;white","landmark:colour_pattern":"horizontal","landmark:construction":"concreted","landmark:function":"light_support","light:character":"Fl","light:colour":"white","light:group":"2","light:height":"49","light:period":"15","light:range":"19","light:reference":"F 0901.7","light:sequence":"0.5+(2),0.5+(12)","name":"Ammapattinam","radio_station:category":"ais_base","radio_station:mmsi":"004194419","type":"landmark"}},"geometry":{"type":"Point","coordinates":[79.2290522,10.0108214]}},{"type":"Feature","properties":{"osmId":"node/14144313731","name":null,"nameLocal":null,"nameTa":null,"source":"(c) OpenStreetMap contributors, ODbL 1.0","category":"landmark","seamark":{"landmark:category":"tower","landmark:colour":"red;white","landmark:colour_pattern":"horizontal","landmark:construction":"concreted","landmark:function":"light_support","light:character":"Fl","light:colour":"white","light:group":"3","light:height":"49","light:period":"10","light:range":"19","light:reference":"F 0901.5","light:sequence":"0.3+(1.5),0.3+(1.5),0.3+(6.1)","name":"Pasipattanan","type":"landmark"}},"geometry":{"type":"Point","coordinates":[79.0786338,9.8050273]}},{"type":"Feature","properties":{"osmId":"node/14148580423","name":null,"nameLocal":null,"nameTa":null,"source":"(c) OpenStreetMap contributors, ODbL 1.0","category":"signal_station_warning","seamark":{"landmark:category":"tower","landmark:colour":"black;white","landmark:colour_pattern":"horizontal","landmark:construction":"masonry","landmark:function":"light_support","light:character":"Fl","light:colour":"white","light:height":"29","light:period":"5","light:range":"9","light:reference":"F 0900","light:sequence":"0.5+(4.5)","name":"Pamban Channel","radio_station:category":"ais","radio_station:mmsi":"004194418","signal_station_warning:category":"storm","type":"signal_station_warning"}},"geometry":{"type":"Point","coordinates":[79.2185322,9.288087]}},{"type":"Feature","properties":{"osmId":"node/14150103144","name":null,"nameLocal":null,"nameTa":null,"source":"(c) OpenStreetMap contributors, ODbL 1.0","category":"landmark","seamark":{"landmark:category":"tower","landmark:colour":"red;white","landmark:colour_pattern":"horizontal","landmark:construction":"concreted","landmark:function":"light_support","light:character":"Fl","light:colour":"white","light:height":"35","light:period":"15","light:range":"19","light:reference":"F 0738","light:sequence":"0.1+(14.9)","name":"Kilakkarai","radio_station:category":"ais","radio_station:mmsi":"004194417","type":"landmark"}},"geometry":{"type":"Point","coordinates":[78.785137,9.2275845]}},{"type":"Feature","properties":{"osmId":"node/14157182576","name":null,"nameLocal":null,"nameTa":null,"source":"(c) OpenStreetMap contributors, ODbL 1.0","category":"landmark","seamark":{"landmark:category":"tower","landmark:colour":"black;white","landmark:colour_pattern":"diagonal","landmark:conspicuity":"conspicuous","landmark:construction":"concreted","landmark:function":"light_support","light:character":"Fl","light:colour":"white","light:height":"48","light:period":"10","light:range":"28","light:reference":"F 0734","light:sequence":"0.5+(9.5)","name":"Pandiyan Tivu","radar_transponder:category":"racon","radar_transponder:group":"O","radio_station:category":"ais","radio_station:mmsi":"004194416","signal_station_warning:category":"storm","type":"landmark"}},"geometry":{"type":"Point","coordinates":[78.1969944,8.7856225]}},{"type":"Feature","properties":{"osmId":"node/14157789653","name":null,"nameLocal":null,"nameTa":null,"source":"(c) OpenStreetMap contributors, ODbL 1.0","category":"beacon_special_purpose","seamark":{"beacon_special_purpose:category":"leading","beacon_special_purpose:colour":"black;white","beacon_special_purpose:colour_pattern":"horizontal","beacon_special_purpose:shape":"tower","light:category":"rear","light:character":"Oc","light:colour":"white","light:height":"59","light:period":"10","light:range":"12","light:reference":"F 0735.1","name":"Tuticorin Harbor Range","type":"beacon_special_purpose"}},"geometry":{"type":"Point","coordinates":[78.199599,8.7723135]}},{"type":"Feature","properties":{"osmId":"node/14157789678","name":null,"nameLocal":null,"nameTa":null,"source":"(c) OpenStreetMap contributors, ODbL 1.0","category":"beacon_special_purpose","seamark":{"beacon_special_purpose:category":"leading","beacon_special_purpose:colour":"red;white","beacon_special_purpose:colour_pattern":"horizontal","beacon_special_purpose:shape":"tower","light:category":"front","light:character":"Q","light:colour":"white","light:height":"20","light:range":"8","light:reference":"F 0735","name":"Tuticorin Harbor Range","type":"beacon_special_purpose"}},"geometry":{"type":"Point","coordinates":[78.2179543,8.75615]}},{"type":"Feature","properties":{"osmId":"node/14159507295","name":null,"nameLocal":null,"nameTa":null,"source":"(c) OpenStreetMap contributors, ODbL 1.0","category":"landmark","seamark":{"information":"Fishing light","landmark:category":"tower","landmark:construction":"framework;metal","landmark:function":"light_support","light:character":"Fl","light:colour":"white","light:group":"3","light:height":"6","light:period":"15","light:range":"13","light:reference":"F 0878","name":"Jaffna, Jaffnapatam Channel","type":"landmark"}},"geometry":{"type":"Point","coordinates":[80.0328228,9.6269884]}},{"type":"Feature","properties":{"osmId":"node/14161991268","name":null,"nameLocal":null,"nameTa":null,"source":"(c) OpenStreetMap contributors, ODbL 1.0","category":"landmark","seamark":{"information":"Temporarily extinguished (2016)","landmark:category":"tower","landmark:colour":"white","landmark:construction":"masonry","landmark:function":"light_support","light:1:character":"Fl","light:1:colour":"white","light:1:height":"31","light:1:period":"5","light:1:range":"10","light:1:sector_end":"330","light:1:sector_start":"090","light:1:sequence":"0.5+(4.5)","light:reference":"F 0870","name":"Point Pedro","status":"extinguished","type":"landmark"}},"geometry":{"type":"Point","coordinates":[80.2496968,9.8268928]}},{"type":"Feature","properties":{"osmId":"node/14168942140","name":null,"nameLocal":null,"nameTa":null,"source":"(c) OpenStreetMap contributors, ODbL 1.0","category":"landmark","seamark":{"landmark:category":"tower","landmark:colour":"white","landmark:construction":"concreted","landmark:function":"light_support","light:1:character":"Fl","light:1:colour":"white","light:1:height":"17","light:1:period":"5","light:1:range":"10","light:1:sector_end":"270","light:1:sector_start":"090","light:1:sequence":"0.5+(4.5)","light:reference":"F 0884","name":"Mannar Island","type":"landmark"}},"geometry":{"type":"Point","coordinates":[79.7311409,9.1074228]}},{"type":"Feature","properties":{"osmId":"node/14174767435","name":null,"nameLocal":null,"nameTa":null,"source":"(c) OpenStreetMap contributors, ODbL 1.0","category":"landmark","seamark":{"information":"May be difficult to identify due to background lights","landmark:category":"tower","landmark:colour":"red;white","landmark:colour_pattern":"horizontal","landmark:construction":"masonry","landmark:function":"light_support","light:character":"Fl","light:colour":"white","light:group":"2","light:height":"63","light:period":"20","light:range":"29","light:reference":"F 0726","light:sequence":"0.7+(3.3),0.7+(15.3)","name":"Cape Comorin","radar_transponder:category":"racon","radar_transponder:group":"C","radar_transponder:wavelength":"0.10-S","radio_station:category":"ais","radio_station:mmsi":"004192248","type":"landmark"}},"geometry":{"type":"Point","coordinates":[77.5469712,8.081353]}},{"type":"Feature","properties":{"osmId":"way/11846972","name":"Nedunthivu","nameLocal":"Nedunthivu","nameTa":"நெடுந்தீவு","source":"(c) OpenStreetMap contributors, ODbL 1.0","category":"island","seamark":null},"geometry":{"type":"Polygon","coordinates":[[[79.715205,9.529585],[79.71494,9.529792],[79.714646,9.529517],[79.713702,9.529353],[79.713451,9.529076],[79.712289,9.528911],[79.704204,9.528763],[79.70103,9.528837],[79.69857,9.529064],[79.696402,9.529706],[79.694703,9.530487],[79.693839,9.531071],[79.693974,9.531532],[79.693837,9.531575],[79.694057,9.531961],[79.693633,9.531417],[79.693591,9.531156],[79.693367,9.531045],[79.692833,9.531086],[79.692239,9.531365],[79.691569,9.531918],[79.691565,9.533105],[79.691326,9.533603],[79.691496,9.533775],[79.69128,9.533752],[79.690685,9.534263],[79.69066,9.534481],[79.690316,9.534613],[79.689774,9.534126],[79.689192,9.534235],[79.687303,9.53551],[79.687113,9.535898],[79.687492,9.536973],[79.687412,9.537191],[79.687161,9.537318],[79.686894,9.536567],[79.686649,9.536399],[79.685856,9.536319],[79.685542,9.536476],[79.685463,9.536304],[79.684937,9.536442],[79.68461,9.536673],[79.684034,9.538018],[79.684214,9.538479],[79.684017,9.538899],[79.684081,9.53937],[79.683723,9.539505],[79.683591,9.538988],[79.683251,9.538761],[79.683089,9.538844],[79.682806,9.53869],[79.682619,9.53881],[79.682513,9.538693],[79.681854,9.53911],[79.681723,9.53945],[79.681799,9.53976],[79.680814,9.539554],[79.680271,9.539738],[79.679727,9.540406],[79.679905,9.54066],[79.679759,9.540942],[79.680036,9.541308],[79.680113,9.542019],[79.679457,9.542098],[79.679182,9.541801],[79.678706,9.541941],[79.678272,9.542197],[79.678308,9.542981],[79.67757,9.543228],[79.676928,9.543824],[79.676982,9.544628],[79.675927,9.545993],[79.675756,9.54662],[79.673475,9.549322],[79.673452,9.549782],[79.673181,9.549954],[79.672921,9.550503],[79.672656,9.550463],[79.672046,9.550833],[79.672084,9.551481],[79.672403,9.551997],[79.672309,9.552683],[79.671105,9.553607],[79.670408,9.553946],[79.669687,9.553609],[79.669419,9.553665],[79.668765,9.553308],[79.668705,9.553101],[79.668038,9.552898],[79.667745,9.553151],[79.667699,9.553462],[79.667662,9.553129],[79.667506,9.553005],[79.667102,9.553116],[79.666903,9.55299],[79.665418,9.553558],[79.665053,9.553905],[79.665166,9.554175],[79.665066,9.554268],[79.66452,9.55376],[79.663772,9.553881],[79.663658,9.554195],[79.663593,9.55339],[79.663903,9.552424],[79.66378,9.552267],[79.663599,9.552344],[79.663413,9.552957],[79.662384,9.55378],[79.662629,9.554087],[79.662421,9.554082],[79.662476,9.554419],[79.662138,9.55393],[79.66132,9.554149],[79.661145,9.554328],[79.661224,9.554762],[79.660798,9.555149],[79.660543,9.555979],[79.660319,9.55614],[79.660292,9.555891],[79.660123,9.555898],[79.659631,9.556094],[79.659325,9.555905],[79.659068,9.555439],[79.658295,9.555306],[79.657526,9.554983],[79.657231,9.554677],[79.657257,9.55445],[79.656937,9.554199],[79.655744,9.553727],[79.656229,9.553098],[79.656512,9.552304],[79.656974,9.552023],[79.656481,9.551217],[79.655843,9.550761],[79.655101,9.550764],[79.655182,9.550541],[79.65549,9.550501],[79.655293,9.550038],[79.654637,9.550296],[79.654215,9.551153],[79.654022,9.55138],[79.653818,9.55136],[79.653829,9.551051],[79.653162,9.550282],[79.652123,9.549644],[79.651509,9.548747],[79.651016,9.547265],[79.650766,9.545188],[79.650742,9.543197],[79.650884,9.542461],[79.650641,9.541313],[79.650688,9.53985],[79.651474,9.536627],[79.651301,9.535259],[79.651438,9.535157],[79.651547,9.533411],[79.651687,9.533315],[79.651816,9.532759],[79.651601,9.532242],[79.651624,9.531641],[79.651947,9.531331],[79.652374,9.529874],[79.652161,9.529391],[79.651878,9.529318],[79.651754,9.52899],[79.652214,9.528392],[79.652251,9.52806],[79.652134,9.527508],[79.652223,9.526408],[79.65204,9.526207],[79.652496,9.52526],[79.652361,9.524345],[79.652522,9.523482],[79.652351,9.523013],[79.652378,9.52246],[79.652528,9.521812],[79.652902,9.521431],[79.653162,9.521512],[79.653461,9.521372],[79.653763,9.520968],[79.653617,9.517632],[79.653791,9.517251],[79.653597,9.516778],[79.653619,9.516468],[79.653819,9.516312],[79.653551,9.516124],[79.654188,9.515775],[79.654614,9.515144],[79.65472,9.514369],[79.654363,9.514076],[79.65491,9.513625],[79.655348,9.512914],[79.655273,9.512798],[79.655651,9.512387],[79.655406,9.511046],[79.655642,9.509389],[79.655488,9.506856],[79.655331,9.506547],[79.654649,9.506203],[79.654992,9.505204],[79.657094,9.503828],[79.657533,9.503348],[79.657441,9.503227],[79.657622,9.503066],[79.65763,9.502532],[79.65773,9.502577],[79.658287,9.501903],[79.659095,9.501836],[79.659202,9.501485],[79.659513,9.501675],[79.659793,9.501512],[79.660163,9.501028],[79.660483,9.50082],[79.660742,9.500874],[79.661228,9.500549],[79.661224,9.500232],[79.661456,9.499815],[79.662203,9.499891],[79.662601,9.499623],[79.662857,9.499659],[79.663598,9.499344],[79.664044,9.499067],[79.664034,9.498907],[79.664234,9.498902],[79.664931,9.498352],[79.666273,9.49771],[79.666804,9.497173],[79.670489,9.495548],[79.671671,9.494838],[79.67266,9.4939],[79.674552,9.493027],[79.675692,9.49202],[79.677606,9.491217],[79.680703,9.489424],[79.681826,9.488473],[79.682051,9.488456],[79.682178,9.488263],[79.682286,9.48837],[79.682387,9.488003],[79.682673,9.487768],[79.684255,9.487047],[79.684198,9.48683],[79.684341,9.486693],[79.685199,9.486461],[79.685294,9.486027],[79.68613,9.485634],[79.68665,9.485169],[79.68752,9.48496],[79.689227,9.484204],[79.689846,9.483878],[79.690006,9.483556],[79.690416,9.483325],[79.69162,9.483011],[79.69176,9.482913],[79.691792,9.482563],[79.694319,9.481611],[79.694569,9.481653],[79.6948,9.481262],[79.69577,9.480874],[79.695912,9.480559],[79.698337,9.479713],[79.698571,9.479823],[79.698837,9.479752],[79.70071,9.478904],[79.702599,9.478314],[79.703036,9.478067],[79.703178,9.477692],[79.703357,9.477588],[79.703731,9.477792],[79.703825,9.477364],[79.704459,9.477084],[79.704464,9.476093],[79.704632,9.475918],[79.705533,9.476424],[79.706255,9.476465],[79.707349,9.47606],[79.70848,9.475886],[79.709065,9.475596],[79.709195,9.475115],[79.709521,9.475763],[79.71025,9.476012],[79.710304,9.476229],[79.710602,9.476306],[79.710694,9.476471],[79.710919,9.47619],[79.711161,9.47638],[79.711914,9.476238],[79.712781,9.475834],[79.715983,9.475309],[79.718299,9.475269],[79.720077,9.474756],[79.721734,9.475427],[79.723519,9.476587],[79.726019,9.479388],[79.727581,9.480819],[79.729106,9.482664],[79.729662,9.483833],[79.73005,9.485601],[79.731165,9.489333],[79.731516,9.492335],[79.731008,9.493552],[79.730946,9.494109],[79.729995,9.495935],[79.729477,9.497535],[79.72935,9.50212],[79.729019,9.504456],[79.728262,9.506731],[79.727883,9.507209],[79.727576,9.508218],[79.726534,9.509916],[79.726187,9.511216],[79.726265,9.51303],[79.72609,9.51383],[79.726347,9.514311],[79.726388,9.515294],[79.725943,9.516588],[79.726026,9.517256],[79.725909,9.517746],[79.726075,9.518323],[79.725797,9.519379],[79.72574,9.522205],[79.725393,9.523944],[79.724744,9.525023],[79.724407,9.525996],[79.723865,9.526612],[79.72385,9.526912],[79.723466,9.527362],[79.723086,9.527111],[79.721617,9.527145],[79.72112,9.527575],[79.720673,9.528507],[79.719681,9.528923],[79.718717,9.528955],[79.718234,9.529147],[79.717785,9.528624],[79.717509,9.528026],[79.716936,9.528169],[79.717077,9.528362],[79.716817,9.528112],[79.716672,9.528151],[79.716718,9.528256],[79.716491,9.528084],[79.715958,9.528192],[79.715536,9.528357],[79.715589,9.528529],[79.716059,9.528451],[79.715569,9.528552],[79.715407,9.528359],[79.715221,9.528582],[79.71518,9.528989],[79.715321,9.529165],[79.716627,9.529263],[79.71666,9.529065],[79.716415,9.52888],[79.716533,9.528576],[79.716796,9.52883],[79.71754,9.529013],[79.717576,9.529146],[79.715305,9.529436],[79.715205,9.529585]]]}},{"type":"Feature","properties":{"osmId":"way/12955057","name":null,"nameLocal":null,"nameTa":null,"source":"(c) OpenStreetMap contributors, ODbL 1.0","category":"islet","seamark":null},"geometry":{"type":"Polygon","coordinates":[[[79.454935,9.149379],[79.454883,9.149703],[79.454469,9.149664],[79.453925,9.14897],[79.453791,9.148264],[79.454164,9.147389],[79.454825,9.144845],[79.455177,9.144186],[79.456462,9.14359],[79.459235,9.141074],[79.461,9.140894],[79.461113,9.14127],[79.460684,9.141599],[79.460356,9.143844],[79.459047,9.145973],[79.457717,9.146778],[79.457309,9.147615],[79.45688,9.148071],[79.456279,9.148388],[79.454421,9.14838],[79.454551,9.148734],[79.455842,9.14901],[79.455684,9.149261],[79.456119,9.149842],[79.456498,9.149801],[79.456469,9.150087],[79.456885,9.15021],[79.456362,9.150361],[79.455543,9.149421],[79.454935,9.149379]]]}},{"type":"Feature","properties":{"osmId":"way/12955175","name":null,"nameLocal":null,"nameTa":null,"source":"(c) OpenStreetMap contributors, ODbL 1.0","category":"islet","seamark":null},"geometry":{"type":"Polygon","coordinates":[[[79.626711,9.069635],[79.625028,9.069932],[79.623133,9.070534],[79.621255,9.071666],[79.62106,9.071682],[79.620661,9.071409],[79.620491,9.069835],[79.620913,9.068101],[79.621735,9.067756],[79.622353,9.067643],[79.623304,9.068053],[79.624068,9.068117],[79.625816,9.067732],[79.627093,9.067258],[79.62854,9.066431],[79.629394,9.066278],[79.629711,9.066792],[79.630085,9.068551],[79.63002,9.069016],[79.628491,9.069843],[79.627849,9.070012],[79.627467,9.07002],[79.627174,9.0699],[79.627052,9.069683],[79.626711,9.069635]]]}},{"type":"Feature","properties":{"osmId":"way/18414519","name":"Uppu Thanni","nameLocal":null,"nameTa":null,"source":"(c) OpenStreetMap contributors, ODbL 1.0","category":"islet","seamark":null},"geometry":{"type":"Polygon","coordinates":[[[78.492959,9.091731],[78.491156,9.092726],[78.490244,9.092668],[78.48981,9.091524],[78.488619,9.090417],[78.487937,9.090051],[78.487836,9.089744],[78.488157,9.089342],[78.489906,9.088314],[78.492259,9.087474],[78.492293,9.088245],[78.492004,9.088595],[78.491819,9.089347],[78.492428,9.089543],[78.492712,9.089469],[78.49312,9.088876],[78.493527,9.088611],[78.494058,9.088701],[78.495051,9.090682],[78.494938,9.091212],[78.492959,9.091731]]]}},{"type":"Feature","properties":{"osmId":"way/18417079","name":"Valimunai","nameLocal":null,"nameTa":null,"source":"(c) OpenStreetMap contributors, ODbL 1.0","category":"islet","seamark":null},"geometry":{"type":"Polygon","coordinates":[[[78.731125,9.152082],[78.731321,9.152368],[78.73153,9.154233],[78.732182,9.155392],[78.731493,9.155888],[78.731061,9.156478],[78.730752,9.15598],[78.730318,9.154458],[78.729495,9.153057],[78.729323,9.152458],[78.730739,9.151924],[78.731125,9.152082]]]}},{"type":"Feature","properties":{"osmId":"way/18417094","name":"Puluvini Challi","nameLocal":null,"nameTa":null,"source":"(c) OpenStreetMap contributors, ODbL 1.0","category":"islet","seamark":null},"geometry":{"type":"Polygon","coordinates":[[[78.535442,9.10216],[78.536359,9.102298],[78.537987,9.103067],[78.538562,9.104592],[78.538977,9.104899],[78.539178,9.105277],[78.539071,9.10568],[78.538299,9.105797],[78.537918,9.105447],[78.537845,9.105084],[78.537363,9.104491],[78.536499,9.104162],[78.535466,9.103418],[78.53497,9.102597],[78.535182,9.102219],[78.535442,9.10216]]]}},{"type":"Feature","properties":{"osmId":"way/18419668","name":"Mulli","nameLocal":null,"nameTa":null,"source":"(c) OpenStreetMap contributors, ODbL 1.0","category":"island","seamark":null},"geometry":{"type":"Polygon","coordinates":[[[78.968329,9.183736],[78.969509,9.185407],[78.970582,9.186053],[78.970577,9.186233],[78.970129,9.186715],[78.968388,9.187652],[78.967511,9.188679],[78.967372,9.189177],[78.967203,9.189201],[78.966519,9.188653],[78.96632,9.188134],[78.966363,9.187679],[78.966524,9.187191],[78.967533,9.185767],[78.967876,9.184014],[78.967991,9.183802],[78.968329,9.183736]]]}},{"type":"Feature","properties":{"osmId":"way/22825627","name":"Nalla Thani","nameLocal":null,"nameTa":null,"source":"(c) OpenStreetMap contributors, ODbL 1.0","category":"island","seamark":null},"geometry":{"type":"Polygon","coordinates":[[[78.571545,9.102245],[78.572331,9.10215],[78.574036,9.102415],[78.575056,9.102256],[78.575828,9.102351],[78.576311,9.102266],[78.576869,9.101885],[78.578231,9.102568],[78.579176,9.10269],[78.580184,9.10332],[78.580624,9.10429],[78.581048,9.104724],[78.582346,9.105058],[78.582963,9.106663],[78.583719,9.107505],[78.584561,9.107812],[78.585602,9.107743],[78.586321,9.107521],[78.587421,9.108305],[78.587785,9.10893],[78.587496,9.109279],[78.586734,9.109518],[78.585731,9.110121],[78.584819,9.110974],[78.584449,9.111138],[78.582249,9.111398],[78.581182,9.111859],[78.579387,9.113811],[78.57932,9.113622],[78.579513,9.113024],[78.578811,9.111949],[78.578349,9.111488],[78.577561,9.111048],[78.576394,9.109019],[78.575104,9.107441],[78.572223,9.104692],[78.571065,9.104173],[78.570922,9.103977],[78.570807,9.103593],[78.571123,9.102791],[78.570989,9.102359],[78.571545,9.102245]]]}},{"type":"Feature","properties":{"osmId":"way/29423864","name":"Analativu","nameLocal":"Analativu","nameTa":"அனலைதீவு","source":"(c) OpenStreetMap contributors, ODbL 1.0","category":"island","seamark":null},"geometry":{"type":"Polygon","coordinates":[[[79.782718,9.68729],[79.780679,9.686114],[79.778063,9.684066],[79.777288,9.682562],[79.776526,9.681748],[79.776534,9.681103],[79.776308,9.680756],[79.776179,9.680011],[79.774239,9.67835],[79.77346,9.67792],[79.772313,9.67681],[79.771068,9.675115],[79.770151,9.673509],[79.770147,9.67313],[79.769649,9.672422],[79.769623,9.672023],[79.769273,9.671669],[79.768914,9.671086],[79.768859,9.670641],[79.768504,9.67027],[79.76847,9.669812],[79.768044,9.669184],[79.767769,9.668093],[79.766684,9.666154],[79.766583,9.665537],[79.766186,9.665025],[79.765366,9.662947],[79.764095,9.660495],[79.764066,9.659442],[79.763725,9.658758],[79.763567,9.657219],[79.763892,9.655336],[79.764628,9.653847],[79.765225,9.653106],[79.766744,9.65242],[79.767991,9.652406],[79.768848,9.651475],[79.769788,9.651057],[79.770473,9.651131],[79.771106,9.650841],[79.7715,9.650909],[79.771984,9.651216],[79.772377,9.651611],[79.772719,9.651736],[79.772803,9.652077],[79.77328,9.652361],[79.773548,9.652275],[79.773407,9.652681],[79.773611,9.653064],[79.774699,9.654342],[79.776342,9.655416],[79.777862,9.655612],[79.779142,9.655954],[79.780008,9.655491],[79.77918,9.656107],[79.779361,9.656794],[79.779072,9.657495],[79.779163,9.657906],[79.77967,9.658763],[79.780747,9.659754],[79.781954,9.661832],[79.782297,9.662244],[79.783001,9.66269],[79.783673,9.663638],[79.784987,9.664467],[79.785717,9.665189],[79.786067,9.665838],[79.786988,9.665759],[79.786951,9.665897],[79.786018,9.666015],[79.784827,9.668546],[79.784327,9.669055],[79.784279,9.669415],[79.784038,9.669646],[79.783627,9.669548],[79.783385,9.669993],[79.784522,9.672397],[79.784324,9.673277],[79.783694,9.674596],[79.783711,9.676032],[79.783289,9.676567],[79.783445,9.678554],[79.78309,9.679279],[79.783103,9.679887],[79.783738,9.681122],[79.783399,9.682055],[79.78342,9.682671],[79.784052,9.684615],[79.783762,9.685215],[79.783914,9.68605],[79.783769,9.686818],[79.783365,9.686863],[79.782718,9.68729]]]}},{"type":"Feature","properties":{"osmId":"way/29423865","name":"Puliyanthivu","nameLocal":"Puliyanthivu","nameTa":"புளியந்தீவு","source":"(c) OpenStreetMap contributors, ODbL 1.0","category":"island","seamark":null},"geometry":{"type":"Polygon","coordinates":[[[79.77141,9.647178],[79.771534,9.646506],[79.773835,9.644621],[79.774832,9.644084],[79.775641,9.644165],[79.776074,9.644049],[79.776827,9.646308],[79.77716,9.646709],[79.776836,9.648191],[79.77691,9.64847],[79.777424,9.649084],[79.777105,9.649816],[79.777226,9.650216],[79.777161,9.65087],[79.776227,9.651744],[79.775535,9.651466],[79.774426,9.651834],[79.773547,9.651572],[79.771227,9.648804],[79.771548,9.648241],[79.77141,9.647178]]]}},{"type":"Feature","properties":{"osmId":"way/29424262","name":null,"nameLocal":null,"nameTa":null,"source":"(c) OpenStreetMap contributors, ODbL 1.0","category":"islet","seamark":null},"geometry":{"type":"Polygon","coordinates":[[[79.837469,9.624568],[79.837578,9.624119],[79.8385,9.623528],[79.839268,9.623647],[79.83911,9.624276],[79.838674,9.624834],[79.838244,9.624925],[79.837469,9.624568]]]}},{"type":"Feature","properties":{"osmId":"way/29424263","name":null,"nameLocal":null,"nameTa":null,"source":"(c) OpenStreetMap contributors, ODbL 1.0","category":"islet","seamark":null},"geometry":{"type":"Polygon","coordinates":[[[79.852318,9.617899],[79.852287,9.617701],[79.852694,9.617371],[79.853039,9.616789],[79.854399,9.616494],[79.855302,9.616794],[79.855356,9.617029],[79.852318,9.617899]]]}},{"type":"Feature","properties":{"osmId":"way/29424291","name":"Palativu","nameLocal":null,"nameTa":null,"source":"(c) OpenStreetMap contributors, ODbL 1.0","category":"island","seamark":null},"geometry":{"type":"Polygon","coordinates":[[[80.010145,9.472403],[80.010358,9.471935],[80.009613,9.469951],[80.009911,9.468553],[80.00949,9.467558],[80.009642,9.466951],[80.011811,9.465801],[80.012118,9.465874],[80.01273,9.466444],[80.013304,9.466582],[80.013604,9.46692],[80.014225,9.467157],[80.014839,9.466992],[80.015012,9.467107],[80.014453,9.467809],[80.014087,9.469416],[80.014105,9.470006],[80.014807,9.471649],[80.016289,9.473165],[80.017508,9.474942],[80.018039,9.477385],[80.018054,9.478836],[80.017642,9.48074],[80.01767,9.481228],[80.017471,9.481592],[80.017192,9.481671],[80.016346,9.482503],[80.015387,9.484158],[80.014598,9.484582],[80.012196,9.485094],[80.009586,9.485093],[80.008933,9.485256],[80.007785,9.48487],[80.005422,9.484666],[80.004972,9.48406],[80.004305,9.482157],[80.003922,9.480663],[80.003987,9.48017],[80.004623,9.479218],[80.006859,9.47683],[80.007026,9.476346],[80.0085,9.47428],[80.010145,9.472403]]]}},{"type":"Feature","properties":{"osmId":"way/30000696","name":"Kakkativu","nameLocal":null,"nameTa":null,"source":"(c) OpenStreetMap contributors, ODbL 1.0","category":"island","seamark":null},"geometry":{"type":"Polygon","coordinates":[[[80.080853,9.321547],[80.076481,9.321335],[80.074866,9.322338],[80.073933,9.322442],[80.073359,9.322312],[80.072949,9.321534],[80.07293,9.320663],[80.073195,9.319864],[80.074628,9.31838],[80.074834,9.31754],[80.075942,9.316306],[80.079057,9.313795],[80.079005,9.313366],[80.079151,9.313171],[80.079925,9.312865],[80.080529,9.312868],[80.081926,9.312511],[80.083907,9.312603],[80.08831,9.311596],[80.090086,9.311635],[80.090826,9.31201],[80.09063,9.312173],[80.090385,9.312106],[80.090315,9.311919],[80.090198,9.311979],[80.090221,9.312326],[80.089631,9.313203],[80.088001,9.314485],[80.087115,9.314792],[80.085786,9.315668],[80.084233,9.317926],[80.083903,9.318961],[80.083794,9.320119],[80.083288,9.320851],[80.081797,9.321542],[80.080853,9.321547]]]}},{"type":"Feature","properties":{"osmId":"way/30005338","name":"Kachchatheevu","nameLocal":null,"nameTa":"கச்சத்தீவு","source":"(c) OpenStreetMap contributors, ODbL 1.0","category":"island","seamark":null},"geometry":{"type":"Polygon","coordinates":[[[79.522786,9.392729],[79.522351,9.39202],[79.522087,9.39114],[79.521985,9.389682],[79.522196,9.388055],[79.522606,9.387063],[79.524168,9.384617],[79.52665,9.383912],[79.527796,9.384116],[79.529451,9.383997],[79.529732,9.384388],[79.529775,9.385159],[79.530236,9.385688],[79.530389,9.38624],[79.530343,9.387656],[79.530086,9.38878],[79.529143,9.389731],[79.527345,9.390795],[79.527046,9.391188],[79.526623,9.392618],[79.5251,9.393377],[79.524336,9.39317],[79.523247,9.3931],[79.522786,9.392729]]]}},{"type":"Feature","properties":{"osmId":"way/30600003","name":null,"nameLocal":null,"nameTa":null,"source":"(c) OpenStreetMap contributors, ODbL 1.0","category":"islet","seamark":null},"geometry":{"type":"Polygon","coordinates":[[[79.775871,8.192844],[79.775162,8.192759],[79.776793,8.190677],[79.776901,8.190146],[79.77675,8.189658],[79.776321,8.189445],[79.775978,8.189021],[79.775914,8.188532],[79.776965,8.186897],[79.777458,8.186875],[79.778639,8.187555],[79.779433,8.18832],[79.779454,8.189169],[79.778639,8.190698],[79.777652,8.191888],[79.776708,8.192589],[79.775871,8.192844]]]}},{"type":"Feature","properties":{"osmId":"way/30731667","name":"Baththalangunduwa","nameLocal":null,"nameTa":null,"source":"(c) OpenStreetMap contributors, ODbL 1.0","category":"island","seamark":null},"geometry":{"type":"Polygon","coordinates":[[[79.780935,8.508854],[79.780456,8.507048],[79.779534,8.505681],[79.778273,8.504546],[79.777276,8.501867],[79.777415,8.499835],[79.777651,8.497925],[79.778129,8.497232],[79.778609,8.492617],[79.779583,8.487725],[79.783262,8.476893],[79.785054,8.472659],[79.787585,8.466706],[79.788819,8.464339],[79.790074,8.462471],[79.79089,8.461527],[79.792027,8.459373],[79.793862,8.457059],[79.796887,8.452443],[79.797499,8.451859],[79.797902,8.451792],[79.799526,8.450373],[79.800159,8.450416],[79.800631,8.450703],[79.801048,8.450574],[79.802262,8.449631],[79.803466,8.448914],[79.804537,8.448665],[79.806329,8.448983],[79.806597,8.44927],[79.806586,8.449503],[79.805685,8.449493],[79.805374,8.449822],[79.805213,8.449663],[79.804719,8.449822],[79.804472,8.450066],[79.803056,8.450384],[79.802477,8.450745],[79.802241,8.451074],[79.800674,8.45152],[79.800277,8.451987],[79.79693,8.453387],[79.79605,8.454215],[79.795836,8.454831],[79.795621,8.454894],[79.794645,8.456603],[79.794323,8.456932],[79.794173,8.457526],[79.792896,8.458757],[79.789901,8.463616],[79.790042,8.463915],[79.790858,8.464541],[79.790922,8.464923],[79.789849,8.466324],[79.790021,8.466599],[79.790546,8.466854],[79.790875,8.46883],[79.791134,8.469214],[79.791752,8.469535],[79.791919,8.469997],[79.7871,8.47095],[79.786016,8.471661],[79.785333,8.473434],[79.784829,8.474102],[79.784185,8.47614],[79.78372,8.476889],[79.783734,8.477254],[79.783101,8.479312],[79.782468,8.480575],[79.782415,8.48101],[79.782908,8.482188],[79.782936,8.48297],[79.782433,8.485595],[79.782565,8.486231],[79.782975,8.486732],[79.781599,8.487653],[79.780762,8.489839],[79.780762,8.490401],[79.781149,8.491102],[79.7811,8.491474],[79.779909,8.492773],[79.779829,8.493351],[79.780719,8.494433],[79.781979,8.495387],[79.782307,8.496333],[79.782223,8.496912],[79.781384,8.497951],[79.781331,8.498498],[79.781588,8.499346],[79.783863,8.502562],[79.783863,8.50306],[79.78408,8.503615],[79.783938,8.504663],[79.783466,8.505469],[79.783131,8.506768],[79.78355,8.508326],[79.783962,8.508919],[79.784662,8.509253],[79.786632,8.509608],[79.787454,8.509984],[79.787356,8.510106],[79.786663,8.509789],[79.78609,8.51007],[79.78607,8.510313],[79.786411,8.511042],[79.786597,8.512368],[79.786165,8.513239],[79.786207,8.513679],[79.78592,8.513984],[79.786056,8.514674],[79.785976,8.514769],[79.785822,8.51457],[79.785824,8.51482],[79.786164,8.515103],[79.786872,8.516147],[79.78697,8.516492],[79.786757,8.516805],[79.786828,8.517329],[79.787504,8.517991],[79.787558,8.518316],[79.788114,8.519134],[79.788136,8.519687],[79.787952,8.51968],[79.788024,8.519142],[79.787886,8.519138],[79.787452,8.520564],[79.788105,8.521646],[79.788499,8.522819],[79.78842,8.523072],[79.78879,8.524033],[79.788673,8.524544],[79.789035,8.525334],[79.788849,8.525521],[79.788667,8.525002],[79.787761,8.525585],[79.78737,8.526006],[79.786914,8.527095],[79.78692,8.528247],[79.786553,8.529105],[79.786254,8.530475],[79.786251,8.531324],[79.785989,8.53185],[79.786088,8.533272],[79.785926,8.534083],[79.786068,8.53458],[79.785998,8.535298],[79.786229,8.53593],[79.785827,8.536388],[79.785904,8.536786],[79.787209,8.537368],[79.78752,8.537849],[79.786623,8.537362],[79.785353,8.537124],[79.785012,8.53712],[79.784568,8.537377],[79.784472,8.537527],[79.784561,8.537584],[79.784728,8.537311],[79.784912,8.537365],[79.784815,8.537906],[79.785173,8.538345],[79.78489,8.538881],[79.785681,8.539491],[79.785531,8.539771],[79.785107,8.539528],[79.784352,8.538671],[79.78318,8.538939],[79.782956,8.538852],[79.784486,8.536319],[79.78474,8.535381],[79.784667,8.534776],[79.785637,8.533087],[79.785706,8.532693],[79.78544,8.532022],[79.78562,8.530587],[79.786617,8.526772],[79.787115,8.523568],[79.786498,8.520233],[79.786151,8.519585],[79.785606,8.519115],[79.784833,8.5175],[79.784198,8.517086],[79.783702,8.515193],[79.783038,8.514843],[79.78273,8.514433],[79.782359,8.513671],[79.782212,8.512788],[79.781671,8.511513],[79.781622,8.51103],[79.781142,8.510151],[79.781226,8.509537],[79.780883,8.508994],[79.780935,8.508854]]]}},{"type":"Feature","properties":{"osmId":"way/132476849","name":"Hare","nameLocal":null,"nameTa":null,"source":"(c) OpenStreetMap contributors, ODbL 1.0","category":"island","seamark":null},"geometry":{"type":"Polygon","coordinates":[[[79.061029,9.202453],[79.060841,9.201505],[79.059988,9.199504],[79.05876,9.197253],[79.058717,9.196983],[79.058958,9.196792],[79.060047,9.196718],[79.061675,9.197478],[79.061879,9.197642],[79.061957,9.19809],[79.063902,9.199323],[79.065412,9.20002],[79.06656,9.200147],[79.068011,9.200078],[79.070017,9.199374],[79.072104,9.199027],[79.074421,9.198429],[79.075521,9.197814],[79.076854,9.197406],[79.078235,9.196511],[79.079826,9.196059],[79.080612,9.195643],[79.083138,9.193755],[79.085657,9.192304],[79.087462,9.192654],[79.088334,9.192972],[79.088522,9.193565],[79.089731,9.194708],[79.090662,9.196141],[79.091118,9.197433],[79.091051,9.198219],[79.091633,9.199292],[79.091504,9.199824],[79.091298,9.199779],[79.091172,9.199564],[79.089836,9.199514],[79.089922,9.198889],[79.089509,9.198561],[79.08924,9.197925],[79.088779,9.197841],[79.088876,9.196472],[79.088463,9.19626],[79.088811,9.195685],[79.088865,9.194886],[79.088522,9.194099],[79.08857,9.193914],[79.088323,9.193787],[79.086762,9.194314],[79.08762,9.193615],[79.087738,9.193101],[79.086537,9.192752],[79.086349,9.192837],[79.085695,9.194261],[79.085947,9.19474],[79.086421,9.194918],[79.086547,9.195185],[79.086861,9.19532],[79.086816,9.195436],[79.085571,9.196893],[79.084552,9.197412],[79.083838,9.197375],[79.082476,9.198333],[79.082143,9.198884],[79.082438,9.199037],[79.082513,9.199233],[79.082122,9.1998],[79.081469,9.199993],[79.080538,9.199958],[79.079504,9.199657],[79.076956,9.199525],[79.075518,9.200091],[79.074698,9.200606],[79.070824,9.203438],[79.069741,9.204656],[79.068984,9.205757],[79.068925,9.20626],[79.069741,9.20751],[79.069682,9.208061],[79.069548,9.208182],[79.069108,9.208119],[79.069033,9.207934],[79.068512,9.207648],[79.067273,9.207489],[79.066511,9.207139],[79.06612,9.207161],[79.065696,9.207484],[79.063953,9.205212],[79.061592,9.202839],[79.061029,9.202453]]]}},{"type":"Feature","properties":{"osmId":"way/157680860","name":"Erumaitivu","nameLocal":null,"nameTa":null,"source":"(c) OpenStreetMap contributors, ODbL 1.0","category":"islet","seamark":null},"geometry":{"type":"Polygon","coordinates":[[[80.055372,9.330921],[80.057558,9.329813],[80.05906,9.329797],[80.059522,9.330258],[80.059575,9.330752],[80.060208,9.331133],[80.060691,9.331692],[80.060643,9.331999],[80.060093,9.332367],[80.059444,9.333166],[80.059311,9.333153],[80.059417,9.332849],[80.059264,9.332603],[80.058666,9.33237],[80.058301,9.33238],[80.057773,9.332798],[80.057966,9.333947],[80.057676,9.33427],[80.057695,9.335146],[80.05819,9.335683],[80.058774,9.337842],[80.058513,9.338777],[80.059293,9.340058],[80.059433,9.340577],[80.058902,9.341302],[80.057421,9.341943],[80.057271,9.342276],[80.057298,9.342726],[80.056826,9.343949],[80.056716,9.344785],[80.056949,9.345701],[80.056563,9.34637],[80.056673,9.346659],[80.057405,9.347061],[80.057183,9.347373],[80.057102,9.347863],[80.056721,9.348197],[80.056139,9.348109],[80.055576,9.347673],[80.054307,9.345669],[80.053744,9.345092],[80.053432,9.34299],[80.052384,9.34017],[80.051976,9.338179],[80.052652,9.335887],[80.052591,9.334561],[80.0531,9.332655],[80.053438,9.332221],[80.055372,9.330921]]]}},{"type":"Feature","properties":{"osmId":"way/160058281","name":null,"nameLocal":null,"nameTa":null,"source":"(c) OpenStreetMap contributors, ODbL 1.0","category":"islet","seamark":null},"geometry":{"type":"Polygon","coordinates":[[[79.86254,9.625909],[79.861886,9.624714],[79.861435,9.624351],[79.861467,9.623374],[79.862115,9.622967],[79.862933,9.623518],[79.863663,9.62425],[79.863942,9.624989],[79.863949,9.625302],[79.863619,9.625796],[79.862635,9.626015],[79.86254,9.625909]]]}},{"type":"Feature","properties":{"osmId":"way/160058285","name":"Kanantivu","nameLocal":null,"nameTa":null,"source":"(c) OpenStreetMap contributors, ODbL 1.0","category":"island","seamark":null},"geometry":{"type":"Polygon","coordinates":[[[79.858084,9.629188],[79.857844,9.629604],[79.857819,9.630033],[79.857996,9.630128],[79.858147,9.63089],[79.857763,9.631979],[79.8575,9.632567],[79.8561,9.634288],[79.855832,9.63489],[79.855456,9.635023],[79.854711,9.634975],[79.853311,9.634288],[79.852565,9.634293],[79.852023,9.634076],[79.851846,9.633822],[79.851787,9.632292],[79.852098,9.631892],[79.853082,9.628337],[79.85315,9.627158],[79.853777,9.626534],[79.853945,9.626172],[79.853641,9.624908],[79.853852,9.62399],[79.85419,9.623472],[79.85529,9.622568],[79.857246,9.619839],[79.858668,9.6188],[79.859645,9.617385],[79.860286,9.61691],[79.860705,9.61676],[79.861086,9.616816],[79.861791,9.617423],[79.862032,9.618086],[79.861956,9.618412],[79.861734,9.618499],[79.861772,9.617899],[79.861638,9.617817],[79.861397,9.617967],[79.860331,9.617579],[79.859836,9.617654],[79.859455,9.617961],[79.859506,9.61813],[79.860604,9.618105],[79.861035,9.618305],[79.861321,9.618831],[79.861613,9.61992],[79.861949,9.620571],[79.862343,9.620977],[79.862533,9.621609],[79.862971,9.622285],[79.8628,9.622292],[79.862286,9.621691],[79.862045,9.62201],[79.861969,9.622442],[79.861188,9.622917],[79.861035,9.62338],[79.861029,9.623975],[79.861321,9.624745],[79.861975,9.625771],[79.862013,9.626472],[79.861791,9.626822],[79.861289,9.627135],[79.859011,9.628174],[79.858452,9.628944],[79.858084,9.629188]]]}},{"type":"Feature","properties":{"osmId":"way/162965804","name":null,"nameLocal":null,"nameTa":null,"source":"(c) OpenStreetMap contributors, ODbL 1.0","category":"islet","seamark":null},"geometry":{"type":"Polygon","coordinates":[[[80.122549,9.697403],[80.122438,9.697019],[80.123453,9.694738],[80.124772,9.694183],[80.125665,9.694045],[80.126053,9.694755],[80.126254,9.695875],[80.126227,9.696685],[80.125677,9.6974],[80.12468,9.69796],[80.123728,9.69802],[80.12295,9.697908],[80.122549,9.697403]]]}},{"type":"Feature","properties":{"osmId":"way/293413396","name":"Sirutivu","nameLocal":"Sirutivu","nameTa":"சிறுத்தீவு","source":"(c) OpenStreetMap contributors, ODbL 1.0","category":"islet","seamark":null},"geometry":{"type":"Polygon","coordinates":[[[80.009287,9.645643],[80.00837,9.646917],[80.007152,9.647927],[80.00617,9.648229],[80.005039,9.648287],[80.003665,9.647203],[80.003547,9.64825],[80.003124,9.648446],[80.00329,9.648922],[80.003199,9.649043],[80.002844,9.648631],[80.002877,9.6476],[80.003917,9.64623],[80.007984,9.643496],[80.012785,9.641354],[80.013423,9.641343],[80.013809,9.641544],[80.01345,9.642242],[80.012726,9.642993],[80.009287,9.645643]]]}},{"type":"Feature","properties":{"osmId":"way/317405405","name":"Naduturitti","nameLocal":null,"nameTa":"நடுத்துருத்தி","source":"(c) OpenStreetMap contributors, ODbL 1.0","category":"island","seamark":null},"geometry":{"type":"Polygon","coordinates":[[[79.800312,9.588864],[79.796637,9.592361],[79.796404,9.590726],[79.796082,9.589629],[79.795434,9.588833],[79.79457,9.588828],[79.794348,9.588983],[79.793323,9.588861],[79.792362,9.589],[79.791889,9.588258],[79.79226,9.586827],[79.791902,9.584161],[79.791979,9.583848],[79.792273,9.5836],[79.793391,9.583165],[79.794131,9.583134],[79.794246,9.582946],[79.794678,9.583396],[79.794763,9.583339],[79.7943,9.58259],[79.795767,9.580671],[79.79764,9.580128],[79.798497,9.579252],[79.799405,9.579211],[79.799901,9.579433],[79.800148,9.579742],[79.800354,9.579616],[79.800268,9.579219],[79.800717,9.579058],[79.801087,9.579528],[79.800902,9.580052],[79.800279,9.580074],[79.801443,9.582126],[79.801405,9.582793],[79.801901,9.58514],[79.801766,9.58566],[79.801473,9.585765],[79.801565,9.586681],[79.802112,9.587758],[79.801367,9.588702],[79.80101,9.589422],[79.800606,9.589438],[79.800312,9.588864]]]}},{"type":"Feature","properties":{"osmId":"way/364994057","name":null,"nameLocal":null,"nameTa":null,"source":"(c) OpenStreetMap contributors, ODbL 1.0","category":"islet","seamark":null},"geometry":{"type":"Polygon","coordinates":[[[79.857163,9.641713],[79.858189,9.640867],[79.86004,9.640547],[79.859935,9.640261],[79.85977,9.640338],[79.859825,9.640194],[79.860094,9.640291],[79.860363,9.640641],[79.860246,9.640908],[79.858856,9.642032],[79.858197,9.642091],[79.857906,9.641885],[79.857163,9.641713]]]}},{"type":"Feature","properties":{"osmId":"way/364994481","name":null,"nameLocal":null,"nameTa":null,"source":"(c) OpenStreetMap contributors, ODbL 1.0","category":"island","seamark":null},"geometry":{"type":"Polygon","coordinates":[[[79.857449,9.640141],[79.857912,9.639525],[79.85808,9.639509],[79.858436,9.63986],[79.858502,9.639696],[79.857834,9.639345],[79.857482,9.639689],[79.857357,9.640041],[79.857449,9.640141]]]}},{"type":"Feature","properties":{"osmId":"way/366223264","name":null,"nameLocal":null,"nameTa":null,"source":"(c) OpenStreetMap contributors, ODbL 1.0","category":"islet","seamark":null},"geometry":{"type":"Polygon","coordinates":[[[80.423534,7.742529],[80.423466,7.742318],[80.423636,7.742053],[80.423766,7.742323],[80.423693,7.742685],[80.423534,7.742529]]]}},{"type":"Feature","properties":{"osmId":"way/368336488","name":null,"nameLocal":null,"nameTa":null,"source":"(c) OpenStreetMap contributors, ODbL 1.0","category":"island","seamark":null},"geometry":{"type":"Polygon","coordinates":[[[79.989975,9.654085],[79.990775,9.654238],[79.99135,9.654144],[79.9932,9.653311],[79.993295,9.652878],[79.992639,9.652655],[79.990382,9.652726],[79.989633,9.653766],[79.989975,9.654085]]]}},{"type":"Feature","properties":{"osmId":"way/399361325","name":null,"nameLocal":null,"nameTa":null,"source":"(c) OpenStreetMap contributors, ODbL 1.0","category":"islet","seamark":null},"geometry":{"type":"Polygon","coordinates":[[[79.748227,8.176802],[79.748324,8.175592],[79.748036,8.173001],[79.74834,8.172509],[79.748775,8.172427],[79.749647,8.172996],[79.749761,8.17335],[79.751135,8.175337],[79.75149,8.176166],[79.751483,8.176723],[79.751118,8.177371],[79.750181,8.177653],[79.749064,8.177291],[79.748227,8.176802]]]}},{"type":"Feature","properties":{"osmId":"way/399361326","name":null,"nameLocal":null,"nameTa":null,"source":"(c) OpenStreetMap contributors, ODbL 1.0","category":"islet","seamark":null},"geometry":{"type":"Polygon","coordinates":[[[79.748943,8.179939],[79.748648,8.178836],[79.748908,8.178624],[79.749359,8.17899],[79.749434,8.179768],[79.749323,8.180096],[79.748943,8.179939]]]}},{"type":"Feature","properties":{"osmId":"way/399361327","name":null,"nameLocal":null,"nameTa":null,"source":"(c) OpenStreetMap contributors, ODbL 1.0","category":"islet","seamark":null},"geometry":{"type":"Polygon","coordinates":[[[79.754938,8.179136],[79.756416,8.177639],[79.756861,8.17749],[79.757129,8.177708],[79.757298,8.179019],[79.75689,8.179885],[79.756357,8.180487],[79.755842,8.180713],[79.755241,8.180602],[79.754678,8.179956],[79.754938,8.179136]]]}},{"type":"Feature","properties":{"osmId":"way/399361328","name":null,"nameLocal":null,"nameTa":null,"source":"(c) OpenStreetMap contributors, ODbL 1.0","category":"islet","seamark":null},"geometry":{"type":"Polygon","coordinates":[[[79.751812,8.169964],[79.752382,8.170563],[79.752004,8.171721],[79.751805,8.171593],[79.751958,8.170908],[79.751125,8.170347],[79.751024,8.170037],[79.751298,8.169761],[79.751812,8.169964]]]}},{"type":"Feature","properties":{"osmId":"way/399361329","name":null,"nameLocal":null,"nameTa":null,"source":"(c) OpenStreetMap contributors, ODbL 1.0","category":"islet","seamark":null},"geometry":{"type":"Polygon","coordinates":[[[79.755567,8.17315],[79.755889,8.173193],[79.756061,8.173532],[79.756383,8.173532],[79.75664,8.17383],[79.75797,8.174573],[79.759263,8.175651],[79.759403,8.175962],[79.758898,8.176049],[79.757058,8.174871],[79.755503,8.174318],[79.755353,8.173426],[79.755567,8.17315]]]}},{"type":"Feature","properties":{"osmId":"way/399361330","name":null,"nameLocal":null,"nameTa":null,"source":"(c) OpenStreetMap contributors, ODbL 1.0","category":"islet","seamark":null},"geometry":{"type":"Polygon","coordinates":[[[79.766703,8.180068],[79.76789,8.179972],[79.76824,8.180183],[79.770326,8.1824],[79.770431,8.182644],[79.770332,8.182913],[79.770102,8.18297],[79.7696,8.182749],[79.769032,8.182151],[79.768561,8.182049],[79.768103,8.181292],[79.767647,8.180955],[79.767362,8.180508],[79.766703,8.180068]]]}},{"type":"Feature","properties":{"osmId":"way/399361331","name":null,"nameLocal":null,"nameTa":null,"source":"(c) OpenStreetMap contributors, ODbL 1.0","category":"islet","seamark":null},"geometry":{"type":"Polygon","coordinates":[[[79.765781,8.180032],[79.765242,8.179553],[79.765172,8.179002],[79.765423,8.179003],[79.766147,8.179768],[79.765781,8.180032]]]}},{"type":"Feature","properties":{"osmId":"way/399361332","name":null,"nameLocal":null,"nameTa":null,"source":"(c) OpenStreetMap contributors, ODbL 1.0","category":"islet","seamark":null},"geometry":{"type":"Polygon","coordinates":[[[79.764309,8.178914],[79.764086,8.178682],[79.76333,8.17873],[79.763019,8.178576],[79.764052,8.178512],[79.764197,8.178318],[79.764567,8.178306],[79.76479,8.178612],[79.764668,8.178938],[79.764309,8.178914]]]}},{"type":"Feature","properties":{"osmId":"way/399476093","name":null,"nameLocal":null,"nameTa":null,"source":"(c) OpenStreetMap contributors, ODbL 1.0","category":"islet","seamark":null},"geometry":{"type":"Polygon","coordinates":[[[79.751391,8.245431],[79.750897,8.245356],[79.750543,8.24507],[79.750586,8.244921],[79.751015,8.244794],[79.751648,8.245303],[79.751391,8.245431]]]}},{"type":"Feature","properties":{"osmId":"way/399476095","name":null,"nameLocal":null,"nameTa":null,"source":"(c) OpenStreetMap contributors, ODbL 1.0","category":"islet","seamark":null},"geometry":{"type":"Polygon","coordinates":[[[79.752258,8.242759],[79.751868,8.242682],[79.751577,8.24181],[79.750886,8.241181],[79.750775,8.240794],[79.750484,8.240496],[79.750451,8.240176],[79.751656,8.241004],[79.752001,8.241468],[79.752459,8.24213],[79.752258,8.242759]]]}},{"type":"Feature","properties":{"osmId":"way/404078200","name":"Hammenhiel Dutch Fort","nameLocal":null,"nameTa":null,"source":"(c) OpenStreetMap contributors, ODbL 1.0","category":"islet","seamark":null},"geometry":{"type":"Polygon","coordinates":[[[79.847753,9.711891],[79.847688,9.711558],[79.848373,9.711185],[79.848212,9.711945],[79.847753,9.711891]]]}},{"type":"Feature","properties":{"osmId":"way/409268686","name":null,"nameLocal":null,"nameTa":null,"source":"(c) OpenStreetMap contributors, ODbL 1.0","category":"islet","seamark":null},"geometry":{"type":"Polygon","coordinates":[[[79.799899,7.546839],[79.80001,7.547737],[79.800411,7.548197],[79.801296,7.54869],[79.802105,7.548882],[79.802893,7.548793],[79.803032,7.548909],[79.80382,7.547196],[79.803502,7.546551],[79.803225,7.547182],[79.802776,7.547436],[79.802354,7.547518],[79.801746,7.547347],[79.801431,7.547129],[79.801068,7.546168],[79.800571,7.545801],[79.800204,7.545907],[79.799899,7.546839]]]}},{"type":"Feature","properties":{"osmId":"way/409268690","name":null,"nameLocal":null,"nameTa":null,"source":"(c) OpenStreetMap contributors, ODbL 1.0","category":"islet","seamark":null},"geometry":{"type":"Polygon","coordinates":[[[79.790234,7.582334],[79.790502,7.582295],[79.790453,7.581734],[79.790297,7.581541],[79.790019,7.581638],[79.790234,7.582334]]]}},{"type":"Feature","properties":{"osmId":"way/409268691","name":null,"nameLocal":null,"nameTa":null,"source":"(c) OpenStreetMap contributors, ODbL 1.0","category":"islet","seamark":null},"geometry":{"type":"Polygon","coordinates":[[[79.787483,7.606189],[79.788984,7.606988],[79.790545,7.606223],[79.789756,7.605228],[79.788976,7.604777],[79.788358,7.604709],[79.787946,7.604964],[79.7875,7.605611],[79.787346,7.605985],[79.787483,7.606189]]]}},{"type":"Feature","properties":{"osmId":"way/409268692","name":null,"nameLocal":null,"nameTa":null,"source":"(c) OpenStreetMap contributors, ODbL 1.0","category":"islet","seamark":null},"geometry":{"type":"Polygon","coordinates":[[[79.792422,7.607468],[79.792654,7.607955],[79.794732,7.60935],[79.795533,7.60974],[79.797433,7.611717],[79.797952,7.612056],[79.799563,7.612556],[79.800341,7.612489],[79.800328,7.611663],[79.800136,7.611244],[79.799085,7.610242],[79.79888,7.609701],[79.798512,7.609403],[79.796327,7.608429],[79.796245,7.608726],[79.795972,7.608537],[79.795044,7.608429],[79.794224,7.60786],[79.794224,7.607535],[79.794074,7.6074],[79.792586,7.607292],[79.792422,7.607468]]]}},{"type":"Feature","properties":{"osmId":"way/461411298","name":null,"nameLocal":null,"nameTa":null,"source":"(c) OpenStreetMap contributors, ODbL 1.0","category":"islet","seamark":null},"geometry":{"type":"Polygon","coordinates":[[[80.408349,9.530957],[80.407076,9.530113],[80.406524,9.52881],[80.406663,9.527669],[80.407786,9.527496],[80.409755,9.529211],[80.41039,9.529993],[80.409925,9.530692],[80.409182,9.531152],[80.408349,9.530957]]]}},{"type":"Feature","properties":{"osmId":"way/461411299","name":null,"nameLocal":null,"nameTa":null,"source":"(c) OpenStreetMap contributors, ODbL 1.0","category":"islet","seamark":null},"geometry":{"type":"Polygon","coordinates":[[[80.415026,9.525816],[80.414009,9.525573],[80.413021,9.524805],[80.41192,9.524713],[80.411606,9.524954],[80.410929,9.525159],[80.410574,9.525649],[80.411159,9.526046],[80.411779,9.525993],[80.412154,9.525607],[80.41245,9.526516],[80.413208,9.526876],[80.413957,9.526891],[80.415039,9.52611],[80.415026,9.525816]]]}},{"type":"Feature","properties":{"osmId":"way/478898573","name":null,"nameLocal":null,"nameTa":null,"source":"(c) OpenStreetMap contributors, ODbL 1.0","category":"island","seamark":null},"geometry":{"type":"Polygon","coordinates":[[[80.104594,9.588682],[80.103317,9.588823],[80.101739,9.589595],[80.100765,9.589839],[80.100224,9.590303],[80.099965,9.590887],[80.100736,9.590796],[80.101771,9.590405],[80.103767,9.589429],[80.104594,9.588682]]]}},{"type":"Feature","properties":{"osmId":"way/493113385","name":null,"nameLocal":null,"nameTa":null,"source":"(c) OpenStreetMap contributors, ODbL 1.0","category":"reef","seamark":null},"geometry":{"type":"Polygon","coordinates":[[[79.332707,9.319081],[79.333576,9.318901],[79.336065,9.313978],[79.334842,9.313247],[79.332771,9.317249],[79.332289,9.318615],[79.332707,9.319081]]]}},{"type":"Feature","properties":{"osmId":"way/624675088","name":"Kariya Challi","nameLocal":null,"nameTa":null,"source":"(c) OpenStreetMap contributors, ODbL 1.0","category":"islet","seamark":null},"geometry":{"type":"Polygon","coordinates":[[[78.250911,8.958968],[78.250846,8.958624],[78.25171,8.957664],[78.251817,8.956313],[78.252847,8.95413],[78.25355,8.953722],[78.254242,8.953817],[78.254558,8.954294],[78.254505,8.954559],[78.252971,8.956843],[78.251973,8.957728],[78.25156,8.95829],[78.251168,8.958496],[78.250911,8.958968]]]}},{"type":"Feature","properties":{"osmId":"way/708096629","name":null,"nameLocal":null,"nameTa":null,"source":"(c) OpenStreetMap contributors, ODbL 1.0","category":"islet","seamark":null},"geometry":{"type":"Polygon","coordinates":[[[77.531108,8.077348],[77.531122,8.077478],[77.530998,8.077485],[77.531108,8.077348]]]}},{"type":"Feature","properties":{"osmId":"way/708096630","name":null,"nameLocal":null,"nameTa":null,"source":"(c) OpenStreetMap contributors, ODbL 1.0","category":"islet","seamark":null},"geometry":{"type":"Polygon","coordinates":[[[77.530717,8.077989],[77.530853,8.078008],[77.530815,8.078158],[77.530717,8.077989]]]}},{"type":"Feature","properties":{"osmId":"way/708096631","name":null,"nameLocal":null,"nameTa":null,"source":"(c) OpenStreetMap contributors, ODbL 1.0","category":"islet","seamark":null},"geometry":{"type":"Polygon","coordinates":[[[77.53066,8.07687],[77.53079,8.077637],[77.530554,8.077871],[77.530189,8.077603],[77.530107,8.077178],[77.53066,8.07687]]]}},{"type":"Feature","properties":{"osmId":"way/708096632","name":null,"nameLocal":null,"nameTa":null,"source":"(c) OpenStreetMap contributors, ODbL 1.0","category":"islet","seamark":null},"geometry":{"type":"Polygon","coordinates":[[[77.530145,8.076842],[77.530125,8.076713],[77.530145,8.076842]]]}},{"type":"Feature","properties":{"osmId":"way/708096633","name":null,"nameLocal":null,"nameTa":null,"source":"(c) OpenStreetMap contributors, ODbL 1.0","category":"islet","seamark":null},"geometry":{"type":"Polygon","coordinates":[[[77.529938,8.076446],[77.529746,8.076518],[77.529866,8.076355],[77.529938,8.076446]]]}},{"type":"Feature","properties":{"osmId":"way/708096634","name":null,"nameLocal":null,"nameTa":null,"source":"(c) OpenStreetMap contributors, ODbL 1.0","category":"islet","seamark":null},"geometry":{"type":"Polygon","coordinates":[[[77.530023,8.076616],[77.529828,8.076657],[77.529965,8.076526],[77.530023,8.076616]]]}},{"type":"Feature","properties":{"osmId":"way/708096635","name":null,"nameLocal":null,"nameTa":null,"source":"(c) OpenStreetMap contributors, ODbL 1.0","category":"islet","seamark":null},"geometry":{"type":"Polygon","coordinates":[[[77.529831,8.077309],[77.529716,8.077193],[77.529874,8.076748],[77.530084,8.076817],[77.52999,8.07721],[77.529831,8.077309]]]}},{"type":"Feature","properties":{"osmId":"way/719270713","name":null,"nameLocal":null,"nameTa":null,"source":"(c) OpenStreetMap contributors, ODbL 1.0","category":"islet","seamark":null},"geometry":{"type":"Polygon","coordinates":[[[80.157719,9.448689],[80.156742,9.449065],[80.156412,9.449329],[80.156293,9.449953],[80.156499,9.450296],[80.156717,9.45023],[80.157776,9.449049],[80.157904,9.448811],[80.157719,9.448689]]]}},{"type":"Feature","properties":{"osmId":"way/729210335","name":null,"nameLocal":null,"nameTa":null,"source":"(c) OpenStreetMap contributors, ODbL 1.0","category":"islet","seamark":null},"geometry":{"type":"Polygon","coordinates":[[[79.986669,9.636853],[79.986555,9.636173],[79.986909,9.635407],[79.987703,9.635365],[79.987586,9.636142],[79.987324,9.636282],[79.986993,9.636166],[79.986852,9.636437],[79.986989,9.637182],[79.986669,9.636853]]]}},{"type":"Feature","properties":{"osmId":"way/729210336","name":null,"nameLocal":null,"nameTa":null,"source":"(c) OpenStreetMap contributors, ODbL 1.0","category":"islet","seamark":null},"geometry":{"type":"Polygon","coordinates":[[[79.995969,9.64507],[79.995334,9.643921],[79.994972,9.644072],[79.994681,9.64468],[79.993799,9.645148],[79.993308,9.644456],[79.993075,9.644357],[79.992839,9.644519],[79.992748,9.644413],[79.992671,9.643912],[79.993027,9.642596],[79.994055,9.641673],[79.997521,9.639705],[79.998043,9.639748],[79.999153,9.639523],[80.000384,9.639151],[80.002106,9.638341],[80.004493,9.637873],[80.005309,9.637961],[80.005861,9.638312],[80.005926,9.638962],[80.005614,9.638993],[80.00466,9.639886],[80.003544,9.64061],[80.003565,9.641176],[80.003431,9.641455],[80.002758,9.641861],[80.002771,9.642337],[80.003131,9.642547],[80.003583,9.642288],[80.003612,9.642016],[80.003889,9.641948],[80.003188,9.643038],[80.001731,9.644139],[80.000867,9.645003],[80.000359,9.645215],[80.000143,9.645087],[79.999652,9.645255],[79.999254,9.644858],[79.999101,9.644869],[79.998823,9.645185],[79.997871,9.645529],[79.996997,9.64521],[79.995969,9.64507]]]}},{"type":"Feature","properties":{"osmId":"way/729210337","name":null,"nameLocal":null,"nameTa":null,"source":"(c) OpenStreetMap contributors, ODbL 1.0","category":"islet","seamark":null},"geometry":{"type":"Polygon","coordinates":[[[79.999236,9.634943],[79.998804,9.634516],[79.998606,9.633884],[79.99942,9.63256],[80.002076,9.63081],[80.00223,9.630397],[80.002877,9.629844],[80.004337,9.629091],[80.005465,9.629504],[80.005927,9.629948],[80.006026,9.630336],[80.006241,9.630154],[80.006149,9.630379],[80.006367,9.631],[80.00644,9.631852],[80.006313,9.63277],[80.005687,9.63334],[80.005046,9.633423],[80.00385,9.633997],[80.002914,9.634113],[80.001132,9.634832],[79.99984,9.634806],[79.999236,9.634943]]]}},{"type":"Feature","properties":{"osmId":"way/729210338","name":null,"nameLocal":null,"nameTa":null,"source":"(c) OpenStreetMap contributors, ODbL 1.0","category":"islet","seamark":null},"geometry":{"type":"Polygon","coordinates":[[[79.997884,9.635224],[79.996972,9.634708],[79.995252,9.634771],[79.994436,9.633968],[79.99447,9.633629],[79.995212,9.633371],[79.99594,9.632714],[79.99637,9.632656],[79.997089,9.633183],[79.997621,9.634153],[79.997878,9.634287],[79.997988,9.634132],[79.997983,9.634342],[79.998855,9.634957],[79.998857,9.63514],[79.998686,9.635245],[79.997884,9.635224]]]}},{"type":"Feature","properties":{"osmId":"way/729210346","name":null,"nameLocal":null,"nameTa":null,"source":"(c) OpenStreetMap contributors, ODbL 1.0","category":"islet","seamark":null},"geometry":{"type":"Polygon","coordinates":[[[79.997589,9.638513],[79.995693,9.638983],[79.994298,9.639894],[79.993538,9.640097],[79.991804,9.641316],[79.991503,9.64143],[79.990948,9.641306],[79.991538,9.638791],[79.992798,9.637821],[79.993472,9.6368],[79.994497,9.636202],[79.995698,9.636086],[79.99714,9.636334],[79.999668,9.636252],[80.00042,9.636416],[80.000416,9.636624],[80.000027,9.636953],[79.998681,9.637704],[79.997589,9.638513]]]}},{"type":"Feature","properties":{"osmId":"way/808718474","name":"Paruthtivu","nameLocal":"Paruthtivu","nameTa":"பருத்தீவு","source":"(c) OpenStreetMap contributors, ODbL 1.0","category":"islet","seamark":null},"geometry":{"type":"Polygon","coordinates":[[[79.792256,9.689059],[79.791859,9.689022],[79.791614,9.688799],[79.791048,9.687013],[79.791312,9.685803],[79.791085,9.684966],[79.791406,9.683775],[79.791482,9.682156],[79.792501,9.680705],[79.79286,9.680575],[79.793426,9.677988],[79.793464,9.678807],[79.79286,9.680779],[79.793445,9.682696],[79.793181,9.68331],[79.793388,9.684203],[79.793218,9.684538],[79.793331,9.685654],[79.793162,9.686027],[79.793426,9.686566],[79.793652,9.687664],[79.793633,9.688315],[79.793294,9.688966],[79.792746,9.689152],[79.792256,9.689059]]]}},{"type":"Feature","properties":{"osmId":"way/840281375","name":null,"nameLocal":null,"nameTa":null,"source":"(c) OpenStreetMap contributors, ODbL 1.0","category":"islet","seamark":null},"geometry":{"type":"Polygon","coordinates":[[[79.636835,9.071072],[79.636807,9.071368],[79.636499,9.07157],[79.635135,9.071091],[79.634911,9.070713],[79.635275,9.070473],[79.635649,9.070916],[79.636545,9.07087],[79.63648,9.070528],[79.636667,9.070381],[79.636835,9.071072]]]}},{"type":"Feature","properties":{"osmId":"way/840281376","name":null,"nameLocal":null,"nameTa":null,"source":"(c) OpenStreetMap contributors, ODbL 1.0","category":"islet","seamark":null},"geometry":{"type":"Polygon","coordinates":[[[79.646205,9.073069],[79.645083,9.072732],[79.64353,9.072017],[79.642595,9.070741],[79.642481,9.069954],[79.642578,9.069536],[79.642855,9.070468],[79.644701,9.070002],[79.645546,9.069095],[79.646319,9.069151],[79.64675,9.068974],[79.647018,9.069472],[79.646595,9.069962],[79.646628,9.070299],[79.646969,9.07062],[79.648392,9.070933],[79.649628,9.07013],[79.650083,9.070082],[79.650758,9.070484],[79.650831,9.070741],[79.650547,9.071728],[79.648994,9.073222],[79.648669,9.073888],[79.647506,9.073984],[79.647026,9.073832],[79.646742,9.073655],[79.646579,9.073214],[79.646205,9.073069]]]}},{"type":"Feature","properties":{"osmId":"way/840281377","name":null,"nameLocal":null,"nameTa":null,"source":"(c) OpenStreetMap contributors, ODbL 1.0","category":"islet","seamark":null},"geometry":{"type":"Polygon","coordinates":[[[79.641603,9.068653],[79.641465,9.067954],[79.641611,9.067673],[79.64227,9.067176],[79.642822,9.066967],[79.643343,9.066999],[79.64427,9.067272],[79.644424,9.067441],[79.644416,9.067617],[79.64357,9.067368],[79.642514,9.068814],[79.641993,9.068492],[79.641822,9.068693],[79.641603,9.068653]]]}},{"type":"Feature","properties":{"osmId":"way/840281380","name":null,"nameLocal":null,"nameTa":null,"source":"(c) OpenStreetMap contributors, ODbL 1.0","category":"islet","seamark":null},"geometry":{"type":"Polygon","coordinates":[[[79.617696,9.071626],[79.617874,9.072078],[79.617528,9.072207],[79.617098,9.072779],[79.616547,9.073],[79.61594,9.072945],[79.615959,9.072742],[79.615445,9.071875],[79.615968,9.071755],[79.616575,9.072271],[79.617388,9.07158],[79.617696,9.071626]]]}},{"type":"Feature","properties":{"osmId":"way/840281381","name":null,"nameLocal":null,"nameTa":null,"source":"(c) OpenStreetMap contributors, ODbL 1.0","category":"islet","seamark":null},"geometry":{"type":"Polygon","coordinates":[[[79.615174,9.070953],[79.615034,9.071441],[79.61411,9.071589],[79.61284,9.071183],[79.613344,9.07075],[79.613988,9.07074],[79.614175,9.070556],[79.614577,9.070482],[79.615286,9.070759],[79.615324,9.070897],[79.615174,9.070953]]]}},{"type":"Feature","properties":{"osmId":"way/973195522","name":null,"nameLocal":null,"nameTa":null,"source":"(c) OpenStreetMap contributors, ODbL 1.0","category":"submarine_pipeline","seamark":null},"geometry":{"type":"LineString","coordinates":[[78.224831,10.00214],[78.224308,10.003429],[78.22259,10.009875],[78.221436,10.011302],[78.220584,10.016414],[78.220092,10.027515],[78.220301,10.031469],[78.222135,10.034173],[78.229125,10.039385],[78.231064,10.039451],[78.237812,10.046095],[78.23787,10.047754],[78.244221,10.056649],[78.247268,10.065586],[78.25304,10.074502],[78.25848,10.083977],[78.267803,10.096959],[78.284497,10.121258],[78.285307,10.121828],[78.287051,10.125229],[78.29588,10.137739],[78.29985,10.142819],[78.301181,10.145216],[78.303689,10.148126],[78.312467,10.162969],[78.312607,10.167235],[78.314516,10.174754],[78.315074,10.17618],[78.316523,10.178218],[78.319098,10.178651],[78.319967,10.179327],[78.321158,10.18128],[78.325653,10.185272],[78.326436,10.186391],[78.327885,10.187595],[78.330567,10.19033],[78.335491,10.206496],[78.347905,10.225903],[78.350909,10.229694],[78.352121,10.230845],[78.352561,10.232534],[78.354814,10.234139],[78.358011,10.235005],[78.359621,10.242501],[78.359277,10.251559],[78.360565,10.260322],[78.363977,10.262391],[78.36844,10.266804],[78.373439,10.278142],[78.37401,10.28005],[78.37595,10.281419],[78.37786,10.284719],[78.380467,10.287479],[78.382216,10.291602],[78.384748,10.294167],[78.386335,10.293882],[78.389844,10.296067],[78.39318,10.297397],[78.399607,10.301355],[78.414273,10.32707],[78.418221,10.329034],[78.419959,10.328886],[78.42204,10.329287],[78.423135,10.330406],[78.424637,10.333994],[78.427748,10.339821],[78.430259,10.342164],[78.435902,10.3497],[78.440344,10.354745],[78.454442,10.372053],[78.459677,10.378976],[78.460235,10.380749],[78.463282,10.383514],[78.464205,10.384844],[78.464805,10.386722],[78.46678,10.388389],[78.469354,10.392547],[78.47723,10.405527],[78.478581,10.408482],[78.479568,10.410085],[78.483474,10.412323],[78.484053,10.41686],[78.483066,10.418738],[78.483602,10.421081],[78.494331,10.429058],[78.495168,10.430092],[78.50094,10.434587],[78.502035,10.439567],[78.50212,10.441529],[78.503708,10.446088],[78.507163,10.447712],[78.518471,10.460964],[78.520939,10.464087],[78.523449,10.468181],[78.524458,10.470164],[78.530359,10.478013],[78.536345,10.485272],[78.539736,10.489977],[78.538684,10.493479],[78.53862,10.495884],[78.538856,10.496918],[78.54113,10.499703],[78.541452,10.500927],[78.54525,10.504366],[78.549563,10.509113],[78.55364,10.5127],[78.570763,10.528923],[78.573982,10.531581],[78.577008,10.535737],[78.5816,10.540589],[78.586149,10.539534],[78.601169,10.550166],[78.612713,10.562401],[78.623313,10.573096],[78.624622,10.575036],[78.626532,10.576576],[78.62915,10.579318],[78.631403,10.58031],[78.631725,10.581428],[78.636917,10.585709],[78.63887,10.586764],[78.650672,10.596002],[78.652024,10.597373],[78.659126,10.601149],[78.669126,10.610344],[78.671529,10.612011],[78.678116,10.616039],[78.682801,10.621008],[78.685458,10.623369],[78.689339,10.630372],[78.698595,10.63403],[78.702667,10.635281],[78.711653,10.639501],[78.714103,10.644347],[78.717189,10.64702],[78.723535,10.650146],[78.726652,10.65285],[78.730406,10.653132],[78.734525,10.655601],[78.735428,10.655928],[78.7359,10.658963],[78.736324,10.659971],[78.737939,10.660631],[78.743517,10.661774],[78.743753,10.662428],[78.745964,10.663082],[78.747938,10.664136],[78.748452,10.665009],[78.750469,10.666443],[78.751349,10.666211],[78.751306,10.665473],[78.75285,10.664524],[78.754095,10.665389],[78.758344,10.665473],[78.759932,10.665832],[78.762378,10.665621],[78.763923,10.666211],[78.768193,10.665958],[78.775982,10.667856],[78.780488,10.669163],[78.789157,10.675574],[78.790616,10.675447],[78.797504,10.67899],[78.798083,10.681098],[78.799006,10.682005],[78.799993,10.682026],[78.801924,10.681267],[78.808233,10.682827],[78.810658,10.686201],[78.81173,10.688963],[78.820888,10.701917],[78.829166,10.713962],[78.831892,10.718158],[78.834145,10.725917],[78.838629,10.739936],[78.839359,10.74021],[78.846128,10.756692],[78.844706,10.768071],[78.841196,10.77308],[78.831423,10.780539],[78.830435,10.784277],[78.830546,10.786683],[78.828335,10.788417],[78.82379,10.787791],[78.817009,10.78952],[78.815657,10.79011],[78.809821,10.791796],[78.801667,10.796475],[78.800101,10.798204],[78.794436,10.801429],[78.79162,10.80378],[78.788881,10.805542],[78.776968,10.817056],[78.773435,10.820633],[78.772558,10.822019],[78.770094,10.823727],[78.76656,10.827264],[78.766424,10.827721],[78.768437,10.835993],[78.766567,10.845479],[78.76676,10.848071],[78.767833,10.853677],[78.767961,10.855131],[78.764234,10.867674],[78.766263,10.870811],[78.766185,10.87295],[78.765704,10.87445],[78.764605,10.876837],[78.771242,10.889211],[78.772358,10.891951],[78.774439,10.905499],[78.780597,10.910998],[78.783229,10.922499],[78.784912,10.932829],[78.784007,10.937266],[78.784487,10.93839],[78.784376,10.940113],[78.784252,10.968607],[78.790946,10.981331],[78.792019,10.984069],[78.79277,10.984933],[78.794294,10.987756],[78.803134,10.992053],[78.805551,10.994988],[78.808555,11.008454],[78.820807,11.020796],[78.824605,11.026146],[78.828103,11.027831],[78.857307,11.055989],[78.859452,11.058263],[78.871601,11.079308],[78.874503,11.082107],[78.87534,11.083897],[78.876477,11.084803]]}},{"type":"Feature","properties":{"osmId":"way/975135568","name":"Danushkodi Lighthouse","nameLocal":null,"nameTa":"தனுஷ்கோடி கலங்கரை விளக்கம்","source":"(c) OpenStreetMap contributors, ODbL 1.0","category":"lighthouse","seamark":null},"geometry":{"type":"LineString","coordinates":[[79.418689,9.177452],[79.418754,9.177561],[79.418861,9.177453],[79.418689,9.177452]]}},{"type":"Feature","properties":{"osmId":"way/979678579","name":null,"nameLocal":null,"nameTa":null,"source":"(c) OpenStreetMap contributors, ODbL 1.0","category":"islet","seamark":null},"geometry":{"type":"Polygon","coordinates":[[[78.123206,9.927544],[78.12361,9.927466],[78.123522,9.927375],[78.123206,9.927544]]]}},{"type":"Feature","properties":{"osmId":"way/990662038","name":null,"nameLocal":null,"nameTa":null,"source":"(c) OpenStreetMap contributors, ODbL 1.0","category":"islet","seamark":null},"geometry":{"type":"Polygon","coordinates":[[[78.926701,9.659886],[78.927633,9.660668],[78.929334,9.660967],[78.930292,9.660929],[78.932157,9.660296],[78.932901,9.659737],[78.934009,9.658432],[78.934828,9.656755],[78.93445,9.656569],[78.931615,9.657625],[78.929549,9.658619],[78.929536,9.658917],[78.926701,9.659886]]]}},{"type":"Feature","properties":{"osmId":"way/990662051","name":null,"nameLocal":null,"nameTa":null,"source":"(c) OpenStreetMap contributors, ODbL 1.0","category":"islet","seamark":null},"geometry":{"type":"Polygon","coordinates":[[[78.956616,9.648196],[78.955341,9.64951],[78.955486,9.64989],[78.955844,9.649843],[78.956191,9.650157],[78.956992,9.649433],[78.958038,9.6488],[78.958424,9.64871],[78.959835,9.647171],[78.959186,9.646785],[78.959287,9.646462],[78.959754,9.646266],[78.959717,9.646023],[78.958332,9.646113],[78.957383,9.646335],[78.956809,9.646848],[78.956814,9.647642],[78.956548,9.647977],[78.956616,9.648196]]]}},{"type":"Feature","properties":{"osmId":"way/1024879583","name":null,"nameLocal":null,"nameTa":null,"source":"(c) OpenStreetMap contributors, ODbL 1.0","category":"islet","seamark":null},"geometry":{"type":"Polygon","coordinates":[[[78.152855,9.913176],[78.153102,9.913228],[78.153085,9.913058],[78.152855,9.913176]]]}},{"type":"Feature","properties":{"osmId":"way/1024879584","name":null,"nameLocal":null,"nameTa":null,"source":"(c) OpenStreetMap contributors, ODbL 1.0","category":"islet","seamark":null},"geometry":{"type":"Polygon","coordinates":[[[78.12651,9.926011],[78.126056,9.926298],[78.126285,9.92665],[78.126739,9.926363],[78.12651,9.926011]]]}},{"type":"Feature","properties":{"osmId":"way/1027345730","name":"Rameswaram Lighthouse","nameLocal":null,"nameTa":null,"source":"(c) OpenStreetMap contributors, ODbL 1.0","category":"lighthouse","seamark":null},"geometry":{"type":"LineString","coordinates":[[79.330657,9.31761],[79.330657,9.31761]]}},{"type":"Feature","properties":{"osmId":"way/1027632439","name":null,"nameLocal":null,"nameTa":null,"source":"(c) OpenStreetMap contributors, ODbL 1.0","category":"island","seamark":null},"geometry":{"type":"Polygon","coordinates":[[[79.654708,9.072336],[79.654911,9.0724],[79.655053,9.072257],[79.654466,9.072029],[79.653899,9.072196],[79.653818,9.072496],[79.653923,9.072527],[79.654124,9.072196],[79.654569,9.072178],[79.654708,9.072336]]]}},{"type":"Feature","properties":{"osmId":"way/1033110197","name":"Kodikkarai Lighthouse","nameLocal":"Kodikkarai Lighthouse","nameTa":null,"source":"(c) OpenStreetMap contributors, ODbL 1.0","category":"lighthouse","seamark":null},"geometry":{"type":"LineString","coordinates":[[79.825695,10.278274],[79.825695,10.278274]]}},{"type":"Feature","properties":{"osmId":"way/1038085470","name":null,"nameLocal":null,"nameTa":null,"source":"(c) OpenStreetMap contributors, ODbL 1.0","category":"islet","seamark":null},"geometry":{"type":"Polygon","coordinates":[[[79.349121,9.228645],[79.349449,9.228705],[79.349529,9.2285],[79.349145,9.228393],[79.349121,9.228645]]]}},{"type":"Feature","properties":{"osmId":"way/1064648245","name":null,"nameLocal":null,"nameTa":null,"source":"(c) OpenStreetMap contributors, ODbL 1.0","category":"islet","seamark":null},"geometry":{"type":"Polygon","coordinates":[[[77.566761,10.042466],[77.565942,10.04285],[77.566215,10.043077],[77.567674,10.043778],[77.568452,10.043739],[77.568845,10.043559],[77.568535,10.043249],[77.567613,10.042763],[77.567165,10.042296],[77.566761,10.042466]]]}},{"type":"Feature","properties":{"osmId":"way/1073989745","name":null,"nameLocal":null,"nameTa":null,"source":"(c) OpenStreetMap contributors, ODbL 1.0","category":"submarine_pipeline","seamark":null},"geometry":{"type":"LineString","coordinates":[[78.054643,8.833955],[78.057132,8.846931],[78.058387,8.851669],[78.062507,8.855263],[78.07095,8.858486],[78.07447,8.863744],[78.078804,8.86985],[78.080649,8.875447],[78.083932,8.882316],[78.091249,8.898534],[78.098159,8.902031],[78.102987,8.904999],[78.118951,8.921365],[78.139744,8.942138],[78.14837,8.951369],[78.152758,8.953849],[78.154764,8.956732],[78.157253,8.958926],[78.163669,8.965412],[78.167167,8.96858],[78.176158,8.981499],[78.184054,8.993685],[78.183517,8.998051],[78.180921,9.000764],[78.181393,9.003244],[78.186221,9.012102],[78.194611,9.022508],[78.197143,9.024563],[78.19783,9.025348],[78.201435,9.026238],[78.203838,9.026322],[78.214738,9.029967],[78.216627,9.031197],[78.224459,9.038507]]}},{"type":"Feature","properties":{"osmId":"way/1095203397","name":null,"nameLocal":null,"nameTa":null,"source":"(c) OpenStreetMap contributors, ODbL 1.0","category":"submarine_pipeline","seamark":null},"geometry":{"type":"LineString","coordinates":[[78.252154,9.88162],[78.262239,9.868154],[78.268424,9.860164],[78.279019,9.842489],[78.279942,9.83289],[78.280543,9.831558],[78.28065,9.822615],[78.280307,9.820585],[78.280092,9.817308],[78.280393,9.813988],[78.280693,9.813143],[78.281015,9.809104],[78.280328,9.807497],[78.281487,9.805235],[78.281315,9.803036],[78.28183,9.801492],[78.282839,9.794937],[78.282753,9.78834],[78.285242,9.779839],[78.285585,9.777936],[78.286014,9.766116],[78.286444,9.761315],[78.28698,9.747718],[78.285821,9.74611],[78.287903,9.72824],[78.287516,9.722741],[78.288096,9.72088],[78.29007,9.71206],[78.291572,9.704425],[78.294168,9.692453],[78.299082,9.660492],[78.30082,9.619135],[78.301721,9.612492],[78.30258,9.607689],[78.30361,9.599692],[78.304296,9.596434],[78.304704,9.595884],[78.304253,9.59144],[78.30361,9.589959],[78.302859,9.587103],[78.303524,9.582681],[78.30582,9.563278],[78.305691,9.558073],[78.307494,9.549271],[78.309747,9.530734],[78.309747,9.529252],[78.310176,9.527432],[78.31024,9.523835],[78.310605,9.522819],[78.313115,9.502143],[78.312321,9.498567],[78.314467,9.491202],[78.315454,9.481868],[78.315197,9.480006],[78.317536,9.473043],[78.323351,9.454269],[78.324252,9.444659],[78.32481,9.436531],[78.325496,9.431239],[78.325046,9.429524],[78.327986,9.41549],[78.328479,9.411595],[78.32908,9.410113],[78.333243,9.384519],[78.339487,9.357271],[78.342083,9.349395],[78.343306,9.344949],[78.345366,9.338999],[78.362017,9.300187],[78.365386,9.29197],[78.367425,9.288561],[78.375257,9.274542],[78.376222,9.273547],[78.377832,9.271154],[78.380063,9.269417],[78.382295,9.266367],[78.386029,9.262132],[78.391543,9.255313],[78.404332,9.242881],[78.411091,9.235807],[78.415447,9.230808],[78.425146,9.220345]]}},{"type":"Feature","properties":{"osmId":"way/1095203398","name":null,"nameLocal":null,"nameTa":null,"source":"(c) OpenStreetMap contributors, ODbL 1.0","category":"submarine_pipeline","seamark":null},"geometry":{"type":"LineString","coordinates":[[78.425146,9.220345],[78.422442,9.218545],[78.411306,9.211831],[78.403796,9.207086],[78.402422,9.206345],[78.399011,9.205964],[78.387981,9.199291],[78.386758,9.19819],[78.385149,9.192005],[78.382424,9.18565],[78.378368,9.182748],[78.374678,9.181054],[78.372575,9.180291],[78.364356,9.178406],[78.360086,9.17705],[78.344186,9.175228],[78.340946,9.175122],[78.338028,9.173279],[78.33556,9.172072],[78.332857,9.166628],[78.327943,9.158874],[78.323608,9.150401],[78.318888,9.142393],[78.316656,9.139469],[78.315798,9.136631],[78.31363,9.132605],[78.310841,9.128559],[78.309232,9.127161],[78.306185,9.125466],[78.302194,9.118898],[78.300992,9.117563],[78.298996,9.116843],[78.290821,9.109448],[78.290156,9.105847],[78.286594,9.101906],[78.284899,9.10108],[78.283804,9.099385],[78.274878,9.09057],[78.265158,9.079934],[78.263419,9.079489],[78.257733,9.074404],[78.252047,9.068492],[78.251253,9.067983],[78.250845,9.065716],[78.249579,9.06455],[78.247487,9.063533],[78.244826,9.061531],[78.236415,9.054008],[78.230686,9.049113],[78.224459,9.038507]]}},{"type":"Feature","properties":{"osmId":"way/1095203399","name":null,"nameLocal":null,"nameTa":null,"source":"(c) OpenStreetMap contributors, ODbL 1.0","category":"submarine_pipeline","seamark":null},"geometry":{"type":"LineString","coordinates":[[78.425146,9.220345],[78.428,9.221383],[78.439077,9.222973],[78.441094,9.224053],[78.454354,9.230259],[78.469461,9.237163],[78.470534,9.238942],[78.475683,9.241209],[78.476906,9.241251],[78.479439,9.242395],[78.480458,9.243475],[78.483226,9.244904]]}},{"type":"Feature","properties":{"osmId":"way/1108459269","name":null,"nameLocal":null,"nameTa":null,"source":"(c) OpenStreetMap contributors, ODbL 1.0","category":"islet","seamark":null},"geometry":{"type":"Polygon","coordinates":[[[78.148249,9.910663],[78.148227,9.910155],[78.147688,9.910178],[78.147711,9.910687],[78.148249,9.910663]]]}},{"type":"Feature","properties":{"osmId":"way/1111421783","name":null,"nameLocal":null,"nameTa":null,"source":"(c) OpenStreetMap contributors, ODbL 1.0","category":"island","seamark":null},"geometry":{"type":"Polygon","coordinates":[[[79.854081,9.059503],[79.85457,9.059803],[79.854733,9.059614],[79.855301,9.059764],[79.85566,9.060186],[79.857032,9.058798],[79.858048,9.058682],[79.85988,9.056646],[79.85929,9.055941],[79.859245,9.055536],[79.859526,9.055225],[79.860543,9.05492],[79.86065,9.054764],[79.860369,9.054504],[79.860881,9.053865],[79.860763,9.053405],[79.861032,9.0529],[79.860948,9.052861],[79.859802,9.054531],[79.859021,9.054831],[79.858133,9.055702],[79.85788,9.056013],[79.857548,9.057106],[79.855194,9.058166],[79.854081,9.059503]]]}},{"type":"Feature","properties":{"osmId":"way/1111489589","name":null,"nameLocal":null,"nameTa":null,"source":"(c) OpenStreetMap contributors, ODbL 1.0","category":"island","seamark":null},"geometry":{"type":"Polygon","coordinates":[[[79.933111,8.92222],[79.933538,8.922107],[79.934326,8.922837],[79.937576,8.920615],[79.938101,8.920858],[79.937773,8.921799],[79.937839,8.922204],[79.938298,8.921653],[79.9382,8.921166],[79.938413,8.920161],[79.937478,8.919025],[79.937461,8.918831],[79.93838,8.919317],[79.939513,8.920323],[79.940137,8.92029],[79.94255,8.917679],[79.943272,8.917339],[79.942878,8.915944],[79.942107,8.91536],[79.941204,8.915782],[79.940449,8.915328],[79.938545,8.916204],[79.937954,8.916771],[79.937543,8.916868],[79.935573,8.916106],[79.932963,8.917079],[79.933111,8.92222]]]}},{"type":"Feature","properties":{"osmId":"way/1128536899","name":"Adam's Bridge","nameLocal":null,"nameTa":null,"source":"(c) OpenStreetMap contributors, ODbL 1.0","category":"shoal","seamark":null},"geometry":{"type":"Polygon","coordinates":[[[79.656368,9.070755],[79.656453,9.069325],[79.65607,9.067711],[79.654557,9.065341],[79.650441,9.064982],[79.645761,9.06554],[79.644207,9.064464],[79.641645,9.061535],[79.637428,9.060738],[79.633595,9.061834],[79.628975,9.062532],[79.626655,9.064942],[79.624254,9.065938],[79.617173,9.06283],[79.61455,9.062731],[79.610797,9.064325],[79.609345,9.062711],[79.607347,9.061515],[79.603353,9.061575],[79.597199,9.062651],[79.593447,9.064345],[79.592277,9.065898],[79.591449,9.067931],[79.589836,9.069305],[79.581523,9.068767],[79.578437,9.067472],[79.576681,9.066994],[79.570104,9.068329],[79.566594,9.069345],[79.565282,9.070142],[79.562882,9.070481],[79.561046,9.071178],[79.559714,9.073569],[79.555256,9.075302],[79.55114,9.075302],[79.549324,9.077175],[79.545027,9.078868],[79.543615,9.079824],[79.538631,9.082175],[79.534959,9.082374],[79.531227,9.083211],[79.529875,9.084187],[79.52465,9.085223],[79.521926,9.086697],[79.514905,9.094407],[79.511456,9.097754],[79.507118,9.099706],[79.501913,9.102515],[79.496748,9.105045],[79.492168,9.106101],[79.488133,9.107216],[79.484845,9.10885],[79.482686,9.111101],[79.474354,9.118372],[79.466606,9.120902],[79.464206,9.123173],[79.461341,9.126858],[79.458536,9.131479],[79.456902,9.13369],[79.45295,9.136494],[79.448336,9.138613],[79.445032,9.140519],[79.443744,9.142172],[79.440998,9.146769],[79.441684,9.151599],[79.443423,9.153124],[79.443425,9.155092],[79.449096,9.150108],[79.449346,9.150199],[79.449402,9.150463],[79.448805,9.151129],[79.448552,9.151156],[79.449017,9.152048],[79.449503,9.152364],[79.455501,9.153807],[79.458932,9.153842],[79.466142,9.149774],[79.470948,9.147444],[79.477664,9.149054],[79.485196,9.148842],[79.508156,9.142402],[79.520537,9.13575],[79.526888,9.130771],[79.529506,9.125623],[79.53206,9.119161],[79.536888,9.115157],[79.544655,9.111428],[79.554311,9.106364],[79.562551,9.104118],[79.572722,9.104182],[79.58006,9.101809],[79.589802,9.097889],[79.600874,9.089583],[79.604608,9.089583],[79.609865,9.08774],[79.615144,9.087189],[79.622396,9.085155],[79.632846,9.081045],[79.641129,9.080578],[79.647609,9.080451],[79.653059,9.079837],[79.658746,9.078947],[79.660655,9.077336],[79.659387,9.074737],[79.65943,9.074633],[79.659847,9.07501],[79.659875,9.074857],[79.659411,9.074437],[79.657635,9.073424],[79.656125,9.071955],[79.656035,9.070706],[79.656368,9.070755]]]}},{"type":"Feature","properties":{"osmId":"way/1128536900","name":null,"nameLocal":null,"nameTa":null,"source":"(c) OpenStreetMap contributors, ODbL 1.0","category":"islet","seamark":null},"geometry":{"type":"Polygon","coordinates":[[[79.586486,9.078252],[79.585816,9.07796],[79.585317,9.077329],[79.585364,9.076836],[79.586065,9.075282],[79.585987,9.076236],[79.586159,9.077267],[79.586611,9.077683],[79.587421,9.077806],[79.58845,9.077498],[79.588216,9.078037],[79.587452,9.078452],[79.586907,9.078437],[79.586486,9.078252]]]}},{"type":"Feature","properties":{"osmId":"way/1176803723","name":null,"nameLocal":null,"nameTa":null,"source":"(c) OpenStreetMap contributors, ODbL 1.0","category":"islet","seamark":null},"geometry":{"type":"Polygon","coordinates":[[[78.051378,8.380173],[78.05089,8.380678],[78.051093,8.380911],[78.051555,8.380625],[78.051276,8.380465],[78.051389,8.380306],[78.051802,8.380524],[78.052971,8.380651],[78.053636,8.380513],[78.053765,8.379834],[78.053266,8.379738],[78.052429,8.379898],[78.052365,8.379738],[78.051877,8.37985],[78.051378,8.380173]]]}},{"type":"Feature","properties":{"osmId":"way/1218504714","name":null,"nameLocal":null,"nameTa":null,"source":"(c) OpenStreetMap contributors, ODbL 1.0","category":"islet","seamark":null},"geometry":{"type":"Polygon","coordinates":[[[79.457588,9.14767],[79.457709,9.147796],[79.458194,9.14725],[79.457842,9.147133],[79.457588,9.14767]]]}},{"type":"Feature","properties":{"osmId":"way/1218504715","name":null,"nameLocal":null,"nameTa":null,"source":"(c) OpenStreetMap contributors, ODbL 1.0","category":"islet","seamark":null},"geometry":{"type":"Polygon","coordinates":[[[79.465904,9.140363],[79.465831,9.140238],[79.466555,9.140031],[79.467155,9.139634],[79.467267,9.140258],[79.46758,9.140338],[79.467529,9.139369],[79.467775,9.138848],[79.467929,9.138875],[79.46792,9.140133],[79.46763,9.14056],[79.4673,9.140632],[79.466574,9.140356],[79.465904,9.140363]]]}},{"type":"Feature","properties":{"osmId":"way/1218504716","name":null,"nameLocal":null,"nameTa":null,"source":"(c) OpenStreetMap contributors, ODbL 1.0","category":"islet","seamark":null},"geometry":{"type":"Polygon","coordinates":[[[79.468077,9.138446],[79.468052,9.137973],[79.467654,9.138069],[79.467594,9.138492],[79.467472,9.138559],[79.467395,9.138278],[79.467641,9.137952],[79.468378,9.137877],[79.468496,9.138069],[79.468077,9.138446]]]}},{"type":"Feature","properties":{"osmId":"way/1218504717","name":null,"nameLocal":null,"nameTa":null,"source":"(c) OpenStreetMap contributors, ODbL 1.0","category":"islet","seamark":null},"geometry":{"type":"Polygon","coordinates":[[[79.487879,9.126608],[79.487994,9.126436],[79.488983,9.127526],[79.489721,9.127862],[79.489894,9.128109],[79.490106,9.12911],[79.489875,9.129826],[79.489573,9.130073],[79.489207,9.130004],[79.489002,9.12968],[79.488803,9.129142],[79.48888,9.12873],[79.488116,9.127431],[79.487879,9.126608]]]}},{"type":"Feature","properties":{"osmId":"way/1218504718","name":null,"nameLocal":null,"nameTa":null,"source":"(c) OpenStreetMap contributors, ODbL 1.0","category":"islet","seamark":null},"geometry":{"type":"Polygon","coordinates":[[[79.501514,9.122458],[79.501555,9.122202],[79.501738,9.122157],[79.503288,9.122411],[79.502669,9.123203],[79.502711,9.123653],[79.502489,9.123852],[79.501709,9.123776],[79.501398,9.12357],[79.501299,9.123162],[79.501514,9.122458]]]}},{"type":"Feature","properties":{"osmId":"way/1218631655","name":null,"nameLocal":null,"nameTa":null,"source":"(c) OpenStreetMap contributors, ODbL 1.0","category":"islet","seamark":null},"geometry":{"type":"Polygon","coordinates":[[[79.575545,9.082435],[79.575616,9.082103],[79.576105,9.0817],[79.576414,9.081202],[79.576811,9.081438],[79.576843,9.082065],[79.576354,9.0828],[79.575828,9.08288],[79.575545,9.082435]]]}},{"type":"Feature","properties":{"osmId":"way/1218631656","name":null,"nameLocal":null,"nameTa":null,"source":"(c) OpenStreetMap contributors, ODbL 1.0","category":"islet","seamark":null},"geometry":{"type":"Polygon","coordinates":[[[79.510277,9.125047],[79.509516,9.124447],[79.509104,9.123712],[79.509989,9.124495],[79.510277,9.125047]]]}},{"type":"Feature","properties":{"osmId":"way/1218631657","name":null,"nameLocal":null,"nameTa":null,"source":"(c) OpenStreetMap contributors, ODbL 1.0","category":"islet","seamark":null},"geometry":{"type":"Polygon","coordinates":[[[79.516777,9.111825],[79.517298,9.11161],[79.517706,9.111171],[79.517711,9.110554],[79.51808,9.110313],[79.517814,9.109273],[79.517428,9.109412],[79.51732,9.108688],[79.516804,9.108345],[79.516815,9.108088],[79.516934,9.108061],[79.517515,9.108399],[79.51801,9.109326],[79.51827,9.110324],[79.518113,9.110962],[79.517684,9.111696],[79.517059,9.111975],[79.516858,9.111997],[79.516777,9.111825]]]}},{"type":"Feature","properties":{"osmId":"way/1218631658","name":null,"nameLocal":null,"nameTa":null,"source":"(c) OpenStreetMap contributors, ODbL 1.0","category":"islet","seamark":null},"geometry":{"type":"Polygon","coordinates":[[[79.515256,9.114892],[79.515626,9.115434],[79.516109,9.115568],[79.516288,9.115804],[79.516272,9.11605],[79.515626,9.116452],[79.514941,9.116522],[79.514105,9.116147],[79.512405,9.116222],[79.511922,9.115927],[79.511813,9.115568],[79.512264,9.114742],[79.512568,9.114468],[79.513117,9.11427],[79.513394,9.11338],[79.513785,9.113026],[79.513779,9.112688],[79.514757,9.112404],[79.516011,9.111289],[79.516494,9.110463],[79.516983,9.110334],[79.517016,9.110619],[79.516598,9.111225],[79.515767,9.111675],[79.514887,9.112919],[79.514235,9.113214],[79.513741,9.11383],[79.513785,9.114431],[79.513334,9.114715],[79.513329,9.115863],[79.514344,9.116013],[79.514773,9.11627],[79.515604,9.116249],[79.515713,9.116061],[79.515718,9.115691],[79.515045,9.114919],[79.515256,9.114892]]]}},{"type":"Feature","properties":{"osmId":"way/1218631659","name":null,"nameLocal":null,"nameTa":null,"source":"(c) OpenStreetMap contributors, ODbL 1.0","category":"islet","seamark":null},"geometry":{"type":"Polygon","coordinates":[[[79.52161,9.105058],[79.521442,9.104881],[79.521909,9.10435],[79.522077,9.103857],[79.521811,9.103181],[79.521887,9.102506],[79.521746,9.10197],[79.521979,9.101551],[79.522115,9.102243],[79.522593,9.10287],[79.522626,9.103369],[79.522349,9.104157],[79.52161,9.105058]]]}},{"type":"Feature","properties":{"osmId":"way/1218631660","name":null,"nameLocal":null,"nameTa":null,"source":"(c) OpenStreetMap contributors, ODbL 1.0","category":"islet","seamark":null},"geometry":{"type":"Polygon","coordinates":[[[79.521637,9.106168],[79.521175,9.106195],[79.520323,9.105669],[79.52098,9.105471],[79.521246,9.10523],[79.521637,9.106168]]]}},{"type":"Feature","properties":{"osmId":"way/1218631661","name":null,"nameLocal":null,"nameTa":null,"source":"(c) OpenStreetMap contributors, ODbL 1.0","category":"islet","seamark":null},"geometry":{"type":"Polygon","coordinates":[[[79.522767,9.099256],[79.522691,9.099101],[79.523739,9.098259],[79.52376,9.098988],[79.523581,9.099519],[79.523114,9.099573],[79.522767,9.099256]]]}},{"type":"Feature","properties":{"osmId":"way/1218631662","name":null,"nameLocal":null,"nameTa":null,"source":"(c) OpenStreetMap contributors, ODbL 1.0","category":"islet","seamark":null},"geometry":{"type":"Polygon","coordinates":[[[79.529147,9.09827],[79.528816,9.097916],[79.528143,9.097803],[79.529061,9.097487],[79.5295,9.096854],[79.529734,9.097235],[79.529826,9.098114],[79.52962,9.09828],[79.529147,9.09827]]]}},{"type":"Feature","properties":{"osmId":"way/1218631663","name":null,"nameLocal":null,"nameTa":null,"source":"(c) OpenStreetMap contributors, ODbL 1.0","category":"islet","seamark":null},"geometry":{"type":"Polygon","coordinates":[[[79.547698,9.091326],[79.547323,9.091063],[79.547367,9.090918],[79.547502,9.090789],[79.548121,9.090789],[79.548154,9.09109],[79.547698,9.091326]]]}},{"type":"Feature","properties":{"osmId":"way/1218631664","name":null,"nameLocal":null,"nameTa":null,"source":"(c) OpenStreetMap contributors, ODbL 1.0","category":"islet","seamark":null},"geometry":{"type":"Polygon","coordinates":[[[79.539324,9.093042],[79.539205,9.092645],[79.539596,9.092211],[79.539932,9.092082],[79.54041,9.092227],[79.540475,9.092522],[79.539873,9.092548],[79.539324,9.093042]]]}},{"type":"Feature","properties":{"osmId":"way/1218631665","name":null,"nameLocal":null,"nameTa":null,"source":"(c) OpenStreetMap contributors, ODbL 1.0","category":"islet","seamark":null},"geometry":{"type":"Polygon","coordinates":[[[79.551847,9.087218],[79.551293,9.087122],[79.550902,9.086189],[79.550424,9.085856],[79.550663,9.08547],[79.551391,9.085416],[79.551803,9.085674],[79.551977,9.086017],[79.55176,9.086704],[79.551847,9.087218]]]}},{"type":"Feature","properties":{"osmId":"way/1218631666","name":null,"nameLocal":null,"nameTa":null,"source":"(c) OpenStreetMap contributors, ODbL 1.0","category":"islet","seamark":null},"geometry":{"type":"Polygon","coordinates":[[[79.560536,9.088805],[79.560459,9.08857],[79.560611,9.088419],[79.560698,9.087862],[79.560611,9.087529],[79.56047,9.087304],[79.559873,9.087111],[79.560264,9.086221],[79.560481,9.086275],[79.561013,9.087529],[79.560764,9.088655],[79.560536,9.088805]]]}},{"type":"Feature","properties":{"osmId":"way/1218631667","name":null,"nameLocal":null,"nameTa":null,"source":"(c) OpenStreetMap contributors, ODbL 1.0","category":"islet","seamark":null},"geometry":{"type":"Polygon","coordinates":[[[79.559862,9.088934],[79.559938,9.090039],[79.558809,9.088537],[79.558841,9.088033],[79.559221,9.087787],[79.559417,9.087958],[79.55946,9.088216],[79.559221,9.088602],[79.559384,9.089063],[79.559753,9.089149],[79.559862,9.088934]]]}},{"type":"Feature","properties":{"osmId":"way/1218631668","name":null,"nameLocal":null,"nameTa":null,"source":"(c) OpenStreetMap contributors, ODbL 1.0","category":"islet","seamark":null},"geometry":{"type":"Polygon","coordinates":[[[79.592369,9.076595],[79.592211,9.076402],[79.592282,9.075909],[79.592553,9.075796],[79.59371,9.075941],[79.593911,9.07622],[79.593129,9.076231],[79.592793,9.075995],[79.592581,9.076032],[79.592526,9.07651],[79.592369,9.076595]]]}},{"type":"Feature","properties":{"osmId":"way/1218631669","name":null,"nameLocal":null,"nameTa":null,"source":"(c) OpenStreetMap contributors, ODbL 1.0","category":"islet","seamark":null},"geometry":{"type":"Polygon","coordinates":[[[79.591478,9.07704],[79.591972,9.076842],[79.592304,9.077346],[79.592619,9.077341],[79.593097,9.077174],[79.593281,9.076858],[79.59352,9.077266],[79.593254,9.077507],[79.592195,9.077587],[79.591837,9.077539],[79.591522,9.077282],[79.591478,9.07704]]]}},{"type":"Feature","properties":{"osmId":"way/1218631670","name":null,"nameLocal":null,"nameTa":null,"source":"(c) OpenStreetMap contributors, ODbL 1.0","category":"islet","seamark":null},"geometry":{"type":"Polygon","coordinates":[[[79.593314,9.077941],[79.594335,9.077727],[79.594661,9.077813],[79.595019,9.078177],[79.595627,9.078306],[79.596007,9.078145],[79.595964,9.077813],[79.595497,9.077287],[79.595681,9.07674],[79.595996,9.076515],[79.596311,9.076504],[79.596822,9.07763],[79.596572,9.078553],[79.595986,9.079014],[79.595117,9.079228],[79.594606,9.079164],[79.593813,9.078713],[79.593314,9.077941]]]}},{"type":"Feature","properties":{"osmId":"way/1218631671","name":null,"nameLocal":null,"nameTa":null,"source":"(c) OpenStreetMap contributors, ODbL 1.0","category":"islet","seamark":null},"geometry":{"type":"Polygon","coordinates":[[[79.610023,9.069345],[79.610355,9.06919],[79.611039,9.069726],[79.611631,9.069533],[79.612228,9.070241],[79.612315,9.070734],[79.612212,9.07112],[79.611566,9.071887],[79.611175,9.072026],[79.610849,9.071903],[79.610762,9.071458],[79.610968,9.07097],[79.610914,9.070782],[79.610023,9.069345]]]}},{"type":"Feature","properties":{"osmId":"way/1218631672","name":null,"nameLocal":null,"nameTa":null,"source":"(c) OpenStreetMap contributors, ODbL 1.0","category":"islet","seamark":null},"geometry":{"type":"Polygon","coordinates":[[[79.636212,9.068445],[79.635969,9.067205],[79.63611,9.066961],[79.636442,9.066881],[79.636513,9.06723],[79.636212,9.068445]]]}},{"type":"Feature","properties":{"osmId":"way/1218631673","name":null,"nameLocal":null,"nameTa":null,"source":"(c) OpenStreetMap contributors, ODbL 1.0","category":"reef","seamark":null},"geometry":{"type":"Polygon","coordinates":[[[79.655646,9.069652],[79.655749,9.069517],[79.655598,9.069382],[79.655347,9.069556],[79.655646,9.069652]]]}},{"type":"Feature","properties":{"osmId":"way/1241936001","name":null,"nameLocal":null,"nameTa":null,"source":"(c) OpenStreetMap contributors, ODbL 1.0","category":"island","seamark":null},"geometry":{"type":"Polygon","coordinates":[[[80.478565,8.257597],[80.477884,8.255596],[80.478147,8.25507],[80.47834,8.255017],[80.478324,8.254863],[80.478587,8.254746],[80.478721,8.254454],[80.479209,8.254576],[80.479654,8.255097],[80.479386,8.256079],[80.478565,8.257597]]]}},{"type":"Feature","properties":{"osmId":"way/1252339169","name":null,"nameLocal":null,"nameTa":null,"source":"(c) OpenStreetMap contributors, ODbL 1.0","category":"island","seamark":null},"geometry":{"type":"Polygon","coordinates":[[[80.200114,9.540353],[80.199634,9.540964],[80.199057,9.542114],[80.19947,9.541691],[80.199663,9.541125],[80.200157,9.540945],[80.200114,9.540353]]]}},{"type":"Feature","properties":{"osmId":"way/1252339170","name":null,"nameLocal":null,"nameTa":null,"source":"(c) OpenStreetMap contributors, ODbL 1.0","category":"island","seamark":null},"geometry":{"type":"Polygon","coordinates":[[[80.200058,9.541837],[80.1996,9.542114],[80.199665,9.542464],[80.200123,9.542372],[80.200058,9.541837]]]}},{"type":"Feature","properties":{"osmId":"way/1293753399","name":null,"nameLocal":null,"nameTa":null,"source":"(c) OpenStreetMap contributors, ODbL 1.0","category":"reef","seamark":null},"geometry":{"type":"Polygon","coordinates":[[[79.690818,9.078881],[79.6909,9.079365],[79.691717,9.080011],[79.692154,9.080935],[79.692617,9.082891],[79.692753,9.083025],[79.692753,9.083671],[79.692181,9.084209],[79.691881,9.085223],[79.691481,9.085241],[79.690909,9.085645],[79.690082,9.087089],[79.689764,9.087035],[79.689519,9.083537],[79.688084,9.081231],[79.68693,9.078163],[79.687287,9.077926],[79.687892,9.079535],[79.688079,9.078766],[79.688776,9.078355],[79.689176,9.07852],[79.689251,9.078761],[79.690197,9.078618],[79.690849,9.07872],[79.690818,9.078881]]]}},{"type":"Feature","properties":{"osmId":"way/1293753400","name":null,"nameLocal":null,"nameTa":null,"source":"(c) OpenStreetMap contributors, ODbL 1.0","category":"islet","seamark":null},"geometry":{"type":"Polygon","coordinates":[[[79.69565,9.089703],[79.695386,9.089338],[79.69528,9.088272],[79.695419,9.08792],[79.695599,9.087897],[79.695794,9.087947],[79.695988,9.088556],[79.695923,9.089159],[79.69565,9.089703]]]}},{"type":"Feature","properties":{"osmId":"way/1293753401","name":null,"nameLocal":null,"nameTa":null,"source":"(c) OpenStreetMap contributors, ODbL 1.0","category":"islet","seamark":null},"geometry":{"type":"Polygon","coordinates":[[[79.695271,9.08806],[79.695192,9.087883],[79.695345,9.087618],[79.695692,9.087423],[79.695871,9.087514],[79.695888,9.087713],[79.695724,9.087585],[79.695522,9.087674],[79.695271,9.08806]]]}},{"type":"Feature","properties":{"osmId":"way/1293753402","name":null,"nameLocal":null,"nameTa":null,"source":"(c) OpenStreetMap contributors, ODbL 1.0","category":"islet","seamark":null},"geometry":{"type":"Polygon","coordinates":[[[79.695805,9.086998],[79.695631,9.086648],[79.695687,9.0864],[79.695971,9.08614],[79.696118,9.08623],[79.69611,9.086461],[79.695897,9.086417],[79.695743,9.086589],[79.695805,9.086998]]]}},{"type":"Feature","properties":{"osmId":"way/1460591832","name":null,"nameLocal":null,"nameTa":null,"source":"(c) OpenStreetMap contributors, ODbL 1.0","category":"islet","seamark":null},"geometry":{"type":"Polygon","coordinates":[[[79.80537,7.727561],[79.805396,7.726871],[79.805194,7.727063],[79.804789,7.726906],[79.804544,7.72702],[79.804509,7.72733],[79.804635,7.727447],[79.80537,7.727561]]]}},{"type":"Feature","properties":{"osmId":"way/1537187649","name":null,"nameLocal":null,"nameTa":null,"source":"(c) OpenStreetMap contributors, ODbL 1.0","category":"submarine_cable","seamark":null},"geometry":{"type":"LineString","coordinates":[[78.455345,9.67748],[78.452866,9.682969],[78.452223,9.685648],[78.45116,9.688555],[78.44793,9.696382],[78.447292,9.697551],[78.446045,9.69889],[78.444221,9.70017],[78.442729,9.7019]]}},{"type":"Feature","properties":{"osmId":"way/1553924479","name":"Nagapattinam Lighthouse","nameLocal":"नागपट्ट िनम दीपस् तंभ","nameTa":null,"source":"(c) OpenStreetMap contributors, ODbL 1.0","category":"lighthouse","seamark":null},"geometry":{"type":"LineString","coordinates":[[79.850141,10.765915],[79.850141,10.765915]]}},{"type":"Feature","properties":{"osmId":"way/1554240140","name":"Point Calimere Lighthouse","nameLocal":"Point Calimere Lighthouse","nameTa":null,"source":"(c) OpenStreetMap contributors, ODbL 1.0","category":"lighthouse","seamark":null},"geometry":{"type":"LineString","coordinates":[[79.868912,10.293773],[79.868912,10.293773]]}},{"type":"Feature","properties":{"osmId":"way/1554544624","name":"Mallipattinam Lighthouse","nameLocal":"Mallipattinam Lighthouse","nameTa":null,"source":"(c) OpenStreetMap contributors, ODbL 1.0","category":"lighthouse","seamark":null},"geometry":{"type":"LineString","coordinates":[[79.303801,10.267686],[79.303801,10.267686]]}},{"type":"Feature","properties":{"osmId":"way/1554712905","name":"Ammapattinam Lighthouse","nameLocal":"Ammapattinam Lighthouse","nameTa":null,"source":"(c) OpenStreetMap contributors, ODbL 1.0","category":"lighthouse","seamark":null},"geometry":{"type":"LineString","coordinates":[[79.229075,10.010784],[79.229075,10.010784]]}},{"type":"Feature","properties":{"osmId":"way/1554740437","name":"Passipattinam Lighthouse","nameLocal":"Passipattinam Lighthouse","nameTa":null,"source":"(c) OpenStreetMap contributors, ODbL 1.0","category":"lighthouse","seamark":null},"geometry":{"type":"LineString","coordinates":[[79.078638,9.804981],[79.07863,9.805073],[79.078638,9.804981]]}},{"type":"Feature","properties":{"osmId":"way/1555096862","name":null,"nameLocal":null,"nameTa":null,"source":"(c) OpenStreetMap contributors, ODbL 1.0","category":"lighthouse","seamark":null},"geometry":{"type":"LineString","coordinates":[[79.218525,9.288077],[79.218525,9.288077]]}},{"type":"Feature","properties":{"osmId":"way/1556538603","name":"Pandiyan Tivu Lighthouse","nameLocal":"Pandiyan Tivu Lighthouse","nameTa":null,"source":"(c) OpenStreetMap contributors, ODbL 1.0","category":"lighthouse","seamark":null},"geometry":{"type":"LineString","coordinates":[[78.196986,8.785593],[78.196986,8.785593]]}},{"type":"Feature","properties":{"osmId":"way/1556541727","name":null,"nameLocal":null,"nameTa":null,"source":"(c) OpenStreetMap contributors, ODbL 1.0","category":"navigation_line","seamark":{"navigation_line:category":"leading","navigation_line:orientation":"277.5","type":"navigation_line"}},"geometry":{"type":"LineString","coordinates":[[78.15814,8.80218],[78.16432,8.801363]]}},{"type":"Feature","properties":{"osmId":"way/1556596348","name":null,"nameLocal":null,"nameTa":null,"source":"(c) OpenStreetMap contributors, ODbL 1.0","category":"navigation_line","seamark":{"navigation_line:category":"leading","navigation_line:orientation":"311.5","type":"navigation_line"}},"geometry":{"type":"LineString","coordinates":[[78.226239,8.748854],[78.199599,8.772313]]}},{"type":"Feature","properties":{"osmId":"way/1556633698","name":"Manapad Point Lighthouse","nameLocal":"Manapad Point Lighthouse","nameTa":null,"source":"(c) OpenStreetMap contributors, ODbL 1.0","category":"lighthouse","seamark":null},"geometry":{"type":"LineString","coordinates":[[78.065652,8.37289],[78.065652,8.37289]]}},{"type":"Feature","properties":{"osmId":"way/1557278433","name":"Point Pedro Lighthouse","nameLocal":"Point Pedro Lighthouse","nameTa":null,"source":"(c) OpenStreetMap contributors, ODbL 1.0","category":"lighthouse","seamark":null},"geometry":{"type":"LineString","coordinates":[[80.249705,9.826855],[80.249705,9.826855]]}},{"type":"Feature","properties":{"osmId":"way/1557800161","name":"Thalaimannar Lighthouse","nameLocal":"Thalaimannar Lighthouse","nameTa":null,"source":"(c) OpenStreetMap contributors, ODbL 1.0","category":"lighthouse","seamark":null},"geometry":{"type":"LineString","coordinates":[[79.731138,9.107402],[79.731138,9.107402]]}},{"type":"Feature","properties":{"osmId":"way/1558262992","name":"Kanyakumari Lighthouse","nameLocal":"Kanyakumari Lighthouse","nameTa":"கன்னியாகுமரி கலங்கரை விளக்கம்","source":"(c) OpenStreetMap contributors, ODbL 1.0","category":"lighthouse","seamark":null},"geometry":{"type":"LineString","coordinates":[[77.546939,8.08132],[77.547004,8.081386],[77.546939,8.08132]]}},{"type":"Feature","properties":{"osmId":"way/1562261270","name":"KARATIVU","nameLocal":null,"nameTa":null,"source":"(c) OpenStreetMap contributors, ODbL 1.0","category":"island","seamark":null},"geometry":{"type":"Polygon","coordinates":[[[80.181037,9.592375],[80.181108,9.592568],[80.181753,9.592777],[80.182763,9.592752],[80.18384,9.592965],[80.184663,9.593597],[80.185122,9.594455],[80.185568,9.59487],[80.186334,9.594535],[80.186313,9.594232],[80.188236,9.594096],[80.189664,9.593417],[80.191069,9.593105],[80.195254,9.592759],[80.196656,9.592176],[80.198302,9.591138],[80.199073,9.589923],[80.198931,9.589783],[80.198554,9.589881],[80.197449,9.589771],[80.195869,9.588999],[80.194611,9.589888],[80.193122,9.590612],[80.192835,9.590605],[80.19245,9.590309],[80.192087,9.589702],[80.192138,9.588584],[80.193601,9.587771],[80.195118,9.58732],[80.196014,9.587468],[80.19708,9.58802],[80.197537,9.587881],[80.198425,9.588184],[80.199501,9.588305],[80.19985,9.588536],[80.200289,9.588506],[80.201331,9.588026],[80.201604,9.587814],[80.201815,9.587353],[80.20236,9.586913],[80.204149,9.586387],[80.20466,9.586395],[80.205169,9.58603],[80.206373,9.58664],[80.207701,9.586356],[80.20856,9.585568],[80.208651,9.58505],[80.208557,9.584439],[80.209163,9.584286],[80.209043,9.583923],[80.208622,9.583589],[80.207877,9.583415],[80.207067,9.583419],[80.206807,9.583249],[80.206563,9.583476],[80.206262,9.583472],[80.205522,9.58309],[80.205397,9.582536],[80.203564,9.582033],[80.202843,9.582094],[80.201615,9.583026],[80.201063,9.583245],[80.200887,9.583173],[80.200808,9.582847],[80.201323,9.582118],[80.201204,9.581975],[80.200836,9.58196],[80.200665,9.581679],[80.200422,9.580111],[80.199926,9.580208],[80.199541,9.580759],[80.198446,9.581753],[80.194789,9.584277],[80.184046,9.590079],[80.181264,9.591827],[80.181037,9.592375]]]}},{"type":"Feature","properties":{"osmId":"relation/5998746","name":"Oddakarentivu","nameLocal":null,"nameTa":null,"source":"(c) OpenStreetMap contributors, ODbL 1.0","category":"islet","seamark":null},"geometry":{"type":"MultiPolygon","coordinates":[[[[79.761427,8.27852],[79.76031,8.278499],[79.760049,8.278346],[79.759929,8.277998],[79.7604,8.277358],[79.761342,8.276558],[79.76176,8.275848],[79.762103,8.275874],[79.762471,8.275509],[79.762503,8.274885],[79.763014,8.274418],[79.763261,8.274417],[79.763563,8.274667],[79.763847,8.274475],[79.764445,8.274369],[79.765107,8.274853],[79.76557,8.274698],[79.765833,8.274969],[79.765998,8.275482],[79.767178,8.276302],[79.767943,8.276438],[79.768584,8.275845],[79.768964,8.276404],[79.768778,8.27791],[79.768224,8.278486],[79.767759,8.278353],[79.767281,8.278489],[79.764664,8.278093],[79.763662,8.27834],[79.763422,8.278081],[79.762546,8.278383],[79.762248,8.278294],[79.761427,8.27852]]]]}},{"type":"Feature","properties":{"osmId":"relation/5998766","name":"Sinna Erumativu","nameLocal":null,"nameTa":null,"source":"(c) OpenStreetMap contributors, ODbL 1.0","category":"islet","seamark":null},"geometry":{"type":"MultiPolygon","coordinates":[[[[79.773479,8.274744],[79.77335,8.273958],[79.7732,8.273682],[79.772728,8.273448],[79.772685,8.273003],[79.773221,8.272769],[79.773092,8.27245],[79.773307,8.272281],[79.773715,8.272344],[79.774079,8.272833],[79.773779,8.274],[79.773865,8.274531],[79.773479,8.274744]]],[[[79.772106,8.27873],[79.772085,8.277201],[79.771849,8.276734],[79.77187,8.275863],[79.772407,8.274165],[79.772621,8.274059],[79.773222,8.274695],[79.772986,8.275035],[79.773072,8.275927],[79.772814,8.275757],[79.77275,8.277796],[79.772557,8.277902],[79.772471,8.278624],[79.772106,8.27873]]]]}},{"type":"Feature","properties":{"osmId":"relation/5998767","name":null,"nameLocal":null,"nameTa":null,"source":"(c) OpenStreetMap contributors, ODbL 1.0","category":"islet","seamark":null},"geometry":{"type":"MultiPolygon","coordinates":[[[[79.785816,8.275302],[79.785469,8.274708],[79.785609,8.274338],[79.786656,8.273944],[79.786901,8.274149],[79.786903,8.274442],[79.786247,8.275169],[79.785816,8.275302]]]]}},{"type":"Feature","properties":{"osmId":"relation/5998768","name":"Erumativu","nameLocal":null,"nameTa":null,"source":"(c) OpenStreetMap contributors, ODbL 1.0","category":"island","seamark":null},"geometry":{"type":"MultiPolygon","coordinates":[[[[79.780069,8.262237],[79.781357,8.262364],[79.781958,8.262279],[79.781979,8.262449],[79.78288,8.263192],[79.783824,8.264796],[79.784611,8.2676],[79.7842,8.267811],[79.783975,8.268289],[79.783063,8.26849],[79.782505,8.26832],[79.782462,8.268745],[79.781582,8.269446],[79.781389,8.270126],[79.780402,8.271336],[79.778578,8.274351],[79.777256,8.27512],[79.775628,8.273321],[79.775391,8.272886],[79.77537,8.272153],[79.774617,8.271043],[79.774673,8.270518],[79.775306,8.269711],[79.775295,8.269361],[79.774812,8.268979],[79.775091,8.268533],[79.774973,8.267991],[79.77507,8.267407],[79.775424,8.266792],[79.776486,8.26573],[79.776636,8.265337],[79.777934,8.264105],[79.778321,8.263585],[79.778406,8.263192],[79.780069,8.262237]]]]}},{"type":"Feature","properties":{"osmId":"relation/5998811","name":"Sinna Arichchal","nameLocal":null,"nameTa":null,"source":"(c) OpenStreetMap contributors, ODbL 1.0","category":"islet","seamark":null},"geometry":{"type":"MultiPolygon","coordinates":[[[[79.791012,8.286186],[79.790432,8.286282],[79.790151,8.286193],[79.790556,8.286482],[79.790526,8.286592],[79.790055,8.286277],[79.789873,8.285961],[79.789766,8.284773],[79.790328,8.283826],[79.790906,8.28339],[79.791012,8.283149],[79.792455,8.282383],[79.793002,8.282367],[79.793747,8.282503],[79.795054,8.283044],[79.795266,8.28336],[79.795266,8.283841],[79.795525,8.284081],[79.795403,8.284548],[79.795418,8.284097],[79.795099,8.284066],[79.79434,8.284578],[79.793762,8.285179],[79.791012,8.286186]]]]}},{"type":"Feature","properties":{"osmId":"relation/5998812","name":"Periya Arichchal","nameLocal":null,"nameTa":null,"source":"(c) OpenStreetMap contributors, ODbL 1.0","category":"islet","seamark":null},"geometry":{"type":"MultiPolygon","coordinates":[[[[79.797243,8.301444],[79.796969,8.301444],[79.796537,8.301189],[79.796271,8.300514],[79.79721,8.30044],[79.797343,8.300547],[79.797576,8.30109],[79.797243,8.301444]]],[[[79.793679,8.300837],[79.793893,8.300152],[79.793818,8.299016],[79.794237,8.297997],[79.795567,8.295576],[79.796329,8.294727],[79.796715,8.29444],[79.79811,8.294164],[79.798678,8.294196],[79.799451,8.294493],[79.799676,8.294674],[79.800073,8.295523],[79.800288,8.296489],[79.800781,8.2977],[79.801092,8.298071],[79.801178,8.298676],[79.801006,8.299844],[79.80076,8.299674],[79.800116,8.299727],[79.799526,8.300024],[79.799408,8.30012],[79.799612,8.300895],[79.799483,8.300863],[79.799301,8.300088],[79.800363,8.299164],[79.800878,8.299164],[79.800964,8.298963],[79.800556,8.298581],[79.800148,8.298559],[79.799504,8.298984],[79.799633,8.298336],[79.799547,8.298156],[79.799354,8.298124],[79.799022,8.297752],[79.798732,8.29719],[79.797734,8.297349],[79.797487,8.297222],[79.797402,8.296935],[79.797648,8.296457],[79.797187,8.296096],[79.796833,8.296033],[79.796211,8.296457],[79.79546,8.296691],[79.795245,8.29719],[79.79531,8.298251],[79.796704,8.29874],[79.79723,8.29926],[79.797198,8.299791],[79.797037,8.300014],[79.7965,8.300152],[79.795835,8.300067],[79.79547,8.300216],[79.795352,8.300449],[79.795567,8.301479],[79.796071,8.301596],[79.796264,8.302042],[79.796071,8.303082],[79.795782,8.30339],[79.795578,8.305067],[79.795749,8.305311],[79.796146,8.305258],[79.796951,8.304844],[79.797166,8.304685],[79.797015,8.304229],[79.79738,8.30408],[79.798249,8.304441],[79.798957,8.304388],[79.799097,8.303995],[79.799279,8.303984],[79.79944,8.30339],[79.799783,8.303294],[79.800567,8.30356],[79.800567,8.303761],[79.800781,8.30391],[79.801693,8.303889],[79.801532,8.303369],[79.800824,8.302827],[79.80135,8.302742],[79.801704,8.303613],[79.802165,8.304165],[79.802047,8.304951],[79.80194,8.304685],[79.79929,8.304961],[79.797648,8.304929],[79.796522,8.305386],[79.795385,8.305651],[79.795374,8.306357],[79.794129,8.304892],[79.793743,8.304234],[79.793507,8.303406],[79.793614,8.303087],[79.793486,8.301431],[79.793679,8.300837]]]]}},{"type":"Feature","properties":{"osmId":"relation/5998813","name":"Ippantivu","nameLocal":null,"nameTa":null,"source":"(c) OpenStreetMap contributors, ODbL 1.0","category":"island","seamark":null},"geometry":{"type":"MultiPolygon","coordinates":[[[[79.808047,8.339133],[79.809067,8.338854],[79.809229,8.338672],[79.810054,8.338554],[79.810282,8.338307],[79.81039,8.337877],[79.810575,8.338146],[79.81039,8.338897],[79.810227,8.338747],[79.809359,8.338672],[79.809229,8.338822],[79.809359,8.338929],[79.808047,8.339133]]],[[[79.800202,8.340456],[79.801696,8.337763],[79.802359,8.336238],[79.802466,8.335476],[79.80283,8.334481],[79.802809,8.33302],[79.803282,8.330425],[79.803857,8.329505],[79.804627,8.327706],[79.804734,8.326393],[79.805162,8.325483],[79.805227,8.324022],[79.805783,8.322963],[79.805783,8.322561],[79.807131,8.32055],[79.807345,8.319639],[79.807623,8.319279],[79.808843,8.318453],[79.809292,8.31839],[79.809164,8.31875],[79.809271,8.31911],[79.810127,8.319491],[79.811368,8.319618],[79.811582,8.319935],[79.812994,8.319893],[79.814,8.320168],[79.814257,8.320698],[79.814642,8.321015],[79.814813,8.321651],[79.814578,8.322159],[79.814406,8.321142],[79.814128,8.320888],[79.813936,8.322116],[79.813422,8.322264],[79.813037,8.321989],[79.812909,8.321587],[79.813037,8.321523],[79.813251,8.321989],[79.813465,8.322137],[79.813743,8.321926],[79.813872,8.321545],[79.813743,8.320571],[79.812994,8.320126],[79.812138,8.320063],[79.811924,8.320232],[79.812331,8.320613],[79.812951,8.320888],[79.812481,8.320952],[79.812074,8.320825],[79.811753,8.320528],[79.811368,8.320613],[79.810298,8.321142],[79.80895,8.322074],[79.8085,8.322222],[79.807923,8.322709],[79.806938,8.324106],[79.806724,8.324149],[79.806511,8.324572],[79.80666,8.325017],[79.806446,8.325567],[79.806232,8.325821],[79.80589,8.325821],[79.805762,8.326033],[79.805398,8.326033],[79.805483,8.326457],[79.805291,8.326626],[79.804991,8.327452],[79.805334,8.328172],[79.80559,8.32832],[79.806083,8.328087],[79.806511,8.32815],[79.807602,8.327642],[79.8088,8.327325],[79.808586,8.327579],[79.80773,8.327854],[79.805847,8.328934],[79.805762,8.329484],[79.805954,8.330225],[79.806318,8.330755],[79.806682,8.330755],[79.806896,8.33139],[79.807345,8.331517],[79.807473,8.331877],[79.807302,8.332089],[79.806404,8.332004],[79.805526,8.332279],[79.80512,8.332258],[79.804478,8.33247],[79.804092,8.332766],[79.804092,8.333041],[79.804392,8.333147],[79.80482,8.333041],[79.805441,8.332681],[79.806297,8.332427],[79.806297,8.332173],[79.806532,8.332173],[79.80696,8.33266],[79.808158,8.33266],[79.808864,8.332385],[79.809228,8.332491],[79.809185,8.332766],[79.808051,8.333084],[79.805184,8.334587],[79.80452,8.335815],[79.804456,8.336577],[79.805398,8.336831],[79.805419,8.337106],[79.80497,8.33772],[79.80497,8.338186],[79.805376,8.338483],[79.806532,8.33861],[79.806532,8.3388],[79.804028,8.338546],[79.802851,8.338694],[79.801974,8.339097],[79.80069,8.340155],[79.800412,8.340557],[79.800284,8.341277],[79.800498,8.342315],[79.800091,8.34204],[79.799963,8.341658],[79.800202,8.340456]]]]}},{"type":"Feature","properties":{"osmId":"relation/8710444","name":"Pamban Island","nameLocal":"Pamban Island","nameTa":"பாம்பன் தீவு","source":"(c) OpenStreetMap contributors, ODbL 1.0","category":"island","seamark":null},"geometry":{"type":"MultiPolygon","coordinates":[[[[79.208862,9.282325],[79.207727,9.281173],[79.206718,9.280517],[79.205343,9.279233],[79.204946,9.278322],[79.205117,9.278057],[79.204688,9.277131],[79.20449,9.274764],[79.204656,9.273907],[79.205895,9.273169],[79.206748,9.273102],[79.207134,9.273388],[79.207896,9.274733],[79.208207,9.274892],[79.213123,9.27348],[79.216689,9.271608],[79.218303,9.270995],[79.218668,9.270518],[79.218942,9.26954],[79.220717,9.267383],[79.2212,9.266463],[79.221361,9.265849],[79.221286,9.264843],[79.22106,9.264102],[79.221393,9.259961],[79.221157,9.259453],[79.220299,9.258076],[79.219944,9.258013],[79.219708,9.258405],[79.219987,9.259337],[79.220159,9.260925],[79.220127,9.26201],[79.22003,9.262312],[79.219757,9.262386],[79.219558,9.262196],[79.218507,9.259691],[79.217793,9.258998],[79.217235,9.258892],[79.216661,9.258468],[79.215964,9.257759],[79.215605,9.256986],[79.215696,9.256223],[79.215599,9.255731],[79.215363,9.255487],[79.215556,9.254963],[79.215551,9.254482],[79.216189,9.253253],[79.216973,9.252438],[79.21715,9.251919],[79.217477,9.252136],[79.218206,9.252067],[79.218432,9.252221],[79.218636,9.253311],[79.219451,9.255355],[79.221135,9.257505],[79.223152,9.25903],[79.224137,9.259514],[79.224107,9.259154],[79.228661,9.259258],[79.228659,9.259633],[79.229722,9.259562],[79.235761,9.25863],[79.242089,9.259093],[79.24799,9.259305],[79.252024,9.259019],[79.258289,9.257992],[79.262345,9.25688],[79.266218,9.256287],[79.275691,9.254116],[79.28111,9.252242],[79.29128,9.249298],[79.30673,9.242595],[79.314294,9.238539],[79.324572,9.233604],[79.330945,9.230035],[79.335397,9.228045],[79.345386,9.221998],[79.347231,9.2206],[79.359398,9.213314],[79.371774,9.204847],[79.375931,9.202713],[79.377487,9.201759],[79.385271,9.196591],[79.387931,9.195177],[79.390968,9.193059],[79.396911,9.189696],[79.402303,9.186318],[79.40822,9.18224],[79.413809,9.179068],[79.414651,9.178517],[79.415151,9.177843],[79.416426,9.176703],[79.41949,9.175091],[79.420572,9.174256],[79.423149,9.171643],[79.425041,9.170218],[79.4263,9.168904],[79.428143,9.167631],[79.43182,9.164738],[79.439173,9.158566],[79.441088,9.157164],[79.44897,9.150164],[79.449346,9.150199],[79.449402,9.150463],[79.448805,9.151129],[79.448552,9.151156],[79.44656,9.152845],[79.443062,9.156052],[79.441173,9.159394],[79.439027,9.16175],[79.438309,9.162868],[79.436533,9.164488],[79.435964,9.165357],[79.434972,9.166067],[79.43229,9.168826],[79.427601,9.174402],[79.426861,9.174953],[79.424565,9.177548],[79.421926,9.179449],[79.421845,9.17965],[79.420912,9.180217],[79.420139,9.181043],[79.419898,9.181064],[79.419249,9.181758],[79.418825,9.181922],[79.418525,9.182341],[79.417387,9.183085],[79.417132,9.1835],[79.415655,9.184782],[79.415113,9.185807],[79.414698,9.185982],[79.413391,9.187186],[79.412672,9.188118],[79.411207,9.189442],[79.410365,9.190448],[79.409786,9.190819],[79.409223,9.19146],[79.400639,9.198995],[79.399738,9.199551],[79.397721,9.201812],[79.396412,9.202681],[79.396209,9.202988],[79.390748,9.207404],[79.389267,9.208792],[79.388087,9.209448],[79.386681,9.210507],[79.386027,9.210804],[79.384074,9.212276],[79.381017,9.214235],[79.380641,9.214341],[79.37591,9.217635],[79.367852,9.22437],[79.359505,9.232111],[79.358658,9.23262],[79.355536,9.235595],[79.349141,9.240795],[79.347886,9.24197],[79.343938,9.244692],[79.342011,9.246213],[79.335998,9.251374],[79.330795,9.256245],[79.328027,9.259294],[79.325602,9.262069],[79.321546,9.267323],[79.318825,9.271598],[79.316483,9.276432],[79.315267,9.279909],[79.315186,9.280653],[79.315009,9.281058],[79.314856,9.28105],[79.31478,9.281385],[79.315029,9.281454],[79.314822,9.281495],[79.314823,9.281954],[79.315277,9.283997],[79.316053,9.285496],[79.31659,9.285951],[79.317676,9.286107],[79.317876,9.286315],[79.318419,9.286404],[79.319044,9.286716],[79.319551,9.287126],[79.320291,9.287058],[79.320774,9.288354],[79.320838,9.289059],[79.321396,9.289895],[79.322706,9.290866],[79.324685,9.292743],[79.326981,9.294575],[79.327083,9.294835],[79.326927,9.295036],[79.32705,9.295967],[79.327056,9.299292],[79.327812,9.299933],[79.328139,9.30051],[79.329438,9.301828],[79.33015,9.302131],[79.330972,9.303067],[79.332179,9.303951],[79.332721,9.304634],[79.333021,9.305274],[79.333273,9.307148],[79.334196,9.307962],[79.334552,9.308456],[79.334754,9.309218],[79.334903,9.311279],[79.334136,9.313513],[79.332847,9.315708],[79.330645,9.318569],[79.329628,9.319493],[79.326522,9.321351],[79.326114,9.321738],[79.322289,9.323956],[79.317043,9.326597],[79.31436,9.327626],[79.312403,9.328185],[79.310906,9.32818],[79.309286,9.327571],[79.308219,9.326941],[79.306979,9.326634],[79.306222,9.325976],[79.303069,9.325173],[79.302152,9.324409],[79.301325,9.323331],[79.300376,9.322833],[79.298498,9.322193],[79.296862,9.321923],[79.296047,9.321478],[79.293627,9.321145],[79.293229,9.32068],[79.29175,9.320271],[79.290559,9.31962],[79.290044,9.319144],[79.289454,9.317773],[79.287184,9.316859],[79.285814,9.315931],[79.284819,9.314623],[79.284226,9.314194],[79.281539,9.312775],[79.280096,9.311108],[79.278836,9.310678],[79.278159,9.310187],[79.278127,9.309578],[79.277531,9.309234],[79.277494,9.30881],[79.276663,9.307132],[79.27523,9.305486],[79.274666,9.304707],[79.274431,9.304009],[79.273122,9.30232],[79.273005,9.301173],[79.272563,9.300098],[79.272414,9.298837],[79.271851,9.297439],[79.271051,9.296057],[79.27059,9.295523],[79.269109,9.294533],[79.267441,9.29376],[79.264938,9.293249],[79.263922,9.292908],[79.262321,9.292913],[79.262152,9.292484],[79.261513,9.29232],[79.260178,9.29232],[79.256718,9.291906],[79.254972,9.291878],[79.253327,9.291595],[79.250899,9.291602],[79.249297,9.291912],[79.249227,9.291507],[79.248935,9.291462],[79.246829,9.29195],[79.243459,9.292391],[79.241858,9.292767],[79.241145,9.292362],[79.240308,9.29215],[79.238548,9.292352],[79.234219,9.292288],[79.233602,9.292045],[79.231387,9.29197],[79.230539,9.292076],[79.22746,9.291806],[79.225427,9.291923],[79.220567,9.291505],[79.219531,9.290779],[79.218845,9.289744],[79.218764,9.289186],[79.21849,9.288887],[79.218212,9.288003],[79.216675,9.286351],[79.216345,9.285618],[79.215921,9.285104],[79.214752,9.284331],[79.211575,9.283276],[79.209672,9.283069],[79.209521,9.282738],[79.208862,9.282325]]]]}},{"type":"Feature","properties":{"osmId":"relation/9351255","name":"Koswari Thivu","nameLocal":null,"nameTa":null,"source":"(c) OpenStreetMap contributors, ODbL 1.0","category":"island","seamark":null},"geometry":{"type":"MultiPolygon","coordinates":[[[[78.226492,8.869166],[78.225579,8.87113],[78.224804,8.872355],[78.224241,8.872714],[78.222234,8.872914],[78.221451,8.873379],[78.221313,8.874077],[78.220552,8.874096],[78.221088,8.873804],[78.221945,8.872554],[78.223879,8.87126],[78.22462,8.870316],[78.225703,8.868249],[78.225961,8.868026],[78.226519,8.867756],[78.226492,8.869166]]]]}},{"type":"Feature","properties":{"osmId":"relation/9351386","name":"Anaippar","nameLocal":null,"nameTa":null,"source":"(c) OpenStreetMap contributors, ODbL 1.0","category":"island","seamark":null},"geometry":{"type":"MultiPolygon","coordinates":[[[[78.694183,9.151222],[78.69556,9.151295],[78.695947,9.151511],[78.696967,9.152631],[78.696903,9.15315],[78.696216,9.15387],[78.695947,9.154974],[78.695567,9.155369],[78.695188,9.155406],[78.694525,9.154893],[78.692885,9.151831],[78.692917,9.151593],[78.693212,9.151397],[78.694183,9.151222]]]]}},{"type":"Feature","properties":{"osmId":"relation/9351388","name":"Appa","nameLocal":null,"nameTa":null,"source":"(c) OpenStreetMap contributors, ODbL 1.0","category":"island","seamark":null},"geometry":{"type":"MultiPolygon","coordinates":[[[[78.824179,9.164308],[78.824549,9.164367],[78.825209,9.164991],[78.82557,9.16511],[78.826615,9.165039],[78.827274,9.16523],[78.827789,9.16559],[78.828342,9.166649],[78.828707,9.168831],[78.827768,9.172326],[78.827092,9.173534],[78.827097,9.1749],[78.827328,9.17553],[78.827199,9.17552],[78.826947,9.175075],[78.82691,9.173905],[78.827242,9.172829],[78.827349,9.171776],[78.827253,9.170219],[78.826765,9.168577],[78.825805,9.167396],[78.825526,9.166294],[78.824125,9.164541],[78.824056,9.16443],[78.824179,9.164308]]],[[[78.819418,9.159028],[78.819684,9.159206],[78.819587,9.15999],[78.820301,9.160622],[78.820376,9.161157],[78.82235,9.161803],[78.822543,9.162026],[78.822575,9.162486],[78.822082,9.162926],[78.822044,9.163186],[78.822194,9.16362],[78.822666,9.163747],[78.822522,9.163848],[78.821862,9.163869],[78.820413,9.163392],[78.819872,9.162878],[78.819839,9.162534],[78.819373,9.162079],[78.819228,9.160871],[78.818855,9.160596],[78.818445,9.159982],[78.817216,9.159174],[78.817935,9.158954],[78.818053,9.158697],[78.818552,9.159042],[78.819418,9.159028]]]]}},{"type":"Feature","properties":{"osmId":"relation/9351397","name":"Thalayari","nameLocal":null,"nameTa":null,"source":"(c) OpenStreetMap contributors, ODbL 1.0","category":"island","seamark":null},"geometry":{"type":"MultiPolygon","coordinates":[[[[78.935267,9.183543],[78.933774,9.183193],[78.933163,9.183183],[78.930979,9.183601],[78.929059,9.184295],[78.928464,9.184215],[78.927911,9.184316],[78.926715,9.184146],[78.925942,9.183813],[78.924655,9.183712],[78.923378,9.184152],[78.92112,9.183935],[78.920063,9.184067],[78.919274,9.183871],[78.917708,9.184035],[78.917273,9.183903],[78.917429,9.183469],[78.917075,9.183188],[78.916495,9.18305],[78.915299,9.183098],[78.91479,9.183294],[78.913593,9.183045],[78.913051,9.182611],[78.912928,9.181949],[78.912499,9.18171],[78.910428,9.181716],[78.90934,9.18135],[78.908202,9.181578],[78.907188,9.182092],[78.906233,9.182934],[78.905874,9.18356],[78.904989,9.183071],[78.902634,9.182388],[78.902006,9.182018],[78.900402,9.180344],[78.898986,9.179296],[78.89912,9.179015],[78.899801,9.178448],[78.900831,9.17777],[78.90206,9.178231],[78.904061,9.179454],[78.90581,9.18025],[78.90677,9.18046],[78.907655,9.180604],[78.91029,9.18039],[78.911094,9.180715],[78.913062,9.180921],[78.91706,9.18206],[78.92171,9.182425],[78.926173,9.182288],[78.928319,9.182007],[78.929627,9.181684],[78.931001,9.181652],[78.932573,9.182309],[78.933587,9.182515],[78.934289,9.182833],[78.935267,9.183543]]]]}},{"type":"Feature","properties":{"osmId":"relation/9351398","name":"Valai","nameLocal":null,"nameTa":null,"source":"(c) OpenStreetMap contributors, ODbL 1.0","category":"island","seamark":null},"geometry":{"type":"MultiPolygon","coordinates":[[[[78.936038,9.183399],[78.938157,9.182462],[78.940726,9.184162],[78.940866,9.184628],[78.940013,9.184888],[78.939187,9.184898],[78.937631,9.18403],[78.936038,9.183399]]]]}},{"type":"Feature","properties":{"osmId":"relation/9351417","name":"Manoli","nameLocal":null,"nameTa":null,"source":"(c) OpenStreetMap contributors, ODbL 1.0","category":"island","seamark":null},"geometry":{"type":"MultiPolygon","coordinates":[[[[79.12912,9.216946],[79.124796,9.217359],[79.124667,9.216994],[79.126888,9.21504],[79.125965,9.215495],[79.124715,9.215816],[79.123524,9.215919],[79.123015,9.216369],[79.121717,9.216613],[79.121561,9.216099],[79.122001,9.215749],[79.124066,9.214823],[79.124801,9.21478],[79.126802,9.214118],[79.129307,9.213695],[79.130326,9.213679],[79.132054,9.214161],[79.133663,9.214203],[79.133948,9.21441],[79.135506,9.214804],[79.135672,9.215498],[79.135004,9.215903],[79.13398,9.216178],[79.131673,9.216274],[79.12912,9.216946]]]]}},{"type":"Feature","properties":{"osmId":"relation/9351418","name":"Manoliputti","nameLocal":null,"nameTa":null,"source":"(c) OpenStreetMap contributors, ODbL 1.0","category":"island","seamark":null},"geometry":{"type":"MultiPolygon","coordinates":[[[[79.140219,9.21433],[79.139929,9.21406],[79.139291,9.213853],[79.139097,9.213398],[79.139113,9.212784],[79.139319,9.212621],[79.139907,9.212635],[79.140272,9.2128],[79.140621,9.213197],[79.141463,9.213732],[79.141801,9.214161],[79.141844,9.214325],[79.141485,9.214553],[79.141055,9.214595],[79.140219,9.21433]]]]}},{"type":"Feature","properties":{"osmId":"relation/9351492","name":"Poomarichan","nameLocal":null,"nameTa":null,"source":"(c) OpenStreetMap contributors, ODbL 1.0","category":"island","seamark":null},"geometry":{"type":"MultiPolygon","coordinates":[[[[79.181224,9.2408],[79.181498,9.240784],[79.182139,9.241385],[79.182447,9.242012],[79.182265,9.242484],[79.182672,9.242862],[79.182608,9.24331],[79.182082,9.243829],[79.181699,9.243725],[79.181474,9.243349],[79.181205,9.243476],[79.180301,9.244591],[79.18037,9.245449],[79.180873,9.245806],[79.181633,9.245944],[79.181415,9.246516],[79.181777,9.24681],[79.183099,9.246963],[79.18411,9.246741],[79.184258,9.247482],[79.1847,9.24785],[79.184523,9.248017],[79.184534,9.248242],[79.185028,9.248141],[79.184746,9.248581],[79.183989,9.248657],[79.18168,9.24807],[79.180108,9.248075],[79.179432,9.244483],[79.179124,9.243884],[79.179529,9.243003],[79.181224,9.2408]]]]}},{"type":"Feature","properties":{"osmId":"relation/9351493","name":"Pullivasal","nameLocal":null,"nameTa":null,"source":"(c) OpenStreetMap contributors, ODbL 1.0","category":"island","seamark":null},"geometry":{"type":"MultiPolygon","coordinates":[[[[79.198452,9.232811],[79.199367,9.232953],[79.200064,9.233832],[79.20097,9.23425],[79.201303,9.234753],[79.200815,9.237099],[79.201512,9.239598],[79.201486,9.240308],[79.201255,9.240504],[79.201118,9.240524],[79.201044,9.240234],[79.20111,9.239137],[79.200021,9.238375],[79.199962,9.238119],[79.200016,9.237364],[79.19978,9.236305],[79.20015,9.235113],[79.200107,9.234737],[79.199903,9.234308],[79.199334,9.234224],[79.198852,9.233435],[79.19794,9.233197],[79.197623,9.233334],[79.197709,9.234308],[79.196684,9.234753],[79.196561,9.235029],[79.195467,9.235129],[79.194284,9.235819],[79.19405,9.236321],[79.19419,9.236723],[79.194045,9.236914],[79.193729,9.237046],[79.1914,9.237096],[79.189834,9.237745],[79.189512,9.238171],[79.189995,9.23904],[79.189815,9.239691],[79.189397,9.240236],[79.189147,9.240167],[79.188667,9.240331],[79.187683,9.241292],[79.187004,9.241568],[79.186803,9.240787],[79.186457,9.240787],[79.186127,9.240914],[79.185982,9.241372],[79.185602,9.241573],[79.185266,9.241372],[79.184901,9.241599],[79.184443,9.241356],[79.183901,9.241483],[79.183598,9.241107],[79.183265,9.241078],[79.183118,9.241131],[79.182887,9.24165],[79.182455,9.241647],[79.181967,9.240305],[79.182243,9.239857],[79.182694,9.239555],[79.184931,9.239095],[79.185763,9.238754],[79.187719,9.237485],[79.188992,9.237215],[79.1908,9.236458],[79.192951,9.234822],[79.194453,9.234504],[79.196051,9.233758],[79.197516,9.232868],[79.198452,9.232811]]]]}},{"type":"Feature","properties":{"osmId":"relation/9351494","name":"Kurusadai","nameLocal":null,"nameTa":null,"source":"(c) OpenStreetMap contributors, ODbL 1.0","category":"island","seamark":null},"geometry":{"type":"MultiPolygon","coordinates":[[[[79.201502,9.241578],[79.202263,9.241483],[79.204146,9.241954],[79.207553,9.244332],[79.209913,9.245094],[79.212305,9.246296],[79.215964,9.247058],[79.216989,9.247127],[79.218126,9.24745],[79.219928,9.247477],[79.220513,9.247307],[79.221087,9.247328],[79.221935,9.247948],[79.221978,9.248123],[79.220197,9.249256],[79.21915,9.250484],[79.21848,9.250722],[79.217611,9.250479],[79.215049,9.250262],[79.213102,9.249441],[79.208373,9.249049],[79.20807,9.24884],[79.20807,9.24853],[79.208607,9.24799],[79.208618,9.247485],[79.207628,9.246947],[79.206764,9.2469],[79.206732,9.24628],[79.205943,9.245777],[79.204951,9.24592],[79.203958,9.245624],[79.203513,9.244903],[79.203564,9.244734],[79.203342,9.244268],[79.202462,9.244205],[79.201764,9.242627],[79.20119,9.242542],[79.201346,9.241663],[79.201502,9.241578]]]]}},{"type":"Feature","properties":{"osmId":"relation/9351496","name":"Shingle","nameLocal":null,"nameTa":null,"source":"(c) OpenStreetMap contributors, ODbL 1.0","category":"island","seamark":null},"geometry":{"type":"MultiPolygon","coordinates":[[[[79.235587,9.240408],[79.235909,9.240435],[79.23703,9.241022],[79.238725,9.241319],[79.238653,9.242219],[79.238232,9.242584],[79.237862,9.243908],[79.237529,9.24422],[79.237261,9.244257],[79.23673,9.243675],[79.235678,9.243781],[79.234171,9.243225],[79.232674,9.243352],[79.232495,9.243175],[79.233007,9.242253],[79.233699,9.241822],[79.233822,9.241197],[79.234465,9.241039],[79.235147,9.240392],[79.235587,9.240408]]]]}},{"type":"Feature","properties":{"osmId":"relation/9356464","name":"Vaan Thivu","nameLocal":null,"nameTa":null,"source":"(c) OpenStreetMap contributors, ODbL 1.0","category":"island","seamark":null},"geometry":{"type":"MultiPolygon","coordinates":[[[[78.210838,8.837533],[78.211257,8.837929],[78.210997,8.838323],[78.209892,8.838838],[78.209404,8.839382],[78.208866,8.839695],[78.208306,8.839697],[78.207845,8.839952],[78.207841,8.840265],[78.20394,8.842775],[78.204466,8.842232],[78.205721,8.841353],[78.206803,8.840802],[78.20772,8.840088],[78.207725,8.83991],[78.208596,8.839367],[78.209656,8.838114],[78.209728,8.83757],[78.210146,8.837389],[78.210838,8.837533]]]]}},{"type":"Feature","properties":{"osmId":"relation/10088704","name":"Pungudutivu","nameLocal":"Pungudutivu","nameTa":"புங்குடுதீவு","source":"(c) OpenStreetMap contributors, ODbL 1.0","category":"island","seamark":null},"geometry":{"type":"MultiPolygon","coordinates":[[[[79.83946,9.607778],[79.839474,9.60757],[79.84173,9.607617],[79.841746,9.606614],[79.842281,9.606353],[79.841978,9.605825],[79.841906,9.605254],[79.842021,9.605008],[79.842426,9.604915],[79.842592,9.604254],[79.842053,9.603535],[79.841528,9.602476],[79.841702,9.601689],[79.841842,9.601599],[79.842544,9.601713],[79.843652,9.601263],[79.844615,9.601218],[79.846364,9.600279],[79.846975,9.599348],[79.847251,9.598164],[79.847581,9.597611],[79.848917,9.596862],[79.849751,9.596246],[79.849963,9.595931],[79.849915,9.595598],[79.849408,9.595149],[79.849067,9.59508],[79.846525,9.595736],[79.844534,9.596592],[79.840028,9.597878],[79.838312,9.599084],[79.837689,9.599311],[79.836912,9.59938],[79.83557,9.599221],[79.835093,9.598888],[79.834895,9.59855],[79.834819,9.597962],[79.835206,9.596513],[79.835163,9.595402],[79.834701,9.594561],[79.833993,9.594033],[79.833264,9.593837],[79.83254,9.593821],[79.830222,9.594408],[79.829149,9.595069],[79.825936,9.596503],[79.825518,9.596846],[79.822846,9.601088],[79.820228,9.602072],[79.81989,9.602538],[79.819944,9.603516],[79.821097,9.605156],[79.821032,9.610461],[79.821229,9.610526],[79.822515,9.609674],[79.822639,9.609918],[79.821754,9.61037],[79.821173,9.610889],[79.821209,9.611135],[79.821944,9.611842],[79.821937,9.613041],[79.822164,9.61404],[79.821713,9.615501],[79.821741,9.616141],[79.821331,9.616812],[79.821341,9.617149],[79.820783,9.617181],[79.820221,9.616752],[79.819053,9.617906],[79.818974,9.61809],[79.819316,9.619262],[79.819339,9.619895],[79.818781,9.618713],[79.818781,9.618025],[79.817628,9.617857],[79.817296,9.618096],[79.817639,9.618544],[79.817483,9.619242],[79.817637,9.619458],[79.818052,9.61957],[79.818273,9.620701],[79.817622,9.621024],[79.816987,9.620944],[79.81657,9.62128],[79.815382,9.621734],[79.814398,9.623624],[79.814173,9.62381],[79.814099,9.624205],[79.81428,9.624676],[79.814002,9.625177],[79.814164,9.626147],[79.813727,9.62678],[79.813099,9.626906],[79.812988,9.627204],[79.813017,9.626906],[79.812643,9.6269],[79.812238,9.626648],[79.812298,9.626493],[79.812081,9.626104],[79.811643,9.626081],[79.811646,9.625683],[79.811393,9.625402],[79.81138,9.625178],[79.810878,9.624995],[79.810653,9.624509],[79.809483,9.620034],[79.808303,9.61905],[79.808446,9.617463],[79.809413,9.616658],[79.809388,9.616117],[79.808557,9.613587],[79.808791,9.612788],[79.807963,9.611634],[79.80736,9.611603],[79.806899,9.610938],[79.807717,9.609514],[79.808467,9.608991],[79.80907,9.607625],[79.809111,9.60663],[79.806792,9.602757],[79.805533,9.603034],[79.805324,9.602779],[79.805152,9.601827],[79.810622,9.598667],[79.809983,9.597408],[79.809345,9.595415],[79.809291,9.59457],[79.808553,9.594285],[79.807768,9.593756],[79.808,9.592193],[79.807499,9.59156],[79.807856,9.590695],[79.808215,9.590336],[79.808583,9.590317],[79.808466,9.590085],[79.8068,9.590236],[79.806105,9.589408],[79.805272,9.589144],[79.803588,9.590237],[79.802925,9.589666],[79.803925,9.587752],[79.803544,9.587053],[79.803108,9.582542],[79.802374,9.582049],[79.802019,9.581414],[79.80191,9.580072],[79.803381,9.579535],[79.80289,9.578192],[79.803163,9.577548],[79.809698,9.57497],[79.823042,9.57164],[79.828543,9.571318],[79.832356,9.570512],[79.843038,9.567548],[79.851914,9.567146],[79.857037,9.568005],[79.861385,9.571103],[79.860023,9.572929],[79.859261,9.577279],[79.859548,9.580828],[79.860586,9.58351],[79.862127,9.585314],[79.861099,9.586619],[79.85857,9.592792],[79.858973,9.595736],[79.862801,9.601607],[79.864203,9.603081],[79.863182,9.604883],[79.862365,9.60687],[79.857845,9.609501],[79.851854,9.613636],[79.847442,9.617932],[79.84363,9.619435],[79.84363,9.617609],[79.842595,9.615891],[79.842813,9.612723],[79.840339,9.610834],[79.840144,9.610469],[79.840245,9.609966],[79.840469,9.609623],[79.841076,9.609181],[79.841301,9.608343],[79.84165,9.607945],[79.83946,9.607778]]]]}},{"type":"Feature","properties":{"osmId":"relation/10088706","name":"Nainativu","nameLocal":"Nainativu","nameTa":"நயினாதீவு","source":"(c) OpenStreetMap contributors, ODbL 1.0","category":"island","seamark":null},"geometry":{"type":"MultiPolygon","coordinates":[[[[79.774722,9.596015],[79.773688,9.597137],[79.773591,9.597418],[79.773421,9.597457],[79.773075,9.598125],[79.773039,9.598694],[79.773414,9.600684],[79.773299,9.602018],[79.773467,9.605168],[79.773951,9.607314],[79.774539,9.611905],[79.774935,9.61272],[79.774819,9.612966],[79.774894,9.61388],[79.774785,9.614371],[79.77489,9.614909],[79.774732,9.615567],[79.774904,9.616977],[79.774832,9.618082],[79.774963,9.618529],[79.775458,9.618887],[79.775159,9.619162],[79.775188,9.619404],[79.775384,9.61955],[79.775026,9.619689],[79.774808,9.619982],[79.774756,9.620909],[79.773767,9.620974],[79.772398,9.621537],[79.772277,9.621709],[79.771527,9.621771],[79.77089,9.622084],[79.770592,9.622047],[79.769495,9.621364],[79.768801,9.620222],[79.766763,9.618851],[79.766347,9.617989],[79.764089,9.615649],[79.763915,9.615173],[79.763407,9.6147],[79.763381,9.614248],[79.762764,9.613354],[79.762926,9.612816],[79.762513,9.610067],[79.762052,9.608593],[79.761959,9.607509],[79.761646,9.606818],[79.761925,9.605975],[79.761795,9.605847],[79.761993,9.605234],[79.762093,9.603845],[79.762395,9.60379],[79.762459,9.603564],[79.762307,9.602836],[79.762455,9.602775],[79.762426,9.602297],[79.762612,9.601846],[79.762492,9.6013],[79.762587,9.6013],[79.762567,9.600885],[79.762734,9.600751],[79.763153,9.600894],[79.763231,9.600721],[79.762759,9.60031],[79.763039,9.599956],[79.762946,9.599836],[79.763068,9.599478],[79.762897,9.59903],[79.763517,9.597971],[79.763286,9.597141],[79.763407,9.59705],[79.763541,9.596115],[79.763299,9.590096],[79.763483,9.589714],[79.763989,9.58952],[79.764307,9.588796],[79.765241,9.587831],[79.767482,9.587152],[79.767864,9.586884],[79.769077,9.586489],[79.770441,9.585365],[79.772222,9.585378],[79.772848,9.584763],[79.773258,9.584583],[79.773868,9.584612],[79.774256,9.584855],[79.77424,9.585174],[79.774657,9.586026],[79.774864,9.587069],[79.774857,9.588032],[79.775566,9.589256],[79.775713,9.590529],[79.775974,9.5912],[79.775818,9.591538],[79.775923,9.593087],[79.775788,9.593638],[79.775538,9.593937],[79.775228,9.594853],[79.775128,9.595988],[79.774722,9.596015]]]]}},{"type":"Feature","properties":{"osmId":"relation/10088707","name":"Eluvaitivu","nameLocal":"Eluvaitivu","nameTa":"எழுவைதீவு","source":"(c) OpenStreetMap contributors, ODbL 1.0","category":"island","seamark":null},"geometry":{"type":"MultiPolygon","coordinates":[[[[79.812887,9.690019],[79.813162,9.692413],[79.813722,9.69328],[79.813956,9.694501],[79.813651,9.695163],[79.812818,9.696017],[79.812394,9.697128],[79.812152,9.698138],[79.812291,9.699261],[79.811704,9.700578],[79.811604,9.701602],[79.811861,9.702961],[79.81245,9.704144],[79.812547,9.705242],[79.812998,9.706117],[79.812953,9.70638],[79.813229,9.706903],[79.813408,9.707889],[79.813739,9.708401],[79.813721,9.709338],[79.813858,9.709911],[79.81459,9.71059],[79.814778,9.71103],[79.814668,9.711209],[79.814745,9.711855],[79.81447,9.712655],[79.814612,9.713056],[79.814496,9.714183],[79.814646,9.714458],[79.81446,9.715324],[79.814191,9.715718],[79.813727,9.715578],[79.813596,9.715271],[79.812833,9.715013],[79.812489,9.71453],[79.811047,9.712186],[79.810111,9.709829],[79.809675,9.708305],[79.809543,9.70467],[79.809317,9.703998],[79.809314,9.703319],[79.808838,9.701373],[79.808784,9.700524],[79.807674,9.696227],[79.807567,9.695206],[79.807758,9.692929],[79.80808,9.691322],[79.808012,9.691019],[79.808124,9.691],[79.80817,9.690517],[79.808287,9.690457],[79.808366,9.689403],[79.809113,9.688611],[79.809662,9.687107],[79.810558,9.686145],[79.81107,9.68599],[79.811184,9.68574],[79.81205,9.685383],[79.81284,9.685595],[79.812998,9.685517],[79.812833,9.685206],[79.812952,9.68511],[79.813143,9.685657],[79.812873,9.688405],[79.813068,9.689068],[79.813463,9.689318],[79.812887,9.690019]]]]}},{"type":"Feature","properties":{"osmId":"relation/10088733","name":"Mandaitivu","nameLocal":"Mandaitivu","nameTa":"மண்டைதீவு","source":"(c) OpenStreetMap contributors, ODbL 1.0","category":"island","seamark":null},"geometry":{"type":"MultiPolygon","coordinates":[[[[79.982893,9.621111],[79.982594,9.62092],[79.98251,9.620359],[79.982561,9.619428],[79.98306,9.618593],[79.982598,9.616588],[79.98277,9.616181],[79.982719,9.61521],[79.983006,9.614565],[79.983339,9.614227],[79.983779,9.614126],[79.984269,9.61524],[79.984599,9.615258],[79.985088,9.615025],[79.985458,9.614213],[79.984994,9.612307],[79.984524,9.612085],[79.983838,9.612063],[79.982631,9.612426],[79.981184,9.613615],[79.980838,9.613663],[79.980796,9.612832],[79.981169,9.611659],[79.981145,9.611353],[79.980667,9.610839],[79.980579,9.610059],[79.980164,9.609127],[79.979873,9.608993],[79.979745,9.609541],[79.979632,9.609482],[79.979554,9.609262],[79.979734,9.608361],[79.979327,9.60767],[79.97836,9.607039],[79.97823,9.606724],[79.978291,9.605976],[79.977863,9.605313],[79.977387,9.605047],[79.976649,9.605028],[79.975629,9.6053],[79.973647,9.60541],[79.972614,9.605826],[79.971943,9.605647],[79.970842,9.605851],[79.969126,9.605341],[79.967958,9.605715],[79.966989,9.606453],[79.966614,9.607019],[79.966363,9.607758],[79.965977,9.607861],[79.965506,9.608737],[79.965527,9.608967],[79.966131,9.609415],[79.966948,9.60951],[79.966662,9.609656],[79.966034,9.610375],[79.966386,9.610821],[79.966258,9.611115],[79.965124,9.610376],[79.965017,9.610503],[79.965021,9.611319],[79.964805,9.611154],[79.964679,9.610387],[79.964876,9.609585],[79.964887,9.60832],[79.965961,9.606264],[79.967451,9.60485],[79.968419,9.604152],[79.971395,9.602614],[79.975179,9.600257],[79.978669,9.599481],[79.982129,9.597769],[79.982915,9.597537],[79.986061,9.597119],[79.987848,9.597275],[79.988411,9.597804],[79.988533,9.598297],[79.988829,9.598522],[79.991437,9.599896],[79.992089,9.600021],[79.992964,9.600669],[79.995342,9.601867],[79.997864,9.602829],[79.999099,9.602986],[80.000672,9.603737],[80.000988,9.603637],[80.000309,9.604134],[80.000333,9.604622],[80.00132,9.605508],[80.001409,9.606435],[80.001971,9.60694],[80.002932,9.608343],[80.003619,9.610469],[80.005147,9.612617],[80.005517,9.612944],[80.005679,9.613367],[80.005621,9.614585],[80.00627,9.615222],[80.005675,9.615645],[80.005414,9.615006],[80.005294,9.613998],[80.00498,9.613875],[80.004894,9.613387],[80.00467,9.613123],[80.004024,9.61293],[80.003705,9.613308],[80.003614,9.613716],[80.004039,9.614154],[80.004239,9.614012],[80.003868,9.614649],[80.003939,9.615917],[80.004218,9.616203],[80.004216,9.616386],[80.003989,9.616609],[80.003737,9.616601],[80.003495,9.61688],[80.00305,9.61687],[80.002901,9.616732],[80.003252,9.61677],[80.003561,9.6165],[80.003816,9.615687],[80.003764,9.615364],[80.003414,9.615167],[80.003361,9.614582],[80.00305,9.614399],[80.002629,9.615208],[80.002352,9.616878],[80.002896,9.61738],[80.002998,9.619518],[80.003349,9.620568],[80.003841,9.621233],[80.005128,9.621914],[80.005545,9.622565],[80.005631,9.623964],[80.005526,9.624056],[80.005501,9.623557],[80.005377,9.623453],[80.00487,9.623576],[80.004651,9.623953],[80.004617,9.624409],[80.004839,9.625404],[80.005207,9.626024],[80.006045,9.626615],[80.006989,9.627585],[80.007256,9.628301],[80.007045,9.629032],[80.007282,9.629874],[80.007581,9.630318],[80.007575,9.630599],[80.007471,9.630429],[80.007277,9.630463],[80.007213,9.630189],[80.006891,9.630091],[80.006545,9.629583],[80.006411,9.629615],[80.006234,9.629159],[80.005815,9.629038],[80.00526,9.628552],[80.004225,9.628345],[80.002845,9.628467],[80.001994,9.629487],[80.002044,9.629961],[80.001415,9.630569],[79.998815,9.6321],[79.998339,9.632031],[79.997552,9.632214],[79.996956,9.63255],[79.996276,9.632331],[79.995477,9.63266],[79.995031,9.633303],[79.99407,9.633497],[79.992577,9.633362],[79.991847,9.633605],[79.990882,9.634579],[79.990195,9.634505],[79.990045,9.634261],[79.99101,9.633648],[79.990989,9.633256],[79.990528,9.632209],[79.990249,9.631754],[79.990013,9.632177],[79.989648,9.631892],[79.98953,9.632135],[79.989916,9.633034],[79.989927,9.633627],[79.989305,9.634071],[79.988618,9.634293],[79.988167,9.634653],[79.988114,9.634991],[79.987566,9.635182],[79.987042,9.634805],[79.987037,9.63373],[79.987405,9.633199],[79.987593,9.632119],[79.988404,9.630945],[79.988376,9.628688],[79.987515,9.626893],[79.986659,9.625777],[79.985939,9.625097],[79.984912,9.622992],[79.984465,9.622581],[79.983957,9.622747],[79.983572,9.62256],[79.98321,9.621165],[79.982893,9.621111]]]]}},{"type":"Feature","properties":{"osmId":"relation/10090364","name":"Kayts","nameLocal":"Kayts","nameTa":"வேலணைத் தீவு","source":"(c) OpenStreetMap contributors, ODbL 1.0","category":"island","seamark":null},"geometry":{"type":"MultiPolygon","coordinates":[[[[79.925655,9.660617],[79.925781,9.660149],[79.925559,9.659911],[79.924231,9.659715],[79.923992,9.660101],[79.92466,9.660717],[79.92492,9.661217],[79.924093,9.661622],[79.923094,9.661854],[79.92287,9.662232],[79.922958,9.662365],[79.923597,9.662347],[79.925172,9.662836],[79.925508,9.663073],[79.926138,9.663925],[79.927577,9.663864],[79.931099,9.663229],[79.932559,9.663078],[79.932676,9.66317],[79.932556,9.663319],[79.932205,9.66333],[79.932292,9.663688],[79.932092,9.663819],[79.930384,9.663991],[79.92948,9.664558],[79.929142,9.664519],[79.929052,9.664241],[79.928769,9.664451],[79.928591,9.66435],[79.927061,9.664385],[79.926699,9.664595],[79.926603,9.664866],[79.92631,9.664259],[79.926016,9.664225],[79.92591,9.66439],[79.925779,9.663754],[79.925552,9.663406],[79.924745,9.662911],[79.924522,9.662873],[79.924337,9.663061],[79.924354,9.663384],[79.925077,9.663877],[79.925343,9.664407],[79.925831,9.664603],[79.925962,9.664808],[79.926355,9.664872],[79.926324,9.665047],[79.925996,9.665161],[79.92619,9.665325],[79.926747,9.665274],[79.927094,9.66544],[79.927577,9.665337],[79.927997,9.665634],[79.928469,9.665573],[79.928646,9.665676],[79.930357,9.665612],[79.930463,9.665477],[79.930289,9.665322],[79.928902,9.665317],[79.930246,9.665218],[79.931791,9.66554],[79.932149,9.66628],[79.932188,9.66691],[79.932044,9.667145],[79.931596,9.666904],[79.930724,9.667383],[79.930875,9.668301],[79.93062,9.6688],[79.930244,9.668914],[79.928992,9.668171],[79.928316,9.668758],[79.928209,9.669371],[79.928353,9.670133],[79.92859,9.670154],[79.929059,9.669583],[79.929381,9.669617],[79.93036,9.67054],[79.9307,9.670538],[79.931647,9.66999],[79.931905,9.670154],[79.931835,9.671942],[79.931333,9.672848],[79.930796,9.673025],[79.930608,9.673466],[79.930838,9.674051],[79.930871,9.674775],[79.931427,9.675947],[79.93137,9.676578],[79.930844,9.677003],[79.929837,9.677169],[79.92988,9.678684],[79.930148,9.678779],[79.93055,9.678478],[79.93118,9.678393],[79.93225,9.677554],[79.932265,9.676688],[79.932656,9.676196],[79.931818,9.675294],[79.93204,9.675048],[79.932177,9.673999],[79.932853,9.673853],[79.933026,9.673676],[79.933218,9.673795],[79.93389,9.675529],[79.93482,9.676116],[79.934934,9.676413],[79.934838,9.67674],[79.934447,9.677021],[79.931551,9.67862],[79.929998,9.679198],[79.929522,9.679625],[79.929449,9.67993],[79.930478,9.681483],[79.929995,9.681084],[79.930073,9.680989],[79.929135,9.679686],[79.928627,9.679433],[79.926953,9.679465],[79.924546,9.680034],[79.921578,9.680449],[79.920801,9.680391],[79.92033,9.680135],[79.91877,9.680122],[79.91794,9.679611],[79.917795,9.679008],[79.918079,9.679193],[79.918708,9.679002],[79.922064,9.677283],[79.923004,9.677027],[79.923006,9.676639],[79.922377,9.676183],[79.92023,9.675881],[79.919789,9.676009],[79.919703,9.676226],[79.92008,9.676411],[79.920168,9.676868],[79.920403,9.677037],[79.920405,9.67728],[79.920044,9.677224],[79.918408,9.676188],[79.917745,9.676042],[79.917623,9.675941],[79.9178,9.675598],[79.916072,9.67486],[79.91571,9.674533],[79.915051,9.674457],[79.914942,9.674642],[79.913819,9.673856],[79.912177,9.673507],[79.910188,9.673889],[79.907853,9.675003],[79.907468,9.67499],[79.907139,9.674822],[79.907141,9.674451],[79.907194,9.674773],[79.90759,9.674859],[79.908818,9.67432],[79.908982,9.67419],[79.909122,9.673644],[79.910409,9.672986],[79.910518,9.672629],[79.904039,9.67035],[79.900327,9.670106],[79.900072,9.670611],[79.899536,9.670461],[79.899257,9.670757],[79.898318,9.672523],[79.896762,9.673517],[79.896434,9.674104],[79.896113,9.675183],[79.896226,9.675849],[79.896703,9.676939],[79.897084,9.67752],[79.898353,9.678729],[79.89875,9.67884],[79.900203,9.678459],[79.900439,9.67857],[79.900088,9.678799],[79.899753,9.679592],[79.899811,9.680077],[79.900281,9.680901],[79.900496,9.681664],[79.900051,9.68377],[79.899665,9.684445],[79.898609,9.685367],[79.897605,9.68605],[79.897145,9.686034],[79.894701,9.687166],[79.893765,9.687884],[79.893273,9.688488],[79.892208,9.690173],[79.892063,9.691084],[79.891521,9.692047],[79.891631,9.692507],[79.891312,9.693458],[79.891259,9.695232],[79.890875,9.6957],[79.890739,9.696618],[79.890497,9.697036],[79.890065,9.696993],[79.890401,9.696622],[79.89016,9.696419],[79.888894,9.697057],[79.88826,9.697603],[79.887568,9.697882],[79.886932,9.698469],[79.886743,9.69894],[79.886426,9.699185],[79.885557,9.699624],[79.884514,9.699813],[79.88376,9.69959],[79.88243,9.69848],[79.881444,9.696376],[79.880672,9.695517],[79.880429,9.695411],[79.880178,9.695488],[79.880134,9.695377],[79.880336,9.695219],[79.879628,9.694951],[79.879556,9.694713],[79.87888,9.694536],[79.878707,9.694302],[79.878122,9.693999],[79.877626,9.694095],[79.876644,9.694017],[79.874873,9.693593],[79.874688,9.693507],[79.874665,9.693319],[79.874087,9.693134],[79.873471,9.693212],[79.873219,9.693088],[79.872959,9.693231],[79.872063,9.69325],[79.871751,9.693462],[79.870042,9.693982],[79.868493,9.695105],[79.868086,9.695602],[79.867585,9.697037],[79.867536,9.697657],[79.866087,9.699472],[79.866012,9.699814],[79.865417,9.700758],[79.864941,9.701046],[79.864412,9.701962],[79.86374,9.702586],[79.86384,9.703074],[79.86373,9.703184],[79.863578,9.703028],[79.859946,9.703465],[79.858493,9.703357],[79.857895,9.703005],[79.856516,9.702651],[79.854065,9.701169],[79.853654,9.701052],[79.852468,9.700971],[79.852161,9.701123],[79.850517,9.700748],[79.848837,9.700631],[79.847973,9.700713],[79.847049,9.701196],[79.844585,9.701743],[79.84326,9.702311],[79.841576,9.70327],[79.841164,9.703231],[79.840911,9.702982],[79.840429,9.701004],[79.840905,9.699237],[79.841297,9.698504],[79.841447,9.697869],[79.841965,9.697525],[79.842578,9.697546],[79.843998,9.69692],[79.84477,9.695609],[79.845102,9.695827],[79.845277,9.695792],[79.845201,9.69517],[79.845619,9.695184],[79.845889,9.695435],[79.846312,9.69526],[79.845684,9.695058],[79.845098,9.693863],[79.845417,9.69384],[79.845459,9.693637],[79.845959,9.693624],[79.846026,9.693443],[79.846474,9.693633],[79.846783,9.693483],[79.847367,9.69254],[79.84844,9.692171],[79.848493,9.69197],[79.848207,9.691633],[79.848265,9.69145],[79.848493,9.691436],[79.849329,9.692212],[79.850073,9.691942],[79.850163,9.691664],[79.849906,9.69128],[79.849691,9.690342],[79.849842,9.689664],[79.849385,9.689001],[79.848158,9.688638],[79.847573,9.688826],[79.847296,9.688348],[79.846798,9.688208],[79.845834,9.688632],[79.845529,9.688434],[79.845464,9.687928],[79.845723,9.687606],[79.845608,9.687157],[79.844569,9.686043],[79.843925,9.685907],[79.84423,9.685266],[79.844055,9.683588],[79.844194,9.683239],[79.844634,9.682631],[79.845415,9.680722],[79.846134,9.679509],[79.846216,9.679129],[79.846448,9.67891],[79.846677,9.678225],[79.846552,9.678027],[79.846934,9.677744],[79.846962,9.676996],[79.847524,9.676112],[79.848406,9.675465],[79.848922,9.674677],[79.849518,9.674231],[79.849517,9.673958],[79.849772,9.673852],[79.849659,9.673649],[79.849913,9.673749],[79.850036,9.673487],[79.850365,9.673574],[79.850838,9.673328],[79.850915,9.672987],[79.850678,9.672873],[79.850633,9.672437],[79.850889,9.672567],[79.851009,9.672371],[79.850797,9.671789],[79.850576,9.671591],[79.850984,9.671407],[79.851075,9.670906],[79.851366,9.670419],[79.851348,9.670154],[79.852268,9.66946],[79.852236,9.669028],[79.852606,9.668824],[79.852753,9.667794],[79.853566,9.667091],[79.854117,9.666366],[79.85439,9.666299],[79.85472,9.665448],[79.855113,9.665129],[79.855075,9.664822],[79.855962,9.663937],[79.856083,9.663498],[79.856805,9.662813],[79.857017,9.662392],[79.857898,9.661654],[79.858182,9.661193],[79.860585,9.659289],[79.861143,9.658449],[79.862201,9.657887],[79.863103,9.657995],[79.8636,9.658372],[79.864338,9.658238],[79.864526,9.658015],[79.865383,9.656],[79.865051,9.654472],[79.864524,9.653348],[79.864566,9.652762],[79.864379,9.652101],[79.864617,9.651452],[79.864589,9.651],[79.865258,9.649953],[79.865493,9.648941],[79.86683,9.647345],[79.866928,9.646982],[79.867804,9.646514],[79.867662,9.645374],[79.868147,9.645322],[79.868615,9.645063],[79.868973,9.644483],[79.868846,9.643731],[79.868401,9.643465],[79.868709,9.642718],[79.868965,9.641407],[79.868677,9.639836],[79.868971,9.639007],[79.870522,9.637301],[79.871394,9.636603],[79.87223,9.635138],[79.87261,9.634807],[79.873212,9.634967],[79.873364,9.63592],[79.873736,9.636193],[79.874078,9.636204],[79.876744,9.635414],[79.878431,9.634631],[79.879002,9.63415],[79.88015,9.633603],[79.880665,9.632775],[79.881841,9.631421],[79.88475,9.628972],[79.885965,9.628184],[79.889236,9.626535],[79.890467,9.625744],[79.892125,9.624387],[79.892535,9.623818],[79.892486,9.623641],[79.892042,9.62339],[79.892066,9.623274],[79.89379,9.622175],[79.893984,9.62168],[79.895027,9.620638],[79.895211,9.620129],[79.897784,9.618036],[79.900183,9.616469],[79.901356,9.616077],[79.904707,9.615877],[79.905812,9.61621],[79.90662,9.616775],[79.907629,9.617042],[79.908,9.617284],[79.910078,9.62062],[79.911858,9.622848],[79.911768,9.623535],[79.912115,9.624629],[79.91207,9.625225],[79.913148,9.628654],[79.914163,9.630511],[79.915912,9.632222],[79.916484,9.632541],[79.919673,9.633137],[79.922255,9.633158],[79.92597,9.632783],[79.926098,9.632747],[79.926096,9.632555],[79.926256,9.632726],[79.926571,9.632687],[79.929436,9.632124],[79.932523,9.631208],[79.935407,9.630731],[79.936993,9.63009],[79.939973,9.628519],[79.942721,9.627571],[79.947895,9.625328],[79.952083,9.623059],[79.955226,9.620719],[79.959597,9.616828],[79.961118,9.615184],[79.962218,9.614363],[79.963005,9.614052],[79.964842,9.613793],[79.970046,9.612588],[79.972622,9.612349],[79.974922,9.61285],[79.975617,9.613218],[79.975802,9.613461],[79.975305,9.613507],[79.975106,9.6138],[79.975163,9.614809],[79.974986,9.615285],[79.975189,9.61587],[79.976046,9.616483],[79.9766,9.616445],[79.97741,9.617554],[79.978499,9.618514],[79.97943,9.618662],[79.978811,9.618734],[79.979592,9.619595],[79.979989,9.619812],[79.980183,9.620707],[79.980728,9.621352],[79.981303,9.6216],[79.98138,9.621961],[79.980937,9.622192],[79.981029,9.622457],[79.982333,9.622438],[79.982853,9.622672],[79.982698,9.623196],[79.98365,9.624248],[79.984103,9.625003],[79.984055,9.625422],[79.98365,9.625852],[79.983591,9.626156],[79.984044,9.626844],[79.984617,9.628351],[79.984409,9.629607],[79.98505,9.630583],[79.985169,9.631311],[79.985176,9.631533],[79.984874,9.631988],[79.983985,9.632275],[79.983886,9.632513],[79.983964,9.63326],[79.984538,9.634766],[79.984535,9.635109],[79.984336,9.634877],[79.983807,9.634977],[79.983548,9.63525],[79.983545,9.635677],[79.983344,9.635762],[79.982686,9.635587],[79.981634,9.635599],[79.980445,9.635394],[79.980104,9.634789],[79.980119,9.634573],[79.98146,9.633964],[79.981916,9.633505],[79.981665,9.633214],[79.981216,9.633283],[79.980982,9.632819],[79.980656,9.63293],[79.980897,9.632511],[79.980819,9.632396],[79.980499,9.632205],[79.980136,9.632534],[79.979793,9.632468],[79.979486,9.632951],[79.978829,9.633199],[79.978395,9.633038],[79.977961,9.633079],[79.97738,9.632514],[79.977273,9.631933],[79.975972,9.631618],[79.97493,9.631708],[79.974282,9.631544],[79.97349,9.631571],[79.972851,9.631763],[79.972308,9.631636],[79.969714,9.632198],[79.967996,9.632807],[79.96753,9.632599],[79.965549,9.633537],[79.965189,9.63357],[79.96512,9.633722],[79.963182,9.634444],[79.96197,9.635123],[79.961033,9.635948],[79.95881,9.637167],[79.957898,9.637953],[79.957337,9.63817],[79.956235,9.63895],[79.955967,9.638955],[79.954061,9.640105],[79.953789,9.640484],[79.953565,9.640413],[79.953188,9.640639],[79.951525,9.641906],[79.95057,9.642145],[79.949041,9.643007],[79.948145,9.643806],[79.946218,9.645059],[79.945007,9.646047],[79.944818,9.646383],[79.944846,9.646824],[79.944597,9.647565],[79.943982,9.64834],[79.943714,9.64838],[79.943647,9.648033],[79.94343,9.647966],[79.942168,9.648615],[79.941896,9.648951],[79.941289,9.649269],[79.941054,9.649655],[79.940823,9.649617],[79.940399,9.650073],[79.939942,9.650268],[79.939573,9.650737],[79.935904,9.652993],[79.935359,9.653561],[79.934793,9.654982],[79.932542,9.656695],[79.929051,9.658766],[79.927372,9.659548],[79.926625,9.66013],[79.926335,9.6607],[79.925824,9.66074],[79.925655,9.660617]]]]}},{"type":"Feature","properties":{"osmId":"relation/10090367","name":"Iranaitivu","nameLocal":"Iranaitivu","nameTa":"இரணைதீவு","source":"(c) OpenStreetMap contributors, ODbL 1.0","category":"island","seamark":null},"geometry":{"type":"MultiPolygon","coordinates":[[[[79.983918,9.30633],[79.983301,9.305467],[79.982671,9.304075],[79.981536,9.302497],[79.980379,9.300344],[79.978972,9.299131],[79.978398,9.298323],[79.977404,9.297667],[79.975788,9.297216],[79.975139,9.296787],[79.974064,9.296415],[79.973369,9.296416],[79.972905,9.297077],[79.972625,9.297152],[79.972338,9.29653],[79.971195,9.295139],[79.970586,9.293327],[79.97085,9.291255],[79.970612,9.290382],[79.970903,9.287603],[79.971493,9.286199],[79.971951,9.285426],[79.972071,9.28494],[79.973221,9.283523],[79.973828,9.282404],[79.975487,9.281088],[79.97645,9.280688],[79.977187,9.280121],[79.978637,9.280914],[79.980221,9.28094],[79.980423,9.281317],[79.98104,9.28163],[79.981544,9.282391],[79.982314,9.282951],[79.983486,9.284318],[79.984115,9.284592],[79.985334,9.284919],[79.987491,9.285145],[79.98897,9.284978],[79.990699,9.284393],[79.994382,9.282118],[79.995588,9.281176],[79.995912,9.280592],[79.995941,9.279],[79.996646,9.276011],[79.997211,9.274667],[79.99906,9.271391],[79.999534,9.270796],[80.000714,9.271379],[80.001248,9.271969],[80.002847,9.273232],[80.003387,9.273467],[80.004339,9.273528],[80.005,9.275094],[80.007238,9.278627],[80.00729,9.278809],[80.007125,9.278859],[80.007058,9.278519],[80.006787,9.278392],[80.006316,9.279418],[80.005566,9.279611],[80.005719,9.278484],[80.005995,9.277997],[80.005708,9.277216],[80.005496,9.277144],[80.005196,9.277221],[80.00483,9.277602],[80.004332,9.278613],[80.00433,9.278947],[80.004594,9.279221],[80.004743,9.279752],[80.005779,9.280698],[80.005893,9.281523],[80.006087,9.281885],[80.006017,9.282139],[80.005893,9.282152],[80.005809,9.281883],[80.006017,9.281936],[80.005881,9.281666],[80.005295,9.281703],[80.004779,9.282203],[80.005167,9.283323],[80.004786,9.284118],[80.004791,9.284438],[80.005215,9.28514],[80.005268,9.286564],[80.004804,9.287143],[80.004028,9.287087],[80.002275,9.287455],[80.001326,9.287494],[80.001132,9.28769],[80.000972,9.288369],[80.00028,9.288643],[79.99941,9.289938],[79.998823,9.290267],[79.997958,9.290385],[79.997477,9.290642],[79.997428,9.290924],[79.997165,9.290785],[79.997029,9.290863],[79.997587,9.289936],[79.997536,9.289466],[79.997351,9.289199],[79.996788,9.289092],[79.996153,9.289167],[79.996024,9.289834],[79.995933,9.289716],[79.996016,9.288742],[79.996329,9.288388],[79.996409,9.287807],[79.996216,9.287054],[79.996283,9.2867],[79.996067,9.286655],[79.995928,9.286884],[79.996074,9.28562],[79.995834,9.285512],[79.995409,9.285575],[79.994676,9.286316],[79.992138,9.287996],[79.99126,9.288913],[79.991188,9.289883],[79.991,9.290279],[79.99135,9.291062],[79.99101,9.291237],[79.990917,9.291833],[79.99052,9.291726],[79.990268,9.291858],[79.990516,9.292323],[79.990322,9.292552],[79.990299,9.2931],[79.991112,9.294239],[79.991337,9.294408],[79.991554,9.294341],[79.991605,9.294246],[79.991345,9.293988],[79.99129,9.292874],[79.992454,9.292411],[79.992486,9.291558],[79.992737,9.291707],[79.992,9.29345],[79.991663,9.294947],[79.990908,9.295719],[79.990514,9.296615],[79.990516,9.297388],[79.990221,9.298195],[79.988456,9.299771],[79.988341,9.300711],[79.987472,9.302089],[79.987453,9.302362],[79.987762,9.303104],[79.988298,9.302814],[79.98842,9.302896],[79.987852,9.303506],[79.988065,9.304271],[79.987687,9.305594],[79.986429,9.306396],[79.986219,9.306915],[79.985439,9.306619],[79.984334,9.306518],[79.983918,9.30633]]]]}},{"type":"Feature","properties":{"osmId":"relation/10946441","name":"Sri Lanka","nameLocal":"Sri Lanka","nameTa":"இலங்கை","source":"(c) OpenStreetMap contributors, ODbL 1.0","category":"island","seamark":null},"geometry":{"type":"MultiPolygon","coordinates":[[[[79.681783,9.075201],[79.678166,9.075645],[79.677277,9.075628],[79.675192,9.074997],[79.67403,9.07493],[79.670381,9.075243],[79.669406,9.074946],[79.669432,9.074618],[79.668755,9.074779],[79.668627,9.074587],[79.667442,9.074523],[79.664622,9.074722],[79.661951,9.075347],[79.660063,9.075257],[79.659526,9.075024],[79.65943,9.074633],[79.659664,9.074954],[79.659847,9.07501],[79.659875,9.074857],[79.659411,9.074437],[79.657635,9.073424],[79.656125,9.071955],[79.656085,9.070646],[79.656368,9.070755],[79.656998,9.071653],[79.658166,9.072558],[79.659389,9.073134],[79.661183,9.073636],[79.662598,9.073492],[79.664097,9.073561],[79.66814,9.073104],[79.669105,9.073173],[79.672713,9.072871],[79.683327,9.073236],[79.686195,9.073556],[79.690785,9.074446],[79.69417,9.075352],[79.69734,9.076438],[79.702061,9.077418],[79.707699,9.077767],[79.712444,9.077214],[79.725385,9.074814],[79.728419,9.073998],[79.74378,9.069008],[79.751859,9.066161],[79.762934,9.061785],[79.769872,9.058601],[79.782077,9.052626],[79.790818,9.047964],[79.796512,9.044791],[79.804199,9.040115],[79.813954,9.033774],[79.82107,9.028884],[79.826864,9.024624],[79.837765,9.016118],[79.851377,9.004332],[79.855043,9.000859],[79.863642,8.992236],[79.868594,8.987022],[79.873025,8.981946],[79.876665,8.977585],[79.878239,8.975453],[79.881721,8.970019],[79.88178,8.969689],[79.882548,8.968507],[79.884235,8.966426],[79.886785,8.96275],[79.887115,8.961826],[79.887363,8.961614],[79.887489,8.961692],[79.888426,8.961399],[79.888696,8.961744],[79.88849,8.961632],[79.88843,8.961895],[79.887986,8.962232],[79.88657,8.964087],[79.886224,8.964243],[79.885953,8.964603],[79.886036,8.964696],[79.887783,8.964538],[79.88778,8.964733],[79.887514,8.964622],[79.887235,8.964792],[79.886406,8.96489],[79.885784,8.965348],[79.885921,8.965727],[79.885476,8.965714],[79.885207,8.965936],[79.884982,8.96641],[79.885679,8.966304],[79.885803,8.966537],[79.88488,8.966797],[79.885269,8.967454],[79.884911,8.968285],[79.88457,8.968381],[79.884287,8.967971],[79.883781,8.968419],[79.883231,8.969778],[79.883262,8.970375],[79.882919,8.970489],[79.882873,8.970839],[79.883363,8.970838],[79.8846,8.970429],[79.884635,8.97019],[79.885032,8.969931],[79.884865,8.969481],[79.885099,8.969874],[79.885276,8.96981],[79.885308,8.969089],[79.885632,8.968964],[79.885847,8.968525],[79.886256,8.968192],[79.886443,8.967649],[79.887203,8.966579],[79.887139,8.96642],[79.886817,8.966575],[79.886536,8.966398],[79.886436,8.966895],[79.886265,8.966813],[79.885984,8.967124],[79.886361,8.966328],[79.889417,8.964147],[79.891178,8.96325],[79.892044,8.96303],[79.893117,8.963009],[79.894134,8.96268],[79.89485,8.961708],[79.895011,8.961935],[79.894788,8.962534],[79.895132,8.963483],[79.89563,8.964119],[79.897047,8.965327],[79.898994,8.965639],[79.900877,8.965433],[79.901896,8.965851],[79.902159,8.966079],[79.902202,8.966344],[79.901837,8.966074],[79.900469,8.965645],[79.899756,8.966047],[79.898463,8.965947],[79.898495,8.967213],[79.898272,8.967422],[79.898256,8.966993],[79.897988,8.966604],[79.89791,8.966111],[79.897208,8.965571],[79.896778,8.965396],[79.896322,8.965417],[79.895362,8.965804],[79.895185,8.9661],[79.895648,8.966819],[79.895618,8.967296],[79.895899,8.967107],[79.89643,8.967462],[79.899042,8.968241],[79.899541,8.969041],[79.900055,8.969149],[79.900209,8.968848],[79.902611,8.969326],[79.903375,8.969623],[79.903784,8.969945],[79.90391,8.970057],[79.903851,8.970302],[79.904439,8.97021],[79.905152,8.970414],[79.905657,8.970822],[79.906756,8.971034],[79.908586,8.971834],[79.909975,8.972676],[79.912174,8.974902],[79.912587,8.975479],[79.914403,8.97559],[79.915645,8.975367],[79.915685,8.975604],[79.915919,8.975681],[79.91654,8.975394],[79.917553,8.975452],[79.917556,8.975956],[79.91944,8.976415],[79.920029,8.976397],[79.921672,8.97559],[79.922558,8.975371],[79.923391,8.975403],[79.923711,8.975599],[79.924902,8.975487],[79.925186,8.975692],[79.926492,8.975537],[79.927322,8.975779],[79.927388,8.976109],[79.928056,8.976667],[79.927889,8.976895],[79.927369,8.976489],[79.926981,8.976711],[79.927538,8.978179],[79.927301,8.980032],[79.926335,8.982583],[79.925984,8.982978],[79.925069,8.983622],[79.91868,8.987108],[79.910493,8.990816],[79.91044,8.99129],[79.910282,8.991431],[79.909298,8.991355],[79.908567,8.992027],[79.908084,8.992067],[79.904187,8.994236],[79.903691,8.994836],[79.904106,8.995548],[79.903996,8.995794],[79.901757,8.997174],[79.901438,8.997141],[79.90104,8.996467],[79.90057,8.99655],[79.899698,8.997205],[79.899411,8.997633],[79.897837,8.999071],[79.897584,8.999724],[79.897226,8.999753],[79.893933,9.002475],[79.893056,9.00324],[79.892877,9.003797],[79.892522,9.003874],[79.885537,9.010017],[79.885135,9.010563],[79.885154,9.011149],[79.884137,9.011869],[79.881527,9.014476],[79.879096,9.017305],[79.878637,9.018269],[79.876809,9.02014],[79.875788,9.022648],[79.874849,9.024142],[79.874571,9.025002],[79.874615,9.025269],[79.874116,9.025877],[79.873823,9.026642],[79.873012,9.027319],[79.871976,9.029056],[79.871418,9.030615],[79.87133,9.03179],[79.871076,9.032116],[79.87107,9.032381],[79.871464,9.03271],[79.872024,9.033786],[79.871424,9.035041],[79.869028,9.037326],[79.869026,9.037745],[79.869417,9.038032],[79.869162,9.038396],[79.869086,9.041204],[79.869225,9.042274],[79.868737,9.042948],[79.868861,9.043143],[79.868338,9.043118],[79.867566,9.04349],[79.867229,9.043503],[79.866864,9.043434],[79.865997,9.042815],[79.865026,9.042785],[79.864289,9.043029],[79.863283,9.043803],[79.862784,9.044682],[79.862304,9.045016],[79.861942,9.045585],[79.86144,9.04602],[79.860703,9.048345],[79.860724,9.049246],[79.861175,9.050001],[79.861419,9.049993],[79.861749,9.049426],[79.861676,9.048684],[79.862055,9.046722],[79.863077,9.045458],[79.863586,9.045222],[79.867381,9.044518],[79.86828,9.043967],[79.869597,9.043618],[79.870792,9.042834],[79.870799,9.042687],[79.870473,9.042499],[79.869919,9.042758],[79.869967,9.04196],[79.869517,9.041342],[79.869876,9.040584],[79.870412,9.040629],[79.87056,9.040205],[79.870597,9.039739],[79.870337,9.039183],[79.86996,9.038801],[79.869983,9.038161],[79.870356,9.037853],[79.870509,9.037318],[79.871217,9.036516],[79.872931,9.035538],[79.873442,9.035618],[79.876302,9.034257],[79.877165,9.033726],[79.87741,9.033319],[79.879637,9.032293],[79.883223,9.030853],[79.885209,9.030263],[79.89497,9.026554],[79.900174,9.0241],[79.904254,9.022431],[79.90578,9.021476],[79.907477,9.02013],[79.908584,9.0189],[79.908672,9.018393],[79.909064,9.01776],[79.911507,9.015448],[79.913387,9.01437],[79.917355,9.010988],[79.91812,9.010561],[79.919383,9.010205],[79.920729,9.010202],[79.921299,9.010012],[79.924476,9.009765],[79.925664,9.009527],[79.926498,9.009545],[79.926837,9.009711],[79.926993,9.010382],[79.926721,9.011319],[79.925516,9.012345],[79.922635,9.013576],[79.919691,9.015321],[79.917845,9.016725],[79.915166,9.019232],[79.911785,9.022017],[79.910278,9.022991],[79.90961,9.023255],[79.909343,9.023627],[79.909334,9.023905],[79.909553,9.025136],[79.909055,9.026124],[79.907224,9.028301],[79.905571,9.029667],[79.905309,9.030363],[79.904706,9.030794],[79.903299,9.032873],[79.902241,9.033712],[79.902298,9.034897],[79.901742,9.035896],[79.901734,9.036641],[79.900614,9.037517],[79.898522,9.039597],[79.891548,9.044963],[79.891516,9.045511],[79.891854,9.046432],[79.891709,9.047334],[79.89186,9.047869],[79.891512,9.048057],[79.891348,9.048379],[79.89057,9.04874],[79.888761,9.050275],[79.887167,9.051291],[79.886835,9.051659],[79.886823,9.051907],[79.885955,9.052477],[79.885626,9.05305],[79.885191,9.053275],[79.88266,9.055401],[79.882283,9.055538],[79.878585,9.05835],[79.876982,9.059735],[79.876695,9.060276],[79.876308,9.060497],[79.876121,9.060823],[79.875785,9.060848],[79.875699,9.061094],[79.874972,9.06151],[79.874666,9.061987],[79.872881,9.063425],[79.872635,9.063848],[79.871883,9.064365],[79.867361,9.068522],[79.862938,9.072114],[79.86083,9.073572],[79.856847,9.075901],[79.852239,9.078208],[79.850155,9.079088],[79.840599,9.082475],[79.827109,9.086164],[79.819108,9.088662],[79.811171,9.091407],[79.805278,9.093667],[79.805028,9.093881],[79.804694,9.093892],[79.801297,9.095282],[79.799279,9.09584],[79.798914,9.096095],[79.797847,9.096291],[79.796272,9.09694],[79.795551,9.097034],[79.794366,9.097518],[79.7937,9.097621],[79.793083,9.09794],[79.792791,9.097865],[79.790262,9.098721],[79.790032,9.09866],[79.789529,9.098962],[79.789436,9.098831],[79.789182,9.098852],[79.787391,9.099479],[79.786827,9.099469],[79.78406,9.100337],[79.783549,9.100321],[79.783147,9.100563],[79.782915,9.100423],[79.781873,9.100745],[79.781352,9.10069],[79.780215,9.101104],[79.779401,9.101019],[79.776758,9.101684],[79.77635,9.101576],[79.77298,9.102346],[79.772513,9.102257],[79.769992,9.102874],[79.769062,9.102928],[79.767908,9.103372],[79.767677,9.103193],[79.766761,9.103507],[79.766502,9.103408],[79.762482,9.104201],[79.761816,9.104463],[79.761527,9.104321],[79.760988,9.104519],[79.760278,9.104546],[79.759229,9.104969],[79.759164,9.104806],[79.758815,9.104825],[79.758122,9.10515],[79.757899,9.104994],[79.756166,9.105397],[79.755378,9.105435],[79.754552,9.105735],[79.754455,9.105585],[79.754234,9.105585],[79.753268,9.105918],[79.753004,9.105804],[79.749021,9.106471],[79.748747,9.106366],[79.746341,9.106828],[79.745832,9.106664],[79.744422,9.106941],[79.74258,9.106943],[79.738642,9.107374],[79.738169,9.107209],[79.732614,9.107518],[79.73191,9.107666],[79.731404,9.107538],[79.730135,9.10779],[79.729956,9.107629],[79.728839,9.107572],[79.728289,9.107236],[79.727538,9.107025],[79.726372,9.106865],[79.725498,9.106906],[79.725183,9.106747],[79.724223,9.106755],[79.721551,9.106407],[79.720454,9.10602],[79.717022,9.105504],[79.715782,9.105064],[79.714848,9.105133],[79.714702,9.104982],[79.714324,9.105038],[79.713986,9.104862],[79.713157,9.10487],[79.712811,9.104614],[79.712075,9.10451],[79.71209,9.104327],[79.710605,9.104116],[79.710154,9.103923],[79.709123,9.103878],[79.708935,9.103528],[79.708646,9.103388],[79.705966,9.103051],[79.704711,9.102462],[79.704626,9.102119],[79.704486,9.102062],[79.702525,9.101738],[79.699938,9.100894],[79.698426,9.100757],[79.697685,9.100505],[79.697139,9.099705],[79.697539,9.099822],[79.69759,9.099705],[79.697012,9.099169],[79.696183,9.098739],[79.696391,9.09846],[79.696365,9.098687],[79.696627,9.098797],[79.69622,9.097817],[79.696254,9.097496],[79.69644,9.097433],[79.696401,9.097732],[79.69664,9.097778],[79.696489,9.09803],[79.696704,9.098148],[79.696912,9.098116],[79.697,9.097743],[79.696796,9.09676],[79.696244,9.095628],[79.696452,9.095045],[79.696577,9.095002],[79.696436,9.095375],[79.696683,9.095133],[79.696552,9.094567],[79.696222,9.094173],[79.696592,9.093762],[79.696667,9.093426],[79.695704,9.092612],[79.692845,9.090921],[79.691148,9.089645],[79.690735,9.088562],[79.690167,9.088162],[79.689786,9.087241],[79.689913,9.087131],[79.689965,9.087452],[79.690225,9.08761],[79.690586,9.087432],[79.690816,9.087109],[79.690511,9.087613],[79.690495,9.088137],[79.690669,9.088327],[79.690691,9.088074],[79.690987,9.087687],[79.691172,9.087703],[79.690965,9.08791],[79.690966,9.088417],[79.691593,9.089513],[79.691813,9.089464],[79.691953,9.08884],[79.692708,9.088677],[79.692813,9.088757],[79.692493,9.088885],[79.692342,9.089393],[79.692531,9.089671],[79.693204,9.08993],[79.693349,9.090714],[79.693636,9.090955],[79.69465,9.091317],[79.695115,9.091686],[79.69527,9.091443],[79.69554,9.091428],[79.696047,9.090357],[79.697313,9.088987],[79.697601,9.087262],[79.697442,9.086921],[79.697834,9.086476],[79.698193,9.085297],[79.698155,9.084879],[79.697962,9.085332],[79.697909,9.085234],[79.698451,9.08214],[79.698287,9.080832],[79.697938,9.080305],[79.696916,9.079576],[79.696045,9.079587],[79.695141,9.079982],[79.694014,9.08],[79.692815,9.07959],[79.691759,9.078904],[79.690197,9.078618],[79.689251,9.078761],[79.689176,9.07852],[79.688891,9.078358],[79.688079,9.078766],[79.687892,9.079535],[79.687287,9.077926],[79.687317,9.077365],[79.687566,9.076949],[79.687813,9.076827],[79.687995,9.077063],[79.687692,9.077651],[79.692595,9.078874],[79.6931,9.079386],[79.69407,9.079828],[79.69597,9.079518],[79.69768,9.078559],[79.697447,9.07823],[79.697123,9.078197],[79.697009,9.078558],[79.696824,9.078682],[79.695224,9.078883],[79.694921,9.078345],[79.6941,9.077993],[79.693156,9.07678],[79.691227,9.076115],[79.688847,9.074826],[79.687627,9.074657],[79.685254,9.075217],[79.683908,9.075047],[79.681783,9.075201]]],[[[79.867789,6.970063],[79.867242,6.96874],[79.866923,6.968404],[79.866447,6.968441],[79.866763,6.968313],[79.866717,6.967957],[79.865789,6.967109],[79.865053,6.965842],[79.864089,6.965132],[79.862365,6.964777],[79.862224,6.96464],[79.862534,6.964359],[79.86226,6.963751],[79.861921,6.963688],[79.861206,6.964343],[79.861755,6.963742],[79.861472,6.963324],[79.861179,6.963487],[79.860873,6.963174],[79.860032,6.963059],[79.859125,6.963234],[79.859362,6.964628],[79.85924,6.9647],[79.859256,6.964939],[79.858903,6.963871],[79.858892,6.962988],[79.858667,6.962714],[79.858112,6.96246],[79.857654,6.963551],[79.857977,6.964046],[79.857901,6.964101],[79.857505,6.963647],[79.857342,6.963777],[79.857321,6.963655],[79.857843,6.962366],[79.85771,6.962183],[79.856646,6.961943],[79.856428,6.961445],[79.855876,6.961554],[79.855249,6.961303],[79.853316,6.961112],[79.853164,6.960479],[79.856619,6.960779],[79.856631,6.959702],[79.855897,6.959644],[79.856638,6.959639],[79.85665,6.959355],[79.855031,6.95901],[79.854997,6.959223],[79.853214,6.958847],[79.853221,6.957734],[79.856609,6.95834],[79.856558,6.957304],[79.854114,6.95679],[79.854168,6.956594],[79.857516,6.956733],[79.857461,6.956344],[79.85712,6.95633],[79.85713,6.956036],[79.856285,6.955836],[79.856242,6.955575],[79.855495,6.955603],[79.85616,6.955517],[79.85606,6.955255],[79.855757,6.955174],[79.856271,6.955148],[79.856216,6.954344],[79.853881,6.954632],[79.853871,6.954449],[79.857141,6.954101],[79.857096,6.953651],[79.854623,6.953933],[79.854604,6.953783],[79.856076,6.95363],[79.856031,6.953224],[79.853758,6.953431],[79.852573,6.947844],[79.84935,6.941395],[79.850602,6.940325],[79.850409,6.940192],[79.850182,6.940502],[79.849516,6.940042],[79.849798,6.939517],[79.849582,6.939367],[79.84872,6.940462],[79.849463,6.939374],[79.848979,6.939034],[79.848523,6.939536],[79.848904,6.938982],[79.848598,6.938772],[79.848258,6.939155],[79.848531,6.938734],[79.848181,6.938521],[79.847951,6.938778],[79.848159,6.938461],[79.847779,6.938222],[79.847789,6.937992],[79.847549,6.937964],[79.846378,6.938237],[79.847397,6.941965],[79.84628,6.942309],[79.845294,6.938679],[79.844975,6.938771],[79.845104,6.939233],[79.845007,6.939255],[79.844891,6.938793],[79.844404,6.938934],[79.844525,6.939435],[79.84443,6.939466],[79.844303,6.938963],[79.84363,6.939152],[79.843822,6.939421],[79.843697,6.939515],[79.843388,6.939097],[79.84319,6.93947],[79.843486,6.939637],[79.843431,6.939727],[79.84315,6.93955],[79.842912,6.939958],[79.843347,6.940342],[79.843501,6.94012],[79.843759,6.940278],[79.843866,6.940885],[79.844402,6.940969],[79.844315,6.940712],[79.844508,6.940651],[79.844936,6.942212],[79.846365,6.950667],[79.846059,6.950726],[79.84625,6.951811],[79.844891,6.952134],[79.845306,6.952872],[79.845735,6.953295],[79.844592,6.953618],[79.844688,6.955825],[79.844876,6.955806],[79.844607,6.955983],[79.844544,6.95539],[79.840021,6.960696],[79.839542,6.960726],[79.839236,6.960488],[79.83888,6.960042],[79.838966,6.959761],[79.839851,6.958836],[79.839261,6.959694],[79.839922,6.960293],[79.842318,6.95764],[79.842099,6.957334],[79.840811,6.957557],[79.838963,6.946554],[79.839286,6.946497],[79.839088,6.94542],[79.83843,6.945433],[79.8384,6.945828],[79.827569,6.945808],[79.827546,6.945408],[79.826767,6.945426],[79.826767,6.946497],[79.827121,6.946492],[79.827111,6.95924],[79.826092,6.95924],[79.826156,6.959538],[79.827368,6.960763],[79.828774,6.961743],[79.829149,6.962265],[79.829353,6.963148],[79.829503,6.963489],[79.82975,6.963649],[79.829772,6.963851],[79.82951,6.964146],[79.830792,6.965391],[79.831209,6.965517],[79.831237,6.96577],[79.831081,6.965936],[79.830844,6.965938],[79.823048,6.958065],[79.822609,6.957203],[79.822512,6.956695],[79.822477,6.945316],[79.823054,6.943488],[79.823589,6.942815],[79.822272,6.939703],[79.82224,6.938707],[79.822513,6.938691],[79.822428,6.939623],[79.823768,6.942644],[79.824178,6.94215],[79.824213,6.941059],[79.82395,6.939835],[79.823718,6.939827],[79.823724,6.93966],[79.824336,6.939499],[79.824341,6.938706],[79.824071,6.938705],[79.824078,6.936717],[79.826008,6.935969],[79.827164,6.935915],[79.827136,6.935282],[79.824573,6.935404],[79.823983,6.93524],[79.823782,6.93463],[79.824117,6.934015],[79.824278,6.933325],[79.823777,6.933127],[79.823424,6.932762],[79.823448,6.931291],[79.823773,6.930369],[79.824548,6.928909],[79.82561,6.927721],[79.827906,6.926179],[79.828848,6.92578],[79.830271,6.925421],[79.832283,6.925253],[79.83355,6.92542],[79.833663,6.925031],[79.833714,6.925514],[79.834484,6.926632],[79.835046,6.926737],[79.835115,6.926996],[79.835436,6.927003],[79.835986,6.926722],[79.836557,6.927306],[79.840159,6.928445],[79.840728,6.928301],[79.840378,6.926736],[79.840525,6.926363],[79.838785,6.925661],[79.838308,6.92687],[79.838044,6.927015],[79.837829,6.926886],[79.837835,6.926448],[79.837686,6.92632],[79.837738,6.926022],[79.83833,6.92524],[79.838731,6.925023],[79.839568,6.924939],[79.840541,6.925306],[79.841019,6.925843],[79.84116,6.926243],[79.840961,6.926356],[79.841381,6.92816],[79.842608,6.92796],[79.843187,6.92744],[79.846275,6.917884],[79.848322,6.909652],[79.85036,6.902853],[79.850919,6.900359],[79.851822,6.897368],[79.852291,6.895053],[79.853655,6.890688],[79.855026,6.884082],[79.855773,6.881147],[79.856116,6.879123],[79.85582,6.878324],[79.855871,6.878144],[79.85605,6.878139],[79.856244,6.877896],[79.857197,6.87445],[79.859201,6.864939],[79.859357,6.863125],[79.859196,6.862597],[79.858929,6.86279],[79.859165,6.862513],[79.859764,6.858466],[79.861594,6.849418],[79.861984,6.842672],[79.86242,6.840274],[79.862371,6.839149],[79.862608,6.838496],[79.862745,6.837294],[79.862511,6.835969],[79.862511,6.834729],[79.861924,6.833879],[79.861352,6.83414],[79.861045,6.833623],[79.861491,6.832998],[79.861432,6.832692],[79.86169,6.831574],[79.862559,6.829283],[79.862913,6.826865],[79.86301,6.824681],[79.863353,6.824096],[79.864855,6.820111],[79.865859,6.8162],[79.866518,6.814636],[79.867521,6.811311],[79.868181,6.809608],[79.868374,6.808574],[79.869372,6.805858],[79.869865,6.804909],[79.871378,6.799008],[79.871829,6.798155],[79.872301,6.796749],[79.872419,6.794874],[79.874801,6.788344],[79.874725,6.787651],[79.875294,6.786277],[79.8767,6.781067],[79.877515,6.778926],[79.878534,6.776795],[79.879617,6.772928],[79.88025,6.77166],[79.8804,6.770957],[79.880293,6.770573],[79.879918,6.770477],[79.880358,6.770243],[79.881151,6.768805],[79.880915,6.76857],[79.88172,6.768048],[79.881956,6.76758],[79.882289,6.766631],[79.881978,6.766056],[79.88202,6.765928],[79.882417,6.765896],[79.883018,6.763733],[79.882911,6.763318],[79.88334,6.762604],[79.887009,6.754208],[79.889273,6.748285],[79.889037,6.747933],[79.88938,6.747763],[79.890432,6.745227],[79.894477,6.734529],[79.894402,6.734061],[79.894573,6.733485],[79.894949,6.733272],[79.900011,6.719987],[79.900233,6.719683],[79.899844,6.717091],[79.899507,6.716914],[79.899781,6.716899],[79.899556,6.716221],[79.898832,6.71637],[79.896945,6.716348],[79.896669,6.716966],[79.89648,6.716842],[79.896556,6.716428],[79.89703,6.716102],[79.89908,6.716088],[79.899874,6.715563],[79.899796,6.715446],[79.899941,6.7154],[79.9001,6.714656],[79.90105,6.71248],[79.901006,6.711659],[79.901423,6.711337],[79.903944,6.706641],[79.905125,6.704063],[79.90638,6.701942],[79.907742,6.699055],[79.917066,6.682176],[79.933089,6.646274],[79.939206,6.630286],[79.941083,6.62445],[79.947501,6.609142],[79.948768,6.605181],[79.948914,6.604169],[79.949471,6.603699],[79.950586,6.601557],[79.951184,6.598173],[79.954319,6.588498],[79.954594,6.588422],[79.955092,6.587757],[79.955606,6.587721],[79.955734,6.587911],[79.955639,6.587978],[79.956603,6.587867],[79.95699,6.587435],[79.957152,6.586997],[79.958402,6.581804],[79.961316,6.572696],[79.96125,6.57122],[79.960463,6.569616],[79.959846,6.570294],[79.959692,6.570833],[79.959425,6.570873],[79.959302,6.570839],[79.959235,6.570347],[79.958584,6.569626],[79.958484,6.569078],[79.958581,6.569006],[79.958602,6.569227],[79.958791,6.569242],[79.959177,6.568898],[79.95988,6.566812],[79.959966,6.566098],[79.959613,6.565924],[79.960138,6.564588],[79.960266,6.564619],[79.960122,6.564991],[79.960208,6.565042],[79.960863,6.565009],[79.961544,6.564208],[79.961666,6.563768],[79.961435,6.563757],[79.961579,6.563293],[79.961676,6.563308],[79.961623,6.563499],[79.961955,6.563472],[79.96235,6.562433],[79.9623,6.561881],[79.96181,6.561234],[79.961454,6.561225],[79.961337,6.561571],[79.961223,6.56151],[79.961793,6.560016],[79.961908,6.560063],[79.961783,6.560375],[79.962316,6.56051],[79.96269,6.560303],[79.96318,6.559594],[79.96477,6.555037],[79.964574,6.554011],[79.964314,6.553658],[79.964007,6.553526],[79.963833,6.553583],[79.96369,6.553964],[79.963592,6.553892],[79.964379,6.551845],[79.964488,6.551888],[79.964326,6.552308],[79.964601,6.552496],[79.965177,6.552438],[79.965614,6.552176],[79.966381,6.551166],[79.967029,6.549745],[79.967074,6.549221],[79.966908,6.548578],[79.9664,6.548223],[79.96604,6.548588],[79.96657,6.547076],[79.96669,6.54709],[79.966528,6.547538],[79.96709,6.547675],[79.967391,6.547602],[79.967902,6.547179],[79.968621,6.545958],[79.96903,6.544949],[79.969047,6.544113],[79.968717,6.543497],[79.968365,6.543439],[79.968225,6.543746],[79.968101,6.543672],[79.968651,6.542518],[79.968772,6.542605],[79.968635,6.542887],[79.969223,6.543071],[79.969692,6.542816],[79.969907,6.54245],[79.970627,6.540477],[79.970081,6.540096],[79.970897,6.539739],[79.971708,6.537913],[79.971827,6.53719],[79.971447,6.536648],[79.971993,6.536736],[79.973426,6.533389],[79.97359,6.532806],[79.973472,6.532486],[79.974227,6.531923],[79.974605,6.530797],[79.974425,6.530399],[79.974704,6.530342],[79.980099,6.514411],[79.980946,6.512928],[79.981556,6.511297],[79.981612,6.51075],[79.980458,6.510684],[79.981005,6.510567],[79.981383,6.510063],[79.981531,6.509131],[79.980215,6.507212],[79.979755,6.507693],[79.979138,6.507804],[79.979117,6.506824],[79.978885,6.506288],[79.97806,6.505565],[79.977557,6.50542],[79.97655,6.506181],[79.976033,6.505543],[79.97663,6.504414],[79.976703,6.503812],[79.976661,6.503261],[79.976377,6.503072],[79.976306,6.502843],[79.977966,6.501974],[79.979412,6.499231],[79.980866,6.494231],[79.981901,6.491337],[79.981853,6.490788],[79.982765,6.487873],[79.982915,6.485975],[79.983081,6.483468],[79.982732,6.478609],[79.982918,6.478401],[79.982888,6.478182],[79.982663,6.478097],[79.982786,6.477932],[79.982389,6.477478],[79.981654,6.477621],[79.981333,6.477505],[79.981612,6.476589],[79.981519,6.475809],[79.981006,6.474975],[79.979918,6.474235],[79.980497,6.47348],[79.979771,6.472853],[79.977567,6.472293],[79.976779,6.472699],[79.976431,6.473875],[79.976245,6.473991],[79.976063,6.473196],[79.975813,6.472974],[79.975666,6.473163],[79.975524,6.472757],[79.975717,6.472628],[79.97563,6.472317],[79.974959,6.471572],[79.973739,6.470726],[79.973415,6.470612],[79.973061,6.470853],[79.972996,6.470773],[79.973271,6.470171],[79.97398,6.469871],[79.974423,6.469169],[79.974948,6.467751],[79.975011,6.466784],[79.974515,6.463053],[79.974277,6.462654],[79.974407,6.461728],[79.974198,6.461524],[79.974235,6.461275],[79.974477,6.461328],[79.974599,6.461201],[79.974497,6.460903],[79.974005,6.460636],[79.973554,6.461765],[79.973355,6.461792],[79.973291,6.461643],[79.973806,6.460513],[79.974387,6.460109],[79.974981,6.459372],[79.975725,6.458748],[79.975888,6.458038],[79.976533,6.457599],[79.976844,6.456937],[79.977184,6.456697],[79.977429,6.456211],[79.977592,6.455382],[79.977545,6.454679],[79.977315,6.454018],[79.977558,6.453227],[79.977401,6.452169],[79.978162,6.451877],[79.978951,6.450923],[79.979879,6.449192],[79.979994,6.448099],[79.980855,6.448131],[79.981971,6.447853],[79.984696,6.445913],[79.988224,6.442817],[79.98743,6.441909],[79.987037,6.441665],[79.986263,6.440282],[79.986539,6.44001],[79.987046,6.439896],[79.987456,6.440124],[79.989656,6.43778],[79.99068,6.43643],[79.990906,6.435859],[79.991513,6.435149],[79.994126,6.428997],[79.994769,6.42656],[79.995573,6.421386],[79.996097,6.419302],[79.995593,6.417645],[79.995193,6.417451],[79.994392,6.41756],[79.994108,6.417071],[79.99417,6.416813],[79.994631,6.416857],[79.995168,6.415938],[79.9954,6.415981],[79.99573,6.415647],[79.996378,6.414547],[79.998089,6.410873],[80.004065,6.399675],[80.004826,6.397196],[80.004876,6.395789],[80.004328,6.395885],[80.003724,6.395493],[80.003824,6.394891],[80.00403,6.39438],[80.004376,6.394331],[80.004461,6.394447],[80.004611,6.394196],[80.005291,6.391565],[80.00782,6.386056],[80.007826,6.385568],[80.008179,6.384839],[80.008429,6.383744],[80.009151,6.379519],[80.009356,6.376941],[80.008816,6.376228],[80.008556,6.37606],[80.008405,6.376244],[80.008093,6.376075],[80.008303,6.375831],[80.00848,6.375873],[80.008496,6.375725],[80.008335,6.375672],[80.008482,6.375107],[80.008616,6.375362],[80.008961,6.374992],[80.009726,6.373558],[80.010695,6.372183],[80.011453,6.369698],[80.01158,6.368839],[80.011434,6.367682],[80.011054,6.367361],[80.01062,6.367394],[80.010287,6.367102],[80.01112,6.366278],[80.015915,6.358351],[80.016211,6.35771],[80.01631,6.356964],[80.015663,6.356243],[80.016978,6.354812],[80.021311,6.34521],[80.022681,6.343006],[80.028519,6.330418],[80.030587,6.321776],[80.030641,6.320801],[80.029496,6.320073],[80.029202,6.319714],[80.029172,6.319275],[80.028999,6.319498],[80.028882,6.319409],[80.029276,6.318637],[80.029526,6.318776],[80.029764,6.317983],[80.028895,6.317448],[80.028815,6.316809],[80.029129,6.316966],[80.029464,6.316313],[80.02892,6.31595],[80.028832,6.315279],[80.02847,6.315113],[80.028395,6.314476],[80.028619,6.314342],[80.028839,6.314423],[80.028905,6.31429],[80.028801,6.314013],[80.028317,6.313723],[80.028142,6.313317],[80.028216,6.31319],[80.028472,6.313257],[80.028454,6.3131],[80.028985,6.313475],[80.029864,6.31194],[80.033683,6.306433],[80.036366,6.300115],[80.03797,6.29377],[80.038066,6.291923],[80.037739,6.290894],[80.037273,6.290516],[80.037101,6.290484],[80.036988,6.290811],[80.036575,6.290862],[80.036177,6.290536],[80.035787,6.290505],[80.036124,6.289316],[80.036165,6.287314],[80.035867,6.285546],[80.035309,6.284802],[80.034966,6.284663],[80.034719,6.284974],[80.033344,6.284341],[80.033888,6.283889],[80.034473,6.282386],[80.035384,6.276646],[80.035425,6.275721],[80.034904,6.27408],[80.03363,6.272926],[80.032813,6.273525],[80.033143,6.272963],[80.033566,6.271001],[80.033611,6.269896],[80.033137,6.269908],[80.033025,6.269407],[80.033401,6.268152],[80.034099,6.267101],[80.034741,6.265455],[80.035962,6.263556],[80.036223,6.262503],[80.036427,6.262556],[80.036589,6.26237],[80.03667,6.261347],[80.036225,6.261079],[80.035984,6.260308],[80.036427,6.259647],[80.036619,6.258815],[80.036945,6.258951],[80.037083,6.258793],[80.036747,6.258346],[80.037092,6.257526],[80.037314,6.257187],[80.037694,6.257137],[80.03823,6.256181],[80.03825,6.25596],[80.037852,6.255693],[80.039885,6.253163],[80.040657,6.252576],[80.041333,6.251358],[80.041538,6.250546],[80.041453,6.250202],[80.041623,6.250185],[80.042216,6.249567],[80.042591,6.249419],[80.043242,6.248565],[80.04356,6.248478],[80.044351,6.247033],[80.045,6.246356],[80.045271,6.245574],[80.045848,6.245229],[80.047084,6.243673],[80.047419,6.242561],[80.047877,6.241759],[80.047865,6.241514],[80.047388,6.240946],[80.047626,6.240245],[80.04825,6.239422],[80.048688,6.239103],[80.049023,6.238629],[80.049041,6.238313],[80.049782,6.237793],[80.050154,6.237082],[80.050828,6.236982],[80.052036,6.235889],[80.051688,6.233604],[80.052297,6.232824],[80.052393,6.231632],[80.051653,6.231012],[80.052245,6.230296],[80.052658,6.230142],[80.053201,6.229214],[80.053142,6.228738],[80.052947,6.228658],[80.053071,6.227902],[80.052921,6.226835],[80.053124,6.226923],[80.053363,6.226775],[80.053398,6.226177],[80.054243,6.223818],[80.054586,6.223468],[80.054821,6.222702],[80.055844,6.221273],[80.055898,6.220927],[80.056592,6.219767],[80.057217,6.217122],[80.059446,6.212535],[80.060125,6.210825],[80.063105,6.204889],[80.063689,6.202785],[80.063896,6.200034],[80.063699,6.198764],[80.062875,6.197293],[80.062142,6.196818],[80.061656,6.196124],[80.061601,6.195046],[80.061793,6.193654],[80.062512,6.192077],[80.062956,6.190668],[80.066266,6.187914],[80.080976,6.17462],[80.084891,6.17146],[80.086087,6.170121],[80.089031,6.165993],[80.089216,6.165372],[80.088556,6.165],[80.089216,6.165235],[80.08941,6.164317],[80.088973,6.163739],[80.088528,6.164203],[80.088378,6.164154],[80.088409,6.163996],[80.089445,6.16269],[80.090327,6.162574],[80.090641,6.161682],[80.091162,6.160816],[80.09157,6.159494],[80.091546,6.159059],[80.091314,6.158665],[80.091418,6.15878],[80.091601,6.158701],[80.091717,6.158338],[80.091497,6.157907],[80.091658,6.157684],[80.091612,6.157222],[80.091403,6.157043],[80.091266,6.157279],[80.091212,6.157144],[80.091218,6.15673],[80.091317,6.156912],[80.091496,6.156855],[80.091567,6.156367],[80.091209,6.156091],[80.09139,6.156111],[80.094952,6.15412],[80.095096,6.153783],[80.094967,6.153661],[80.09517,6.153666],[80.095528,6.153266],[80.095541,6.152819],[80.095304,6.152528],[80.095628,6.152738],[80.096607,6.151877],[80.096616,6.151391],[80.096899,6.151267],[80.0974,6.150408],[80.097755,6.150099],[80.097924,6.149521],[80.09873,6.148357],[80.098803,6.147917],[80.098267,6.147162],[80.098369,6.147074],[80.098839,6.147683],[80.099186,6.146248],[80.099112,6.14517],[80.097569,6.144971],[80.097467,6.144859],[80.097481,6.143532],[80.097577,6.143538],[80.09759,6.144859],[80.099105,6.145068],[80.098996,6.14447],[80.099256,6.143581],[80.099138,6.143514],[80.099182,6.142846],[80.098835,6.142717],[80.098987,6.142681],[80.098963,6.141136],[80.098776,6.140976],[80.098416,6.14096],[80.097708,6.14176],[80.097579,6.142507],[80.098107,6.142743],[80.098083,6.142874],[80.097623,6.142661],[80.097613,6.142904],[80.097472,6.142923],[80.097403,6.142342],[80.096507,6.142971],[80.096383,6.142875],[80.097461,6.142091],[80.097599,6.14167],[80.098672,6.140427],[80.098645,6.140801],[80.098911,6.14084],[80.099358,6.140304],[80.099413,6.139592],[80.099185,6.138543],[80.098902,6.138076],[80.098899,6.137524],[80.099238,6.136629],[80.099309,6.135869],[80.099608,6.135284],[80.099724,6.134204],[80.100402,6.133032],[80.100291,6.132077],[80.099803,6.131698],[80.09972,6.131226],[80.101056,6.130562],[80.101748,6.129534],[80.103074,6.128761],[80.104245,6.127454],[80.105152,6.126834],[80.105977,6.125766],[80.106735,6.125409],[80.107375,6.124833],[80.107835,6.124179],[80.108791,6.123951],[80.11006,6.123255],[80.113212,6.121015],[80.116797,6.117201],[80.120875,6.113567],[80.124053,6.1101],[80.124512,6.109174],[80.124557,6.108332],[80.124099,6.107351],[80.12379,6.107384],[80.123679,6.107081],[80.124685,6.107028],[80.124942,6.106653],[80.125038,6.105973],[80.124942,6.105531],[80.124307,6.104631],[80.12374,6.104525],[80.123462,6.105176],[80.123209,6.105228],[80.123532,6.104422],[80.123316,6.10428],[80.123282,6.103737],[80.123532,6.103554],[80.123972,6.103853],[80.124222,6.103653],[80.124417,6.103141],[80.124238,6.102026],[80.123752,6.101784],[80.123373,6.101014],[80.123782,6.101064],[80.123865,6.10128],[80.124198,6.101364],[80.124269,6.101776],[80.125038,6.101578],[80.125871,6.100974],[80.125898,6.100579],[80.126143,6.100623],[80.12589,6.100016],[80.129279,6.097878],[80.129261,6.097194],[80.129422,6.097235],[80.129452,6.097442],[80.129715,6.097326],[80.131081,6.096285],[80.131404,6.095871],[80.133946,6.094578],[80.136138,6.093139],[80.142205,6.088516],[80.147281,6.083621],[80.147725,6.082879],[80.147566,6.08227],[80.147692,6.081953],[80.147562,6.081783],[80.147775,6.081597],[80.147615,6.081266],[80.148018,6.081207],[80.14906,6.080319],[80.149806,6.0799],[80.150608,6.079001],[80.15067,6.078636],[80.152048,6.077761],[80.153233,6.077237],[80.154854,6.075918],[80.157268,6.074515],[80.158739,6.073235],[80.162474,6.07148],[80.163009,6.070906],[80.163589,6.070688],[80.16475,6.069879],[80.166115,6.069178],[80.169462,6.066492],[80.170127,6.066151],[80.172814,6.063605],[80.174459,6.061406],[80.177056,6.05838],[80.177328,6.057689],[80.176854,6.056979],[80.177171,6.056665],[80.177504,6.056721],[80.177747,6.056567],[80.17827,6.055575],[80.178514,6.054739],[80.179367,6.054005],[80.179452,6.053557],[80.179735,6.053611],[80.179953,6.053384],[80.18012,6.051964],[80.180586,6.052052],[80.181132,6.051432],[80.181518,6.051514],[80.181948,6.051313],[80.182204,6.050678],[80.182919,6.049829],[80.18325,6.049721],[80.183781,6.049858],[80.187486,6.047563],[80.187908,6.047168],[80.188508,6.046152],[80.189068,6.045801],[80.189288,6.045238],[80.189842,6.044774],[80.19022,6.044211],[80.190671,6.04409],[80.191131,6.043599],[80.192546,6.043538],[80.193128,6.042791],[80.193798,6.042639],[80.194053,6.04158],[80.194814,6.040946],[80.195102,6.040993],[80.195324,6.041372],[80.195829,6.041236],[80.196494,6.040753],[80.198605,6.039865],[80.198945,6.038976],[80.199592,6.039179],[80.20012,6.0401],[80.202285,6.039599],[80.204734,6.038299],[80.205252,6.037896],[80.208586,6.036314],[80.209155,6.035912],[80.209268,6.035602],[80.208865,6.034991],[80.208897,6.034618],[80.209648,6.034159],[80.209873,6.034575],[80.210549,6.034234],[80.211494,6.03346],[80.211888,6.032175],[80.211667,6.031871],[80.211842,6.031351],[80.212285,6.031148],[80.212249,6.030937],[80.212405,6.030892],[80.212906,6.031284],[80.213273,6.031758],[80.213944,6.031422],[80.213912,6.031057],[80.213645,6.030554],[80.213487,6.030506],[80.213462,6.029889],[80.213735,6.028524],[80.213581,6.028483],[80.213833,6.027916],[80.213736,6.027507],[80.213856,6.027367],[80.213878,6.026716],[80.214352,6.026746],[80.214566,6.026584],[80.214591,6.026142],[80.214954,6.02625],[80.215947,6.025094],[80.21584,6.024954],[80.216406,6.02481],[80.21753,6.023812],[80.217446,6.023642],[80.217586,6.02363],[80.217605,6.023812],[80.218717,6.024199],[80.219262,6.02419],[80.219892,6.024514],[80.219782,6.025595],[80.219865,6.026613],[80.219983,6.026692],[80.21982,6.027138],[80.219934,6.027547],[80.219385,6.029341],[80.219191,6.029471],[80.219086,6.029146],[80.218942,6.029205],[80.219132,6.029048],[80.219084,6.028731],[80.218959,6.028784],[80.218886,6.029152],[80.218866,6.02876],[80.218547,6.028944],[80.218599,6.029243],[80.218493,6.029262],[80.218445,6.029005],[80.218101,6.029285],[80.218141,6.029412],[80.218064,6.029329],[80.21789,6.029496],[80.217738,6.03],[80.217621,6.029969],[80.217524,6.030174],[80.217557,6.030416],[80.217686,6.030379],[80.217737,6.030902],[80.217579,6.030933],[80.217589,6.031172],[80.218206,6.031598],[80.218048,6.031791],[80.218254,6.032009],[80.218866,6.031894],[80.218921,6.032001],[80.218476,6.032389],[80.21854,6.033219],[80.219335,6.034029],[80.220773,6.035173],[80.222914,6.036261],[80.22458,6.036709],[80.226472,6.036645],[80.227212,6.036382],[80.227244,6.035631],[80.227586,6.035762],[80.227554,6.035975],[80.227704,6.035998],[80.227852,6.035981],[80.22793,6.035766],[80.229567,6.035738],[80.230744,6.035063],[80.230643,6.034891],[80.231049,6.035038],[80.231279,6.034907],[80.231419,6.034529],[80.231772,6.034566],[80.231842,6.033387],[80.232456,6.033468],[80.232671,6.032929],[80.233194,6.03296],[80.233313,6.032382],[80.22868,6.031521],[80.228334,6.03094],[80.229271,6.030389],[80.230562,6.030242],[80.23112,6.030362],[80.231663,6.030778],[80.234515,6.030346],[80.235111,6.03069],[80.235533,6.031272],[80.235424,6.032373],[80.23562,6.032578],[80.236555,6.03281],[80.237964,6.032514],[80.238836,6.032056],[80.239517,6.031498],[80.242606,6.028389],[80.242571,6.028087],[80.242129,6.027805],[80.242012,6.027174],[80.242105,6.026994],[80.241533,6.027117],[80.24112,6.026988],[80.240467,6.025817],[80.240467,6.02523],[80.240099,6.024066],[80.240316,6.022674],[80.2403,6.020113],[80.23938,6.018626],[80.238906,6.018611],[80.238491,6.018368],[80.238043,6.017754],[80.237292,6.017442],[80.235532,6.01862],[80.235164,6.018354],[80.234756,6.0175],[80.234983,6.017274],[80.236144,6.017128],[80.236438,6.016767],[80.236542,6.015801],[80.236225,6.015142],[80.236348,6.014969],[80.236652,6.014999],[80.23646,6.014387],[80.236744,6.014064],[80.236498,6.013947],[80.236281,6.013424],[80.236418,6.013082],[80.236773,6.01283],[80.236716,6.012618],[80.237189,6.01238],[80.237076,6.012034],[80.237177,6.011723],[80.237346,6.011651],[80.237552,6.011764],[80.237558,6.011444],[80.237805,6.011198],[80.238706,6.010835],[80.238968,6.010333],[80.238769,6.010364],[80.238761,6.010149],[80.239614,6.009602],[80.23968,6.009481],[80.23948,6.00953],[80.239772,6.009028],[80.239649,6.00902],[80.239924,6.008716],[80.239838,6.008683],[80.240255,6.007839],[80.240957,6.007521],[80.242358,6.006485],[80.242941,6.005755],[80.243133,6.005266],[80.243668,6.005621],[80.244133,6.005729],[80.244227,6.006488],[80.24398,6.006472],[80.243701,6.006746],[80.243639,6.00712],[80.243797,6.007424],[80.244109,6.007822],[80.245466,6.008881],[80.246641,6.009202],[80.248739,6.00938],[80.249746,6.009295],[80.250614,6.008619],[80.251383,6.007414],[80.252074,6.007187],[80.252188,6.00672],[80.25368,6.005928],[80.254068,6.005496],[80.254398,6.005617],[80.254955,6.005478],[80.256526,6.003012],[80.25704,6.002986],[80.258507,6.002502],[80.259498,6.001592],[80.261149,6.00056],[80.261218,6.000267],[80.261436,6.000381],[80.261973,6.000023],[80.262086,6.000172],[80.26269,6.000204],[80.264563,5.999356],[80.264618,5.999221],[80.265515,5.999498],[80.26697,5.998967],[80.267804,5.999509],[80.269113,5.999184],[80.270143,5.998143],[80.270213,5.997561],[80.270828,5.99815],[80.2729,5.998299],[80.27352,5.998209],[80.274267,5.997808],[80.275568,5.997455],[80.277785,5.997065],[80.27958,5.996945],[80.283037,5.995933],[80.283344,5.996107],[80.284976,5.995574],[80.285604,5.995644],[80.287334,5.995385],[80.288006,5.995079],[80.288415,5.99458],[80.290168,5.994106],[80.29056,5.994106],[80.291403,5.99452],[80.292602,5.994543],[80.293953,5.994068],[80.295185,5.994064],[80.297932,5.993609],[80.307858,5.992752],[80.311562,5.992123],[80.314905,5.991375],[80.317633,5.990501],[80.319895,5.989247],[80.321433,5.988019],[80.32233,5.987857],[80.324032,5.986968],[80.326821,5.985844],[80.327712,5.985772],[80.328324,5.985307],[80.329517,5.985035],[80.330182,5.984443],[80.330758,5.984367],[80.331734,5.983437],[80.332103,5.983308],[80.33236,5.983464],[80.332667,5.983412],[80.3335,5.982835],[80.334111,5.982998],[80.334849,5.982963],[80.335737,5.982346],[80.33562,5.982134],[80.337922,5.981545],[80.338527,5.98107],[80.339397,5.980726],[80.340369,5.98009],[80.340689,5.980436],[80.340983,5.980511],[80.342288,5.98067],[80.343091,5.98055],[80.343741,5.980182],[80.344359,5.979319],[80.347123,5.977799],[80.34996,5.977428],[80.35062,5.977213],[80.354561,5.975401],[80.356531,5.974834],[80.356536,5.974498],[80.356665,5.974618],[80.357713,5.974381],[80.359001,5.973869],[80.35945,5.973483],[80.359553,5.97302],[80.359797,5.973063],[80.361372,5.972299],[80.363944,5.972041],[80.364585,5.971588],[80.364787,5.971215],[80.365505,5.970746],[80.366046,5.970641],[80.366836,5.970161],[80.368831,5.969542],[80.369217,5.969256],[80.369293,5.968911],[80.370003,5.96903],[80.370277,5.968867],[80.370612,5.968453],[80.370597,5.968005],[80.37044,5.967854],[80.369881,5.967761],[80.370643,5.967231],[80.371363,5.96758],[80.372546,5.967278],[80.373115,5.967598],[80.374079,5.967592],[80.374499,5.96713],[80.374622,5.966753],[80.375215,5.966448],[80.376422,5.966002],[80.376897,5.965618],[80.377924,5.965303],[80.378126,5.965376],[80.378677,5.965084],[80.379042,5.965212],[80.379284,5.965055],[80.379293,5.964894],[80.379582,5.964826],[80.380172,5.965068],[80.380393,5.964957],[80.381622,5.965396],[80.381956,5.965321],[80.38264,5.965494],[80.383467,5.965211],[80.383555,5.964842],[80.383322,5.964779],[80.383779,5.964662],[80.38373,5.964901],[80.384153,5.964941],[80.384582,5.964781],[80.384427,5.964608],[80.384762,5.964759],[80.385216,5.964592],[80.386588,5.964502],[80.386616,5.96434],[80.388907,5.965012],[80.390291,5.964909],[80.391198,5.964391],[80.391399,5.964073],[80.391304,5.963486],[80.392186,5.963463],[80.393395,5.962963],[80.393698,5.962636],[80.39501,5.962339],[80.396102,5.961766],[80.396433,5.961373],[80.397148,5.961362],[80.398223,5.960835],[80.398481,5.960456],[80.399374,5.960541],[80.402566,5.959859],[80.40335,5.959459],[80.404679,5.959303],[80.405208,5.958953],[80.406016,5.95873],[80.406321,5.958528],[80.406397,5.958275],[80.406749,5.95817],[80.408265,5.958263],[80.409246,5.957926],[80.409827,5.957136],[80.410978,5.957901],[80.411215,5.958297],[80.411115,5.958536],[80.411348,5.959047],[80.41159,5.95901],[80.411614,5.958836],[80.411361,5.958763],[80.411343,5.958635],[80.412018,5.958822],[80.412184,5.95867],[80.412204,5.958802],[80.412591,5.958967],[80.413134,5.958441],[80.413055,5.958303],[80.413721,5.957929],[80.413717,5.957707],[80.414263,5.957151],[80.415921,5.957249],[80.416091,5.957399],[80.416779,5.9572],[80.417792,5.955777],[80.417655,5.955523],[80.417343,5.955453],[80.417181,5.954927],[80.417439,5.95464],[80.418117,5.955082],[80.418583,5.954721],[80.418716,5.955647],[80.418538,5.955859],[80.418567,5.956047],[80.418917,5.956316],[80.419607,5.956425],[80.419976,5.956322],[80.42014,5.95648],[80.42028,5.956871],[80.420022,5.957443],[80.4203,5.957792],[80.420322,5.958133],[80.420125,5.958615],[80.420602,5.959107],[80.420942,5.959273],[80.421692,5.959288],[80.421743,5.959472],[80.42173,5.96003],[80.421197,5.961399],[80.421183,5.963006],[80.42157,5.964276],[80.4226,5.965496],[80.422873,5.965333],[80.422595,5.965616],[80.422837,5.966146],[80.424357,5.967948],[80.424783,5.968184],[80.425413,5.968291],[80.425609,5.969409],[80.426175,5.970346],[80.426874,5.970913],[80.427918,5.971302],[80.429491,5.971645],[80.433693,5.972003],[80.43634,5.972626],[80.437965,5.97249],[80.439199,5.972113],[80.441425,5.970704],[80.444718,5.969412],[80.446803,5.968754],[80.448989,5.967739],[80.450097,5.966878],[80.453941,5.963287],[80.453719,5.962476],[80.453859,5.961654],[80.45461,5.960193],[80.454635,5.959161],[80.453715,5.9588],[80.45359,5.957964],[80.453224,5.957227],[80.452304,5.956718],[80.452246,5.956318],[80.451417,5.956175],[80.451442,5.955846],[80.452372,5.954071],[80.453062,5.951649],[80.452924,5.950413],[80.452295,5.949341],[80.451812,5.949],[80.451175,5.948848],[80.451906,5.948199],[80.45175,5.947882],[80.450904,5.946982],[80.449433,5.94698],[80.44807,5.947881],[80.447751,5.94726],[80.44596,5.947213],[80.443719,5.94652],[80.444559,5.94631],[80.444591,5.946129],[80.445403,5.94642],[80.44665,5.9461],[80.446666,5.946286],[80.447105,5.946222],[80.447466,5.945777],[80.447413,5.945507],[80.446907,5.945561],[80.446821,5.945179],[80.447227,5.945095],[80.447237,5.94489],[80.449026,5.943789],[80.449722,5.943501],[80.44988,5.943668],[80.450094,5.943468],[80.450014,5.943259],[80.450166,5.943108],[80.450356,5.943473],[80.450819,5.943708],[80.45147,5.943238],[80.452009,5.94231],[80.453217,5.94187],[80.453842,5.941197],[80.4542,5.941412],[80.454217,5.941602],[80.454577,5.941624],[80.45496,5.94187],[80.455046,5.942177],[80.454747,5.943015],[80.454701,5.943892],[80.455343,5.94427],[80.455865,5.944234],[80.457468,5.9447],[80.45864,5.944593],[80.460579,5.943899],[80.461657,5.943131],[80.462217,5.942368],[80.463351,5.942623],[80.464106,5.94244],[80.464637,5.942075],[80.465249,5.94119],[80.466284,5.941241],[80.467236,5.94093],[80.468124,5.940218],[80.468328,5.93972],[80.467852,5.939277],[80.468368,5.938887],[80.468928,5.938933],[80.470899,5.938492],[80.471616,5.938053],[80.47299,5.938042],[80.473828,5.937485],[80.474255,5.937388],[80.476735,5.937616],[80.477158,5.937562],[80.47804,5.937001],[80.478559,5.936935],[80.479238,5.937069],[80.481865,5.936826],[80.48367,5.937262],[80.484133,5.937189],[80.484955,5.93679],[80.484907,5.936622],[80.485071,5.936535],[80.485181,5.936787],[80.485694,5.936966],[80.486086,5.936704],[80.486443,5.936947],[80.486599,5.937371],[80.487149,5.937862],[80.489096,5.939128],[80.490966,5.939834],[80.494035,5.940327],[80.494753,5.940241],[80.496327,5.939621],[80.497553,5.93952],[80.498026,5.939295],[80.497991,5.939112],[80.498413,5.939007],[80.500722,5.939504],[80.501594,5.939412],[80.502745,5.938757],[80.503067,5.93825],[80.50369,5.938223],[80.504501,5.937794],[80.505063,5.937299],[80.505691,5.937329],[80.50623,5.937124],[80.506972,5.937075],[80.509836,5.937152],[80.510958,5.936697],[80.51152,5.936892],[80.512337,5.936655],[80.513086,5.936639],[80.514102,5.936304],[80.51492,5.936568],[80.515416,5.936456],[80.515827,5.936078],[80.516536,5.936182],[80.517901,5.935822],[80.518752,5.935832],[80.519782,5.935387],[80.520328,5.935463],[80.520827,5.935256],[80.521081,5.935573],[80.521997,5.935596],[80.523598,5.936329],[80.524439,5.936088],[80.524869,5.936352],[80.525066,5.9362],[80.525359,5.936257],[80.525977,5.935961],[80.526154,5.936012],[80.526488,5.936406],[80.527376,5.936515],[80.527803,5.936799],[80.52843,5.936952],[80.528537,5.937551],[80.529033,5.938009],[80.529293,5.938609],[80.530703,5.938956],[80.531089,5.938782],[80.53218,5.937436],[80.53261,5.937437],[80.534063,5.938394],[80.53711,5.939878],[80.537898,5.941245],[80.5393,5.941352],[80.541196,5.942257],[80.543961,5.942946],[80.547526,5.943106],[80.548437,5.942945],[80.548852,5.942722],[80.549106,5.942367],[80.550512,5.94259],[80.55807,5.941481],[80.560315,5.940984],[80.560746,5.940446],[80.56128,5.940269],[80.561421,5.940526],[80.564015,5.940019],[80.564388,5.939738],[80.564969,5.939888],[80.573025,5.937608],[80.573324,5.937186],[80.573116,5.936946],[80.573157,5.936382],[80.573709,5.935619],[80.57468,5.935827],[80.575808,5.935579],[80.577676,5.934704],[80.579996,5.933164],[80.582344,5.931076],[80.584352,5.927634],[80.584726,5.926162],[80.584439,5.925376],[80.584702,5.925191],[80.584792,5.924907],[80.584971,5.924937],[80.585014,5.9251],[80.585187,5.924968],[80.58545,5.924409],[80.58542,5.92272],[80.585581,5.921565],[80.58528,5.921181],[80.585281,5.920949],[80.584759,5.920534],[80.583793,5.920625],[80.583634,5.92047],[80.58391,5.920158],[80.583967,5.919763],[80.584644,5.919528],[80.585209,5.918925],[80.585487,5.919175],[80.585057,5.919984],[80.585356,5.920169],[80.586149,5.919849],[80.586973,5.920375],[80.587284,5.920382],[80.587629,5.920021],[80.587262,5.919475],[80.588496,5.91978],[80.589092,5.919697],[80.589604,5.919575],[80.58997,5.919317],[80.590204,5.918818],[80.590372,5.918813],[80.590443,5.918969],[80.590932,5.918975],[80.591121,5.918674],[80.591611,5.918915],[80.592016,5.918778],[80.592252,5.919137],[80.591936,5.919363],[80.591972,5.919631],[80.592875,5.920073],[80.593408,5.919569],[80.593921,5.919601],[80.594139,5.919349],[80.594363,5.919452],[80.594354,5.919591],[80.593767,5.919949],[80.593691,5.920281],[80.593742,5.920512],[80.594225,5.920889],[80.594336,5.921148],[80.594298,5.921811],[80.593283,5.921452],[80.593042,5.921636],[80.592786,5.922349],[80.592949,5.922593],[80.593614,5.922814],[80.594384,5.923344],[80.594316,5.924094],[80.594008,5.924541],[80.594277,5.925436],[80.594954,5.926077],[80.595682,5.926147],[80.595971,5.925534],[80.596468,5.925147],[80.597267,5.92503],[80.597219,5.924633],[80.597355,5.924598],[80.597986,5.925134],[80.598294,5.924878],[80.598954,5.925145],[80.598919,5.92539],[80.599249,5.926001],[80.599657,5.925916],[80.599743,5.925596],[80.599946,5.925534],[80.600244,5.925718],[80.600609,5.92551],[80.601593,5.925761],[80.601717,5.925884],[80.601528,5.92721],[80.601867,5.927569],[80.602544,5.927511],[80.602685,5.926939],[80.603156,5.926596],[80.603126,5.926439],[80.603943,5.926276],[80.604101,5.926636],[80.60449,5.926676],[80.604563,5.926884],[80.605197,5.926985],[80.60559,5.927294],[80.605834,5.927302],[80.607452,5.928449],[80.608229,5.928532],[80.608681,5.928767],[80.610608,5.929182],[80.611719,5.929795],[80.613338,5.930345],[80.613529,5.930604],[80.613511,5.931096],[80.613065,5.932567],[80.613398,5.932839],[80.613856,5.932793],[80.614177,5.932346],[80.614491,5.932313],[80.614944,5.931985],[80.615576,5.930254],[80.615984,5.930215],[80.616574,5.930468],[80.616865,5.931437],[80.617497,5.932036],[80.617968,5.931994],[80.619346,5.932513],[80.619841,5.932388],[80.620024,5.932513],[80.620135,5.932704],[80.619985,5.933145],[80.62011,5.933342],[80.620039,5.933663],[80.619691,5.933982],[80.619715,5.934743],[80.619065,5.935118],[80.617893,5.935419],[80.617491,5.935349],[80.617244,5.935927],[80.617294,5.936893],[80.617705,5.938112],[80.618196,5.938269],[80.61857,5.938583],[80.618739,5.939006],[80.619259,5.939414],[80.619698,5.939371],[80.61984,5.938996],[80.620388,5.938539],[80.620542,5.93821],[80.620933,5.938396],[80.621299,5.938913],[80.621556,5.940873],[80.621981,5.941275],[80.6222,5.942122],[80.621927,5.942506],[80.621472,5.942539],[80.621262,5.943117],[80.62131,5.943463],[80.621433,5.943836],[80.62264,5.945303],[80.625215,5.946498],[80.626719,5.946883],[80.629144,5.946948],[80.629541,5.946439],[80.629435,5.946124],[80.629527,5.945832],[80.630121,5.945771],[80.630506,5.945367],[80.630982,5.945318],[80.631171,5.945648],[80.631244,5.946306],[80.631965,5.946435],[80.632989,5.946933],[80.633319,5.94664],[80.633268,5.945597],[80.633834,5.945388],[80.634286,5.945685],[80.634542,5.94618],[80.634535,5.947213],[80.634761,5.947629],[80.635702,5.94796],[80.636142,5.947966],[80.637068,5.947463],[80.637167,5.94698],[80.637435,5.94689],[80.637582,5.946579],[80.637581,5.946315],[80.637166,5.946244],[80.636941,5.945999],[80.636832,5.945551],[80.637005,5.945492],[80.636962,5.945231],[80.637198,5.945028],[80.63834,5.945231],[80.638626,5.945595],[80.638878,5.945558],[80.639312,5.946081],[80.6398,5.945756],[80.639835,5.945566],[80.639186,5.944891],[80.639039,5.94441],[80.63906,5.944126],[80.63939,5.943969],[80.639759,5.944119],[80.639824,5.944386],[80.640031,5.944466],[80.640484,5.944383],[80.640474,5.944594],[80.640693,5.944549],[80.640962,5.944777],[80.640743,5.944915],[80.640891,5.945063],[80.6415,5.945034],[80.641458,5.945221],[80.642155,5.945154],[80.641767,5.945899],[80.64108,5.946481],[80.641382,5.947154],[80.641638,5.949421],[80.643634,5.952502],[80.645331,5.953375],[80.646281,5.953355],[80.646654,5.953115],[80.646441,5.95282],[80.646866,5.952707],[80.647411,5.952981],[80.64727,5.953178],[80.647567,5.953678],[80.649476,5.954787],[80.65479,5.955808],[80.65702,5.956385],[80.658367,5.956469],[80.659021,5.956148],[80.66188,5.957068],[80.664053,5.957519],[80.665925,5.9579],[80.666614,5.95793],[80.667054,5.957788],[80.667244,5.957887],[80.667239,5.958068],[80.667606,5.9582],[80.671211,5.959205],[80.672298,5.959159],[80.673096,5.959474],[80.674097,5.959439],[80.676345,5.958607],[80.678066,5.958251],[80.678574,5.958285],[80.679335,5.958671],[80.679121,5.959026],[80.67958,5.959494],[80.680684,5.959796],[80.68149,5.959688],[80.681844,5.959312],[80.681901,5.958781],[80.682863,5.95858],[80.683008,5.958821],[80.682641,5.959214],[80.682804,5.959597],[80.68347,5.959889],[80.684508,5.959943],[80.685386,5.959624],[80.685757,5.959139],[80.685683,5.958751],[80.685233,5.958551],[80.68524,5.958445],[80.686216,5.958189],[80.686612,5.958317],[80.686798,5.958535],[80.686766,5.958796],[80.687586,5.958934],[80.687503,5.959054],[80.686955,5.958959],[80.686783,5.959201],[80.68664,5.960516],[80.687174,5.961527],[80.688259,5.962384],[80.688863,5.962566],[80.691899,5.962703],[80.692314,5.962857],[80.694172,5.962805],[80.69596,5.96325],[80.697387,5.963407],[80.698188,5.963222],[80.698889,5.962798],[80.700052,5.961311],[80.700163,5.960631],[80.700059,5.960424],[80.698942,5.959901],[80.698991,5.959589],[80.699374,5.95948],[80.699545,5.959212],[80.700594,5.959358],[80.70098,5.959171],[80.701315,5.959235],[80.701821,5.95899],[80.702088,5.959092],[80.70228,5.958957],[80.702416,5.959198],[80.703466,5.959395],[80.703587,5.959203],[80.703792,5.95913],[80.703896,5.959276],[80.704061,5.959082],[80.704262,5.959358],[80.704748,5.959161],[80.704779,5.959344],[80.705139,5.959159],[80.705394,5.959392],[80.705775,5.959281],[80.705879,5.959439],[80.706115,5.959249],[80.706286,5.959392],[80.706719,5.959215],[80.706953,5.95981],[80.70724,5.959885],[80.707353,5.960534],[80.707011,5.961316],[80.706618,5.961619],[80.706603,5.961934],[80.707365,5.962546],[80.708069,5.962752],[80.708469,5.9627],[80.709106,5.962367],[80.709636,5.961732],[80.709592,5.961323],[80.709192,5.960901],[80.709259,5.960525],[80.709004,5.960123],[80.709147,5.959826],[80.709796,5.959667],[80.710754,5.959699],[80.711494,5.960446],[80.712408,5.960207],[80.71273,5.96063],[80.713147,5.960886],[80.713386,5.960774],[80.713823,5.959854],[80.713976,5.959806],[80.713986,5.959993],[80.714327,5.959691],[80.714781,5.960098],[80.715205,5.95995],[80.715286,5.960176],[80.715544,5.95983],[80.715569,5.95995],[80.716048,5.959903],[80.716121,5.960042],[80.716553,5.960131],[80.716809,5.959956],[80.716766,5.96012],[80.71699,5.960251],[80.717069,5.960142],[80.717209,5.960223],[80.717234,5.959925],[80.717455,5.960182],[80.718103,5.960455],[80.718058,5.960619],[80.718209,5.960595],[80.718075,5.960694],[80.718481,5.960686],[80.718405,5.961199],[80.718672,5.961367],[80.718992,5.961184],[80.718785,5.960636],[80.719097,5.960532],[80.718963,5.960468],[80.719161,5.960457],[80.719877,5.959806],[80.719794,5.959592],[80.720052,5.959393],[80.720548,5.959707],[80.720452,5.959952],[80.72085,5.959961],[80.72101,5.959826],[80.721257,5.960017],[80.721608,5.959749],[80.72203,5.959837],[80.722202,5.960123],[80.722311,5.959981],[80.722477,5.960122],[80.722422,5.960238],[80.722308,5.960176],[80.722062,5.960642],[80.721925,5.960532],[80.721436,5.960713],[80.721489,5.961244],[80.721291,5.960872],[80.720987,5.961255],[80.721033,5.961109],[80.720409,5.96123],[80.719914,5.961657],[80.719201,5.961272],[80.718779,5.961581],[80.718564,5.962234],[80.719395,5.962893],[80.719311,5.962997],[80.718679,5.962511],[80.718102,5.962942],[80.717488,5.963921],[80.717306,5.9645],[80.717739,5.965353],[80.718631,5.966099],[80.718543,5.966177],[80.718944,5.966338],[80.719294,5.966295],[80.720279,5.965657],[80.720227,5.964698],[80.719795,5.963758],[80.71952,5.963819],[80.719762,5.963674],[80.719704,5.963535],[80.719911,5.963621],[80.720469,5.964888],[80.720397,5.965759],[80.719851,5.966326],[80.719652,5.966326],[80.719092,5.966725],[80.718822,5.967131],[80.718794,5.967713],[80.718469,5.968073],[80.718455,5.968359],[80.719274,5.970365],[80.720137,5.971],[80.720129,5.971297],[80.720367,5.971537],[80.720769,5.971625],[80.720904,5.971303],[80.721488,5.971432],[80.721627,5.971574],[80.721479,5.971707],[80.721816,5.971907],[80.721701,5.971944],[80.721909,5.972881],[80.722532,5.973032],[80.722547,5.972852],[80.723276,5.973809],[80.723275,5.973984],[80.723079,5.973955],[80.723084,5.974588],[80.722829,5.974933],[80.72291,5.976109],[80.722287,5.976141],[80.722077,5.976672],[80.722208,5.977221],[80.72302,5.978343],[80.723396,5.978651],[80.72419,5.978828],[80.725291,5.979295],[80.726031,5.9798],[80.726925,5.980083],[80.728868,5.979802],[80.730282,5.979281],[80.731517,5.978456],[80.732367,5.978107],[80.732324,5.978022],[80.732746,5.97776],[80.732912,5.977809],[80.732938,5.977661],[80.735076,5.976372],[80.735346,5.976428],[80.735879,5.97612],[80.735949,5.975953],[80.735512,5.975008],[80.735194,5.973379],[80.734696,5.97276],[80.734447,5.972045],[80.7347,5.97208],[80.734802,5.97254],[80.734924,5.972356],[80.73502,5.972518],[80.735299,5.972439],[80.735297,5.971979],[80.735479,5.971672],[80.735728,5.971828],[80.736035,5.971564],[80.736328,5.97157],[80.736593,5.971763],[80.737304,5.971677],[80.737724,5.972079],[80.737849,5.972015],[80.737909,5.972174],[80.737509,5.972377],[80.737384,5.972727],[80.737733,5.973529],[80.737502,5.973606],[80.737995,5.973741],[80.738113,5.974086],[80.738535,5.974093],[80.738793,5.974321],[80.739211,5.974385],[80.739289,5.975008],[80.739078,5.975107],[80.739011,5.975508],[80.738756,5.975609],[80.738796,5.976054],[80.738409,5.976058],[80.738444,5.976222],[80.738847,5.976489],[80.7387,5.976622],[80.73888,5.976978],[80.738901,5.977591],[80.739206,5.978226],[80.738816,5.97836],[80.73796,5.977916],[80.737734,5.977982],[80.737599,5.978241],[80.737567,5.978897],[80.737431,5.978897],[80.737111,5.978428],[80.73686,5.978407],[80.736393,5.97872],[80.73614,5.979145],[80.736029,5.979896],[80.736055,5.981022],[80.736242,5.981687],[80.736805,5.982271],[80.737356,5.981933],[80.737802,5.981882],[80.737865,5.981983],[80.737746,5.982052],[80.737966,5.982022],[80.738213,5.982471],[80.738287,5.982352],[80.738383,5.982621],[80.738449,5.982513],[80.738704,5.983466],[80.738596,5.983504],[80.738708,5.983935],[80.738344,5.984366],[80.738409,5.985417],[80.738614,5.985928],[80.738904,5.985966],[80.74117,5.987326],[80.742646,5.987721],[80.742886,5.988042],[80.743318,5.987903],[80.743416,5.9877],[80.744176,5.98796],[80.745943,5.987623],[80.74692,5.987962],[80.748545,5.988164],[80.748927,5.988473],[80.748892,5.988628],[80.749177,5.988503],[80.749299,5.988626],[80.749831,5.988607],[80.749848,5.988778],[80.750105,5.988913],[80.750075,5.989112],[80.750198,5.989077],[80.750282,5.989231],[80.750118,5.989329],[80.749094,5.989142],[80.748853,5.989321],[80.748256,5.989092],[80.74815,5.989232],[80.747448,5.989276],[80.745586,5.989134],[80.745085,5.990593],[80.745154,5.992687],[80.745778,5.994505],[80.747038,5.996639],[80.748577,5.998256],[80.749504,5.999009],[80.752731,6.000394],[80.752951,6.000373],[80.753029,6.000111],[80.753968,6.000463],[80.75468,6.001245],[80.755374,6.001264],[80.756667,6.001591],[80.757056,6.001374],[80.757111,6.000991],[80.757368,6.001055],[80.757272,6.00133],[80.757428,6.001398],[80.757458,6.001158],[80.758663,6.000744],[80.759339,6.000882],[80.760139,6.00073],[80.760635,6.000423],[80.760765,6.000107],[80.761635,6.000366],[80.761585,6.000899],[80.762407,6.001667],[80.76292,6.001838],[80.763481,6.00183],[80.764262,6.001054],[80.764457,6.000536],[80.764747,6.001297],[80.765148,6.001264],[80.765489,6.001458],[80.765156,6.001781],[80.764609,6.001872],[80.764822,6.002469],[80.767159,6.002797],[80.767014,6.003085],[80.766671,6.003274],[80.76638,6.004116],[80.766681,6.004557],[80.767379,6.004863],[80.767821,6.004776],[80.768762,6.004269],[80.768786,6.003816],[80.769156,6.003382],[80.769059,6.003075],[80.769148,6.002738],[80.769834,6.002564],[80.770609,6.002632],[80.770454,6.002797],[80.770589,6.003042],[80.771888,6.003544],[80.77201,6.003868],[80.771808,6.00412],[80.771881,6.004443],[80.772027,6.004652],[80.772491,6.004838],[80.77298,6.00569],[80.773871,6.006117],[80.776465,6.00634],[80.776954,6.006037],[80.777386,6.005216],[80.77719,6.005087],[80.777101,6.004791],[80.778457,6.005254],[80.778381,6.005427],[80.778637,6.005598],[80.778777,6.005475],[80.779017,6.005727],[80.779496,6.005554],[80.779923,6.00561],[80.780167,6.005714],[80.780072,6.00584],[80.780199,6.005963],[80.780918,6.006262],[80.781222,6.006239],[80.781175,6.006401],[80.78133,6.006492],[80.780649,6.006795],[80.780557,6.007113],[80.780186,6.007304],[80.78014,6.007494],[80.780212,6.00777],[80.780511,6.007822],[80.780607,6.007775],[80.780477,6.007698],[80.780629,6.007673],[80.780703,6.00785],[80.780435,6.008626],[80.78073,6.009296],[80.781264,6.00978],[80.781467,6.009696],[80.781829,6.009867],[80.782114,6.009693],[80.782111,6.009873],[80.78233,6.009848],[80.782034,6.010041],[80.782335,6.010031],[80.782238,6.010351],[80.783294,6.011139],[80.783591,6.011148],[80.783601,6.010992],[80.783958,6.010941],[80.78454,6.011003],[80.784743,6.011108],[80.784584,6.011272],[80.78475,6.011332],[80.784559,6.011553],[80.784773,6.011451],[80.784668,6.011545],[80.784781,6.011646],[80.785523,6.011476],[80.785758,6.011668],[80.786318,6.011742],[80.786603,6.012046],[80.786331,6.012319],[80.78683,6.012317],[80.787174,6.012478],[80.787148,6.012988],[80.786868,6.013138],[80.786704,6.013439],[80.786477,6.013542],[80.786515,6.013743],[80.786245,6.013917],[80.786373,6.014139],[80.786912,6.014176],[80.786491,6.014282],[80.78629,6.014539],[80.786458,6.015119],[80.787388,6.016034],[80.788183,6.016393],[80.788827,6.016405],[80.789021,6.016236],[80.788913,6.016095],[80.789036,6.015934],[80.789198,6.015852],[80.789151,6.016066],[80.789382,6.016064],[80.789491,6.015718],[80.789512,6.01603],[80.790043,6.015968],[80.789851,6.016091],[80.790062,6.01611],[80.790096,6.016249],[80.789829,6.016324],[80.790193,6.01634],[80.79054,6.016573],[80.790238,6.016608],[80.790222,6.016864],[80.790003,6.01706],[80.789563,6.017185],[80.789686,6.01792],[80.789981,6.018399],[80.790726,6.018765],[80.791313,6.018727],[80.791748,6.018129],[80.791769,6.017983],[80.791535,6.017899],[80.791594,6.017786],[80.79188,6.017574],[80.792371,6.017489],[80.792175,6.018035],[80.79174,6.018463],[80.791961,6.018859],[80.792411,6.018892],[80.792601,6.018779],[80.792519,6.018709],[80.792794,6.018637],[80.792861,6.018846],[80.79334,6.018564],[80.793334,6.018924],[80.793766,6.019071],[80.795718,6.019073],[80.795957,6.019319],[80.79596,6.019906],[80.796498,6.02033],[80.79828,6.020186],[80.79857,6.020459],[80.799488,6.020518],[80.799847,6.020839],[80.80025,6.021499],[80.800501,6.022303],[80.801435,6.022759],[80.801088,6.022801],[80.800241,6.023837],[80.799623,6.025458],[80.799506,6.025381],[80.800142,6.023417],[80.800052,6.023374],[80.799955,6.023595],[80.799594,6.023407],[80.798791,6.023651],[80.798365,6.024648],[80.798694,6.024822],[80.798548,6.024844],[80.798325,6.025269],[80.798176,6.026063],[80.79824,6.026308],[80.798826,6.026444],[80.798248,6.026437],[80.797974,6.027153],[80.798027,6.027566],[80.798535,6.029224],[80.799134,6.030435],[80.801193,6.033286],[80.801644,6.033726],[80.802254,6.033815],[80.80248,6.034449],[80.802895,6.034807],[80.804082,6.035595],[80.804618,6.035688],[80.805086,6.036216],[80.805615,6.036545],[80.807201,6.037138],[80.810175,6.038537],[80.810315,6.038283],[80.810232,6.038571],[80.810556,6.038713],[80.810688,6.038432],[80.810703,6.038574],[80.811523,6.038897],[80.812637,6.039152],[80.813193,6.03954],[80.815059,6.040009],[80.818963,6.04154],[80.820459,6.041254],[80.821221,6.041414],[80.821587,6.041675],[80.822719,6.041889],[80.823303,6.042334],[80.825782,6.042827],[80.831119,6.042856],[80.833883,6.043439],[80.841193,6.044322],[80.84708,6.045441],[80.850771,6.045764],[80.855572,6.045344],[80.857881,6.04477],[80.86019,6.043871],[80.860645,6.043063],[80.860401,6.042597],[80.86052,6.04247],[80.860419,6.042206],[80.860639,6.042333],[80.860782,6.042255],[80.861156,6.042854],[80.861725,6.043192],[80.861674,6.043409],[80.862034,6.043416],[80.862036,6.043107],[80.862332,6.043299],[80.862433,6.043064],[80.862679,6.043414],[80.863253,6.043785],[80.863287,6.044439],[80.863063,6.044769],[80.863134,6.045062],[80.864324,6.046316],[80.865226,6.046472],[80.86532,6.046604],[80.865149,6.046959],[80.865256,6.047117],[80.865466,6.047153],[80.865597,6.046911],[80.866207,6.047276],[80.866485,6.047288],[80.866626,6.04705],[80.866778,6.047126],[80.866288,6.048644],[80.866523,6.049258],[80.865996,6.04986],[80.865771,6.051442],[80.866343,6.052632],[80.866915,6.053368],[80.86793,6.055711],[80.870974,6.058008],[80.874147,6.059619],[80.876451,6.060341],[80.878361,6.0612],[80.886067,6.062841],[80.889518,6.062997],[80.892897,6.062883],[80.893132,6.062753],[80.898095,6.063536],[80.898675,6.063472],[80.902663,6.063805],[80.904293,6.064184],[80.907425,6.065839],[80.910998,6.067528],[80.91321,6.068408],[80.917484,6.070641],[80.919337,6.071773],[80.920853,6.072413],[80.922962,6.072833],[80.929064,6.074943],[80.931701,6.075574],[80.9333,6.075708],[80.934042,6.075008],[80.934192,6.075095],[80.934107,6.075468],[80.934372,6.075672],[80.935366,6.075754],[80.936326,6.075174],[80.936499,6.075486],[80.93684,6.07556],[80.936255,6.076221],[80.935933,6.076329],[80.935921,6.076883],[80.936309,6.077705],[80.936319,6.078665],[80.93651,6.079593],[80.937163,6.080617],[80.938375,6.081648],[80.940068,6.082708],[80.942346,6.083639],[80.944353,6.084195],[80.949068,6.085207],[80.953517,6.08581],[80.956927,6.085704],[80.960327,6.085997],[80.963709,6.086025],[80.966135,6.086465],[80.968173,6.087037],[80.970515,6.087286],[80.97419,6.087979],[80.97604,6.087845],[80.97715,6.0871],[80.977532,6.087528],[80.978291,6.087724],[80.978626,6.088459],[80.979419,6.088664],[80.979793,6.089096],[80.980832,6.089773],[80.981829,6.089957],[80.982871,6.089895],[80.983002,6.089695],[80.983166,6.089749],[80.984017,6.090959],[80.984021,6.091326],[80.984306,6.091806],[80.985366,6.092535],[80.986893,6.092958],[80.988251,6.092933],[80.989603,6.092693],[80.989682,6.093065],[80.989302,6.093701],[80.989417,6.094469],[80.989673,6.09491],[80.990249,6.095063],[80.990625,6.094506],[80.99173,6.094657],[80.991723,6.096164],[80.992363,6.097224],[80.992864,6.097735],[80.99513,6.099312],[80.998765,6.100655],[81.000298,6.100978],[81.001819,6.101503],[81.006599,6.102335],[81.00726,6.102817],[81.009101,6.102965],[81.015294,6.104266],[81.020003,6.104679],[81.025221,6.105389],[81.033556,6.105934],[81.037288,6.106429],[81.041548,6.106794],[81.043765,6.10672],[81.047918,6.106904],[81.050483,6.106694],[81.050895,6.106329],[81.050937,6.106928],[81.051663,6.108217],[81.052073,6.108344],[81.052415,6.108767],[81.052843,6.108838],[81.053566,6.108051],[81.053516,6.108563],[81.052902,6.109223],[81.053122,6.109797],[81.054184,6.1106],[81.055286,6.110978],[81.058524,6.110952],[81.062508,6.110643],[81.064707,6.11071],[81.066974,6.110487],[81.068004,6.110121],[81.070041,6.109824],[81.0747,6.11152],[81.076554,6.111771],[81.07867,6.112283],[81.085646,6.112939],[81.086467,6.112866],[81.087479,6.113443],[81.08883,6.113606],[81.089876,6.113284],[81.090079,6.113683],[81.090663,6.113909],[81.094943,6.115082],[81.09621,6.114479],[81.095896,6.11385],[81.095466,6.113559],[81.091393,6.11266],[81.088947,6.112607],[81.088398,6.112307],[81.088243,6.111903],[81.088378,6.111272],[81.088782,6.11087],[81.090048,6.109784],[81.090815,6.109388],[81.092596,6.108821],[81.094086,6.108935],[81.100119,6.111816],[81.100801,6.112857],[81.10403,6.112793],[81.104208,6.113048],[81.10407,6.113221],[81.103774,6.113072],[81.100016,6.113275],[81.09747,6.114401],[81.097671,6.115371],[81.099051,6.118358],[81.099641,6.118961],[81.100216,6.119168],[81.100711,6.119104],[81.101506,6.118263],[81.101632,6.118309],[81.101253,6.119145],[81.100428,6.120353],[81.099506,6.121054],[81.099064,6.121371],[81.098487,6.121539],[81.097214,6.121578],[81.097163,6.128127],[81.09585,6.129487],[81.088365,6.129475],[81.088284,6.13363],[81.095848,6.133641],[81.095845,6.134114],[81.095984,6.134327],[81.095435,6.134407],[81.095393,6.134796],[81.095522,6.134883],[81.096434,6.134877],[81.096454,6.134023],[81.097978,6.134019],[81.098081,6.133883],[81.099833,6.134],[81.10361,6.128928],[81.104043,6.129176],[81.104262,6.129051],[81.105962,6.12736],[81.105979,6.126955],[81.105637,6.126333],[81.105578,6.12554],[81.104949,6.125517],[81.104925,6.125775],[81.104594,6.125804],[81.10465,6.126208],[81.104384,6.126149],[81.104381,6.123302],[81.104805,6.123302],[81.10502,6.122358],[81.104735,6.122231],[81.104692,6.122406],[81.104583,6.122384],[81.104755,6.121608],[81.104861,6.121631],[81.104813,6.12187],[81.105042,6.121924],[81.105471,6.120553],[81.104525,6.11922],[81.104594,6.118754],[81.104744,6.118708],[81.104846,6.118796],[81.104731,6.119218],[81.104871,6.119324],[81.105581,6.119321],[81.106059,6.119126],[81.10619,6.118572],[81.106121,6.117025],[81.105952,6.116703],[81.107121,6.116132],[81.107719,6.116105],[81.109208,6.117058],[81.10915,6.117356],[81.108895,6.117442],[81.108432,6.11706],[81.108355,6.11717],[81.107697,6.116757],[81.107751,6.116674],[81.107502,6.116514],[81.106432,6.117001],[81.106497,6.117777],[81.106939,6.118689],[81.107878,6.119668],[81.108388,6.11978],[81.109509,6.11987],[81.110174,6.119617],[81.110193,6.118515],[81.11037,6.118433],[81.110455,6.119351],[81.112089,6.119869],[81.115466,6.12024],[81.118936,6.120471],[81.124411,6.120599],[81.12493,6.120208],[81.125654,6.120141],[81.125887,6.119778],[81.126125,6.120014],[81.126316,6.119838],[81.126749,6.120134],[81.127362,6.120146],[81.127636,6.119942],[81.128143,6.120821],[81.128595,6.12071],[81.128718,6.120964],[81.129239,6.121125],[81.13048,6.121278],[81.131659,6.120698],[81.131589,6.120925],[81.130829,6.121397],[81.13084,6.121571],[81.129309,6.123438],[81.129033,6.124959],[81.128572,6.125783],[81.128416,6.125698],[81.128858,6.124928],[81.128996,6.124097],[81.127502,6.124121],[81.127499,6.124002],[81.126796,6.125072],[81.126627,6.126063],[81.126989,6.126782],[81.128183,6.126187],[81.127352,6.126842],[81.127447,6.127963],[81.127762,6.128791],[81.128419,6.129824],[81.130444,6.132059],[81.13224,6.133264],[81.134168,6.13415],[81.138619,6.135511],[81.142463,6.135891],[81.144027,6.135744],[81.144513,6.135353],[81.144608,6.135496],[81.144478,6.135708],[81.14447,6.136448],[81.144753,6.136831],[81.144733,6.137298],[81.145036,6.137827],[81.147871,6.13888],[81.148233,6.138923],[81.14828,6.138658],[81.148414,6.138673],[81.148269,6.139371],[81.148482,6.139807],[81.148152,6.140561],[81.148237,6.140999],[81.149054,6.14164],[81.151151,6.14258],[81.154477,6.143327],[81.156309,6.143531],[81.157195,6.143492],[81.158291,6.143786],[81.159919,6.143835],[81.164396,6.144363],[81.16674,6.145208],[81.168647,6.145648],[81.171386,6.147659],[81.172394,6.148692],[81.172214,6.149578],[81.17277,6.150489],[81.172742,6.150945],[81.173046,6.151443],[81.173848,6.152046],[81.175406,6.152886],[81.176324,6.153003],[81.177504,6.154283],[81.177751,6.154761],[81.178477,6.155414],[81.180073,6.156593],[81.180875,6.15694],[81.184872,6.158252],[81.187557,6.158875],[81.191427,6.160145],[81.209679,6.164004],[81.218145,6.164588],[81.220609,6.164622],[81.224904,6.165076],[81.225145,6.165065],[81.225411,6.164812],[81.226015,6.164863],[81.226115,6.164254],[81.226172,6.165718],[81.225936,6.166566],[81.226167,6.167574],[81.225759,6.168836],[81.226089,6.169553],[81.226513,6.170142],[81.22823,6.171457],[81.231277,6.172748],[81.232335,6.17288],[81.232557,6.173098],[81.232639,6.173508],[81.232315,6.174364],[81.232374,6.175162],[81.232523,6.175316],[81.23226,6.175369],[81.232107,6.175577],[81.232516,6.176742],[81.233358,6.177708],[81.234207,6.178352],[81.236382,6.179473],[81.241568,6.181142],[81.247178,6.182225],[81.251604,6.18285],[81.262374,6.183702],[81.26733,6.184486],[81.269144,6.184573],[81.271048,6.185059],[81.273889,6.186102],[81.27497,6.186699],[81.275549,6.187313],[81.276631,6.187795],[81.276909,6.188458],[81.278434,6.189689],[81.278439,6.189875],[81.279693,6.190675],[81.281911,6.191369],[81.284182,6.191759],[81.286955,6.192493],[81.290973,6.192978],[81.291304,6.192825],[81.291566,6.193198],[81.292196,6.193275],[81.292328,6.193587],[81.292568,6.193669],[81.292663,6.19393],[81.293511,6.194775],[81.294126,6.195187],[81.294901,6.195582],[81.296594,6.196032],[81.302661,6.196899],[81.304459,6.19734],[81.310516,6.197896],[81.314994,6.198814],[81.319932,6.198328],[81.323748,6.199054],[81.323959,6.199023],[81.324141,6.198755],[81.324302,6.198835],[81.32444,6.199232],[81.324848,6.199398],[81.324807,6.199905],[81.325049,6.20013],[81.324762,6.201022],[81.324631,6.202622],[81.324428,6.202943],[81.324772,6.20378],[81.324715,6.2044],[81.325158,6.204621],[81.325909,6.205481],[81.326444,6.20573],[81.326716,6.206366],[81.327303,6.206816],[81.329536,6.207682],[81.330209,6.2082],[81.331114,6.209329],[81.331759,6.209596],[81.331845,6.210012],[81.333092,6.211234],[81.334123,6.211842],[81.335042,6.212141],[81.336021,6.212842],[81.336457,6.212817],[81.336901,6.212979],[81.337021,6.213502],[81.338113,6.213977],[81.33735,6.215247],[81.33725,6.216203],[81.33808,6.218192],[81.33789,6.218424],[81.337204,6.217414],[81.336493,6.217586],[81.33735,6.219551],[81.337673,6.219825],[81.337984,6.219724],[81.338113,6.220637],[81.338408,6.221339],[81.339508,6.222186],[81.339793,6.222761],[81.34041,6.22326],[81.348661,6.227527],[81.352533,6.228725],[81.353996,6.229462],[81.359533,6.231136],[81.363788,6.231561],[81.366051,6.231515],[81.366408,6.231802],[81.366583,6.232289],[81.367257,6.232691],[81.367381,6.233292],[81.368708,6.234176],[81.370401,6.234809],[81.371374,6.234945],[81.372105,6.234883],[81.372944,6.235204],[81.37305,6.236228],[81.372483,6.236649],[81.372516,6.237353],[81.372878,6.238303],[81.373639,6.238961],[81.373394,6.239879],[81.373573,6.240438],[81.37423,6.241142],[81.375671,6.242047],[81.377028,6.242575],[81.378266,6.242775],[81.378168,6.243257],[81.378506,6.243289],[81.378468,6.243724],[81.379356,6.244562],[81.384356,6.245865],[81.387185,6.246326],[81.387769,6.246478],[81.388628,6.246982],[81.389718,6.247211],[81.393852,6.247386],[81.394487,6.247141],[81.394413,6.246795],[81.394663,6.246669],[81.394726,6.246834],[81.395173,6.246921],[81.395104,6.247245],[81.395349,6.247562],[81.39522,6.247782],[81.395265,6.248196],[81.395573,6.248763],[81.39606,6.249174],[81.398464,6.250006],[81.400406,6.250304],[81.400639,6.250455],[81.401378,6.25046],[81.401681,6.251032],[81.401825,6.251927],[81.40215,6.252408],[81.402096,6.25275],[81.402496,6.253561],[81.402598,6.254174],[81.403789,6.255922],[81.404589,6.256555],[81.406227,6.257237],[81.407865,6.258357],[81.408875,6.259515],[81.409712,6.2602],[81.410712,6.262114],[81.413459,6.263533],[81.41649,6.264519],[81.4166,6.26526],[81.416914,6.265858],[81.416898,6.266545],[81.417225,6.267118],[81.417461,6.268009],[81.418456,6.269801],[81.419211,6.271714],[81.419775,6.272546],[81.419798,6.272893],[81.420031,6.273066],[81.419901,6.273406],[81.420162,6.274285],[81.423273,6.276418],[81.424662,6.277079],[81.426849,6.277731],[81.427133,6.278543],[81.427753,6.279191],[81.427697,6.279584],[81.427856,6.279892],[81.427759,6.279999],[81.427263,6.27973],[81.426822,6.279795],[81.426378,6.280447],[81.426285,6.281228],[81.426705,6.282478],[81.427628,6.283955],[81.430283,6.286078],[81.432295,6.286947],[81.433459,6.28788],[81.435267,6.288808],[81.435666,6.289586],[81.436785,6.290671],[81.436962,6.291012],[81.436549,6.29181],[81.436854,6.292487],[81.438834,6.294454],[81.439478,6.294892],[81.446014,6.297764],[81.449938,6.299029],[81.450851,6.299103],[81.451414,6.299888],[81.451594,6.300786],[81.452474,6.301396],[81.462673,6.304797],[81.464235,6.305],[81.465066,6.304963],[81.46623,6.305264],[81.470082,6.307304],[81.475422,6.30914],[81.477345,6.30942],[81.478289,6.309775],[81.480383,6.310123],[81.48066,6.310457],[81.481249,6.310797],[81.481883,6.311684],[81.482352,6.312018],[81.482603,6.312682],[81.483391,6.313275],[81.48384,6.313931],[81.484167,6.314106],[81.483959,6.315531],[81.484241,6.316455],[81.484093,6.316862],[81.484615,6.317761],[81.484508,6.318304],[81.484652,6.318624],[81.484399,6.318931],[81.483618,6.319059],[81.483281,6.319295],[81.483042,6.320214],[81.483099,6.321243],[81.483756,6.322481],[81.485441,6.324285],[81.487452,6.325601],[81.490616,6.327266],[81.493978,6.32854],[81.494624,6.328944],[81.494935,6.329604],[81.494635,6.330134],[81.49453,6.330731],[81.495142,6.331874],[81.496168,6.333028],[81.498389,6.334617],[81.49873,6.33537],[81.498995,6.33559],[81.498941,6.335761],[81.499334,6.33626],[81.500788,6.337373],[81.500973,6.337925],[81.500832,6.338261],[81.50014,6.338595],[81.500049,6.338884],[81.499859,6.338793],[81.498829,6.33937],[81.498304,6.339441],[81.497852,6.340013],[81.497621,6.341109],[81.497731,6.342478],[81.498069,6.343662],[81.498912,6.345349],[81.500838,6.347492],[81.502898,6.349168],[81.508879,6.353393],[81.511931,6.355094],[81.514035,6.355994],[81.516579,6.357391],[81.51808,6.357864],[81.518472,6.357862],[81.519292,6.358397],[81.519866,6.358989],[81.522232,6.359983],[81.528066,6.362012],[81.530126,6.362636],[81.532738,6.363098],[81.535017,6.363867],[81.537458,6.364272],[81.541922,6.365437],[81.545137,6.366101],[81.546967,6.366379],[81.551503,6.366667],[81.554652,6.367224],[81.556312,6.367287],[81.557034,6.367071],[81.557223,6.367328],[81.558046,6.367739],[81.558074,6.368227],[81.558486,6.368761],[81.559566,6.369351],[81.560018,6.370047],[81.565831,6.37239],[81.566673,6.372983],[81.566747,6.373437],[81.564209,6.374032],[81.563989,6.375091],[81.564031,6.375938],[81.564302,6.37729],[81.564756,6.378284],[81.565607,6.379597],[81.567721,6.382168],[81.571424,6.38437],[81.575042,6.38625],[81.576493,6.386735],[81.578125,6.388525],[81.578828,6.389072],[81.581513,6.390491],[81.582533,6.390812],[81.583716,6.391652],[81.585866,6.392387],[81.586813,6.393492],[81.589319,6.394993],[81.593716,6.397251],[81.596095,6.39789],[81.598062,6.398752],[81.599155,6.399466],[81.599785,6.399714],[81.600664,6.401162],[81.601726,6.401991],[81.601954,6.402726],[81.602808,6.40356],[81.602972,6.404188],[81.6046,6.406404],[81.605555,6.407052],[81.607202,6.408746],[81.608655,6.409942],[81.612703,6.41242],[81.615897,6.413794],[81.616268,6.414595],[81.617544,6.415635],[81.618751,6.41694],[81.618915,6.417511],[81.619481,6.418316],[81.619489,6.418958],[81.619011,6.419262],[81.6155,6.420086],[81.614886,6.420901],[81.614808,6.421573],[81.614473,6.422432],[81.614513,6.424649],[81.614921,6.42616],[81.615892,6.428231],[81.616761,6.429388],[81.618505,6.431131],[81.621594,6.433508],[81.62536,6.435638],[81.635467,6.439817],[81.644138,6.442824],[81.648701,6.445534],[81.649554,6.446296],[81.649913,6.447021],[81.650908,6.447544],[81.652362,6.448628],[81.653746,6.450596],[81.65391,6.451288],[81.653865,6.451976],[81.654087,6.452245],[81.658215,6.454455],[81.658424,6.454857],[81.658418,6.455265],[81.658164,6.455787],[81.658134,6.456395],[81.658507,6.458207],[81.660273,6.460177],[81.660887,6.463551],[81.662206,6.464913],[81.664526,6.466592],[81.66687,6.467815],[81.671754,6.471269],[81.673999,6.47309],[81.677459,6.475552],[81.680177,6.477844],[81.682357,6.479366],[81.687121,6.483236],[81.689763,6.484986],[81.692998,6.486828],[81.694068,6.488581],[81.695106,6.490892],[81.697367,6.493003],[81.697522,6.493832],[81.698593,6.49578],[81.700248,6.497517],[81.702592,6.499143],[81.704646,6.501805],[81.705816,6.504987],[81.706999,6.509897],[81.708535,6.513776],[81.710365,6.517051],[81.715397,6.525163],[81.716521,6.527588],[81.719731,6.531425],[81.722614,6.53459],[81.723549,6.535536],[81.724404,6.535995],[81.724712,6.536331],[81.724772,6.53696],[81.723998,6.537722],[81.723709,6.53838],[81.723819,6.5393],[81.724808,6.541376],[81.725903,6.543238],[81.726753,6.545242],[81.728813,6.547952],[81.729127,6.550009],[81.729116,6.550316],[81.728481,6.551463],[81.728531,6.552413],[81.728696,6.552866],[81.731812,6.557737],[81.733034,6.559108],[81.736364,6.56381],[81.737591,6.566722],[81.739189,6.568872],[81.73992,6.569723],[81.740326,6.569914],[81.740264,6.570031],[81.739327,6.570166],[81.739142,6.570636],[81.739379,6.571892],[81.740217,6.573538],[81.74306,6.577109],[81.747189,6.581353],[81.749824,6.583396],[81.756061,6.588865],[81.756465,6.58905],[81.758138,6.591254],[81.763286,6.596061],[81.762603,6.597257],[81.762741,6.598215],[81.762954,6.598462],[81.762726,6.598741],[81.762797,6.599165],[81.763081,6.599479],[81.76282,6.599847],[81.76312,6.60071],[81.762954,6.601274],[81.763218,6.601899],[81.76297,6.601934],[81.762899,6.601753],[81.762615,6.60173],[81.762315,6.602263],[81.76237,6.602506],[81.761928,6.602836],[81.761178,6.602671],[81.760784,6.602854],[81.760317,6.604452],[81.760248,6.606356],[81.760703,6.608609],[81.761162,6.610138],[81.761952,6.611841],[81.763113,6.613817],[81.7683,6.621763],[81.769836,6.623435],[81.771216,6.625503],[81.771978,6.62738],[81.771592,6.627735],[81.771531,6.6285],[81.772506,6.630757],[81.772889,6.633614],[81.773185,6.634316],[81.77371,6.63499],[81.773801,6.635618],[81.773664,6.636255],[81.773944,6.637396],[81.775567,6.64056],[81.776228,6.642767],[81.776079,6.643031],[81.776164,6.643518],[81.776612,6.644596],[81.777638,6.646083],[81.777808,6.646831],[81.777733,6.646965],[81.777485,6.646799],[81.777155,6.646917],[81.776817,6.647299],[81.776556,6.647031],[81.776118,6.647789],[81.776245,6.649952],[81.776474,6.651119],[81.776719,6.65149],[81.776326,6.651375],[81.775979,6.651505],[81.775409,6.652698],[81.774357,6.65258],[81.774012,6.652689],[81.772421,6.654286],[81.771767,6.65687],[81.771707,6.658361],[81.771041,6.659272],[81.770977,6.660823],[81.771183,6.66356],[81.771628,6.666249],[81.773033,6.671659],[81.776082,6.676595],[81.776735,6.677285],[81.776847,6.677629],[81.777799,6.678899],[81.778605,6.680435],[81.780132,6.682637],[81.780677,6.683169],[81.780764,6.683552],[81.781958,6.685338],[81.782539,6.686946],[81.783075,6.687939],[81.784711,6.690279],[81.784725,6.690573],[81.785001,6.691028],[81.786046,6.692267],[81.786629,6.693398],[81.789616,6.69702],[81.796989,6.704459],[81.798486,6.705734],[81.79927,6.706691],[81.800207,6.708376],[81.801519,6.712268],[81.801522,6.713216],[81.800675,6.714519],[81.800822,6.716433],[81.801163,6.718231],[81.802604,6.721888],[81.803409,6.723298],[81.80306,6.723662],[81.803137,6.724331],[81.802847,6.724475],[81.802552,6.724426],[81.802426,6.724799],[81.801932,6.724936],[81.801089,6.726382],[81.801162,6.728786],[81.801947,6.731787],[81.802747,6.733592],[81.803273,6.734621],[81.804344,6.73608],[81.80725,6.740797],[81.809433,6.745115],[81.810783,6.74727],[81.812162,6.74909],[81.817338,6.754682],[81.819296,6.756584],[81.823724,6.760423],[81.825248,6.763081],[81.825468,6.763154],[81.825361,6.763276],[81.825464,6.763518],[81.825986,6.763668],[81.825967,6.763871],[81.826295,6.764224],[81.826025,6.764358],[81.826225,6.764622],[81.826322,6.765183],[81.825899,6.766521],[81.825903,6.766756],[81.826141,6.766885],[81.825986,6.767308],[81.826129,6.767386],[81.825933,6.767517],[81.825944,6.767704],[81.825445,6.767811],[81.825424,6.767398],[81.825093,6.767148],[81.825084,6.766799],[81.824631,6.767197],[81.824274,6.767284],[81.823869,6.76773],[81.823251,6.769033],[81.822772,6.771213],[81.822765,6.771916],[81.823145,6.772099],[81.822867,6.772422],[81.822804,6.772741],[81.822836,6.776146],[81.823359,6.777804],[81.82387,6.778542],[81.823806,6.778789],[81.824158,6.779393],[81.824074,6.77973],[81.823495,6.780087],[81.823189,6.780087],[81.822449,6.780982],[81.822503,6.782362],[81.822363,6.782596],[81.821902,6.782431],[81.821312,6.782729],[81.820856,6.783353],[81.820314,6.783634],[81.819747,6.783467],[81.819495,6.783625],[81.819055,6.784443],[81.818815,6.785333],[81.818594,6.78705],[81.818649,6.788385],[81.819226,6.790702],[81.821294,6.795321],[81.822238,6.796975],[81.822708,6.798346],[81.823171,6.79903],[81.823263,6.800408],[81.823758,6.801309],[81.823922,6.80298],[81.824261,6.804603],[81.82391,6.805943],[81.824054,6.806697],[81.824007,6.808928],[81.824408,6.809075],[81.824789,6.809452],[81.8249,6.809926],[81.824755,6.810262],[81.824531,6.810403],[81.823962,6.810202],[81.823656,6.810237],[81.823392,6.810358],[81.823114,6.810777],[81.822782,6.812174],[81.822755,6.813142],[81.823181,6.81551],[81.823485,6.81683],[81.823966,6.817916],[81.825593,6.820911],[81.825953,6.821892],[81.827541,6.824397],[81.83014,6.827244],[81.832119,6.8289],[81.837906,6.834572],[81.839245,6.834917],[81.839484,6.835141],[81.840101,6.836668],[81.840136,6.837189],[81.839646,6.839151],[81.839472,6.839612],[81.8391,6.840009],[81.837847,6.840523],[81.8371,6.840551],[81.836548,6.840242],[81.835896,6.839493],[81.835307,6.839606],[81.834288,6.84035],[81.83368,6.841042],[81.832794,6.842289],[81.832266,6.843409],[81.831955,6.845068],[81.83194,6.848527],[81.832343,6.851421],[81.832744,6.852183],[81.832748,6.852806],[81.833029,6.853718],[81.832992,6.854872],[81.833635,6.856706],[81.835045,6.858761],[81.837168,6.861339],[81.838073,6.862799],[81.841463,6.866349],[81.842932,6.86758],[81.844719,6.869624],[81.846168,6.871656],[81.846259,6.871991],[81.846093,6.87214],[81.845834,6.873026],[81.846178,6.875224],[81.845947,6.875628],[81.845173,6.876186],[81.844966,6.876984],[81.845248,6.879821],[81.845714,6.881218],[81.845241,6.882664],[81.844225,6.883227],[81.843711,6.883229],[81.843271,6.883522],[81.843123,6.883844],[81.843041,6.885137],[81.843725,6.8872],[81.84591,6.89197],[81.847977,6.895709],[81.848314,6.896647],[81.84823,6.897622],[81.848389,6.898077],[81.848254,6.898175],[81.847914,6.898017],[81.846875,6.898694],[81.846415,6.898486],[81.845863,6.898606],[81.845051,6.899104],[81.844882,6.899373],[81.844477,6.900749],[81.844455,6.901267],[81.84457,6.903157],[81.845147,6.905008],[81.844312,6.905177],[81.843947,6.905522],[81.843807,6.906124],[81.843877,6.90668],[81.844234,6.908153],[81.844786,6.909125],[81.844985,6.910131],[81.851004,6.926056],[81.851664,6.926766],[81.852197,6.928003],[81.852424,6.929712],[81.852338,6.931808],[81.853104,6.934291],[81.854698,6.937919],[81.861164,6.953899],[81.865605,6.965274],[81.865965,6.966935],[81.867115,6.970579],[81.867913,6.972436],[81.868179,6.973348],[81.867974,6.97422],[81.867542,6.975213],[81.866959,6.975324],[81.866444,6.976136],[81.865542,6.978873],[81.865405,6.981064],[81.865793,6.983361],[81.865836,6.985332],[81.866684,6.988453],[81.8678,6.991499],[81.872264,7.00002],[81.872586,7.000904],[81.872436,7.001671],[81.872779,7.003023],[81.872758,7.004355],[81.873165,7.005399],[81.872908,7.006155],[81.87309,7.00738],[81.874346,7.010149],[81.876932,7.017583],[81.878735,7.02146],[81.87896,7.02227],[81.878982,7.022791],[81.878542,7.023207],[81.878402,7.023867],[81.878778,7.025955],[81.878123,7.026306],[81.877662,7.028181],[81.876503,7.02932],[81.875945,7.030449],[81.875408,7.031035],[81.874692,7.033445],[81.874467,7.036385],[81.874177,7.036779],[81.873458,7.037045],[81.872696,7.037716],[81.871902,7.038877],[81.871173,7.040304],[81.870035,7.043936],[81.868908,7.048931],[81.868844,7.050869],[81.868522,7.052424],[81.868017,7.058846],[81.866805,7.065747],[81.866837,7.066183],[81.864991,7.073766],[81.86453,7.074863],[81.864004,7.075353],[81.863629,7.076013],[81.863371,7.080773],[81.862845,7.083382],[81.862834,7.084362],[81.861879,7.087663],[81.861514,7.08958],[81.861075,7.090634],[81.860645,7.092434],[81.859647,7.093797],[81.8591,7.097301],[81.858531,7.099473],[81.85807,7.100527],[81.857919,7.103456],[81.857952,7.109909],[81.85807,7.111602],[81.858467,7.113657],[81.85836,7.114211],[81.858488,7.114584],[81.858317,7.115041],[81.858563,7.115723],[81.858671,7.11666],[81.858585,7.11814],[81.85807,7.119397],[81.858005,7.120259],[81.857383,7.120941],[81.857104,7.121516],[81.857759,7.13505],[81.858858,7.142112],[81.86071,7.151745],[81.861407,7.165172],[81.861182,7.166822],[81.861321,7.169825],[81.86115,7.172455],[81.861343,7.177725],[81.861566,7.179316],[81.861596,7.181525],[81.861936,7.185911],[81.861848,7.186813],[81.861985,7.191709],[81.862119,7.193537],[81.862341,7.194341],[81.862201,7.197305],[81.862376,7.198229],[81.862304,7.199685],[81.86248,7.201748],[81.862366,7.203532],[81.862508,7.204525],[81.862335,7.207636],[81.862409,7.208834],[81.862079,7.212277],[81.862242,7.213123],[81.862065,7.213996],[81.862178,7.214267],[81.862421,7.220717],[81.862389,7.226544],[81.862614,7.229765],[81.863274,7.234885],[81.864144,7.245009],[81.864251,7.249427],[81.864798,7.257677],[81.86556,7.264309],[81.866047,7.266839],[81.86667,7.269069],[81.867507,7.271539],[81.869831,7.275125],[81.868499,7.279485],[81.867869,7.27981],[81.867433,7.282806],[81.867464,7.284605],[81.867675,7.285596],[81.867886,7.285996],[81.868285,7.286144],[81.868301,7.286766],[81.868065,7.28683],[81.867801,7.287224],[81.868037,7.289187],[81.867744,7.290835],[81.867889,7.291543],[81.868286,7.292079],[81.86839,7.292155],[81.868385,7.291597],[81.868526,7.291596],[81.868534,7.292585],[81.868384,7.292585],[81.868272,7.29236],[81.867615,7.29229],[81.867339,7.292393],[81.867059,7.292866],[81.86678,7.294225],[81.86663,7.294369],[81.866574,7.296468],[81.86627,7.296816],[81.866274,7.297521],[81.865416,7.298692],[81.864671,7.301067],[81.864588,7.301833],[81.864765,7.30665],[81.865795,7.307585],[81.865661,7.310194],[81.866074,7.320513],[81.865811,7.324441],[81.865312,7.32741],[81.865098,7.327836],[81.864775,7.329512],[81.864459,7.329922],[81.86426,7.330566],[81.863155,7.336234],[81.860633,7.346802],[81.860456,7.346989],[81.857816,7.356104],[81.856051,7.361623],[81.855767,7.361894],[81.85538,7.363283],[81.854061,7.366752],[81.853878,7.367609],[81.852762,7.370275],[81.851485,7.374165],[81.851168,7.374543],[81.850766,7.375501],[81.850755,7.37582],[81.849865,7.377853],[81.84826,7.382455],[81.844864,7.393254],[81.841419,7.406841],[81.838736,7.414982],[81.838005,7.416564],[81.836392,7.416996],[81.835346,7.419287],[81.833646,7.421492],[81.830975,7.424199],[81.82914,7.426361],[81.826991,7.429388],[81.824586,7.433791],[81.823444,7.436925],[81.820044,7.452703],[81.817995,7.460916],[81.816513,7.472241],[81.816513,7.474575],[81.815466,7.476563],[81.813897,7.482441],[81.813984,7.484214],[81.812153,7.487585],[81.811107,7.491605],[81.810497,7.495149],[81.81041,7.496619],[81.809756,7.498088],[81.808666,7.504917],[81.808099,7.515593],[81.807401,7.520217],[81.806486,7.523372],[81.806042,7.529032],[81.804839,7.531721],[81.802865,7.538923],[81.801923,7.545475],[81.801655,7.546079],[81.801527,7.546967],[81.801213,7.547493],[81.800832,7.550729],[81.79963,7.556444],[81.798243,7.559622],[81.797133,7.56445],[81.79664,7.567964],[81.796763,7.569064],[81.794513,7.575878],[81.793588,7.579759],[81.790413,7.588498],[81.786491,7.600193],[81.785928,7.600783],[81.784895,7.604449],[81.779038,7.617923],[81.776207,7.623888],[81.771922,7.631789],[81.771445,7.633102],[81.756196,7.661674],[81.742643,7.683763],[81.7402,7.687298],[81.739617,7.68838],[81.738751,7.689179],[81.736627,7.692905],[81.735619,7.69421],[81.734796,7.695812],[81.732415,7.699361],[81.732088,7.700246],[81.729631,7.703894],[81.728137,7.706526],[81.723651,7.713147],[81.722859,7.714064],[81.721041,7.716956],[81.720056,7.717759],[81.719401,7.718503],[81.717316,7.721502],[81.714308,7.726769],[81.712256,7.731569],[81.709847,7.736082],[81.707507,7.741015],[81.705692,7.743973],[81.704054,7.745884],[81.700827,7.750527],[81.698877,7.752632],[81.697616,7.753671],[81.694836,7.756507],[81.690704,7.759505],[81.689728,7.759707],[81.688784,7.760408],[81.688331,7.760578],[81.686778,7.760382],[81.684492,7.761984],[81.681762,7.762835],[81.681265,7.762906],[81.679613,7.76266],[81.678087,7.762835],[81.675265,7.763571],[81.672328,7.764714],[81.670632,7.765664],[81.665448,7.769611],[81.658789,7.773821],[81.655751,7.77611],[81.65511,7.776388],[81.651649,7.779254],[81.64606,7.784736],[81.642489,7.788716],[81.637857,7.794559],[81.634812,7.799123],[81.631767,7.80444],[81.631285,7.805736],[81.626363,7.814148],[81.623678,7.819255],[81.620033,7.828348],[81.619443,7.828359],[81.618598,7.827867],[81.618827,7.826896],[81.618771,7.826565],[81.617936,7.825917],[81.616726,7.825462],[81.615538,7.825215],[81.614049,7.824336],[81.6129,7.823433],[81.611882,7.823071],[81.610321,7.823015],[81.607974,7.823427],[81.603806,7.824987],[81.599303,7.827548],[81.59599,7.829807],[81.592197,7.832871],[81.589167,7.835631],[81.584974,7.84022],[81.583016,7.842721],[81.581383,7.844952],[81.578046,7.850097],[81.575316,7.855068],[81.573046,7.859613],[81.571687,7.862739],[81.568575,7.870922],[81.566381,7.878114],[81.565087,7.883106],[81.564142,7.889365],[81.564206,7.890142],[81.563852,7.894289],[81.563916,7.900464],[81.564348,7.905121],[81.56471,7.907571],[81.565158,7.909481],[81.566016,7.912241],[81.566934,7.91456],[81.568559,7.917469],[81.569161,7.918197],[81.570005,7.91878],[81.570252,7.918599],[81.572631,7.919102],[81.574829,7.919283],[81.575332,7.919303],[81.575723,7.919081],[81.578076,7.919118],[81.580374,7.918782],[81.581163,7.919037],[81.581626,7.919],[81.582136,7.919344],[81.582669,7.919448],[81.582878,7.919771],[81.582875,7.9202],[81.582761,7.920475],[81.582453,7.920501],[81.581471,7.921679],[81.5779,7.9241],[81.576352,7.926271],[81.575288,7.926979],[81.572805,7.9275],[81.571241,7.927516],[81.569931,7.927317],[81.569053,7.926881],[81.568772,7.926678],[81.568607,7.926086],[81.567508,7.925346],[81.56603,7.925292],[81.565438,7.925429],[81.564886,7.925786],[81.563883,7.926598],[81.561665,7.929178],[81.560534,7.93212],[81.56038,7.933406],[81.561288,7.935791],[81.561867,7.936921],[81.561881,7.937694],[81.561594,7.938626],[81.56129,7.93903],[81.55916,7.941225],[81.558365,7.941313],[81.558027,7.942164],[81.557203,7.943002],[81.557264,7.9432],[81.55697,7.943214],[81.556905,7.943056],[81.556562,7.942967],[81.556619,7.942778],[81.55638,7.942609],[81.555072,7.94252],[81.554771,7.942692],[81.554492,7.942593],[81.554415,7.942693],[81.554549,7.942876],[81.554159,7.942905],[81.550832,7.941773],[81.549421,7.942056],[81.547775,7.944648],[81.546731,7.945417],[81.54443,7.94871],[81.542893,7.951526],[81.541623,7.954621],[81.540588,7.957801],[81.540107,7.960323],[81.539745,7.967192],[81.54005,7.970551],[81.541959,7.977001],[81.543516,7.979319],[81.546537,7.98172],[81.54957,7.983672],[81.551366,7.984435],[81.552787,7.98526],[81.553324,7.986133],[81.553494,7.987245],[81.553329,7.988594],[81.551856,7.992275],[81.550506,7.992932],[81.549018,7.99347],[81.548451,7.993363],[81.546316,7.994295],[81.546115,7.993931],[81.545624,7.993666],[81.545043,7.992885],[81.544852,7.991859],[81.543822,7.989696],[81.541926,7.988],[81.539599,7.9873],[81.539063,7.987348],[81.538516,7.986653],[81.537864,7.98535],[81.537113,7.984824],[81.533087,7.984055],[81.53048,7.983885],[81.527988,7.984415],[81.526237,7.985295],[81.523796,7.987094],[81.520875,7.989908],[81.519196,7.991981],[81.518345,7.993908],[81.517544,7.994903],[81.515878,7.996501],[81.515481,7.996719],[81.514647,7.996837],[81.512729,7.996538],[81.51062,7.996814],[81.509352,7.997082],[81.508362,7.99757],[81.499621,8.004294],[81.495234,8.008397],[81.491169,8.012641],[81.4859,8.019605],[81.481094,8.026989],[81.472802,8.043067],[81.467895,8.055389],[81.465852,8.061205],[81.464111,8.067011],[81.460949,8.07912],[81.458157,8.091288],[81.457328,8.097396],[81.457333,8.101437],[81.457492,8.103334],[81.458391,8.106991],[81.459523,8.109155],[81.459651,8.109645],[81.459985,8.109989],[81.460404,8.109999],[81.46048,8.110224],[81.459777,8.110084],[81.458465,8.1102],[81.455117,8.11204],[81.451692,8.11507],[81.44968,8.117247],[81.446387,8.122059],[81.4446,8.125197],[81.443017,8.128362],[81.440459,8.134449],[81.440005,8.136368],[81.439128,8.136555],[81.438844,8.136875],[81.438839,8.137408],[81.43867,8.137815],[81.438739,8.138233],[81.439029,8.138483],[81.439252,8.140114],[81.43798,8.14433],[81.436209,8.148789],[81.433862,8.156464],[81.433154,8.159692],[81.432338,8.166464],[81.432198,8.169724],[81.432264,8.171735],[81.432735,8.174429],[81.433378,8.176245],[81.434493,8.177761],[81.434653,8.178308],[81.434434,8.178276],[81.433968,8.177774],[81.433559,8.177793],[81.432954,8.17804],[81.431195,8.179454],[81.430008,8.180857],[81.42899,8.182362],[81.427186,8.185354],[81.425739,8.188287],[81.424863,8.190338],[81.422852,8.196178],[81.422511,8.19986],[81.422234,8.200632],[81.421944,8.202271],[81.422148,8.205032],[81.422802,8.206683],[81.422351,8.20658],[81.421841,8.206846],[81.417586,8.21251],[81.415452,8.216498],[81.413482,8.221724],[81.411234,8.230466],[81.408926,8.241011],[81.408454,8.245484],[81.408228,8.245898],[81.408029,8.245994],[81.40792,8.246246],[81.408026,8.246409],[81.407695,8.247048],[81.405655,8.255524],[81.403624,8.264125],[81.403121,8.267887],[81.40266,8.268052],[81.40229,8.269193],[81.402318,8.273638],[81.400654,8.281201],[81.399791,8.286899],[81.398135,8.291051],[81.396607,8.296593],[81.395462,8.302293],[81.394788,8.306349],[81.394432,8.3105],[81.394638,8.312347],[81.395188,8.312926],[81.395212,8.313159],[81.395019,8.31325],[81.394353,8.312618],[81.394171,8.312613],[81.393412,8.313377],[81.390486,8.32119],[81.389051,8.327607],[81.388109,8.334518],[81.387954,8.337942],[81.387825,8.346222],[81.3882,8.350117],[81.388635,8.351667],[81.388415,8.35361],[81.388447,8.355117],[81.388598,8.355706],[81.388131,8.356656],[81.389257,8.357224],[81.389783,8.356614],[81.390598,8.356659],[81.391084,8.357089],[81.391784,8.357431],[81.391679,8.358097],[81.392385,8.358501],[81.392899,8.359561],[81.392196,8.35998],[81.389959,8.361992],[81.389202,8.362353],[81.388586,8.362904],[81.387276,8.36433],[81.385496,8.367015],[81.383591,8.370841],[81.382379,8.373845],[81.381375,8.377036],[81.378726,8.386524],[81.377067,8.394831],[81.376665,8.395515],[81.374237,8.403505],[81.373918,8.403598],[81.370667,8.417953],[81.369573,8.425191],[81.369134,8.426123],[81.367739,8.431037],[81.366838,8.43333],[81.365808,8.437872],[81.365486,8.438625],[81.365555,8.439708],[81.365283,8.440727],[81.365331,8.441621],[81.365105,8.442311],[81.365213,8.442738],[81.363974,8.446808],[81.363941,8.447689],[81.363501,8.44983],[81.363606,8.450785],[81.363188,8.451756],[81.362888,8.453565],[81.362995,8.454924],[81.362557,8.456125],[81.361265,8.461516],[81.358948,8.469199],[81.35671,8.473197],[81.35593,8.474963],[81.35544,8.476678],[81.355327,8.478101],[81.355377,8.478914],[81.355659,8.479318],[81.355648,8.4803],[81.355117,8.480318],[81.354541,8.480556],[81.353329,8.483794],[81.352581,8.487975],[81.352442,8.48979],[81.352565,8.49093],[81.35341,8.492434],[81.353697,8.494888],[81.353493,8.495907],[81.35234,8.497138],[81.351489,8.497801],[81.348872,8.498621],[81.348551,8.498966],[81.348077,8.500112],[81.348185,8.501024],[81.347413,8.502303],[81.346357,8.503126],[81.343029,8.505112],[81.341721,8.504945],[81.339769,8.505571],[81.339267,8.505939],[81.338361,8.507145],[81.337649,8.508892],[81.336823,8.509253],[81.335032,8.510537],[81.333909,8.511888],[81.332521,8.512961],[81.33084,8.513851],[81.329719,8.514689],[81.328986,8.515476],[81.32834,8.51669],[81.327863,8.517172],[81.326983,8.518578],[81.325283,8.519663],[81.324534,8.520542],[81.324213,8.521075],[81.323886,8.52241],[81.322938,8.523156],[81.32202,8.524582],[81.321127,8.525091],[81.319282,8.5253],[81.31879,8.525538],[81.318401,8.525069],[81.317344,8.525085],[81.317093,8.524973],[81.316389,8.52427],[81.316099,8.52384],[81.316299,8.523783],[81.316347,8.523466],[81.315191,8.521951],[81.315229,8.52162],[81.315057,8.521296],[81.314016,8.520808],[81.313732,8.520405],[81.313274,8.52016],[81.312657,8.519375],[81.312557,8.518887],[81.312898,8.517848],[81.313309,8.517306],[81.313443,8.516731],[81.313408,8.516291],[81.312914,8.515402],[81.31208,8.514612],[81.310041,8.513683],[81.309293,8.513561],[81.307332,8.512771],[81.305645,8.512669],[81.304838,8.511625],[81.303671,8.511391],[81.303293,8.511137],[81.303153,8.510383],[81.302054,8.50938],[81.301288,8.509132],[81.300504,8.509168],[81.299646,8.508867],[81.298645,8.508834],[81.298264,8.508635],[81.297473,8.508669],[81.296818,8.508425],[81.29522,8.508351],[81.293152,8.5086],[81.292476,8.507847],[81.290778,8.50781],[81.288989,8.508367],[81.286894,8.508117],[81.284697,8.508621],[81.28341,8.507306],[81.280674,8.507497],[81.280371,8.507152],[81.280113,8.506706],[81.280349,8.506515],[81.2808,8.50677],[81.281615,8.506101],[81.282645,8.503173],[81.283389,8.501777],[81.284333,8.497628],[81.284449,8.496335],[81.284432,8.495092],[81.283839,8.492917],[81.283783,8.492201],[81.284062,8.491925],[81.28488,8.492028],[81.285492,8.491709],[81.285731,8.49186],[81.286081,8.491609],[81.287203,8.489502],[81.28773,8.487678],[81.287899,8.48769],[81.288099,8.485806],[81.287413,8.480839],[81.287007,8.479483],[81.286584,8.478824],[81.285265,8.475281],[81.283764,8.472627],[81.281335,8.469405],[81.279907,8.467844],[81.278995,8.467257],[81.278141,8.467371],[81.278494,8.467279],[81.27858,8.466966],[81.278926,8.466945],[81.279058,8.466582],[81.278767,8.465226],[81.278129,8.465188],[81.278103,8.465691],[81.277939,8.465935],[81.277379,8.465935],[81.276884,8.465738],[81.27566,8.46484],[81.27494,8.464547],[81.270862,8.463727],[81.267981,8.463771],[81.264816,8.463616],[81.262493,8.463333],[81.261569,8.463485],[81.261361,8.463705],[81.261436,8.463893],[81.261259,8.463941],[81.25956,8.462907],[81.259472,8.462568],[81.257387,8.462807],[81.257029,8.462615],[81.256814,8.461992],[81.255229,8.461119],[81.253985,8.460737],[81.25356,8.460338],[81.252373,8.460789],[81.252903,8.461534],[81.253298,8.461741],[81.25341,8.461977],[81.248454,8.461557],[81.246735,8.461655],[81.243881,8.462109],[81.235638,8.462963],[81.235146,8.463197],[81.233131,8.4633],[81.232475,8.463209],[81.232175,8.46271],[81.231767,8.462418],[81.231928,8.462068],[81.231832,8.461745],[81.231129,8.461071],[81.231048,8.460007],[81.230873,8.459701],[81.228128,8.461204],[81.226729,8.461313],[81.223348,8.460725],[81.221953,8.460893],[81.218045,8.46245],[81.215127,8.46383],[81.212938,8.465294],[81.208786,8.467618],[81.207002,8.468045],[81.206361,8.468491],[81.205083,8.46898],[81.204581,8.469411],[81.204073,8.469432],[81.203698,8.469229],[81.203067,8.469271],[81.202356,8.471061],[81.202409,8.47178],[81.201855,8.472934],[81.200242,8.474469],[81.197347,8.47816],[81.196088,8.480467],[81.193962,8.485516],[81.192371,8.491292],[81.191774,8.494991],[81.191993,8.499094],[81.192352,8.501538],[81.192264,8.502124],[81.191869,8.50352],[81.1911,8.505031],[81.190894,8.505729],[81.190372,8.50575],[81.18987,8.506028],[81.183329,8.507728],[81.183032,8.507604],[81.18212,8.50775],[81.181106,8.508342],[81.180819,8.508647],[81.18079,8.509214],[81.180501,8.50964],[81.178927,8.511058],[81.178212,8.511513],[81.177886,8.511422],[81.177791,8.510806],[81.17714,8.510388],[81.176831,8.510669],[81.174968,8.511301],[81.17323,8.512599],[81.172964,8.512697],[81.172602,8.512618],[81.171564,8.513217],[81.170741,8.513889],[81.170352,8.513896],[81.169814,8.513772],[81.168364,8.512372],[81.167933,8.511462],[81.167336,8.511451],[81.167111,8.511801],[81.166741,8.511902],[81.163534,8.510897],[81.161828,8.51138],[81.161659,8.511308],[81.161584,8.511021],[81.161927,8.510682],[81.161804,8.510409],[81.161004,8.510183],[81.160457,8.50961],[81.158934,8.509263],[81.15781,8.509607],[81.157493,8.509342],[81.157405,8.509035],[81.156697,8.50861],[81.156627,8.508363],[81.15597,8.507703],[81.155085,8.507485],[81.154071,8.506637],[81.152536,8.506016],[81.151579,8.506175],[81.149636,8.507285],[81.149423,8.506907],[81.149042,8.504705],[81.148776,8.500454],[81.148317,8.500299],[81.148265,8.499924],[81.147524,8.499753],[81.146113,8.498214],[81.146047,8.496494],[81.145493,8.495712],[81.145556,8.495089],[81.145286,8.494545],[81.144312,8.49354],[81.144358,8.492916],[81.144053,8.492838],[81.144192,8.492596],[81.144143,8.492333],[81.143194,8.492195],[81.142518,8.492801],[81.142252,8.49237],[81.141917,8.492418],[81.141611,8.49207],[81.141405,8.492073],[81.141016,8.49107],[81.140201,8.490602],[81.139222,8.491691],[81.138811,8.490627],[81.139246,8.490486],[81.139213,8.489457],[81.138441,8.488534],[81.137556,8.488693],[81.137491,8.488417],[81.137196,8.488157],[81.134691,8.489014],[81.133494,8.489827],[81.132924,8.490014],[81.132898,8.490531],[81.131255,8.491983],[81.130905,8.492602],[81.130905,8.493357],[81.130389,8.493191],[81.130043,8.493491],[81.130035,8.49366],[81.129623,8.493747],[81.129394,8.493745],[81.128981,8.493379],[81.128208,8.493385],[81.126823,8.494933],[81.125819,8.496175],[81.123858,8.499221],[81.123041,8.500774],[81.121394,8.504652],[81.121115,8.505018],[81.121378,8.505379],[81.120842,8.50896],[81.121274,8.509196],[81.121967,8.509099],[81.122392,8.509223],[81.122864,8.510178],[81.122947,8.510719],[81.123256,8.510661],[81.123897,8.510894],[81.124669,8.510929],[81.125246,8.510897],[81.126288,8.510441],[81.126847,8.510598],[81.127326,8.511439],[81.127909,8.511715],[81.12854,8.512572],[81.128916,8.512846],[81.129328,8.512875],[81.129738,8.511887],[81.129993,8.511747],[81.130382,8.511822],[81.131681,8.51158],[81.132717,8.512431],[81.133377,8.512354],[81.133653,8.513288],[81.133578,8.51358],[81.133159,8.514142],[81.132859,8.51411],[81.133215,8.515702],[81.133384,8.516023],[81.134291,8.516275],[81.134853,8.516622],[81.1352,8.517798],[81.135801,8.518853],[81.136431,8.519219],[81.136574,8.519466],[81.137008,8.519623],[81.137421,8.519463],[81.137564,8.51954],[81.137872,8.520312],[81.138517,8.521108],[81.139191,8.521485],[81.139698,8.521462],[81.139867,8.521994],[81.14032,8.522644],[81.14145,8.523555],[81.142217,8.522975],[81.142534,8.522956],[81.146028,8.527964],[81.149573,8.531667],[81.147856,8.533705],[81.149058,8.537439],[81.152319,8.539476],[81.152483,8.540872],[81.15309,8.542344],[81.153184,8.544024],[81.152714,8.545372],[81.152365,8.545669],[81.152314,8.545505],[81.15273,8.544798],[81.152479,8.544554],[81.152678,8.54446],[81.152306,8.544487],[81.152023,8.544696],[81.15201,8.544919],[81.1521,8.546066],[81.152739,8.546387],[81.155655,8.5449],[81.155679,8.544705],[81.156166,8.544939],[81.156347,8.545246],[81.156577,8.545135],[81.15662,8.544919],[81.157747,8.54485],[81.158594,8.544498],[81.159829,8.543577],[81.160042,8.543567],[81.16069,8.542936],[81.161103,8.542365],[81.161042,8.542205],[81.16068,8.542057],[81.160751,8.541967],[81.161327,8.541901],[81.161563,8.541683],[81.163916,8.54101],[81.167031,8.538885],[81.16983,8.536215],[81.171744,8.533972],[81.171551,8.533571],[81.171734,8.533281],[81.172088,8.533431],[81.172716,8.5325],[81.172923,8.531762],[81.17434,8.531643],[81.176303,8.528623],[81.177588,8.525945],[81.177578,8.525691],[81.177886,8.525811],[81.178022,8.526172],[81.178545,8.52642],[81.178781,8.526243],[81.179038,8.526509],[81.179899,8.529118],[81.181512,8.532254],[81.180017,8.533378],[81.179666,8.534101],[81.179752,8.534809],[81.179954,8.535136],[81.179964,8.535379],[81.179643,8.535979],[81.1798,8.536219],[81.181926,8.537525],[81.182497,8.537529],[81.183733,8.53676],[81.185303,8.535483],[81.186286,8.534516],[81.186114,8.534402],[81.186658,8.533687],[81.189398,8.531158],[81.188511,8.529852],[81.187881,8.529445],[81.187968,8.528773],[81.187534,8.527605],[81.187756,8.526111],[81.187694,8.525157],[81.185719,8.523543],[81.185769,8.520879],[81.186403,8.520701],[81.187167,8.516728],[81.185793,8.512993],[81.186651,8.512314],[81.188025,8.511975],[81.188943,8.513061],[81.189522,8.513316],[81.190187,8.513242],[81.191005,8.512391],[81.19166,8.510549],[81.192267,8.509318],[81.192073,8.508843],[81.192358,8.508546],[81.195648,8.508233],[81.196506,8.507703],[81.197123,8.506882],[81.197247,8.505867],[81.198761,8.505863],[81.202536,8.508202],[81.203844,8.508216],[81.204682,8.509273],[81.205418,8.50977],[81.20657,8.510143],[81.210368,8.509178],[81.21054,8.50852],[81.211205,8.508265],[81.211988,8.508637],[81.213186,8.509568],[81.213178,8.509961],[81.212714,8.50985],[81.212278,8.510101],[81.211633,8.510772],[81.210344,8.512902],[81.209929,8.513909],[81.209923,8.51497],[81.210545,8.515858],[81.210913,8.516096],[81.210714,8.516199],[81.210926,8.51703],[81.209689,8.518163],[81.210038,8.518573],[81.20976,8.518772],[81.209439,8.518579],[81.209459,8.518276],[81.209077,8.518152],[81.208439,8.51827],[81.207957,8.518679],[81.207602,8.519568],[81.207308,8.521237],[81.207537,8.521887],[81.207597,8.522689],[81.207926,8.523309],[81.208348,8.523376],[81.208595,8.523611],[81.208626,8.524511],[81.209153,8.525207],[81.208904,8.525111],[81.208634,8.525369],[81.208552,8.525835],[81.209017,8.526572],[81.208912,8.526687],[81.208115,8.526443],[81.207529,8.525484],[81.207035,8.525414],[81.206139,8.525748],[81.205534,8.526405],[81.205099,8.527464],[81.205212,8.528011],[81.205567,8.528535],[81.208099,8.529561],[81.209313,8.529613],[81.21162,8.530578],[81.213894,8.53182],[81.213176,8.531576],[81.213068,8.531756],[81.212081,8.531629],[81.210676,8.530886],[81.209957,8.531077],[81.20897,8.530897],[81.208376,8.530503],[81.208209,8.530133],[81.207747,8.52992],[81.206658,8.529979],[81.205088,8.529586],[81.202964,8.529489],[81.202873,8.529379],[81.20182,8.529594],[81.201239,8.529559],[81.200608,8.530294],[81.200478,8.530926],[81.20052,8.53115],[81.201112,8.531232],[81.20116,8.531769],[81.200409,8.532438],[81.200459,8.532639],[81.200895,8.532837],[81.200492,8.532767],[81.200393,8.532924],[81.200498,8.533792],[81.200985,8.534221],[81.201256,8.534921],[81.201773,8.535242],[81.20235,8.535268],[81.202746,8.53491],[81.20365,8.534463],[81.203583,8.53433],[81.203807,8.534371],[81.203976,8.534192],[81.203938,8.533917],[81.204131,8.533843],[81.204462,8.534144],[81.204716,8.534845],[81.205433,8.535343],[81.20548,8.535528],[81.20466,8.536592],[81.204336,8.537646],[81.203682,8.537851],[81.203166,8.538213],[81.20212,8.539403],[81.201777,8.539477],[81.201567,8.539348],[81.201706,8.538532],[81.201561,8.537725],[81.20138,8.537101],[81.20099,8.536872],[81.200662,8.536954],[81.200313,8.537586],[81.199834,8.537317],[81.199071,8.537277],[81.199215,8.53783],[81.19863,8.538161],[81.198607,8.539374],[81.198675,8.539528],[81.198879,8.5395],[81.198788,8.539817],[81.199095,8.540358],[81.198935,8.540664],[81.199407,8.541445],[81.199831,8.541627],[81.200605,8.541571],[81.200805,8.5415],[81.200756,8.541321],[81.201071,8.541344],[81.201567,8.540717],[81.201987,8.540652],[81.202848,8.541498],[81.202934,8.5425],[81.202626,8.542859],[81.200394,8.543914],[81.199721,8.54459],[81.19914,8.545551],[81.198669,8.545686],[81.198514,8.545609],[81.198534,8.545301],[81.198187,8.544848],[81.198147,8.544563],[81.19781,8.54423],[81.196847,8.544206],[81.195993,8.544398],[81.194358,8.543736],[81.194082,8.543892],[81.193829,8.543853],[81.192488,8.543381],[81.191902,8.543939],[81.191734,8.54429],[81.191727,8.545489],[81.192704,8.546162],[81.193195,8.54578],[81.19356,8.545822],[81.193685,8.545713],[81.194101,8.546074],[81.193555,8.54635],[81.193691,8.546724],[81.193933,8.546837],[81.193494,8.548192],[81.193592,8.548769],[81.194063,8.549124],[81.197378,8.550873],[81.197636,8.551247],[81.19977,8.55222],[81.200333,8.552421],[81.201249,8.552358],[81.202166,8.552552],[81.206176,8.554048],[81.205822,8.555005],[81.205892,8.555504],[81.205508,8.555867],[81.205192,8.555897],[81.203818,8.555191],[81.202005,8.554891],[81.200731,8.555005],[81.20008,8.55492],[81.199889,8.554727],[81.198301,8.554088],[81.197577,8.554523],[81.197582,8.554844],[81.197388,8.555094],[81.196609,8.555037],[81.196426,8.555215],[81.196551,8.555493],[81.196442,8.555544],[81.196064,8.554982],[81.195614,8.55478],[81.195024,8.554254],[81.193827,8.553639],[81.19321,8.553533],[81.192607,8.554088],[81.191875,8.555626],[81.191822,8.556528],[81.192757,8.557697],[81.19331,8.55814],[81.193741,8.5592],[81.192743,8.559121],[81.192221,8.559436],[81.191947,8.559964],[81.191755,8.559956],[81.191566,8.561198],[81.192434,8.561393],[81.192415,8.561522],[81.191516,8.561388],[81.191341,8.561488],[81.191339,8.56205],[81.191695,8.563121],[81.192053,8.563397],[81.193067,8.563018],[81.193286,8.562787],[81.194167,8.563453],[81.194297,8.563286],[81.195136,8.563907],[81.194915,8.564206],[81.195689,8.565038],[81.195975,8.565994],[81.196508,8.5661],[81.198681,8.563122],[81.197962,8.562498],[81.19844,8.561808],[81.200305,8.563206],[81.199825,8.563883],[81.198999,8.563345],[81.196887,8.566079],[81.196975,8.566384],[81.197468,8.566588],[81.197432,8.567301],[81.197634,8.567659],[81.198322,8.567966],[81.198702,8.568447],[81.199123,8.569701],[81.198498,8.569574],[81.198048,8.569221],[81.197729,8.569413],[81.194877,8.569228],[81.194635,8.568881],[81.194169,8.568677],[81.193935,8.568754],[81.193285,8.56861],[81.193026,8.568956],[81.192997,8.569884],[81.19234,8.571513],[81.192573,8.572504],[81.193144,8.572854],[81.193371,8.573624],[81.194351,8.574048],[81.195408,8.574144],[81.195692,8.573921],[81.195711,8.573695],[81.196387,8.573556],[81.196943,8.573627],[81.197917,8.57294],[81.198237,8.573035],[81.198292,8.573331],[81.198767,8.573124],[81.198279,8.57381],[81.198588,8.574746],[81.198711,8.574801],[81.198258,8.575647],[81.198282,8.57753],[81.199049,8.578342],[81.2003,8.579059],[81.201176,8.577886],[81.200733,8.576237],[81.201042,8.575622],[81.201417,8.575258],[81.202121,8.575719],[81.202672,8.576313],[81.203256,8.576629],[81.203981,8.576336],[81.204587,8.575535],[81.204569,8.575092],[81.204311,8.574633],[81.203726,8.574255],[81.203169,8.573038],[81.203635,8.573061],[81.204528,8.573572],[81.205017,8.57309],[81.205095,8.572836],[81.20483,8.572273],[81.204294,8.571831],[81.20429,8.571497],[81.202712,8.568963],[81.202489,8.568134],[81.202929,8.568166],[81.20355,8.568367],[81.205155,8.569666],[81.205834,8.569984],[81.205911,8.570331],[81.206311,8.57062],[81.206669,8.570641],[81.207181,8.571059],[81.207371,8.571516],[81.208634,8.572755],[81.209808,8.574276],[81.21122,8.575759],[81.216088,8.581834],[81.218612,8.583959],[81.21902,8.58413],[81.21991,8.584176],[81.221714,8.582076],[81.221739,8.581644],[81.218901,8.578777],[81.21719,8.57659],[81.216878,8.576644],[81.216324,8.575548],[81.215203,8.574157],[81.214313,8.573554],[81.213632,8.573676],[81.21319,8.573563],[81.211885,8.572579],[81.211504,8.572479],[81.211185,8.572],[81.210855,8.571848],[81.210251,8.570935],[81.210734,8.570566],[81.211042,8.570055],[81.211053,8.569446],[81.209745,8.568534],[81.209218,8.567496],[81.207734,8.566105],[81.207404,8.565469],[81.20747,8.565317],[81.208289,8.565529],[81.208454,8.565355],[81.209009,8.565458],[81.210108,8.566697],[81.210553,8.566811],[81.211333,8.566659],[81.211509,8.566746],[81.21224,8.567256],[81.212479,8.567598],[81.212567,8.568049],[81.212457,8.568424],[81.212644,8.56869],[81.213107,8.568816],[81.213307,8.568678],[81.213247,8.568805],[81.213439,8.568919],[81.21427,8.568647],[81.215035,8.568683],[81.216838,8.569457],[81.223226,8.575675],[81.224363,8.575857],[81.225251,8.575555],[81.227684,8.573502],[81.229112,8.570742],[81.229629,8.568892],[81.231402,8.567587],[81.231214,8.56707],[81.230868,8.566714],[81.23094,8.56665],[81.231274,8.566977],[81.231445,8.566852],[81.231696,8.567039],[81.231915,8.567018],[81.232525,8.566119],[81.232057,8.565798],[81.232577,8.566056],[81.232858,8.565677],[81.234217,8.563251],[81.23452,8.562084],[81.234275,8.56086],[81.234096,8.560588],[81.233022,8.560062],[81.232461,8.560028],[81.232169,8.560185],[81.232122,8.559623],[81.231783,8.559302],[81.231153,8.557607],[81.231499,8.557263],[81.231557,8.556416],[81.23145,8.556293],[81.231603,8.556073],[81.231227,8.555805],[81.231373,8.555526],[81.2308,8.554382],[81.23013,8.553983],[81.229632,8.553866],[81.229336,8.553228],[81.229085,8.553384],[81.228681,8.552763],[81.228459,8.552679],[81.227917,8.552913],[81.227809,8.552834],[81.228194,8.552531],[81.227956,8.55228],[81.228004,8.551554],[81.227553,8.550958],[81.227745,8.550504],[81.227456,8.550128],[81.227558,8.550088],[81.227489,8.549925],[81.227351,8.549967],[81.227509,8.549868],[81.227392,8.549645],[81.227307,8.549693],[81.227232,8.549462],[81.226881,8.549201],[81.225609,8.548868],[81.224929,8.54832],[81.225053,8.547744],[81.224791,8.547251],[81.224641,8.547115],[81.22455,8.547191],[81.223466,8.54611],[81.223127,8.54609],[81.221986,8.544937],[81.221639,8.544294],[81.221732,8.543589],[81.221577,8.54272],[81.222695,8.543295],[81.224922,8.543725],[81.228146,8.54563],[81.229261,8.546436],[81.232094,8.547582],[81.232673,8.546606],[81.232587,8.545863],[81.229712,8.544399],[81.229728,8.543556],[81.226951,8.540214],[81.226638,8.539482],[81.226631,8.539019],[81.227254,8.537969],[81.227201,8.53697],[81.227556,8.536295],[81.227162,8.535811],[81.22725,8.535617],[81.22821,8.536017],[81.229522,8.535763],[81.229613,8.535602],[81.229735,8.535689],[81.229721,8.535566],[81.229912,8.535544],[81.2302,8.53582],[81.231232,8.536073],[81.232158,8.53606],[81.232523,8.536632],[81.23263,8.537948],[81.233338,8.538882],[81.237222,8.541322],[81.239797,8.543423],[81.24184,8.544539],[81.2427,8.544788],[81.243617,8.544675],[81.244239,8.544335],[81.244707,8.544502],[81.24593,8.546289],[81.246248,8.547876],[81.246256,8.549025],[81.244994,8.549822],[81.244728,8.550578],[81.245719,8.551974],[81.246041,8.552759],[81.244996,8.553536],[81.244775,8.554308],[81.244251,8.554843],[81.244346,8.556855],[81.245892,8.558317],[81.246198,8.5592],[81.249513,8.56196],[81.246544,8.559861],[81.245828,8.559962],[81.244956,8.560342],[81.243939,8.560155],[81.243471,8.560697],[81.242803,8.561891],[81.242522,8.56287],[81.242615,8.563176],[81.243211,8.563522],[81.243743,8.564345],[81.243562,8.564487],[81.243671,8.564776],[81.242911,8.565],[81.242702,8.564871],[81.242349,8.565071],[81.241816,8.564515],[81.242004,8.565397],[81.240982,8.56467],[81.240043,8.565366],[81.239344,8.567281],[81.238927,8.569102],[81.238803,8.57122],[81.239008,8.57229],[81.239411,8.573041],[81.23984,8.57345],[81.240209,8.574353],[81.241665,8.575159],[81.242684,8.575218],[81.243808,8.575594],[81.244365,8.575446],[81.244499,8.57591],[81.244617,8.575925],[81.244696,8.575717],[81.244979,8.575892],[81.245396,8.576631],[81.245167,8.576929],[81.245462,8.576956],[81.245625,8.577444],[81.245414,8.577486],[81.245586,8.577912],[81.245106,8.57829],[81.245283,8.578503],[81.245273,8.578803],[81.24509,8.578855],[81.245233,8.579009],[81.244888,8.57913],[81.245353,8.579388],[81.245421,8.579607],[81.245586,8.579576],[81.24545,8.580181],[81.245704,8.580436],[81.245482,8.580698],[81.245733,8.580828],[81.245557,8.580893],[81.245797,8.58144],[81.245813,8.581661],[81.245647,8.581827],[81.24596,8.582577],[81.245287,8.583243],[81.245104,8.583289],[81.244737,8.583007],[81.244682,8.58262],[81.244141,8.582134],[81.244059,8.581791],[81.243722,8.581596],[81.243341,8.579905],[81.24222,8.578774],[81.241855,8.577692],[81.240536,8.576285],[81.238574,8.576661],[81.237555,8.577011],[81.23498,8.578401],[81.2335,8.579706],[81.231544,8.581713],[81.230216,8.583533],[81.229524,8.584743],[81.229091,8.586001],[81.229056,8.5865],[81.228721,8.586624],[81.227773,8.587699],[81.225775,8.591317],[81.224734,8.593794],[81.221742,8.601916],[81.220282,8.607447],[81.219563,8.611234],[81.219306,8.613652],[81.219263,8.616389],[81.219393,8.619576],[81.219559,8.620334],[81.220097,8.621143],[81.220244,8.621179],[81.220066,8.620671],[81.220156,8.620647],[81.220353,8.621083],[81.220754,8.621225],[81.220518,8.621452],[81.220525,8.62173],[81.22101,8.622755],[81.221375,8.623155],[81.223799,8.624786],[81.22559,8.627655],[81.225983,8.627931],[81.226406,8.627719],[81.226925,8.628713],[81.22665,8.629588],[81.226076,8.630619],[81.225706,8.632271],[81.22452,8.634038],[81.223686,8.636085],[81.223275,8.63858],[81.223205,8.642002],[81.223499,8.643403],[81.223812,8.644096],[81.225093,8.645396],[81.225807,8.64766],[81.225936,8.649352],[81.225866,8.651309],[81.225464,8.653218],[81.224605,8.655148],[81.223892,8.655918],[81.223318,8.657164],[81.222739,8.657842],[81.220856,8.65912],[81.220464,8.659985],[81.220001,8.660272],[81.216854,8.661179],[81.215137,8.66593],[81.214903,8.666189],[81.214016,8.666159],[81.213481,8.666339],[81.212679,8.666816],[81.210207,8.669181],[81.205143,8.675587],[81.202441,8.679841],[81.196374,8.690875],[81.18858,8.709352],[81.181776,8.719335],[81.179046,8.7239],[81.177545,8.72681],[81.176186,8.730013],[81.175703,8.730713],[81.174906,8.732724],[81.174887,8.733344],[81.172227,8.734922],[81.171417,8.735186],[81.169416,8.736492],[81.166284,8.739079],[81.160812,8.745081],[81.156086,8.750941],[81.152996,8.756201],[81.149391,8.762817],[81.147384,8.767133],[81.147791,8.767939],[81.14776,8.76814],[81.146543,8.767803],[81.1457,8.766529],[81.145084,8.76634],[81.142975,8.76708],[81.138807,8.77039],[81.134767,8.77464],[81.130224,8.780092],[81.127242,8.784179],[81.12627,8.785249],[81.125364,8.786544],[81.124739,8.787128],[81.123398,8.789197],[81.122314,8.791432],[81.121867,8.79109],[81.121536,8.791184],[81.121223,8.790895],[81.121144,8.790378],[81.119886,8.791602],[81.110055,8.805638],[81.103986,8.815948],[81.103009,8.817852],[81.102193,8.819476],[81.10187,8.820822],[81.101801,8.821798],[81.101697,8.821824],[81.101231,8.820881],[81.100938,8.820812],[81.099895,8.821337],[81.099197,8.821964],[81.094372,8.8306],[81.092563,8.834399],[81.09093,8.838344],[81.090168,8.840852],[81.08988,8.842899],[81.089918,8.844359],[81.090444,8.845954],[81.090511,8.846958],[81.089732,8.849325],[81.088334,8.851802],[81.086823,8.852735],[81.086144,8.852882],[81.085799,8.853421],[81.085098,8.853972],[81.084252,8.855772],[81.084249,8.857056],[81.085112,8.858551],[81.085474,8.860053],[81.085342,8.860305],[81.084823,8.85957],[81.084104,8.85892],[81.083496,8.858837],[81.082246,8.85898],[81.080626,8.859598],[81.079245,8.860454],[81.077486,8.86253],[81.079235,8.865388],[81.079576,8.866381],[81.079538,8.866976],[81.079974,8.86751],[81.080071,8.867873],[81.079542,8.868779],[81.077975,8.866615],[81.076917,8.864742],[81.074016,8.86134],[81.073091,8.86065],[81.069925,8.860134],[81.06941,8.859941],[81.069172,8.859666],[81.069104,8.85932],[81.069502,8.859583],[81.070008,8.859497],[81.07018,8.858254],[81.068733,8.857558],[81.067852,8.857305],[81.066465,8.857369],[81.063732,8.858831],[81.057316,8.862931],[81.052305,8.867452],[81.047595,8.8724],[81.045148,8.874808],[81.043572,8.876012],[81.040325,8.879288],[81.03795,8.881964],[81.034934,8.885791],[81.030397,8.892116],[81.026329,8.898763],[81.021008,8.908395],[81.018516,8.914267],[81.017636,8.915507],[81.0174,8.916201],[81.017305,8.917721],[81.016872,8.917566],[81.015868,8.918179],[81.015379,8.920527],[81.012705,8.927285],[81.012255,8.928925],[81.011319,8.929349],[81.010752,8.929991],[81.010382,8.93076],[81.010326,8.931721],[81.009761,8.932418],[81.009911,8.932874],[81.009635,8.932988],[81.009396,8.932868],[81.00909,8.933221],[81.009281,8.934522],[81.009037,8.934561],[81.008967,8.934813],[81.009031,8.934991],[81.009305,8.935086],[81.009302,8.935333],[81.008868,8.935396],[81.008862,8.935179],[81.008691,8.935057],[81.008347,8.935105],[81.008165,8.935651],[81.008213,8.936032],[81.008598,8.936385],[81.008264,8.936532],[81.007723,8.936409],[81.007331,8.936736],[81.007276,8.937068],[81.007806,8.937836],[81.007634,8.938412],[81.007435,8.938326],[81.007433,8.938117],[81.007001,8.938027],[81.005195,8.935338],[81.003996,8.935355],[81.002813,8.935894],[81.001937,8.93662],[81.000501,8.938305],[80.999056,8.939434],[80.997468,8.941],[80.991746,8.949597],[80.986484,8.95872],[80.981849,8.963977],[80.977214,8.969572],[80.970691,8.979746],[80.966657,8.985309],[80.963324,8.990971],[80.963044,8.991684],[80.962753,8.991917],[80.961837,8.993661],[80.960933,8.994805],[80.960887,8.995075],[80.95921,8.997463],[80.958386,8.998984],[80.957969,8.999393],[80.957808,8.99994],[80.954809,9.004383],[80.954441,9.004564],[80.954214,9.005115],[80.952292,9.007744],[80.951931,9.008502],[80.950409,9.010696],[80.949452,9.012415],[80.948929,9.0129],[80.948298,9.013843],[80.945385,9.01869],[80.94343,9.022524],[80.942973,9.022902],[80.941729,9.025141],[80.940053,9.027416],[80.937894,9.031313],[80.935244,9.035628],[80.931918,9.041853],[80.931441,9.042433],[80.930242,9.044907],[80.929668,9.04571],[80.928201,9.048801],[80.927227,9.050064],[80.923713,9.056456],[80.922933,9.058141],[80.922571,9.058623],[80.921865,9.060355],[80.921181,9.061388],[80.920052,9.063663],[80.918748,9.065713],[80.917764,9.067846],[80.91616,9.070711],[80.915937,9.071466],[80.913743,9.075821],[80.911867,9.080096],[80.9114,9.081584],[80.911473,9.082029],[80.911337,9.082144],[80.911547,9.082575],[80.911276,9.082691],[80.910831,9.082458],[80.91031,9.082691],[80.909777,9.084137],[80.909157,9.084617],[80.908706,9.085782],[80.907932,9.086913],[80.907159,9.089286],[80.906837,9.089604],[80.906344,9.08937],[80.905571,9.090176],[80.902864,9.095343],[80.900805,9.09975],[80.899169,9.104246],[80.899038,9.104323],[80.898301,9.103825],[80.897536,9.104031],[80.896954,9.104911],[80.89672,9.105577],[80.892828,9.110516],[80.884028,9.126713],[80.883537,9.126902],[80.88334,9.127307],[80.883511,9.127395],[80.883321,9.1277],[80.882992,9.127281],[80.882448,9.127375],[80.88212,9.127937],[80.882048,9.128373],[80.882278,9.128868],[80.882513,9.129015],[80.882642,9.128938],[80.882431,9.129282],[80.882438,9.129137],[80.882212,9.129012],[80.881526,9.129172],[80.880897,9.130318],[80.880489,9.130593],[80.876284,9.139004],[80.875675,9.139978],[80.873003,9.14556],[80.868578,9.155859],[80.868165,9.157225],[80.868275,9.15799],[80.868055,9.15835],[80.867475,9.158695],[80.867078,9.159828],[80.863516,9.167131],[80.861,9.173094],[80.857637,9.182076],[80.856687,9.184819],[80.852664,9.198111],[80.850218,9.207129],[80.848035,9.216411],[80.847568,9.217825],[80.846785,9.221574],[80.845465,9.22653],[80.844006,9.231132],[80.840331,9.237438],[80.836619,9.242976],[80.833642,9.248308],[80.829903,9.254074],[80.826818,9.259453],[80.824796,9.262381],[80.823755,9.264679],[80.820161,9.270714],[80.817812,9.275667],[80.815507,9.281528],[80.814952,9.28332],[80.814561,9.286041],[80.81404,9.287508],[80.812774,9.289451],[80.81219,9.290991],[80.809373,9.293702],[80.806764,9.296748],[80.80546,9.297818],[80.804508,9.299099],[80.80332,9.30024],[80.800171,9.304538],[80.795721,9.30916],[80.795117,9.309999],[80.79301,9.31197],[80.791689,9.313671],[80.790954,9.314051],[80.789534,9.314424],[80.784366,9.318396],[80.781323,9.320949],[80.780287,9.32142],[80.778211,9.322913],[80.777745,9.32304],[80.774467,9.325115],[80.761705,9.333965],[80.755177,9.338989],[80.750188,9.343155],[80.749549,9.343546],[80.740934,9.350872],[80.738214,9.353376],[80.73079,9.36068],[80.72255,9.368419],[80.71607,9.37496],[80.705057,9.384569],[80.699132,9.390017],[80.695237,9.393823],[80.690427,9.39868],[80.686731,9.402962],[80.685001,9.404652],[80.683964,9.406046],[80.683586,9.406336],[80.683221,9.406991],[80.68065,9.409732],[80.677976,9.412233],[80.675904,9.414573],[80.675413,9.414825],[80.675122,9.415394],[80.673573,9.417043],[80.672908,9.417325],[80.67235,9.418353],[80.671728,9.419126],[80.661342,9.426977],[80.661095,9.427297],[80.660055,9.428019],[80.659728,9.42845],[80.657617,9.430033],[80.654776,9.432668],[80.649921,9.436568],[80.629735,9.45229],[80.629437,9.452679],[80.629032,9.452872],[80.626433,9.455108],[80.626168,9.455536],[80.625854,9.455642],[80.625701,9.45593],[80.624725,9.456708],[80.623553,9.457928],[80.623193,9.458116],[80.622772,9.458698],[80.621222,9.460072],[80.618877,9.461698],[80.615401,9.463799],[80.610251,9.467304],[80.609516,9.467672],[80.605131,9.470722],[80.598289,9.476186],[80.595309,9.479135],[80.594705,9.479498],[80.593986,9.47953],[80.59198,9.481202],[80.58866,9.482821],[80.582431,9.487022],[80.569262,9.497093],[80.569029,9.497397],[80.5685,9.497641],[80.566341,9.499445],[80.564321,9.500847],[80.562495,9.50245],[80.561331,9.503225],[80.551353,9.511241],[80.550934,9.511426],[80.54943,9.512786],[80.548137,9.513682],[80.54568,9.515788],[80.5452,9.516024],[80.542558,9.518338],[80.537703,9.522227],[80.531716,9.527359],[80.531094,9.527718],[80.509315,9.546615],[80.505111,9.549969],[80.504626,9.550524],[80.503234,9.551469],[80.502317,9.55236],[80.501748,9.552656],[80.500584,9.553759],[80.499927,9.554132],[80.499659,9.554484],[80.495625,9.557621],[80.494289,9.55884],[80.488187,9.563538],[80.487188,9.564617],[80.486183,9.565217],[80.485325,9.566125],[80.484099,9.566942],[80.483107,9.56792],[80.482538,9.568201],[80.479545,9.57092],[80.478228,9.571874],[80.47671,9.573348],[80.476034,9.573742],[80.471772,9.57731],[80.470728,9.577849],[80.469623,9.578947],[80.468837,9.579381],[80.467907,9.580269],[80.467295,9.580557],[80.465697,9.582007],[80.465337,9.582083],[80.461424,9.585273],[80.460748,9.585636],[80.460168,9.586241],[80.458918,9.587138],[80.458395,9.587336],[80.455472,9.589854],[80.454844,9.590153],[80.453994,9.590973],[80.452833,9.5917],[80.448412,9.595291],[80.442004,9.600128],[80.434508,9.606354],[80.414289,9.621642],[80.408134,9.626516],[80.403601,9.630316],[80.395028,9.636781],[80.383272,9.646256],[80.363724,9.663084],[80.356831,9.669572],[80.351456,9.675559],[80.341226,9.686145],[80.339587,9.688096],[80.337173,9.691489],[80.334284,9.694696],[80.329845,9.700258],[80.326994,9.704206],[80.326023,9.705298],[80.321624,9.711606],[80.319232,9.71445],[80.317209,9.717448],[80.31287,9.725512],[80.312258,9.727003],[80.311775,9.727796],[80.310284,9.729593],[80.306604,9.735536],[80.298836,9.745534],[80.296519,9.748749],[80.292292,9.754009],[80.282488,9.767903],[80.276086,9.777918],[80.269085,9.789577],[80.264311,9.797936],[80.26095,9.804178],[80.257855,9.810643],[80.256803,9.813198],[80.25506,9.81846],[80.254692,9.821331],[80.253944,9.823252],[80.252472,9.824687],[80.251755,9.825739],[80.251224,9.825979],[80.25045,9.826811],[80.246982,9.828497],[80.245822,9.828618],[80.245586,9.828457],[80.244548,9.828555],[80.243226,9.828239],[80.241449,9.828139],[80.240123,9.828342],[80.239606,9.828654],[80.239016,9.828491],[80.237992,9.828801],[80.236003,9.828137],[80.235369,9.828121],[80.234097,9.829062],[80.229339,9.830238],[80.229185,9.830455],[80.228946,9.830348],[80.226307,9.831056],[80.223528,9.832012],[80.223142,9.832367],[80.222514,9.832374],[80.222222,9.832753],[80.221892,9.832524],[80.220941,9.832873],[80.220476,9.83314],[80.220038,9.833621],[80.219478,9.833474],[80.218786,9.833531],[80.217972,9.834131],[80.216704,9.83453],[80.216221,9.834887],[80.216015,9.835389],[80.215965,9.835096],[80.215594,9.835015],[80.215048,9.835293],[80.21281,9.835564],[80.212673,9.835857],[80.21193,9.835811],[80.211718,9.835307],[80.211324,9.835138],[80.209985,9.835283],[80.208566,9.835125],[80.208287,9.834892],[80.205407,9.833883],[80.203619,9.832937],[80.202599,9.832668],[80.202247,9.832368],[80.200698,9.831673],[80.199828,9.83148],[80.199664,9.831219],[80.19714,9.830098],[80.195261,9.829406],[80.19379,9.829116],[80.193676,9.828798],[80.193121,9.828604],[80.191809,9.828626],[80.191415,9.828268],[80.190466,9.82807],[80.189882,9.828193],[80.189622,9.828004],[80.188348,9.827713],[80.1865,9.827769],[80.183283,9.827265],[80.182605,9.827436],[80.181908,9.827368],[80.181409,9.827144],[80.180824,9.827097],[80.180637,9.826916],[80.179725,9.826764],[80.179298,9.826826],[80.179225,9.826707],[80.177742,9.82633],[80.176851,9.82633],[80.176186,9.82609],[80.175327,9.825997],[80.173462,9.825989],[80.173034,9.825621],[80.172054,9.825435],[80.171126,9.825501],[80.170971,9.825303],[80.169929,9.825186],[80.169561,9.824884],[80.169066,9.824795],[80.16819,9.825002],[80.167903,9.825341],[80.16747,9.825331],[80.167164,9.82566],[80.166133,9.825463],[80.164822,9.825513],[80.164525,9.825776],[80.163551,9.82553],[80.162729,9.825661],[80.161443,9.825629],[80.161097,9.825773],[80.160406,9.825576],[80.160213,9.825633],[80.160051,9.825977],[80.160432,9.825851],[80.160543,9.825978],[80.160061,9.826179],[80.159812,9.82597],[80.159812,9.825615],[80.159469,9.825546],[80.158106,9.825669],[80.156055,9.826152],[80.155019,9.826257],[80.154319,9.826069],[80.151484,9.826227],[80.149956,9.825901],[80.148358,9.826332],[80.146523,9.826002],[80.145835,9.826052],[80.145146,9.825786],[80.144775,9.825266],[80.143131,9.825165],[80.142289,9.82492],[80.140337,9.825329],[80.13976,9.825276],[80.139505,9.825131],[80.139218,9.824505],[80.138596,9.824143],[80.138142,9.823569],[80.137735,9.823507],[80.13734,9.822984],[80.136501,9.822528],[80.135722,9.821817],[80.135722,9.821493],[80.134921,9.82072],[80.133976,9.82031],[80.132083,9.820313],[80.130174,9.820945],[80.129436,9.820839],[80.127746,9.820154],[80.126899,9.81997],[80.126625,9.819591],[80.1239,9.818186],[80.122462,9.817234],[80.117237,9.814766],[80.116789,9.814081],[80.115881,9.81332],[80.113721,9.811726],[80.112286,9.810882],[80.110522,9.810414],[80.108544,9.810196],[80.107746,9.809866],[80.105252,9.809698],[80.103841,9.809264],[80.100972,9.808856],[80.099932,9.808922],[80.097756,9.809395],[80.093207,9.809717],[80.088783,9.809542],[80.088157,9.809353],[80.086633,9.809642],[80.086382,9.809567],[80.086035,9.809797],[80.08598,9.809358],[80.085487,9.809239],[80.082245,9.810204],[80.079509,9.810711],[80.076912,9.810985],[80.076086,9.810693],[80.075139,9.810835],[80.073469,9.811484],[80.073322,9.811747],[80.073104,9.811761],[80.072725,9.811278],[80.072116,9.81135],[80.071618,9.811149],[80.070979,9.811128],[80.070056,9.811533],[80.067594,9.812051],[80.066104,9.812749],[80.064126,9.813103],[80.063476,9.813441],[80.063448,9.813769],[80.063292,9.813461],[80.061533,9.814011],[80.060614,9.814055],[80.058965,9.814495],[80.056932,9.814479],[80.055323,9.815202],[80.05503,9.815479],[80.055048,9.815807],[80.054564,9.815157],[80.05343,9.815133],[80.052679,9.815328],[80.051992,9.81578],[80.051719,9.815724],[80.050445,9.816109],[80.048759,9.816324],[80.048532,9.816429],[80.048492,9.816743],[80.048113,9.816366],[80.047983,9.815981],[80.04653,9.816235],[80.045514,9.817095],[80.045358,9.816847],[80.044811,9.816909],[80.0447,9.816407],[80.044319,9.816309],[80.043592,9.816512],[80.042733,9.817028],[80.039118,9.818003],[80.036613,9.818109],[80.03099,9.823031],[80.030248,9.823395],[80.026691,9.822893],[80.026711,9.822756],[80.03022,9.823252],[80.03089,9.822926],[80.031868,9.822106],[80.031201,9.821836],[80.031241,9.821691],[80.032093,9.82188],[80.03454,9.819599],[80.034429,9.819483],[80.035149,9.818881],[80.035038,9.818765],[80.035153,9.818658],[80.035468,9.818712],[80.036363,9.817775],[80.035681,9.817331],[80.033814,9.81682],[80.033363,9.817914],[80.032913,9.81775],[80.033235,9.816892],[80.032738,9.816711],[80.032415,9.817574],[80.032262,9.817519],[80.032105,9.81794],[80.031923,9.817875],[80.032159,9.817542],[80.031932,9.817461],[80.032073,9.817058],[80.031339,9.816707],[80.031229,9.817046],[80.030984,9.816968],[80.031149,9.816651],[80.0309,9.816441],[80.030938,9.816334],[80.031259,9.816462],[80.031575,9.816053],[80.03132,9.816131],[80.031453,9.81591],[80.031348,9.815855],[80.031203,9.816034],[80.031269,9.815716],[80.030839,9.815409],[80.030288,9.815479],[80.030197,9.815979],[80.02985,9.816182],[80.030066,9.816433],[80.02978,9.816245],[80.02945,9.816587],[80.029055,9.816438],[80.027328,9.816766],[80.027029,9.816446],[80.026205,9.816315],[80.023865,9.816529],[80.021274,9.817151],[80.020552,9.816898],[80.019449,9.816966],[80.018559,9.816749],[80.017494,9.816143],[80.015673,9.816041],[80.012916,9.81566],[80.011141,9.815044],[80.01007,9.81401],[80.009114,9.813816],[80.007848,9.81328],[80.005904,9.81353],[80.00304,9.81305],[80.000621,9.812466],[79.998617,9.811229],[79.998179,9.811097],[79.995324,9.812065],[79.993563,9.812127],[79.9913,9.811786],[79.989651,9.810796],[79.988488,9.810286],[79.986553,9.810576],[79.983526,9.809892],[79.982113,9.80907],[79.981309,9.808764],[79.978557,9.808015],[79.976724,9.80656],[79.975639,9.805999],[79.974688,9.80567],[79.973938,9.805601],[79.973573,9.805904],[79.97342,9.806398],[79.973334,9.80588],[79.973023,9.805753],[79.970472,9.805327],[79.969204,9.803913],[79.968729,9.803596],[79.967648,9.803237],[79.967197,9.803221],[79.965008,9.801239],[79.963989,9.801048],[79.96253,9.800203],[79.961479,9.799949],[79.960052,9.799885],[79.9587,9.798833],[79.957525,9.798522],[79.955674,9.798458],[79.953904,9.797951],[79.952874,9.797232],[79.948851,9.795382],[79.948132,9.795276],[79.947091,9.794747],[79.945997,9.793933],[79.945611,9.793373],[79.945622,9.793034],[79.94427,9.791533],[79.943583,9.7887],[79.943368,9.787056],[79.942746,9.786072],[79.942092,9.785454],[79.940515,9.784619],[79.939592,9.784312],[79.938358,9.784323],[79.937586,9.783012],[79.936856,9.782324],[79.934002,9.780876],[79.93264,9.780437],[79.931771,9.779708],[79.930826,9.778412],[79.930368,9.778074],[79.927415,9.776943],[79.924979,9.776467],[79.92366,9.775727],[79.922469,9.775462],[79.919829,9.775716],[79.919078,9.775864],[79.917898,9.776372],[79.916611,9.776562],[79.914293,9.776604],[79.91322,9.776478],[79.912405,9.77597],[79.911482,9.775864],[79.910731,9.775505],[79.909723,9.773031],[79.907963,9.771973],[79.906225,9.769161],[79.906123,9.768426],[79.906896,9.767961],[79.90711,9.767326],[79.906617,9.765661],[79.905925,9.764239],[79.905705,9.763441],[79.905555,9.76121],[79.905646,9.760607],[79.90637,9.75808],[79.907843,9.755812],[79.907797,9.755328],[79.907989,9.754854],[79.908725,9.754511],[79.909782,9.753195],[79.910629,9.753153],[79.911906,9.752603],[79.913333,9.752492],[79.914292,9.752126],[79.915076,9.751281],[79.915674,9.750114],[79.915824,9.749484],[79.916323,9.74894],[79.916634,9.748649],[79.918292,9.748279],[79.91885,9.747232],[79.919424,9.746899],[79.919732,9.746984],[79.920256,9.746143],[79.920531,9.745638],[79.92022,9.745698],[79.919713,9.745225],[79.919979,9.744741],[79.919995,9.744332],[79.918852,9.744207],[79.918894,9.743979],[79.920103,9.744043],[79.920731,9.742965],[79.922189,9.7418],[79.925578,9.738551],[79.923784,9.737159],[79.923234,9.735391],[79.926324,9.733191],[79.928727,9.728285],[79.931898,9.72412],[79.932657,9.722102],[79.931288,9.72041],[79.930444,9.718133],[79.930444,9.713903],[79.931841,9.710426],[79.936991,9.704334],[79.938219,9.699008],[79.938955,9.697228],[79.939415,9.696717],[79.940533,9.696182],[79.941366,9.69533],[79.939716,9.692973],[79.941428,9.695116],[79.942171,9.694905],[79.943174,9.694928],[79.94452,9.694445],[79.945446,9.69352],[79.945368,9.693235],[79.944767,9.692996],[79.94391,9.693072],[79.943474,9.692915],[79.942589,9.693436],[79.942318,9.692951],[79.942379,9.692093],[79.942633,9.691621],[79.943085,9.691344],[79.94374,9.691058],[79.944477,9.690965],[79.94576,9.690152],[79.946662,9.690181],[79.947115,9.690405],[79.948251,9.690221],[79.949192,9.690519],[79.950872,9.691568],[79.95276,9.69106],[79.954648,9.688522],[79.955335,9.690722],[79.954992,9.692414],[79.957052,9.694275],[79.958425,9.695967],[79.95997,9.697152],[79.960192,9.699053],[79.96384,9.701421],[79.964507,9.702054],[79.964399,9.703336],[79.965246,9.706225],[79.965619,9.707056],[79.967256,9.704556],[79.968261,9.704033],[79.967886,9.702348],[79.968107,9.701149],[79.967909,9.699818],[79.96679,9.698572],[79.969775,9.694636],[79.974212,9.6911],[79.976884,9.689505],[79.977592,9.689225],[79.97798,9.68922],[79.978595,9.688885],[79.978634,9.68861],[79.978042,9.68812],[79.97816,9.6879],[79.978633,9.688113],[79.978976,9.688042],[79.979251,9.687882],[79.97917,9.687701],[79.979295,9.687603],[79.979673,9.687925],[79.979967,9.688461],[79.980198,9.688482],[79.980979,9.688055],[79.980998,9.687682],[79.980358,9.686989],[79.979928,9.686118],[79.980145,9.685995],[79.980159,9.68578],[79.979971,9.68558],[79.979969,9.685319],[79.980258,9.68527],[79.980635,9.684969],[79.981248,9.685096],[79.981944,9.684861],[79.982125,9.685178],[79.982429,9.685225],[79.982823,9.685059],[79.983411,9.684445],[79.983841,9.684871],[79.984332,9.684901],[79.984435,9.685133],[79.984773,9.685069],[79.984993,9.685195],[79.985002,9.685573],[79.984634,9.686196],[79.984731,9.686817],[79.984947,9.686912],[79.985496,9.686636],[79.986032,9.686943],[79.985927,9.687265],[79.986092,9.687479],[79.986169,9.688051],[79.986462,9.68828],[79.986546,9.688559],[79.9865,9.689044],[79.986308,9.689352],[79.986292,9.690035],[79.986548,9.690635],[79.986915,9.691249],[79.988192,9.691937],[79.989691,9.691919],[79.992043,9.691092],[79.992917,9.690957],[79.994999,9.689979],[79.997878,9.688082],[79.998241,9.687615],[79.998469,9.686724],[79.998972,9.686082],[79.999614,9.683734],[79.999697,9.682048],[80.000113,9.680347],[79.999561,9.680291],[79.999475,9.678942],[79.999624,9.678762],[79.999942,9.678837],[80.000129,9.678515],[80.000273,9.677473],[80.000011,9.67698],[80.00009,9.676735],[79.999648,9.67654],[79.999672,9.67635],[80.000089,9.676313],[79.999207,9.673472],[79.99897,9.673256],[79.998873,9.671731],[79.998721,9.671419],[79.99883,9.671108],[79.999417,9.670852],[80.001241,9.668411],[80.000871,9.667897],[80.001092,9.667397],[80.001958,9.667192],[80.002665,9.666504],[80.003188,9.665892],[80.003753,9.664449],[80.004938,9.663469],[80.005127,9.663122],[80.005118,9.662715],[80.003441,9.660348],[80.003662,9.660244],[80.005318,9.662571],[80.006042,9.662126],[80.006383,9.661745],[80.006721,9.661672],[80.007838,9.660215],[80.009625,9.659618],[80.01205,9.658388],[80.013968,9.656998],[80.014095,9.656764],[80.013505,9.654261],[80.013604,9.654017],[80.014673,9.653325],[80.014545,9.653051],[80.015264,9.652582],[80.015414,9.652835],[80.015605,9.652699],[80.015582,9.652555],[80.016332,9.652151],[80.016503,9.651752],[80.01703,9.651666],[80.019608,9.649932],[80.02364,9.648654],[80.023973,9.648617],[80.024373,9.649242],[80.024999,9.649284],[80.026839,9.648369],[80.026724,9.648163],[80.027022,9.648032],[80.027111,9.648255],[80.02955,9.647533],[80.029989,9.647144],[80.030143,9.647499],[80.031978,9.647175],[80.03301,9.647241],[80.033027,9.647004],[80.033418,9.646737],[80.034235,9.646579],[80.034423,9.646612],[80.034771,9.647279],[80.035713,9.647277],[80.036221,9.646942],[80.036415,9.646612],[80.036298,9.646338],[80.036007,9.646372],[80.035952,9.646171],[80.035654,9.646147],[80.036613,9.646057],[80.03693,9.647073],[80.037324,9.647082],[80.038687,9.646631],[80.03948,9.64618],[80.040016,9.646301],[80.041072,9.647319],[80.041871,9.647517],[80.042516,9.649013],[80.042389,9.649403],[80.042552,9.649622],[80.042541,9.650002],[80.043566,9.650575],[80.044142,9.650719],[80.045132,9.650541],[80.046184,9.649902],[80.046283,9.650111],[80.046939,9.650035],[80.050705,9.648661],[80.054777,9.647014],[80.057998,9.645503],[80.063568,9.642275],[80.069038,9.639696],[80.071231,9.638397],[80.074106,9.63634],[80.075544,9.634877],[80.078512,9.632293],[80.08109,9.629564],[80.082047,9.628741],[80.085895,9.626585],[80.088424,9.624922],[80.092087,9.622142],[80.096408,9.619161],[80.100461,9.617299],[80.106401,9.615351],[80.110353,9.613444],[80.115529,9.611939],[80.12355,9.608634],[80.126703,9.607855],[80.130663,9.606664],[80.131658,9.606812],[80.13312,9.607514],[80.134248,9.608313],[80.135571,9.609914],[80.134486,9.610579],[80.134328,9.609583],[80.132686,9.60918],[80.131087,9.609434],[80.130208,9.609816],[80.12986,9.609738],[80.12665,9.610769],[80.125794,9.611202],[80.125554,9.610986],[80.124514,9.611491],[80.122861,9.612005],[80.121322,9.612119],[80.120447,9.612375],[80.117093,9.614589],[80.116505,9.615294],[80.116226,9.615989],[80.115081,9.617174],[80.113911,9.617884],[80.112447,9.619737],[80.112002,9.621068],[80.111983,9.623208],[80.10951,9.624218],[80.109383,9.624701],[80.108572,9.625022],[80.106253,9.62664],[80.104899,9.626983],[80.101141,9.629201],[80.100811,9.629996],[80.100084,9.629708],[80.099723,9.631028],[80.098062,9.633244],[80.097816,9.634922],[80.09729,9.635175],[80.096483,9.635141],[80.09556,9.635524],[80.094904,9.636054],[80.09022,9.638308],[80.082488,9.640502],[80.080283,9.641729],[80.079189,9.643105],[80.077898,9.644087],[80.077704,9.644804],[80.077754,9.645725],[80.077028,9.646557],[80.076847,9.647385],[80.077209,9.647914],[80.078066,9.647607],[80.078317,9.64726],[80.079845,9.646813],[80.080661,9.646838],[80.081099,9.647264],[80.081474,9.648087],[80.08089,9.647745],[80.080037,9.648307],[80.078907,9.65056],[80.077453,9.650597],[80.076972,9.651309],[80.07712,9.652624],[80.077396,9.653567],[80.076584,9.65717],[80.076728,9.658272],[80.076626,9.659116],[80.076256,9.65921],[80.075626,9.658903],[80.074522,9.658876],[80.07393,9.659311],[80.073059,9.660378],[80.070987,9.660634],[80.067906,9.662237],[80.068166,9.66302],[80.069327,9.663561],[80.069279,9.664452],[80.069488,9.66462],[80.069766,9.66462],[80.070086,9.664223],[80.069976,9.663975],[80.071421,9.662297],[80.071685,9.662367],[80.071815,9.662765],[80.073013,9.662497],[80.073618,9.662067],[80.074199,9.661315],[80.077662,9.659425],[80.078026,9.659128],[80.078237,9.658534],[80.080312,9.655845],[80.091144,9.648621],[80.114829,9.636084],[80.137209,9.626383],[80.148865,9.618718],[80.15365,9.614328],[80.155365,9.609927],[80.167872,9.599696],[80.178676,9.593095],[80.193531,9.58516],[80.197895,9.582359],[80.199723,9.580951],[80.200138,9.58025],[80.199456,9.575212],[80.199554,9.575015],[80.199786,9.575736],[80.200777,9.583221],[80.201353,9.583251],[80.202829,9.582197],[80.203611,9.582108],[80.203002,9.583127],[80.203127,9.583346],[80.203616,9.583473],[80.204292,9.583104],[80.204718,9.582591],[80.204477,9.582357],[80.204178,9.582308],[80.204333,9.582221],[80.205023,9.582361],[80.205475,9.582552],[80.205607,9.583096],[80.206241,9.583498],[80.206584,9.583517],[80.206811,9.583288],[80.207078,9.583444],[80.207904,9.583465],[80.208592,9.583635],[80.209048,9.583971],[80.209092,9.584314],[80.208595,9.584465],[80.208682,9.58503],[80.208569,9.585532],[80.207754,9.586307],[80.207091,9.586524],[80.206343,9.586564],[80.205273,9.585961],[80.204645,9.58632],[80.203924,9.586358],[80.202636,9.586733],[80.201783,9.587299],[80.20151,9.58786],[80.201225,9.588034],[80.20019,9.588457],[80.199782,9.588394],[80.198961,9.588579],[80.197406,9.589558],[80.185035,9.595048],[80.184539,9.595582],[80.184386,9.596222],[80.184853,9.599682],[80.185213,9.600232],[80.185218,9.600512],[80.185009,9.600798],[80.183515,9.601406],[80.182809,9.601998],[80.181334,9.602456],[80.180508,9.603194],[80.179886,9.603395],[80.178137,9.603373],[80.173835,9.603109],[80.173223,9.603141],[80.172856,9.60354],[80.169902,9.609012],[80.170294,9.609054],[80.172456,9.608557],[80.173186,9.608916],[80.174414,9.608763],[80.175015,9.608853],[80.176088,9.60972],[80.176565,9.609789],[80.177005,9.60957],[80.177447,9.609789],[80.177531,9.611006],[80.177316,9.611127],[80.176611,9.611045],[80.176428,9.611217],[80.177364,9.61282],[80.176806,9.615255],[80.175699,9.616305],[80.175355,9.616916],[80.174521,9.617625],[80.172217,9.618527],[80.168677,9.620523],[80.168257,9.620632],[80.16751,9.620394],[80.166485,9.620452],[80.163084,9.621756],[80.161958,9.622372],[80.161067,9.622541],[80.159343,9.623879],[80.159233,9.624551],[80.159436,9.625006],[80.159919,9.625397],[80.161121,9.625614],[80.163072,9.624448],[80.163385,9.624617],[80.163819,9.624522],[80.165734,9.623207],[80.16659,9.622954],[80.166936,9.622552],[80.167502,9.622496],[80.168239,9.62294],[80.168752,9.622893],[80.168894,9.622647],[80.169117,9.622586],[80.169387,9.622882],[80.169984,9.622241],[80.17009,9.621894],[80.171683,9.622441],[80.17208,9.623393],[80.171635,9.624297],[80.170863,9.624911],[80.169275,9.625344],[80.168878,9.625672],[80.168577,9.62636],[80.168535,9.626836],[80.168889,9.62746],[80.169792,9.628113],[80.17093,9.628552],[80.171724,9.628631],[80.17192,9.629126],[80.172459,9.629755],[80.1723,9.630369],[80.171807,9.631141],[80.17038,9.631971],[80.170289,9.632209],[80.170444,9.632754],[80.170654,9.632934],[80.171785,9.633256],[80.172424,9.633909],[80.172727,9.63489],[80.172622,9.636914],[80.171633,9.638254],[80.170766,9.638283],[80.170002,9.63872],[80.169567,9.638762],[80.168596,9.638474],[80.16862,9.638114],[80.168116,9.63727],[80.166992,9.637183],[80.165962,9.636911],[80.165278,9.637331],[80.164554,9.63694],[80.164337,9.636575],[80.163865,9.636226],[80.163696,9.636226],[80.163495,9.636601],[80.16332,9.636627],[80.162585,9.636008],[80.162324,9.63604],[80.162406,9.636472],[80.162145,9.637218],[80.161169,9.639263],[80.160177,9.640633],[80.161166,9.641964],[80.161175,9.642157],[80.160713,9.642871],[80.160343,9.643212],[80.159868,9.643339],[80.159576,9.643741],[80.158795,9.644233],[80.158436,9.645264],[80.157672,9.645891],[80.157178,9.645994],[80.156777,9.645373],[80.156762,9.645003],[80.156569,9.644895],[80.156341,9.645021],[80.158946,9.64927],[80.159828,9.649519],[80.160142,9.649889],[80.160312,9.65069],[80.159926,9.650508],[80.159823,9.650644],[80.160316,9.651528],[80.160931,9.651809],[80.160819,9.652273],[80.1618,9.653907],[80.161926,9.653866],[80.161969,9.653258],[80.162156,9.652835],[80.16251,9.652666],[80.163617,9.652583],[80.164019,9.652734],[80.164374,9.652544],[80.165293,9.652467],[80.165547,9.652635],[80.165628,9.652925],[80.164345,9.653562],[80.164306,9.654078],[80.163646,9.65426],[80.163397,9.654678],[80.162914,9.654881],[80.162756,9.654885],[80.162694,9.654701],[80.162536,9.654749],[80.162537,9.654988],[80.162911,9.655487],[80.163261,9.65547],[80.163539,9.655705],[80.163806,9.655716],[80.164359,9.655465],[80.164248,9.655127],[80.164576,9.655298],[80.16504,9.655127],[80.16551,9.655576],[80.166055,9.655537],[80.166448,9.65575],[80.166972,9.654978],[80.167314,9.654865],[80.16813,9.655109],[80.168349,9.655804],[80.169366,9.656357],[80.169851,9.656389],[80.171184,9.656143],[80.173635,9.655297],[80.18264,9.651374],[80.189834,9.64729],[80.192328,9.645516],[80.193498,9.644503],[80.193943,9.644412],[80.194069,9.644907],[80.194641,9.645091],[80.195311,9.644701],[80.196104,9.64458],[80.197127,9.644098],[80.198827,9.643149],[80.199063,9.642797],[80.200421,9.641895],[80.200638,9.641853],[80.201394,9.642627],[80.201701,9.642694],[80.203103,9.641642],[80.20497,9.641451],[80.205166,9.641384],[80.20527,9.641144],[80.205561,9.641323],[80.207389,9.640748],[80.211788,9.638233],[80.217107,9.635631],[80.219963,9.63433],[80.225025,9.632368],[80.230999,9.629357],[80.241442,9.623242],[80.245077,9.62143],[80.249362,9.618956],[80.254738,9.615171],[80.255327,9.614548],[80.25663,9.613583],[80.258663,9.613059],[80.259946,9.612287],[80.260811,9.612103],[80.262884,9.61097],[80.26345,9.610884],[80.264525,9.610268],[80.264932,9.609874],[80.265533,9.609689],[80.270657,9.606226],[80.280911,9.600372],[80.283704,9.598608],[80.284705,9.597776],[80.285936,9.597406],[80.286627,9.596974],[80.287143,9.596448],[80.287655,9.59664],[80.288612,9.596266],[80.290162,9.595117],[80.290529,9.594549],[80.290434,9.594136],[80.290702,9.594465],[80.291926,9.594292],[80.294678,9.592507],[80.296457,9.591824],[80.297767,9.590842],[80.297529,9.590286],[80.297623,9.589871],[80.297203,9.589301],[80.29698,9.588484],[80.296602,9.589312],[80.296218,9.589682],[80.295478,9.590248],[80.294799,9.59042],[80.294746,9.589851],[80.29567,9.588332],[80.29609,9.587864],[80.296465,9.587706],[80.296609,9.587426],[80.299185,9.585662],[80.299813,9.585015],[80.301442,9.583986],[80.301855,9.584006],[80.302232,9.583767],[80.302451,9.583345],[80.302618,9.583295],[80.302873,9.583545],[80.302945,9.583941],[80.303134,9.58387],[80.302973,9.584271],[80.303145,9.584387],[80.303706,9.584346],[80.303793,9.584829],[80.304683,9.58592],[80.305045,9.585681],[80.304748,9.585548],[80.304374,9.584626],[80.305472,9.584601],[80.306121,9.583829],[80.306373,9.583998],[80.30643,9.584712],[80.306593,9.58494],[80.307038,9.584927],[80.307701,9.584517],[80.307875,9.58504],[80.308385,9.58503],[80.309308,9.584182],[80.311325,9.582959],[80.313248,9.58142],[80.313311,9.58128],[80.313169,9.581146],[80.31269,9.581437],[80.312477,9.581228],[80.312706,9.581022],[80.31297,9.581036],[80.31293,9.580687],[80.313201,9.580618],[80.313342,9.58014],[80.31363,9.580021],[80.313865,9.580115],[80.313981,9.580388],[80.313858,9.580998],[80.313976,9.581027],[80.317103,9.579246],[80.319417,9.577487],[80.319586,9.576897],[80.320159,9.57691],[80.320761,9.57645],[80.32118,9.575708],[80.321911,9.575165],[80.322488,9.575051],[80.324328,9.573932],[80.324459,9.573693],[80.32499,9.573628],[80.325758,9.573107],[80.325819,9.572909],[80.325626,9.572686],[80.325825,9.572467],[80.326038,9.572739],[80.326199,9.572717],[80.326688,9.572193],[80.327218,9.57216],[80.330162,9.570274],[80.333498,9.567672],[80.334359,9.567143],[80.335073,9.56686],[80.336155,9.566784],[80.3374,9.565855],[80.339955,9.563194],[80.341212,9.562527],[80.341821,9.562014],[80.34346,9.560314],[80.345912,9.558883],[80.346427,9.55842],[80.346947,9.557616],[80.347631,9.557058],[80.347913,9.556595],[80.347948,9.556052],[80.348755,9.554206],[80.349216,9.55382],[80.349573,9.553077],[80.349761,9.552249],[80.349573,9.551715],[80.349015,9.551704],[80.34843,9.552037],[80.34799,9.551955],[80.347951,9.551526],[80.349267,9.550482],[80.349762,9.549869],[80.352381,9.549382],[80.358018,9.544879],[80.359123,9.543746],[80.359657,9.543519],[80.361487,9.541853],[80.368745,9.534024],[80.37515,9.526464],[80.377704,9.523071],[80.382033,9.516215],[80.382709,9.515381],[80.3846,9.513894],[80.385522,9.513701],[80.386421,9.514254],[80.386633,9.514805],[80.387248,9.515311],[80.387584,9.516205],[80.387568,9.516554],[80.388433,9.516635],[80.39008,9.515566],[80.39126,9.514243],[80.39178,9.513365],[80.392614,9.511365],[80.392537,9.511053],[80.392123,9.510595],[80.393969,9.509217],[80.395146,9.507762],[80.396246,9.505765],[80.396815,9.50381],[80.396455,9.502871],[80.396168,9.502569],[80.394511,9.501486],[80.394445,9.501597],[80.395275,9.502501],[80.396124,9.502961],[80.395511,9.502784],[80.39466,9.50208],[80.393369,9.5002],[80.393117,9.499416],[80.392668,9.499096],[80.392703,9.498464],[80.392174,9.496157],[80.391891,9.495914],[80.391603,9.494771],[80.391673,9.494091],[80.392223,9.492212],[80.391759,9.491265],[80.391757,9.490571],[80.391579,9.490369],[80.39144,9.489683],[80.391575,9.489175],[80.391933,9.488932],[80.391897,9.488624],[80.39211,9.488022],[80.390533,9.48555],[80.390632,9.484752],[80.390503,9.483974],[80.390053,9.482699],[80.389476,9.481786],[80.389436,9.48119],[80.388516,9.480341],[80.387722,9.479976],[80.386252,9.479575],[80.385796,9.479852],[80.384863,9.47985],[80.384505,9.47926],[80.382917,9.47859],[80.382591,9.478831],[80.382441,9.479493],[80.382296,9.479609],[80.381853,9.479598],[80.381762,9.479292],[80.381008,9.479165],[80.380392,9.479371],[80.379694,9.479937],[80.379179,9.480077],[80.3789,9.479879],[80.37861,9.479186],[80.376422,9.478318],[80.375301,9.477109],[80.375075,9.476426],[80.374426,9.476022],[80.372173,9.474027],[80.370381,9.473098],[80.368501,9.472342],[80.367882,9.472295],[80.367573,9.472471],[80.366872,9.472345],[80.364556,9.470945],[80.361525,9.470371],[80.359017,9.469152],[80.358655,9.469191],[80.357158,9.468811],[80.353624,9.468523],[80.353477,9.468365],[80.352688,9.468204],[80.352238,9.467698],[80.352173,9.467266],[80.351665,9.466889],[80.350584,9.46678],[80.349849,9.467198],[80.348918,9.467206],[80.347331,9.467839],[80.346365,9.468725],[80.343699,9.472289],[80.342438,9.472947],[80.34022,9.473746],[80.339858,9.473762],[80.33809,9.471729],[80.337503,9.469773],[80.337311,9.469531],[80.337591,9.468368],[80.337278,9.467996],[80.33807,9.467287],[80.338086,9.466964],[80.337879,9.466696],[80.337937,9.466433],[80.33762,9.466271],[80.337079,9.466544],[80.336379,9.465725],[80.3368,9.465174],[80.337291,9.464915],[80.337158,9.464176],[80.336836,9.463524],[80.336957,9.463156],[80.337321,9.463007],[80.337671,9.463266],[80.338415,9.462907],[80.338243,9.462322],[80.33786,9.462026],[80.337958,9.461804],[80.33819,9.461902],[80.337977,9.461574],[80.337844,9.461598],[80.338081,9.46139],[80.338047,9.461114],[80.337691,9.460843],[80.337435,9.460873],[80.337805,9.460492],[80.337632,9.460169],[80.337439,9.460093],[80.337441,9.459679],[80.336109,9.458423],[80.335379,9.457233],[80.335136,9.457032],[80.334696,9.457061],[80.334641,9.457191],[80.33488,9.457528],[80.334779,9.457748],[80.334526,9.457667],[80.334361,9.457427],[80.333985,9.457449],[80.333265,9.456298],[80.332637,9.45574],[80.3314,9.455721],[80.331031,9.455401],[80.3305,9.455454],[80.330125,9.455066],[80.326986,9.455782],[80.326424,9.456184],[80.325896,9.456186],[80.324227,9.457019],[80.323504,9.457188],[80.321265,9.458343],[80.319568,9.459541],[80.318839,9.460242],[80.318491,9.460896],[80.317593,9.461592],[80.317091,9.461788],[80.315158,9.462035],[80.314445,9.461752],[80.313395,9.462291],[80.311925,9.462696],[80.311665,9.462597],[80.311048,9.461943],[80.309778,9.460186],[80.308176,9.459931],[80.307919,9.460007],[80.307637,9.459402],[80.306945,9.45865],[80.305218,9.458123],[80.30515,9.457126],[80.304724,9.456277],[80.303358,9.455676],[80.302245,9.455568],[80.301403,9.455697],[80.300985,9.455499],[80.300405,9.455838],[80.299287,9.455994],[80.298643,9.456641],[80.298378,9.456504],[80.298113,9.456586],[80.297734,9.457322],[80.296685,9.457769],[80.296198,9.457577],[80.295498,9.457784],[80.294255,9.45681],[80.29368,9.457161],[80.293568,9.457915],[80.292839,9.458532],[80.292324,9.458616],[80.292203,9.458802],[80.292907,9.456803],[80.292316,9.456631],[80.291565,9.456039],[80.29082,9.45572],[80.290099,9.455054],[80.290556,9.4549],[80.290934,9.454486],[80.291782,9.454028],[80.292758,9.453639],[80.292969,9.453149],[80.29378,9.452827],[80.293807,9.452259],[80.293607,9.451995],[80.293292,9.45193],[80.293149,9.451095],[80.292608,9.450565],[80.292034,9.450594],[80.291777,9.450766],[80.291503,9.451266],[80.291287,9.450988],[80.290782,9.451237],[80.29043,9.451118],[80.29054,9.449977],[80.290382,9.449668],[80.288998,9.449895],[80.288322,9.44976],[80.287308,9.449919],[80.28664,9.450345],[80.28612,9.450469],[80.285766,9.451202],[80.285141,9.451439],[80.286056,9.451948],[80.287112,9.452008],[80.288008,9.451802],[80.288499,9.451868],[80.288738,9.451985],[80.289009,9.452569],[80.289428,9.45279],[80.289473,9.453876],[80.288507,9.455126],[80.288404,9.455733],[80.287733,9.456474],[80.287141,9.456475],[80.286374,9.455726],[80.286592,9.455001],[80.286595,9.455705],[80.287281,9.456456],[80.287659,9.456436],[80.288157,9.455949],[80.288038,9.455365],[80.28733,9.454306],[80.286737,9.454062],[80.285991,9.454152],[80.284836,9.454871],[80.282326,9.455685],[80.280454,9.455347],[80.279467,9.455442],[80.27797,9.456082],[80.276833,9.456754],[80.274789,9.457346],[80.274295,9.457294],[80.271058,9.458628],[80.270303,9.458695],[80.268289,9.459888],[80.266792,9.459867],[80.266235,9.460083],[80.264668,9.461095],[80.263954,9.461288],[80.263281,9.462015],[80.262782,9.462262],[80.261611,9.463771],[80.261307,9.463748],[80.26101,9.463321],[80.26123,9.463428],[80.261575,9.463296],[80.261454,9.462898],[80.261157,9.463174],[80.260885,9.463197],[80.260733,9.463451],[80.259929,9.463373],[80.2587,9.463873],[80.258666,9.46442],[80.258371,9.464885],[80.25773,9.464164],[80.257026,9.464338],[80.256738,9.464697],[80.257136,9.465042],[80.257133,9.465267],[80.253386,9.467892],[80.251627,9.468151],[80.250036,9.468796],[80.249111,9.467765],[80.248089,9.467259],[80.246761,9.466865],[80.245573,9.467],[80.244074,9.467664],[80.239342,9.470424],[80.238918,9.470992],[80.238422,9.47117],[80.237521,9.471963],[80.237355,9.472267],[80.23739,9.472897],[80.237105,9.473347],[80.236821,9.473371],[80.236424,9.473167],[80.236164,9.473225],[80.234237,9.475237],[80.23444,9.475356],[80.234823,9.475236],[80.235885,9.475405],[80.237223,9.476167],[80.238688,9.475924],[80.239511,9.475938],[80.240076,9.475625],[80.240942,9.476045],[80.241248,9.476485],[80.241467,9.476567],[80.241829,9.476434],[80.242362,9.477127],[80.243116,9.477426],[80.243779,9.477493],[80.244409,9.477196],[80.244978,9.477321],[80.245106,9.477088],[80.245903,9.476683],[80.246227,9.476315],[80.247762,9.475746],[80.249079,9.47501],[80.25006,9.474646],[80.251446,9.474774],[80.252009,9.474592],[80.252062,9.474213],[80.252249,9.47462],[80.253494,9.474479],[80.25616,9.472405],[80.257565,9.472029],[80.257778,9.472125],[80.257884,9.472447],[80.258697,9.472802],[80.260776,9.474201],[80.262946,9.474233],[80.263844,9.47441],[80.264177,9.47486],[80.26378,9.475588],[80.263804,9.475791],[80.264528,9.476249],[80.264914,9.476717],[80.2657,9.476961],[80.267248,9.476685],[80.268542,9.476744],[80.269538,9.4771],[80.269774,9.477024],[80.270877,9.477249],[80.271022,9.47712],[80.271047,9.476297],[80.271209,9.47613],[80.272359,9.475955],[80.273652,9.476699],[80.274311,9.476663],[80.275941,9.475933],[80.276721,9.475235],[80.276897,9.474936],[80.276679,9.47452],[80.277065,9.474625],[80.277558,9.47545],[80.277464,9.47586],[80.275855,9.477561],[80.274112,9.478995],[80.272036,9.480112],[80.271022,9.480239],[80.270147,9.480588],[80.268581,9.480755],[80.268243,9.480419],[80.267428,9.480641],[80.263495,9.48244],[80.260813,9.483977],[80.254927,9.489339],[80.253325,9.490966],[80.250557,9.492861],[80.247837,9.496133],[80.24759,9.496593],[80.247429,9.497429],[80.247563,9.497868],[80.247461,9.49898],[80.247011,9.499784],[80.246538,9.499908],[80.245541,9.499704],[80.244594,9.499762],[80.2417,9.501651],[80.241609,9.502048],[80.241743,9.50226],[80.241308,9.503149],[80.240498,9.503937],[80.240471,9.504122],[80.240541,9.50426],[80.241373,9.504366],[80.241754,9.505487],[80.24133,9.505934],[80.241319,9.506191],[80.241756,9.506553],[80.242518,9.506318],[80.244728,9.506268],[80.244902,9.505977],[80.245248,9.505842],[80.246155,9.506289],[80.246919,9.506413],[80.247327,9.506328],[80.247909,9.506511],[80.248464,9.506336],[80.249741,9.505141],[80.251502,9.504295],[80.251603,9.503675],[80.252122,9.503055],[80.252284,9.503469],[80.252989,9.503395],[80.253064,9.502892],[80.253369,9.502526],[80.253098,9.50237],[80.253149,9.502002],[80.254164,9.502027],[80.254637,9.501698],[80.255344,9.501704],[80.255618,9.501508],[80.25615,9.501474],[80.256178,9.500878],[80.256299,9.500658],[80.256614,9.50065],[80.256788,9.50046],[80.256571,9.500231],[80.256932,9.499815],[80.257616,9.499453],[80.258364,9.499596],[80.258858,9.499477],[80.25937,9.498821],[80.259746,9.498924],[80.260038,9.499207],[80.260719,9.499403],[80.260939,9.499292],[80.261041,9.498755],[80.261513,9.498699],[80.26168,9.498792],[80.261897,9.499593],[80.262039,9.499702],[80.262251,9.499286],[80.263174,9.499022],[80.263667,9.498575],[80.265105,9.498956],[80.265221,9.498633],[80.265095,9.498294],[80.265207,9.498226],[80.265809,9.498404],[80.26801,9.498363],[80.268747,9.498636],[80.269796,9.498657],[80.27104,9.497763],[80.271598,9.497843],[80.27191,9.497421],[80.272508,9.497207],[80.273178,9.49717],[80.274323,9.497376],[80.27548,9.497315],[80.279208,9.496424],[80.280258,9.49588],[80.280589,9.495118],[80.280451,9.494692],[80.280849,9.495349],[80.280269,9.496017],[80.280163,9.496562],[80.279857,9.496916],[80.277759,9.498397],[80.273141,9.499815],[80.270534,9.501307],[80.263568,9.505781],[80.260762,9.507886],[80.260116,9.508138],[80.259579,9.509029],[80.259574,9.509535],[80.259038,9.509588],[80.258887,9.509963],[80.258437,9.510069],[80.258115,9.510503],[80.257353,9.510646],[80.256865,9.511355],[80.25583,9.511677],[80.25178,9.513987],[80.250055,9.51469],[80.249344,9.515156],[80.249054,9.515632],[80.248557,9.515623],[80.248002,9.515886],[80.243014,9.518952],[80.239989,9.521161],[80.23913,9.522036],[80.235458,9.524914],[80.231851,9.527491],[80.23041,9.528808],[80.229442,9.529205],[80.228015,9.530178],[80.2257,9.532318],[80.224003,9.534413],[80.223273,9.534926],[80.222109,9.53531],[80.221385,9.534728],[80.22172,9.534146],[80.222525,9.533453],[80.222731,9.53289],[80.221524,9.530104],[80.221546,9.528956],[80.221358,9.528517],[80.220532,9.527988],[80.218987,9.527729],[80.217737,9.528258],[80.217485,9.528528],[80.217286,9.529147],[80.216342,9.529834],[80.215827,9.529988],[80.213893,9.52971],[80.212686,9.530234],[80.212029,9.530281],[80.211595,9.530718],[80.210876,9.531011],[80.207453,9.533035],[80.207199,9.532866],[80.207148,9.531887],[80.206879,9.531554],[80.206603,9.531485],[80.206005,9.531694],[80.205187,9.532231],[80.204962,9.532646],[80.205289,9.532978],[80.206316,9.533104],[80.206558,9.533469],[80.206429,9.533897],[80.203897,9.536093],[80.202357,9.536915],[80.2017,9.53786],[80.200616,9.538288],[80.199517,9.538436],[80.198235,9.537778],[80.197223,9.537598],[80.19717,9.537934],[80.197824,9.538177],[80.198098,9.538701],[80.198361,9.538823],[80.199557,9.53877],[80.199718,9.539063],[80.199155,9.540053],[80.198205,9.540505],[80.196593,9.540449],[80.19599,9.540129],[80.195652,9.539579],[80.195416,9.537728],[80.195265,9.537434],[80.194862,9.53738],[80.19309,9.536495],[80.191663,9.536479],[80.190987,9.536679],[80.191001,9.537035],[80.190625,9.537041],[80.190621,9.537146],[80.192196,9.539673],[80.192803,9.539266],[80.192957,9.538825],[80.193375,9.538436],[80.194121,9.538169],[80.194343,9.53822],[80.194026,9.539206],[80.193353,9.539836],[80.193101,9.540354],[80.19272,9.540484],[80.193038,9.540978],[80.193251,9.540895],[80.193179,9.541135],[80.193978,9.542605],[80.19526,9.544709],[80.195688,9.545131],[80.195603,9.545654],[80.19762,9.560394],[80.197847,9.560457],[80.197986,9.560939],[80.197853,9.561142],[80.197533,9.56121],[80.198053,9.565709],[80.199181,9.572734],[80.199443,9.57289],[80.199331,9.573075],[80.199113,9.573084],[80.199049,9.572794],[80.197945,9.565969],[80.197385,9.561611],[80.197387,9.559443],[80.195406,9.545595],[80.193576,9.545816],[80.191762,9.545322],[80.190057,9.545311],[80.187299,9.544946],[80.186465,9.544383],[80.184668,9.543737],[80.182401,9.542158],[80.181575,9.541785],[80.179475,9.540436],[80.176866,9.54188],[80.175945,9.542206],[80.174878,9.542309],[80.173987,9.542198],[80.17344,9.542357],[80.171683,9.543245],[80.171184,9.543793],[80.170971,9.543758],[80.171028,9.543343],[80.170222,9.543452],[80.168347,9.544562],[80.167641,9.544803],[80.165423,9.546419],[80.162439,9.548312],[80.160326,9.550068],[80.160162,9.550096],[80.160025,9.54992],[80.159741,9.549985],[80.156288,9.552131],[80.15417,9.553263],[80.154012,9.553262],[80.154167,9.553066],[80.153986,9.552933],[80.152585,9.553602],[80.152036,9.55345],[80.151075,9.554255],[80.1506,9.554153],[80.147541,9.555735],[80.14672,9.555833],[80.146198,9.556213],[80.145382,9.55639],[80.143114,9.557494],[80.142997,9.558351],[80.142454,9.558965],[80.141329,9.5597],[80.140057,9.559935],[80.138138,9.561457],[80.137984,9.561657],[80.138024,9.562034],[80.138278,9.562092],[80.138747,9.561934],[80.138932,9.561706],[80.138812,9.561481],[80.13904,9.561598],[80.139056,9.562169],[80.138509,9.562437],[80.138138,9.562392],[80.136348,9.563663],[80.136477,9.56417],[80.13637,9.56501],[80.134591,9.567233],[80.134458,9.567529],[80.134507,9.568086],[80.134249,9.568511],[80.131827,9.570571],[80.131765,9.570718],[80.131971,9.571125],[80.131857,9.571491],[80.130254,9.57335],[80.129968,9.574072],[80.129616,9.574161],[80.129173,9.574514],[80.129028,9.575058],[80.12823,9.576235],[80.126858,9.577404],[80.125823,9.578063],[80.124261,9.578123],[80.12305,9.577505],[80.122494,9.57747],[80.121891,9.577158],[80.120608,9.5777],[80.119429,9.577725],[80.119485,9.577176],[80.120715,9.576149],[80.121133,9.575507],[80.12078,9.574231],[80.120437,9.573948],[80.11962,9.574055],[80.118801,9.573793],[80.118763,9.5748],[80.118057,9.574075],[80.117406,9.573705],[80.117151,9.573766],[80.116957,9.574124],[80.116736,9.574218],[80.11573,9.574001],[80.114193,9.574455],[80.113588,9.574982],[80.11336,9.575405],[80.113435,9.576861],[80.11368,9.577965],[80.113134,9.57755],[80.112353,9.576364],[80.111885,9.576675],[80.111762,9.576954],[80.112278,9.57796],[80.112588,9.577933],[80.112255,9.579022],[80.111768,9.578448],[80.111546,9.578499],[80.10968,9.5807],[80.109225,9.580518],[80.109317,9.58006],[80.108684,9.579095],[80.108292,9.579005],[80.107927,9.57932],[80.107777,9.579735],[80.107831,9.580933],[80.108338,9.58127],[80.107444,9.582356],[80.107194,9.58395],[80.107611,9.584588],[80.108113,9.584729],[80.107685,9.585394],[80.107768,9.585978],[80.107957,9.586101],[80.108774,9.585987],[80.110359,9.584972],[80.110259,9.584717],[80.109432,9.584851],[80.109174,9.584769],[80.110255,9.584673],[80.110632,9.584948],[80.10802,9.586909],[80.106775,9.587431],[80.104982,9.587296],[80.102909,9.586836],[80.103245,9.587675],[80.102913,9.587941],[80.102387,9.58809],[80.102034,9.588451],[80.102204,9.588007],[80.102167,9.587646],[80.101548,9.587328],[80.101155,9.586249],[80.100499,9.585695],[80.099217,9.586774],[80.099165,9.587033],[80.099509,9.587341],[80.098805,9.587704],[80.096912,9.588021],[80.096666,9.58843],[80.096651,9.589049],[80.095672,9.590024],[80.095294,9.589954],[80.095113,9.590143],[80.094973,9.591154],[80.094795,9.591453],[80.093718,9.592216],[80.0931,9.592943],[80.092042,9.593473],[80.091163,9.593303],[80.08968,9.593656],[80.088566,9.593079],[80.088227,9.593362],[80.086872,9.593398],[80.08507,9.594051],[80.083885,9.595315],[80.083372,9.595348],[80.082539,9.595681],[80.081809,9.596355],[80.080995,9.596406],[80.080708,9.595827],[80.080205,9.595681],[80.079772,9.595824],[80.077911,9.595881],[80.075163,9.596659],[80.074508,9.597214],[80.074412,9.597726],[80.074715,9.598568],[80.075632,9.599726],[80.07547,9.600255],[80.075089,9.600485],[80.074161,9.600634],[80.073566,9.599674],[80.071848,9.597793],[80.071589,9.597972],[80.071921,9.599201],[80.071883,9.599736],[80.071385,9.599317],[80.070972,9.598468],[80.070805,9.598531],[80.071402,9.599709],[80.071585,9.599754],[80.07135,9.600585],[80.071109,9.600574],[80.070627,9.600209],[80.069663,9.598762],[80.06958,9.598918],[80.07026,9.600366],[80.070418,9.600506],[80.070759,9.600438],[80.070287,9.6008],[80.069782,9.600639],[80.069934,9.600498],[80.069861,9.600337],[80.068229,9.599734],[80.067789,9.599182],[80.064552,9.600451],[80.062186,9.602404],[80.061468,9.603678],[80.061383,9.604283],[80.061509,9.6048],[80.063086,9.606632],[80.063994,9.60674],[80.064721,9.608245],[80.064287,9.608842],[80.062932,9.610095],[80.06169,9.610965],[80.06174,9.611396],[80.060896,9.611512],[80.060236,9.610865],[80.059672,9.60921],[80.059436,9.605888],[80.058864,9.604828],[80.058335,9.604404],[80.057604,9.604282],[80.057069,9.604366],[80.056268,9.603888],[80.056055,9.603667],[80.055848,9.602888],[80.054931,9.601583],[80.053946,9.600739],[80.053326,9.600549],[80.053067,9.600327],[80.052892,9.599958],[80.052219,9.599391],[80.051901,9.598879],[80.051947,9.598753],[80.052801,9.598699],[80.056379,9.596509],[80.06885,9.590785],[80.07312,9.588613],[80.084742,9.582094],[80.093268,9.576711],[80.098136,9.573446],[80.115566,9.56099],[80.123707,9.554761],[80.132783,9.547497],[80.142554,9.53927],[80.148362,9.534164],[80.158023,9.524862],[80.162127,9.520481],[80.167102,9.514841],[80.16919,9.512241],[80.169438,9.511756],[80.170405,9.51073],[80.171737,9.508802],[80.175367,9.504256],[80.178484,9.49997],[80.180651,9.496809],[80.1844,9.490484],[80.185102,9.489003],[80.18578,9.486989],[80.185732,9.483621],[80.185497,9.482462],[80.184907,9.481375],[80.184837,9.48067],[80.184346,9.479788],[80.184149,9.478276],[80.184244,9.477548],[80.183917,9.476686],[80.183933,9.47604],[80.183492,9.475359],[80.182524,9.473163],[80.180299,9.471073],[80.178917,9.470373],[80.178553,9.470048],[80.177033,9.469463],[80.176789,9.469053],[80.1762,9.468849],[80.175725,9.469065],[80.174925,9.469083],[80.173541,9.468253],[80.172375,9.467101],[80.171573,9.466898],[80.171352,9.467107],[80.171353,9.467316],[80.171646,9.467585],[80.171995,9.46774],[80.172476,9.467683],[80.172074,9.46779],[80.171661,9.46775],[80.171038,9.467173],[80.170881,9.466821],[80.170203,9.466089],[80.16964,9.465704],[80.166995,9.46047],[80.165304,9.458784],[80.16529,9.458658],[80.165614,9.458494],[80.165219,9.457497],[80.164919,9.457335],[80.164605,9.457491],[80.164425,9.457436],[80.163704,9.456515],[80.162124,9.455576],[80.161099,9.454134],[80.160043,9.453507],[80.159721,9.452898],[80.158997,9.452157],[80.15857,9.452097],[80.158473,9.452194],[80.158439,9.452583],[80.158924,9.453274],[80.158833,9.453478],[80.158621,9.453404],[80.158278,9.452586],[80.158274,9.451549],[80.156352,9.45029],[80.156119,9.44949],[80.156132,9.448548],[80.156684,9.448078],[80.156709,9.447795],[80.156508,9.447051],[80.155832,9.445699],[80.153473,9.443241],[80.152795,9.442818],[80.152524,9.442318],[80.150537,9.44105],[80.150451,9.440574],[80.14983,9.440099],[80.148993,9.439795],[80.147912,9.438226],[80.14725,9.437583],[80.145808,9.436725],[80.14539,9.436719],[80.145111,9.436068],[80.144188,9.435362],[80.140438,9.434081],[80.138462,9.432713],[80.136481,9.432176],[80.135966,9.431811],[80.135736,9.431271],[80.134709,9.430604],[80.133196,9.430109],[80.131861,9.429044],[80.130026,9.428157],[80.12931,9.428072],[80.128704,9.427651],[80.126754,9.427291],[80.126178,9.427516],[80.125731,9.427974],[80.12548,9.427776],[80.125407,9.427332],[80.123768,9.427092],[80.122304,9.425304],[80.122144,9.424542],[80.121859,9.424148],[80.119962,9.422395],[80.119545,9.422093],[80.119103,9.42221],[80.118957,9.422514],[80.119021,9.423317],[80.118879,9.423383],[80.118934,9.422271],[80.118656,9.421928],[80.118761,9.421748],[80.117478,9.42042],[80.116422,9.419857],[80.115955,9.419962],[80.115585,9.419544],[80.115514,9.418964],[80.115008,9.418496],[80.114448,9.418263],[80.114032,9.418341],[80.113514,9.417967],[80.113104,9.418028],[80.11269,9.417837],[80.112101,9.416699],[80.111566,9.416699],[80.11085,9.416427],[80.110341,9.41651],[80.108651,9.416271],[80.108079,9.415534],[80.10721,9.41526],[80.106248,9.415389],[80.105323,9.414366],[80.103716,9.413773],[80.102773,9.413656],[80.102275,9.413851],[80.099028,9.413152],[80.098639,9.413034],[80.097052,9.411956],[80.096284,9.41172],[80.095781,9.411714],[80.095204,9.411963],[80.094574,9.411323],[80.094193,9.411219],[80.093846,9.410792],[80.093017,9.410269],[80.092546,9.410231],[80.091691,9.4097],[80.091147,9.409616],[80.090042,9.409023],[80.088681,9.408676],[80.087969,9.408223],[80.087718,9.407754],[80.087242,9.407396],[80.085574,9.406872],[80.084942,9.406206],[80.082476,9.405461],[80.082004,9.404943],[80.081757,9.405029],[80.081471,9.405506],[80.080783,9.405177],[80.080048,9.405946],[80.079719,9.405723],[80.079752,9.405345],[80.079362,9.4051],[80.078894,9.40512],[80.078396,9.405369],[80.07779,9.405135],[80.077335,9.404769],[80.07566,9.404189],[80.073995,9.403981],[80.072499,9.403401],[80.07098,9.402143],[80.07043,9.401847],[80.069722,9.400845],[80.068601,9.400022],[80.067639,9.399708],[80.066228,9.398829],[80.061921,9.39714],[80.057543,9.394604],[80.056613,9.393539],[80.054939,9.392763],[80.053496,9.39047],[80.053767,9.388436],[80.053538,9.385265],[80.053731,9.384365],[80.053529,9.383458],[80.053628,9.382734],[80.05354,9.381718],[80.053814,9.381019],[80.054078,9.379452],[80.054632,9.378671],[80.054706,9.377547],[80.055345,9.376534],[80.055772,9.375521],[80.05644,9.374803],[80.056374,9.374337],[80.055824,9.374275],[80.055162,9.373103],[80.054943,9.372264],[80.054511,9.371623],[80.054124,9.37048],[80.054205,9.368134],[80.054506,9.3659],[80.054824,9.365212],[80.055671,9.364213],[80.060211,9.360725],[80.061075,9.359972],[80.061468,9.359323],[80.061725,9.359284],[80.062587,9.357981],[80.062861,9.356902],[80.062823,9.35607],[80.06211,9.354681],[80.061379,9.353988],[80.060527,9.351742],[80.059016,9.349996],[80.059528,9.349235],[80.0606,9.348334],[80.06058,9.347253],[80.060737,9.346515],[80.060401,9.346352],[80.060244,9.346081],[80.060718,9.344994],[80.062032,9.34426],[80.062711,9.343602],[80.063035,9.343516],[80.063291,9.343208],[80.063371,9.342656],[80.063843,9.341598],[80.063797,9.341074],[80.063041,9.339817],[80.062797,9.337851],[80.06208,9.337081],[80.061697,9.336137],[80.061922,9.334765],[80.062626,9.333975],[80.062739,9.33364],[80.06322,9.331176],[80.063397,9.330821],[80.063655,9.330546],[80.065393,9.329958],[80.065634,9.329731],[80.0666,9.327952],[80.066707,9.327497],[80.067421,9.326851],[80.069416,9.326232],[80.070647,9.325647],[80.072833,9.327174],[80.07403,9.327612],[80.075811,9.327291],[80.078176,9.328524],[80.081402,9.328035],[80.082261,9.328094],[80.082741,9.328431],[80.085383,9.329175],[80.087596,9.327801],[80.090472,9.326379],[80.092023,9.325185],[80.09352,9.323519],[80.093851,9.32286],[80.094972,9.321996],[80.095352,9.321483],[80.095962,9.320996],[80.100657,9.318086],[80.107673,9.312937],[80.109456,9.312015],[80.109954,9.311584],[80.111391,9.311295],[80.11293,9.310351],[80.113106,9.309793],[80.113815,9.309476],[80.115682,9.308014],[80.119198,9.304125],[80.121348,9.301208],[80.122245,9.299268],[80.122528,9.297261],[80.122451,9.296836],[80.121835,9.296301],[80.121636,9.295938],[80.121676,9.29497],[80.121954,9.294125],[80.121505,9.292976],[80.121399,9.290686],[80.12042,9.289742],[80.119799,9.289656],[80.117559,9.288738],[80.117015,9.288135],[80.115974,9.287418],[80.115623,9.286878],[80.114488,9.285768],[80.113833,9.284403],[80.112358,9.282489],[80.110961,9.27895],[80.110111,9.275934],[80.110057,9.27522],[80.11051,9.271642],[80.111652,9.269419],[80.112278,9.26877],[80.11382,9.267952],[80.115156,9.266815],[80.117048,9.26461],[80.119223,9.262663],[80.120386,9.260758],[80.120168,9.257658],[80.120436,9.25631],[80.121252,9.25464],[80.121194,9.253927],[80.120554,9.252492],[80.120578,9.251471],[80.120067,9.250786],[80.120059,9.250092],[80.119362,9.249179],[80.119142,9.24835],[80.118683,9.247714],[80.118197,9.246172],[80.117636,9.244966],[80.117594,9.244435],[80.117176,9.243849],[80.117097,9.243414],[80.11746,9.242768],[80.117511,9.242392],[80.117409,9.241102],[80.117063,9.240509],[80.117197,9.239707],[80.116929,9.238796],[80.117193,9.237231],[80.117115,9.237041],[80.11789,9.235522],[80.117505,9.234712],[80.11755,9.234156],[80.119185,9.230085],[80.119567,9.228336],[80.120421,9.225819],[80.120532,9.22495],[80.120127,9.222908],[80.120236,9.221545],[80.120082,9.220867],[80.119158,9.219183],[80.118443,9.218299],[80.118238,9.217685],[80.119109,9.215003],[80.118308,9.214134],[80.118363,9.213325],[80.118812,9.211977],[80.118824,9.211504],[80.117825,9.210544],[80.117076,9.20921],[80.116146,9.20845],[80.115698,9.207701],[80.11522,9.207231],[80.115039,9.20671],[80.114692,9.206348],[80.114708,9.205932],[80.114496,9.205311],[80.113872,9.204899],[80.112569,9.202481],[80.111682,9.201337],[80.111114,9.200152],[80.11056,9.197604],[80.109998,9.197925],[80.109679,9.197549],[80.10944,9.197496],[80.109242,9.197978],[80.10907,9.198005],[80.109006,9.197663],[80.109156,9.19702],[80.108906,9.196633],[80.108464,9.196583],[80.107659,9.196999],[80.107667,9.197981],[80.10782,9.198386],[80.107288,9.19792],[80.107109,9.198172],[80.107246,9.198603],[80.108267,9.200039],[80.107896,9.199807],[80.107812,9.200034],[80.107271,9.200222],[80.10826,9.201035],[80.107072,9.200813],[80.106465,9.199405],[80.106456,9.198978],[80.106152,9.198205],[80.10554,9.198068],[80.104946,9.197761],[80.104698,9.197467],[80.104978,9.195996],[80.104609,9.195378],[80.104596,9.194857],[80.104887,9.193675],[80.105111,9.191719],[80.105516,9.19019],[80.105513,9.188756],[80.105896,9.187625],[80.105795,9.186566],[80.106286,9.184525],[80.106321,9.182624],[80.105402,9.18099],[80.104556,9.180074],[80.104049,9.179796],[80.103787,9.180122],[80.104038,9.180484],[80.104054,9.180776],[80.104357,9.18071],[80.104319,9.180846],[80.104021,9.180886],[80.103657,9.180487],[80.10344,9.179563],[80.103483,9.178684],[80.103362,9.178221],[80.103558,9.176821],[80.103356,9.174668],[80.101144,9.171551],[80.100774,9.169898],[80.100747,9.169154],[80.101203,9.166535],[80.100967,9.162415],[80.099752,9.160471],[80.099323,9.15929],[80.098859,9.159214],[80.098566,9.159489],[80.098408,9.159472],[80.098593,9.157776],[80.097164,9.156322],[80.096112,9.153751],[80.095873,9.153481],[80.095219,9.153163],[80.093944,9.153077],[80.093639,9.152595],[80.092947,9.152098],[80.093138,9.151436],[80.092698,9.150989],[80.091898,9.151021],[80.09133,9.151439],[80.090954,9.150809],[80.091399,9.149874],[80.090966,9.149261],[80.088061,9.148288],[80.087599,9.146924],[80.086628,9.145818],[80.086665,9.145486],[80.085987,9.144316],[80.086156,9.143465],[80.086062,9.142868],[80.085461,9.142123],[80.083326,9.140211],[80.082991,9.13868],[80.083124,9.137994],[80.082741,9.136525],[80.081738,9.13411],[80.081088,9.133101],[80.081165,9.131547],[80.080435,9.131238],[80.080225,9.130194],[80.080385,9.129471],[80.080005,9.129367],[80.079204,9.128564],[80.078817,9.128493],[80.078493,9.128567],[80.07783,9.129059],[80.077298,9.128485],[80.077211,9.12796],[80.076379,9.127042],[80.076001,9.126311],[80.075709,9.124706],[80.077538,9.122669],[80.078031,9.121779],[80.078053,9.121329],[80.07614,9.117455],[80.076159,9.117178],[80.076395,9.11688],[80.076436,9.116374],[80.076841,9.115713],[80.076621,9.114788],[80.076811,9.114214],[80.076159,9.112987],[80.076143,9.111107],[80.075864,9.109735],[80.07551,9.108712],[80.074109,9.106407],[80.074885,9.105736],[80.075078,9.105076],[80.074278,9.10437],[80.07429,9.103564],[80.075966,9.102197],[80.076229,9.101689],[80.076088,9.101464],[80.07621,9.100894],[80.07676,9.10055],[80.076993,9.099554],[80.077219,9.099236],[80.075202,9.099507],[80.074606,9.099067],[80.073851,9.098204],[80.073747,9.097786],[80.073985,9.097173],[80.073558,9.096477],[80.073112,9.095013],[80.073096,9.09448],[80.073388,9.093706],[80.073428,9.092474],[80.072254,9.092091],[80.071715,9.09207],[80.071444,9.091858],[80.070953,9.088825],[80.069992,9.087216],[80.070021,9.086808],[80.070328,9.086126],[80.071047,9.085056],[80.070834,9.084472],[80.070988,9.083811],[80.072214,9.081491],[80.071766,9.078837],[80.070843,9.076576],[80.07043,9.074134],[80.070323,9.072518],[80.069743,9.071766],[80.068893,9.069776],[80.068794,9.068645],[80.068964,9.068109],[80.068831,9.067569],[80.069141,9.066659],[80.068966,9.066403],[80.069115,9.066148],[80.06882,9.065953],[80.068724,9.065149],[80.068113,9.064715],[80.067973,9.064127],[80.067737,9.063873],[80.066635,9.061555],[80.066234,9.061146],[80.065897,9.061102],[80.065775,9.060473],[80.065607,9.060412],[80.065488,9.060082],[80.064612,9.059995],[80.064057,9.058723],[80.063102,9.058527],[80.062244,9.057616],[80.060399,9.056668],[80.059739,9.055953],[80.05902,9.054665],[80.058119,9.054109],[80.057169,9.052862],[80.057073,9.051418],[80.056847,9.050438],[80.054551,9.047911],[80.054423,9.047074],[80.053961,9.046078],[80.053237,9.045167],[80.052583,9.043418],[80.050818,9.040796],[80.05063,9.039244],[80.050989,9.038862],[80.051156,9.038142],[80.050571,9.037172],[80.05049,9.035684],[80.050104,9.035175],[80.04916,9.034439],[80.048736,9.033803],[80.048897,9.033088],[80.048532,9.032129],[80.048747,9.031599],[80.048704,9.031334],[80.048023,9.029957],[80.04768,9.029718],[80.046741,9.02957],[80.046939,9.028712],[80.046172,9.028428],[80.046263,9.027761],[80.046164,9.02753],[80.045362,9.02731],[80.045362,9.027938],[80.044533,9.027088],[80.044413,9.026786],[80.044482,9.026238],[80.044729,9.025541],[80.045115,9.025329],[80.045123,9.024958],[80.044474,9.02446],[80.042956,9.0237],[80.042937,9.023053],[80.042007,9.022222],[80.039547,9.021019],[80.038917,9.020304],[80.038946,9.019747],[80.039244,9.01921],[80.039231,9.018876],[80.038603,9.018807],[80.038337,9.018479],[80.039118,9.01739],[80.040357,9.016884],[80.04062,9.016648],[80.040526,9.016388],[80.039748,9.016139],[80.039046,9.016219],[80.03808,9.015962],[80.038341,9.014761],[80.037377,9.015594],[80.037387,9.01488],[80.037248,9.014586],[80.037098,9.014561],[80.036389,9.014774],[80.035382,9.015321],[80.03455,9.015186],[80.032847,9.015522],[80.031162,9.015999],[80.02961,9.016775],[80.028598,9.016926],[80.026707,9.015019],[80.025863,9.014987],[80.025251,9.015241],[80.02431,9.015167],[80.023835,9.014537],[80.022604,9.01428],[80.02167,9.014373],[80.021254,9.014765],[80.020933,9.014747],[80.019098,9.013861],[80.018743,9.012808],[80.017879,9.012338],[80.017202,9.01215],[80.016638,9.012515],[80.015584,9.012701],[80.013673,9.011774],[80.013153,9.011725],[80.012856,9.010873],[80.012333,9.010929],[80.012116,9.010772],[80.011883,9.009771],[80.011336,9.00918],[80.010794,9.00798],[80.010488,9.007726],[80.009946,9.00785],[80.009675,9.007673],[80.009466,9.007331],[80.009576,9.006648],[80.008946,9.005585],[80.008624,9.005307],[80.008192,9.005254],[80.007849,9.005037],[80.007417,9.0046],[80.00754,9.004181],[80.007336,9.003845],[80.006545,9.003143],[80.005955,9.003148],[80.00599,9.002711],[80.005802,9.002414],[80.004641,9.001522],[80.001669,8.999768],[80.000761,8.999646],[80.000583,8.999315],[80.000331,8.99936],[79.999969,9.000094],[79.999197,8.999385],[79.998468,8.999418],[79.998575,8.999034],[79.997331,8.998234],[79.997241,8.997689],[79.997069,8.99749],[79.996775,8.997464],[79.996354,8.997756],[79.995446,8.99714],[79.995242,8.996789],[79.995291,8.996248],[79.995012,8.995887],[79.99454,8.995932],[79.993958,8.995496],[79.993877,8.99581],[79.993644,8.995622],[79.993111,8.995609],[79.992099,8.995168],[79.991279,8.995328],[79.990966,8.9955],[79.990815,8.995785],[79.990854,8.994827],[79.991097,8.994328],[79.99111,8.993695],[79.991709,8.992986],[79.991613,8.992223],[79.991852,8.991841],[79.991739,8.990881],[79.990836,8.989164],[79.990845,8.988675],[79.990347,8.986703],[79.989895,8.986246],[79.989273,8.984782],[79.989254,8.983874],[79.989001,8.983229],[79.988993,8.982262],[79.988644,8.980277],[79.988349,8.979673],[79.988373,8.979162],[79.987553,8.977527],[79.985372,8.97559],[79.983392,8.974221],[79.97931,8.973548],[79.977618,8.972825],[79.976751,8.972295],[79.974959,8.972928],[79.973736,8.972925],[79.97294,8.97266],[79.971848,8.971961],[79.9711,8.970986],[79.970349,8.970284],[79.967565,8.969089],[79.965953,8.967412],[79.96474,8.966705],[79.963496,8.966598],[79.963198,8.966408],[79.962924,8.965658],[79.962101,8.964977],[79.96168,8.963724],[79.959966,8.962288],[79.959282,8.961904],[79.959218,8.96148],[79.958837,8.961069],[79.957367,8.960176],[79.956265,8.959286],[79.955377,8.95905],[79.954816,8.958486],[79.954553,8.957574],[79.954509,8.956649],[79.954912,8.955918],[79.955041,8.955365],[79.954923,8.954231],[79.954516,8.953839],[79.95429,8.95387],[79.954194,8.954686],[79.954022,8.954824],[79.953786,8.954718],[79.953582,8.95439],[79.953378,8.953754],[79.953561,8.950129],[79.953448,8.949303],[79.952161,8.947617],[79.951619,8.94642],[79.951302,8.946234],[79.949854,8.946219],[79.949623,8.946324],[79.948636,8.946197],[79.947724,8.945588],[79.946898,8.945339],[79.946576,8.944878],[79.945364,8.944528],[79.944908,8.944634],[79.944296,8.945948],[79.944028,8.946065],[79.940515,8.94572],[79.937709,8.945683],[79.934598,8.945408],[79.932835,8.944769],[79.932696,8.944472],[79.93324,8.944719],[79.933077,8.944019],[79.932036,8.943656],[79.931567,8.942398],[79.931264,8.94237],[79.93092,8.942657],[79.930628,8.944088],[79.930644,8.94598],[79.930212,8.946355],[79.928907,8.946677],[79.928418,8.946446],[79.927686,8.946476],[79.925921,8.947019],[79.925685,8.946907],[79.925481,8.946536],[79.925328,8.945673],[79.924329,8.945486],[79.92368,8.945572],[79.923472,8.946468],[79.924912,8.947242],[79.924982,8.947127],[79.92471,8.947056],[79.924911,8.946955],[79.924887,8.946687],[79.925014,8.946687],[79.925182,8.947084],[79.924943,8.947371],[79.924232,8.947076],[79.923657,8.947013],[79.923238,8.947257],[79.923102,8.947525],[79.922022,8.951551],[79.921906,8.952599],[79.92005,8.959206],[79.920141,8.960139],[79.919348,8.961731],[79.916889,8.970667],[79.916811,8.971511],[79.916601,8.971866],[79.91608,8.973914],[79.916222,8.974005],[79.916172,8.974251],[79.915769,8.974291],[79.915377,8.974004],[79.915519,8.973368],[79.915334,8.97318],[79.915329,8.972292],[79.915667,8.971998],[79.9162,8.972054],[79.916399,8.971619],[79.919245,8.960976],[79.919175,8.96077],[79.919035,8.960775],[79.918408,8.961135],[79.917194,8.961217],[79.916621,8.960282],[79.91645,8.95936],[79.915677,8.957834],[79.916171,8.957569],[79.916557,8.95705],[79.917641,8.956647],[79.917448,8.957304],[79.918939,8.955725],[79.919647,8.954517],[79.919529,8.95227],[79.918917,8.953001],[79.91793,8.955428],[79.916868,8.956149],[79.914604,8.957039],[79.91351,8.957262],[79.913081,8.957166],[79.911686,8.956308],[79.910796,8.955995],[79.909637,8.953484],[79.908897,8.95298],[79.907963,8.951788],[79.906188,8.94916],[79.905785,8.94801],[79.905549,8.947909],[79.904733,8.948227],[79.904554,8.948141],[79.904584,8.947945],[79.905061,8.947623],[79.90516,8.947276],[79.903701,8.944319],[79.903122,8.943659],[79.902816,8.942922],[79.903243,8.942292],[79.903294,8.941635],[79.903551,8.941113],[79.904034,8.940495],[79.905764,8.939049],[79.906306,8.938847],[79.906633,8.938837],[79.907188,8.939348],[79.908454,8.939645],[79.908916,8.94004],[79.911053,8.940479],[79.912215,8.941309],[79.913027,8.941667],[79.913515,8.94164],[79.913942,8.941394],[79.913963,8.940784],[79.913513,8.94023],[79.912936,8.939912],[79.91211,8.938937],[79.911273,8.938667],[79.911013,8.938937],[79.911201,8.939457],[79.910975,8.939263],[79.91093,8.938556],[79.911587,8.937342],[79.911667,8.936163],[79.910742,8.933598],[79.910468,8.932096],[79.91071,8.930909],[79.910694,8.929807],[79.910275,8.930125],[79.910002,8.930909],[79.909294,8.931741],[79.908716,8.932889],[79.908661,8.934038],[79.90913,8.934601],[79.908417,8.935138],[79.906963,8.935729],[79.905316,8.937454],[79.904417,8.938105],[79.903951,8.938164],[79.903556,8.937798],[79.90295,8.938471],[79.90243,8.938781],[79.902285,8.939385],[79.901767,8.939711],[79.901038,8.940827],[79.900442,8.942225],[79.899423,8.943219],[79.897878,8.945731],[79.896714,8.946436],[79.89629,8.94686],[79.895943,8.948053],[79.895448,8.9486],[79.895354,8.94892],[79.895877,8.949461],[79.895511,8.949334],[79.895287,8.949817],[79.894897,8.949526],[79.89479,8.949582],[79.895103,8.949888],[79.89492,8.95006],[79.8951,8.950359],[79.895005,8.950653],[79.894639,8.950732],[79.894992,8.950863],[79.895735,8.950506],[79.895661,8.950876],[79.894884,8.951273],[79.894733,8.951257],[79.894668,8.950932],[79.894511,8.950884],[79.89382,8.952028],[79.893395,8.952245],[79.893505,8.952366],[79.894017,8.952164],[79.893941,8.952424],[79.894216,8.952322],[79.898069,8.949401],[79.899856,8.947595],[79.90115,8.946897],[79.901394,8.946589],[79.901775,8.946637],[79.902221,8.946878],[79.903672,8.948234],[79.904342,8.948136],[79.904379,8.948341],[79.904053,8.948545],[79.903937,8.948823],[79.904061,8.949218],[79.905187,8.9512],[79.905294,8.951894],[79.907132,8.954337],[79.906877,8.955071],[79.906885,8.955823],[79.907303,8.957545],[79.907548,8.957972],[79.907886,8.958224],[79.90771,8.958931],[79.906638,8.959686],[79.905557,8.960097],[79.904425,8.960738],[79.902805,8.961884],[79.902414,8.961916],[79.901655,8.961617],[79.900821,8.961579],[79.899973,8.960889],[79.899646,8.960836],[79.897961,8.961308],[79.89761,8.961167],[79.897637,8.960616],[79.897331,8.960526],[79.895947,8.960664],[79.895201,8.961441],[79.895111,8.96127],[79.895566,8.960144],[79.89547,8.95944],[79.89389,8.956814],[79.891862,8.956483],[79.89165,8.956637],[79.891745,8.957071],[79.892156,8.957456],[79.891999,8.957714],[79.89172,8.957841],[79.890741,8.957711],[79.890092,8.957867],[79.889526,8.958254],[79.88883,8.959066],[79.888669,8.959539],[79.888728,8.959819],[79.889019,8.959815],[79.889154,8.959984],[79.888787,8.960311],[79.888792,8.960544],[79.888045,8.960489],[79.88786,8.960735],[79.887662,8.960585],[79.887681,8.960351],[79.888315,8.959614],[79.889526,8.95699],[79.891181,8.954684],[79.891288,8.954277],[79.896341,8.946301],[79.907754,8.92965],[79.915668,8.917428],[79.921621,8.908924],[79.923583,8.905287],[79.92515,8.902844],[79.926585,8.900092],[79.927802,8.89719],[79.928319,8.895376],[79.928515,8.893524],[79.930096,8.886036],[79.93026,8.881824],[79.929933,8.880661],[79.929537,8.880197],[79.929399,8.879301],[79.929476,8.875936],[79.929078,8.873254],[79.929125,8.872575],[79.928828,8.872228],[79.928671,8.871116],[79.928284,8.870948],[79.928668,8.870468],[79.929949,8.870067],[79.930952,8.870537],[79.931333,8.871196],[79.931675,8.873698],[79.932535,8.875365],[79.931663,8.876008],[79.931344,8.876678],[79.931143,8.878156],[79.931412,8.878396],[79.932201,8.878695],[79.932752,8.879394],[79.931964,8.881005],[79.931412,8.881694],[79.93221,8.8828],[79.933124,8.882513],[79.933705,8.881677],[79.934507,8.877578],[79.934246,8.876449],[79.935115,8.874707],[79.93529,8.873633],[79.934463,8.873155],[79.934279,8.872503],[79.934535,8.871902],[79.935054,8.871324],[79.935207,8.870549],[79.935158,8.869667],[79.934878,8.868933],[79.934185,8.868643],[79.933616,8.8687],[79.93284,8.869285],[79.933806,8.86746],[79.933779,8.867042],[79.933326,8.86645],[79.933189,8.866003],[79.933295,8.864738],[79.931492,8.863505],[79.931017,8.863378],[79.930742,8.862796],[79.930812,8.862053],[79.931073,8.861494],[79.930562,8.860679],[79.929099,8.85985],[79.928886,8.860176],[79.928554,8.859969],[79.928387,8.859213],[79.928555,8.858439],[79.929405,8.857473],[79.9287,8.85698],[79.928508,8.854988],[79.928031,8.854543],[79.92705,8.85446],[79.926475,8.854889],[79.926295,8.855379],[79.925355,8.856351],[79.924946,8.856412],[79.925603,8.85709],[79.92642,8.856437],[79.926853,8.856361],[79.927269,8.856483],[79.927694,8.857044],[79.927733,8.857556],[79.927258,8.860916],[79.926634,8.860292],[79.926166,8.860201],[79.925927,8.860563],[79.926466,8.861563],[79.927311,8.865312],[79.927817,8.865688],[79.928094,8.866139],[79.92799,8.866362],[79.92718,8.86609],[79.927441,8.866964],[79.927426,8.86756],[79.928071,8.869137],[79.928325,8.870179],[79.928014,8.870499],[79.927608,8.870241],[79.92764,8.870762],[79.928065,8.871868],[79.928321,8.871961],[79.928128,8.872203],[79.927755,8.872035],[79.927372,8.871096],[79.927383,8.869269],[79.926902,8.866053],[79.926529,8.865442],[79.926136,8.864276],[79.925983,8.863174],[79.925264,8.861868],[79.924238,8.857938],[79.923598,8.856799],[79.923331,8.853858],[79.923001,8.852935],[79.923,8.850508],[79.921938,8.846284],[79.921873,8.844715],[79.920715,8.843298],[79.920092,8.838948],[79.919234,8.838333],[79.917646,8.831336],[79.917754,8.829728],[79.917271,8.828523],[79.916831,8.828156],[79.917281,8.826357],[79.917217,8.824254],[79.915942,8.819624],[79.915462,8.818485],[79.91519,8.816406],[79.914414,8.813354],[79.91434,8.811094],[79.916154,8.808009],[79.91794,8.802135],[79.919247,8.799606],[79.921534,8.797669],[79.922368,8.79657],[79.925355,8.794006],[79.927146,8.792124],[79.929636,8.788837],[79.932323,8.784813],[79.933887,8.782069],[79.934182,8.781338],[79.933989,8.780961],[79.934067,8.780683],[79.935558,8.778168],[79.937878,8.773274],[79.937891,8.772866],[79.937564,8.772174],[79.93765,8.770998],[79.938784,8.768314],[79.939298,8.766613],[79.939766,8.764227],[79.941594,8.759141],[79.942406,8.757815],[79.942837,8.756747],[79.94909,8.747019],[79.94913,8.746562],[79.948639,8.746084],[79.952147,8.74086],[79.95361,8.738164],[79.955048,8.735015],[79.958249,8.729249],[79.959586,8.726333],[79.959784,8.724502],[79.959557,8.722594],[79.95916,8.721884],[79.957741,8.720771],[79.957348,8.720205],[79.956813,8.720005],[79.955841,8.718986],[79.954302,8.717747],[79.953067,8.71633],[79.952432,8.715824],[79.950219,8.711441],[79.94994,8.710452],[79.949948,8.709628],[79.949516,8.708856],[79.94954,8.707435],[79.950209,8.702197],[79.950298,8.699544],[79.951025,8.696924],[79.951019,8.694776],[79.951377,8.693042],[79.951032,8.69162],[79.950577,8.690945],[79.949659,8.690285],[79.948971,8.690584],[79.94837,8.690255],[79.947569,8.690537],[79.947261,8.690479],[79.948206,8.689733],[79.949022,8.688861],[79.950015,8.686587],[79.952331,8.679848],[79.950901,8.676235],[79.950035,8.674468],[79.949471,8.672151],[79.949244,8.66608],[79.948872,8.66481],[79.947857,8.663704],[79.946816,8.662078],[79.945928,8.661555],[79.944485,8.661438],[79.943662,8.66068],[79.943454,8.658835],[79.943599,8.656927],[79.942967,8.655446],[79.942969,8.65423],[79.942628,8.652703],[79.942874,8.649726],[79.943072,8.649005],[79.942954,8.648024],[79.942686,8.647226],[79.942813,8.646502],[79.945949,8.639244],[79.946559,8.637326],[79.946613,8.636375],[79.94638,8.63521],[79.946862,8.633979],[79.946989,8.632667],[79.946941,8.632102],[79.946497,8.631289],[79.946397,8.629751],[79.945798,8.628848],[79.945184,8.62852],[79.944514,8.626718],[79.943291,8.621514],[79.942664,8.620668],[79.941972,8.620195],[79.941661,8.61848],[79.941176,8.617024],[79.940787,8.616416],[79.940304,8.615896],[79.939419,8.615591],[79.938232,8.615704],[79.937887,8.615586],[79.936995,8.614957],[79.936428,8.614233],[79.935522,8.613574],[79.933754,8.612778],[79.933188,8.611549],[79.931768,8.609851],[79.931548,8.608203],[79.926589,8.60287],[79.924697,8.600065],[79.922298,8.597371],[79.920392,8.593914],[79.920233,8.590144],[79.919033,8.589032],[79.919207,8.586128],[79.919608,8.583842],[79.920205,8.578429],[79.920122,8.574525],[79.919763,8.571909],[79.919814,8.565816],[79.919573,8.563243],[79.919389,8.562954],[79.919847,8.560385],[79.919886,8.559351],[79.919298,8.55576],[79.918421,8.55318],[79.917198,8.551037],[79.915048,8.548631],[79.914462,8.548648],[79.912725,8.547787],[79.912394,8.547816],[79.912047,8.548121],[79.910912,8.548106],[79.910114,8.548468],[79.908885,8.548093],[79.908071,8.548332],[79.907258,8.548417],[79.906775,8.548321],[79.905211,8.546963],[79.904297,8.5468],[79.903656,8.546923],[79.902132,8.545581],[79.901608,8.545482],[79.90147,8.545823],[79.901263,8.545919],[79.901326,8.546058],[79.901195,8.546031],[79.901078,8.545533],[79.900484,8.544535],[79.89958,8.543598],[79.899143,8.54336],[79.897027,8.541507],[79.895659,8.541],[79.894307,8.540199],[79.893599,8.539951],[79.893066,8.539903],[79.892608,8.540108],[79.891546,8.540018],[79.890005,8.538735],[79.888389,8.537909],[79.88774,8.537922],[79.887615,8.538083],[79.884914,8.536793],[79.884616,8.536756],[79.884266,8.536913],[79.882242,8.536404],[79.88053,8.536247],[79.878743,8.536382],[79.877437,8.536656],[79.876088,8.537238],[79.875454,8.537727],[79.87459,8.54013],[79.874268,8.540238],[79.873349,8.539553],[79.872737,8.539439],[79.871107,8.536833],[79.87014,8.53438],[79.870121,8.533916],[79.869853,8.533478],[79.869795,8.532256],[79.869554,8.531803],[79.869412,8.530925],[79.868961,8.530059],[79.868665,8.529782],[79.86872,8.527938],[79.868613,8.527443],[79.868867,8.527268],[79.868817,8.526976],[79.869144,8.526633],[79.869317,8.52606],[79.869069,8.525618],[79.86903,8.524976],[79.868626,8.524061],[79.868468,8.522974],[79.86817,8.522179],[79.868519,8.520215],[79.868449,8.519154],[79.867784,8.517809],[79.867292,8.51733],[79.867064,8.516825],[79.867451,8.513833],[79.86681,8.51031],[79.867339,8.508673],[79.867363,8.507315],[79.86696,8.504156],[79.86666,8.503193],[79.866585,8.500259],[79.865343,8.497572],[79.865179,8.496521],[79.865477,8.494677],[79.865297,8.494078],[79.86555,8.493348],[79.865485,8.492213],[79.865783,8.491428],[79.865289,8.489937],[79.865721,8.488629],[79.865882,8.487268],[79.865413,8.484395],[79.865544,8.48366],[79.865524,8.482124],[79.86458,8.478312],[79.8637,8.476869],[79.863156,8.476275],[79.862729,8.476109],[79.862733,8.476405],[79.862908,8.476632],[79.862807,8.476746],[79.862391,8.476421],[79.861875,8.474778],[79.862021,8.473647],[79.862541,8.472813],[79.862629,8.472413],[79.86219,8.469332],[79.862405,8.468096],[79.862429,8.466431],[79.862714,8.46552],[79.862708,8.464901],[79.862914,8.464104],[79.863581,8.462412],[79.864578,8.457104],[79.864489,8.456502],[79.864739,8.453738],[79.864563,8.452324],[79.863827,8.450867],[79.861862,8.448458],[79.86063,8.447503],[79.858401,8.446399],[79.858104,8.44581],[79.857379,8.445391],[79.855223,8.443245],[79.853431,8.442223],[79.852919,8.442223],[79.852533,8.441915],[79.851219,8.441459],[79.847716,8.440618],[79.847927,8.441151],[79.847694,8.441104],[79.847313,8.439352],[79.847598,8.437445],[79.846492,8.434956],[79.844626,8.429621],[79.844593,8.429297],[79.844923,8.428304],[79.844918,8.427248],[79.844569,8.426248],[79.844154,8.42581],[79.843802,8.424425],[79.843201,8.423393],[79.842992,8.422173],[79.843081,8.421679],[79.84292,8.421103],[79.842984,8.418697],[79.84277,8.417646],[79.842815,8.416548],[79.843622,8.414276],[79.843692,8.41355],[79.844309,8.412241],[79.844017,8.409845],[79.844384,8.406311],[79.844277,8.404947],[79.844414,8.403889],[79.844677,8.403199],[79.844644,8.402663],[79.844381,8.402044],[79.844564,8.398592],[79.844862,8.39781],[79.84488,8.395467],[79.845342,8.394636],[79.846039,8.39203],[79.845878,8.390433],[79.845495,8.389769],[79.844728,8.385314],[79.844854,8.383489],[79.845403,8.3817],[79.845446,8.380599],[79.845369,8.380005],[79.844786,8.378418],[79.844749,8.377797],[79.844966,8.377354],[79.844835,8.376634],[79.844953,8.375602],[79.844744,8.372561],[79.8451,8.369775],[79.844942,8.367262],[79.845009,8.364842],[79.845425,8.363308],[79.845127,8.361647],[79.844808,8.361193],[79.845369,8.35834],[79.845232,8.355583],[79.845712,8.353871],[79.846272,8.352889],[79.846248,8.351406],[79.846125,8.350931],[79.845369,8.350257],[79.84374,8.349495],[79.842271,8.347741],[79.83965,8.346348],[79.839151,8.345751],[79.837314,8.341714],[79.837252,8.341024],[79.837612,8.340008],[79.837169,8.338962],[79.838553,8.337524],[79.839457,8.335476],[79.839562,8.33465],[79.839464,8.332722],[79.838969,8.332046],[79.838663,8.332057],[79.838529,8.332205],[79.838532,8.332572],[79.83887,8.333461],[79.838902,8.333917],[79.83869,8.333962],[79.838215,8.33297],[79.83655,8.330892],[79.836139,8.329788],[79.836061,8.329106],[79.834704,8.327715],[79.833732,8.327021],[79.83372,8.326149],[79.832448,8.324536],[79.832784,8.32258],[79.833521,8.321367],[79.833569,8.319881],[79.834508,8.319549],[79.835686,8.3175],[79.837105,8.314334],[79.837464,8.313089],[79.837512,8.311996],[79.837212,8.310854],[79.836383,8.309652],[79.83604,8.309421],[79.835281,8.309519],[79.834929,8.308917],[79.835206,8.307393],[79.835013,8.306117],[79.83516,8.30562],[79.835372,8.305127],[79.836018,8.304702],[79.836783,8.303609],[79.83682,8.303354],[79.836509,8.302701],[79.836563,8.302255],[79.836815,8.301788],[79.83667,8.301241],[79.836279,8.300907],[79.835785,8.300785],[79.834224,8.300997],[79.832883,8.302027],[79.832743,8.302335],[79.832534,8.302271],[79.832497,8.302117],[79.833548,8.295604],[79.833387,8.293682],[79.833602,8.29261],[79.833602,8.2914],[79.833012,8.290338],[79.828945,8.288406],[79.828173,8.287885],[79.827395,8.287187],[79.824834,8.283737],[79.823905,8.283105],[79.823203,8.281022],[79.823101,8.279891],[79.821781,8.278073],[79.821572,8.277568],[79.821512,8.27663],[79.820211,8.274898],[79.819921,8.274219],[79.819653,8.273955],[79.819613,8.273563],[79.81898,8.272721],[79.818545,8.271506],[79.818422,8.269929],[79.818096,8.269011],[79.817774,8.268536],[79.817625,8.267878],[79.817071,8.267863],[79.817262,8.268148],[79.817153,8.268592],[79.816806,8.268655],[79.816543,8.268487],[79.816666,8.268142],[79.816996,8.267927],[79.817165,8.266949],[79.816547,8.263031],[79.816217,8.262058],[79.815701,8.261588],[79.815765,8.26057],[79.815522,8.259656],[79.815195,8.259118],[79.815422,8.25855],[79.815353,8.257154],[79.814081,8.2536],[79.813409,8.253134],[79.813387,8.252526],[79.812922,8.252044],[79.81311,8.251458],[79.813079,8.250903],[79.812993,8.250235],[79.812605,8.249331],[79.812506,8.248319],[79.812607,8.247558],[79.811275,8.244966],[79.811054,8.243972],[79.811132,8.243296],[79.810662,8.241829],[79.810572,8.239459],[79.810158,8.238282],[79.808911,8.237295],[79.806753,8.236229],[79.806029,8.236024],[79.802434,8.235531],[79.799107,8.235418],[79.798934,8.235264],[79.797218,8.235002],[79.794155,8.233926],[79.790862,8.233868],[79.790348,8.233611],[79.789651,8.233711],[79.789554,8.233601],[79.789664,8.232808],[79.790736,8.231586],[79.790653,8.231307],[79.790808,8.230902],[79.791537,8.230002],[79.792422,8.229502],[79.793204,8.229486],[79.793224,8.229694],[79.792822,8.229779],[79.792594,8.230073],[79.792146,8.230094],[79.791842,8.23041],[79.791649,8.231541],[79.791977,8.23178],[79.792038,8.232119],[79.792872,8.231919],[79.79514,8.230709],[79.796306,8.230374],[79.797266,8.230946],[79.797438,8.231878],[79.797354,8.232765],[79.797059,8.233261],[79.796649,8.233237],[79.796332,8.234063],[79.796931,8.234097],[79.797204,8.233965],[79.797209,8.233763],[79.796786,8.233452],[79.797234,8.233598],[79.797624,8.233399],[79.798793,8.233426],[79.800202,8.232978],[79.802357,8.231659],[79.804511,8.229863],[79.805444,8.2286],[79.805447,8.228276],[79.805082,8.228154],[79.804972,8.227904],[79.805468,8.227665],[79.80557,8.227243],[79.805897,8.227362],[79.806104,8.227243],[79.80664,8.226256],[79.806487,8.225924],[79.806568,8.225735],[79.806962,8.22569],[79.80737,8.226516],[79.808134,8.226465],[79.809057,8.225629],[79.809482,8.224798],[79.809939,8.224672],[79.810257,8.224174],[79.810651,8.224059],[79.81059,8.22344],[79.810342,8.223172],[79.810389,8.222824],[79.81013,8.22253],[79.8096,8.222777],[79.807266,8.223093],[79.806926,8.223353],[79.806687,8.223987],[79.805329,8.224289],[79.805196,8.224559],[79.804957,8.224447],[79.804717,8.224705],[79.80403,8.223935],[79.803653,8.223207],[79.802874,8.222613],[79.801335,8.222141],[79.798935,8.222031],[79.798595,8.222203],[79.798755,8.222473],[79.797982,8.223205],[79.797033,8.223683],[79.796017,8.224551],[79.795274,8.224873],[79.795101,8.22655],[79.794885,8.226593],[79.794455,8.226391],[79.793371,8.226587],[79.793393,8.226717],[79.793897,8.226951],[79.794058,8.226747],[79.794254,8.226799],[79.793949,8.227275],[79.794077,8.227544],[79.79344,8.227745],[79.79357,8.228096],[79.793371,8.228252],[79.793348,8.228481],[79.79299,8.228156],[79.793125,8.227613],[79.792792,8.226792],[79.793495,8.22565],[79.794176,8.224054],[79.794472,8.223751],[79.797348,8.222434],[79.80086,8.220496],[79.805701,8.218223],[79.808778,8.216232],[79.811229,8.214344],[79.814988,8.210845],[79.816607,8.209067],[79.818962,8.206056],[79.819249,8.205254],[79.820041,8.203861],[79.820842,8.201522],[79.821156,8.199117],[79.820858,8.197688],[79.820376,8.196895],[79.820523,8.195718],[79.82029,8.194972],[79.821309,8.193691],[79.821793,8.192653],[79.822339,8.190228],[79.822017,8.188845],[79.823345,8.186161],[79.823629,8.184459],[79.823543,8.183891],[79.824119,8.182472],[79.823962,8.18163],[79.823286,8.180013],[79.823299,8.178677],[79.822585,8.179014],[79.822198,8.179403],[79.822265,8.179862],[79.822119,8.180377],[79.822693,8.180133],[79.822881,8.180272],[79.822027,8.181145],[79.820648,8.181233],[79.820101,8.181049],[79.818077,8.180936],[79.816406,8.181178],[79.81631,8.181085],[79.816401,8.180732],[79.820934,8.17517],[79.821264,8.174036],[79.821274,8.173675],[79.820856,8.172738],[79.819453,8.1715],[79.819171,8.171463],[79.818823,8.171899],[79.818799,8.173229],[79.818958,8.173604],[79.819318,8.173659],[79.819507,8.174031],[79.819981,8.17439],[79.819166,8.174039],[79.818635,8.173428],[79.818606,8.171978],[79.818831,8.171105],[79.819424,8.17008],[79.820861,8.168333],[79.821057,8.16734],[79.819339,8.164761],[79.819149,8.163813],[79.819206,8.163238],[79.819928,8.162309],[79.821363,8.162001],[79.821905,8.162205],[79.823018,8.16216],[79.824506,8.16134],[79.827057,8.158982],[79.828531,8.157414],[79.830564,8.154885],[79.832627,8.15276],[79.833264,8.151865],[79.833659,8.150792],[79.833671,8.150281],[79.833498,8.149811],[79.831764,8.147812],[79.831518,8.147289],[79.830738,8.146813],[79.830669,8.146579],[79.830232,8.14621],[79.829994,8.146171],[79.830698,8.145676],[79.831925,8.144237],[79.83413,8.140449],[79.834815,8.138982],[79.834988,8.138268],[79.834815,8.137994],[79.834883,8.137465],[79.834235,8.136573],[79.834191,8.135787],[79.833883,8.135375],[79.83426,8.134275],[79.834814,8.133953],[79.834991,8.133556],[79.834837,8.132895],[79.83424,8.132712],[79.834398,8.132543],[79.834258,8.131972],[79.834522,8.131152],[79.834645,8.130086],[79.834548,8.129749],[79.832274,8.129708],[79.831771,8.129461],[79.831671,8.129883],[79.831858,8.130201],[79.832151,8.130369],[79.831971,8.130382],[79.831662,8.130127],[79.831241,8.129188],[79.829876,8.127107],[79.828927,8.126091],[79.82758,8.125285],[79.826609,8.124945],[79.826022,8.12443],[79.823104,8.12276],[79.820912,8.122253],[79.820818,8.12259],[79.821154,8.122885],[79.821331,8.123655],[79.821547,8.123636],[79.821548,8.123409],[79.821684,8.123613],[79.821422,8.124058],[79.820988,8.124037],[79.820736,8.124329],[79.820368,8.124204],[79.820211,8.124851],[79.820303,8.125332],[79.820156,8.125148],[79.819807,8.123962],[79.820059,8.121847],[79.819833,8.121552],[79.819713,8.120735],[79.820133,8.118505],[79.819943,8.117589],[79.820161,8.116525],[79.820362,8.113992],[79.819983,8.112958],[79.818875,8.11151],[79.818807,8.11096],[79.818112,8.11073],[79.817718,8.110277],[79.817668,8.106455],[79.816983,8.105192],[79.816914,8.104785],[79.815694,8.103325],[79.815557,8.102889],[79.81584,8.102319],[79.815851,8.101984],[79.815199,8.10127],[79.815001,8.099802],[79.814321,8.098567],[79.813276,8.097749],[79.81155,8.097015],[79.811184,8.096976],[79.811056,8.097175],[79.81054,8.09721],[79.81057,8.096947],[79.810761,8.097155],[79.810999,8.097019],[79.81067,8.096917],[79.810429,8.096427],[79.811258,8.095767],[79.811299,8.095287],[79.81116,8.094971],[79.810883,8.09474],[79.81025,8.094929],[79.809797,8.094698],[79.80914,8.094069],[79.808161,8.092409],[79.807233,8.091785],[79.806077,8.091283],[79.805401,8.090064],[79.804832,8.089581],[79.804886,8.089318],[79.804481,8.088062],[79.804784,8.087618],[79.804148,8.087754],[79.803843,8.087507],[79.803802,8.087292],[79.804046,8.086822],[79.803947,8.086484],[79.800983,8.083842],[79.800466,8.083885],[79.800313,8.083505],[79.800039,8.083425],[79.799886,8.083789],[79.79954,8.083717],[79.799167,8.084437],[79.79869,8.084493],[79.798449,8.084668],[79.797607,8.084522],[79.797188,8.084655],[79.796276,8.085733],[79.795683,8.086081],[79.79526,8.086067],[79.794729,8.085757],[79.794442,8.085037],[79.793744,8.084049],[79.793315,8.084503],[79.791059,8.085802],[79.791141,8.086188],[79.791546,8.086677],[79.791655,8.086511],[79.791826,8.086541],[79.792043,8.085845],[79.792272,8.086398],[79.79191,8.087011],[79.790826,8.087165],[79.790208,8.08684],[79.790178,8.086349],[79.790418,8.085814],[79.790188,8.085106],[79.790912,8.082363],[79.79085,8.08133],[79.791566,8.081513],[79.792784,8.08253],[79.794592,8.081455],[79.795382,8.081321],[79.795663,8.080789],[79.796584,8.080131],[79.797053,8.08001],[79.7976,8.08024],[79.798781,8.079402],[79.799676,8.078261],[79.800185,8.077112],[79.800275,8.076345],[79.799857,8.075288],[79.800165,8.074484],[79.800002,8.073769],[79.799551,8.073289],[79.798239,8.073291],[79.797322,8.072731],[79.796992,8.072959],[79.795978,8.073204],[79.795482,8.072412],[79.794715,8.072596],[79.794678,8.071783],[79.794098,8.072096],[79.793749,8.072054],[79.793039,8.072311],[79.791612,8.073682],[79.791274,8.074959],[79.790877,8.075002],[79.790397,8.075517],[79.790364,8.0763],[79.790112,8.076611],[79.790197,8.077186],[79.790606,8.078005],[79.790593,8.078314],[79.791565,8.079065],[79.790559,8.078527],[79.790061,8.077943],[79.789985,8.076768],[79.789715,8.076368],[79.78973,8.075757],[79.790713,8.073916],[79.792453,8.071679],[79.79302,8.070595],[79.793111,8.069859],[79.792836,8.0691],[79.792463,8.068591],[79.792462,8.068136],[79.795415,8.063856],[79.796721,8.062892],[79.797496,8.062512],[79.79762,8.062225],[79.797424,8.061536],[79.797794,8.061067],[79.799543,8.059886],[79.805288,8.054659],[79.806399,8.05387],[79.818831,8.042087],[79.822951,8.037292],[79.823624,8.036335],[79.823678,8.035946],[79.824279,8.035435],[79.824571,8.034867],[79.824858,8.034669],[79.827517,8.03111],[79.827831,8.030289],[79.828404,8.029588],[79.829599,8.027179],[79.830065,8.027074],[79.830368,8.026689],[79.83084,8.025602],[79.830822,8.025125],[79.831082,8.024502],[79.832314,8.022519],[79.833354,8.020422],[79.834264,8.018045],[79.834519,8.016514],[79.835278,8.014133],[79.835273,8.013754],[79.834921,8.013449],[79.834671,8.012866],[79.834739,8.012065],[79.834287,8.011133],[79.834459,8.009194],[79.834305,8.008717],[79.833799,8.008674],[79.834164,8.008168],[79.833926,8.007557],[79.833792,8.007476],[79.832122,8.007836],[79.832365,8.007383],[79.832341,8.005899],[79.832655,8.004425],[79.832754,8.001464],[79.828626,7.997952],[79.827333,7.998372],[79.819301,7.997276],[79.818879,7.997122],[79.818683,7.996831],[79.819419,7.990272],[79.820217,7.989284],[79.819858,7.987609],[79.81983,7.986665],[79.821693,7.984321],[79.822323,7.9828],[79.82432,7.980732],[79.82456,7.980137],[79.824398,7.979896],[79.82269,7.979585],[79.822171,7.980157],[79.821144,7.980258],[79.819176,7.979849],[79.818997,7.979951],[79.818229,7.979699],[79.817927,7.980216],[79.817954,7.979294],[79.817004,7.977477],[79.816296,7.976927],[79.814868,7.976315],[79.814144,7.976449],[79.813393,7.976952],[79.812589,7.977203],[79.812454,7.977416],[79.812108,7.977351],[79.810296,7.977751],[79.810163,7.977883],[79.810167,7.978609],[79.810006,7.978594],[79.809789,7.978174],[79.80877,7.978105],[79.800289,7.978525],[79.791201,7.978498],[79.787607,7.978721],[79.785097,7.979407],[79.783836,7.979444],[79.781149,7.979951],[79.780033,7.98048],[79.776283,7.981431],[79.77388,7.982233],[79.771256,7.982892],[79.770425,7.983301],[79.768177,7.983992],[79.766734,7.984331],[79.76076,7.986831],[79.759412,7.987051],[79.758741,7.987546],[79.757266,7.987992],[79.756617,7.988459],[79.755346,7.988682],[79.754434,7.989224],[79.750518,7.990643],[79.749751,7.991089],[79.749042,7.991795],[79.748332,7.992101],[79.746673,7.993627],[79.746398,7.993697],[79.744851,7.996271],[79.744256,7.997865],[79.743973,7.999547],[79.744071,8.000041],[79.743725,8.001242],[79.742997,8.001987],[79.740926,8.005209],[79.738126,8.010643],[79.736396,8.014964],[79.736302,8.015469],[79.736632,8.018643],[79.737076,8.019703],[79.737443,8.020067],[79.737849,8.021541],[79.738378,8.022515],[79.739673,8.024173],[79.740805,8.026171],[79.742808,8.030713],[79.74301,8.030793],[79.743575,8.030441],[79.743092,8.030978],[79.743463,8.031555],[79.743802,8.031645],[79.743761,8.032012],[79.744434,8.032689],[79.744622,8.032705],[79.744405,8.033041],[79.74492,8.034438],[79.745362,8.034762],[79.745633,8.034657],[79.745098,8.035249],[79.745263,8.035398],[79.745074,8.035533],[79.744985,8.036493],[79.745479,8.036807],[79.746297,8.036879],[79.744855,8.036937],[79.744676,8.038244],[79.745043,8.038344],[79.744619,8.038552],[79.744477,8.039255],[79.744682,8.039367],[79.74469,8.039528],[79.744288,8.040119],[79.744821,8.040323],[79.745935,8.04127],[79.746461,8.042028],[79.745024,8.0407],[79.744484,8.040478],[79.743276,8.042095],[79.742533,8.043476],[79.742079,8.044705],[79.741787,8.046214],[79.741904,8.049621],[79.741696,8.052856],[79.741893,8.054046],[79.742462,8.054889],[79.742883,8.054842],[79.742883,8.055378],[79.745459,8.058154],[79.74711,8.05904],[79.74818,8.059929],[79.750539,8.062302],[79.751456,8.062796],[79.752618,8.063099],[79.753313,8.063187],[79.754895,8.063038],[79.755144,8.063303],[79.754763,8.063971],[79.753551,8.064868],[79.75188,8.065368],[79.750072,8.065626],[79.746923,8.066582],[79.742028,8.069057],[79.741736,8.069381],[79.741391,8.069418],[79.73859,8.071581],[79.737451,8.072912],[79.737359,8.073217],[79.73709,8.073307],[79.736665,8.073989],[79.737313,8.074192],[79.73764,8.074818],[79.737569,8.076318],[79.737156,8.076938],[79.737241,8.077143],[79.736374,8.078364],[79.735544,8.079063],[79.733567,8.081572],[79.733146,8.082127],[79.733204,8.082411],[79.732712,8.082767],[79.732598,8.08326],[79.733276,8.083834],[79.732457,8.083352],[79.732242,8.083414],[79.731261,8.085088],[79.731053,8.085965],[79.731187,8.086673],[79.731002,8.087011],[79.731241,8.087893],[79.731028,8.088826],[79.731199,8.089216],[79.731161,8.090604],[79.731388,8.091056],[79.73167,8.091202],[79.732085,8.09178],[79.732012,8.093057],[79.732241,8.093897],[79.732316,8.096379],[79.732439,8.096437],[79.732934,8.09618],[79.734513,8.09508],[79.734648,8.095148],[79.732304,8.096592],[79.732285,8.096884],[79.732944,8.098408],[79.73377,8.099225],[79.734344,8.099308],[79.734432,8.09902],[79.733606,8.098129],[79.733488,8.097604],[79.733245,8.097578],[79.733193,8.097152],[79.732608,8.096749],[79.733192,8.096744],[79.734111,8.097067],[79.734629,8.097746],[79.73474,8.09872],[79.735018,8.099125],[79.734828,8.101612],[79.735036,8.102764],[79.735615,8.103701],[79.735931,8.105593],[79.73614,8.105801],[79.735997,8.106146],[79.736171,8.107048],[79.735921,8.10721],[79.735999,8.107588],[79.735733,8.108601],[79.73589,8.109115],[79.736901,8.109418],[79.736071,8.109271],[79.735898,8.109397],[79.737241,8.109747],[79.736357,8.109635],[79.735904,8.10974],[79.734824,8.112112],[79.734773,8.112574],[79.734943,8.112941],[79.734707,8.113409],[79.734381,8.115372],[79.733368,8.116459],[79.733322,8.11699],[79.732745,8.117895],[79.731848,8.118804],[79.73105,8.119433],[79.730811,8.119473],[79.730751,8.119675],[79.728831,8.120743],[79.727886,8.121614],[79.727209,8.122481],[79.727188,8.123307],[79.727058,8.123499],[79.727406,8.124948],[79.727685,8.125341],[79.727746,8.12581],[79.728414,8.126869],[79.728721,8.127016],[79.728914,8.127356],[79.728776,8.127575],[79.729118,8.127895],[79.729446,8.128734],[79.729701,8.130505],[79.729363,8.130641],[79.728782,8.131919],[79.72895,8.132093],[79.728756,8.133048],[79.728472,8.133113],[79.72852,8.133357],[79.728073,8.13403],[79.727795,8.133806],[79.727687,8.1339],[79.728309,8.135484],[79.728105,8.135991],[79.728194,8.13631],[79.728062,8.137162],[79.728322,8.138307],[79.728698,8.139029],[79.730068,8.140502],[79.730924,8.142109],[79.731711,8.142899],[79.73195,8.142892],[79.732342,8.143286],[79.732249,8.143515],[79.732523,8.143646],[79.732543,8.143922],[79.732791,8.143921],[79.733376,8.144342],[79.73381,8.144395],[79.73705,8.144083],[79.738788,8.144233],[79.738358,8.144409],[79.738111,8.144873],[79.737852,8.145649],[79.737975,8.145713],[79.737833,8.145859],[79.73798,8.14649],[79.738796,8.147934],[79.739191,8.149286],[79.739405,8.149348],[79.7399,8.149174],[79.740571,8.149357],[79.740644,8.149588],[79.740312,8.149874],[79.74032,8.150714],[79.740636,8.15127],[79.740986,8.151426],[79.741268,8.15135],[79.741377,8.151501],[79.741194,8.152198],[79.739825,8.153507],[79.739752,8.153811],[79.740046,8.154046],[79.739721,8.153959],[79.739557,8.154361],[79.739521,8.154835],[79.739982,8.154946],[79.739542,8.155055],[79.739524,8.155629],[79.74012,8.155445],[79.740383,8.155771],[79.74045,8.156825],[79.740052,8.157048],[79.739908,8.157299],[79.740018,8.158168],[79.740374,8.158239],[79.740741,8.159119],[79.741029,8.159247],[79.741593,8.159923],[79.742036,8.16109],[79.743238,8.162407],[79.744327,8.164061],[79.744756,8.164426],[79.745379,8.164654],[79.746202,8.16543],[79.746433,8.165798],[79.746558,8.166658],[79.746083,8.167906],[79.744268,8.169902],[79.744188,8.171483],[79.743565,8.172561],[79.743611,8.173742],[79.743179,8.174555],[79.743282,8.175568],[79.743627,8.176478],[79.74422,8.176926],[79.744025,8.177005],[79.744087,8.177221],[79.744301,8.177271],[79.744184,8.177341],[79.744203,8.177629],[79.744483,8.177951],[79.744454,8.178211],[79.744636,8.178415],[79.744749,8.178956],[79.745195,8.179317],[79.744992,8.179403],[79.74502,8.179597],[79.745317,8.179698],[79.745098,8.179834],[79.745302,8.180047],[79.745569,8.179976],[79.745466,8.180258],[79.745904,8.180741],[79.746442,8.180884],[79.746962,8.181219],[79.747011,8.181399],[79.746789,8.181192],[79.746678,8.181256],[79.746968,8.181915],[79.747311,8.182173],[79.748008,8.182284],[79.749231,8.181626],[79.749315,8.181987],[79.748892,8.183316],[79.748779,8.185749],[79.748597,8.186663],[79.74772,8.188602],[79.746316,8.189973],[79.742097,8.19263],[79.742012,8.192927],[79.741787,8.192906],[79.741256,8.193235],[79.739673,8.194623],[79.739415,8.195085],[79.739601,8.196121],[79.740245,8.196756],[79.740249,8.197147],[79.73877,8.200573],[79.738423,8.200891],[79.737866,8.201086],[79.737664,8.201649],[79.73777,8.2018],[79.738254,8.20175],[79.738987,8.203277],[79.739655,8.203952],[79.740437,8.204099],[79.741174,8.204472],[79.741528,8.204386],[79.741524,8.204567],[79.742363,8.204835],[79.743264,8.20473],[79.743239,8.205002],[79.74198,8.207338],[79.741959,8.207814],[79.743833,8.209502],[79.744628,8.209815],[79.745185,8.210335],[79.7454,8.210763],[79.745271,8.21131],[79.745443,8.212398],[79.745851,8.213537],[79.746215,8.213933],[79.747178,8.214525],[79.748447,8.217373],[79.749391,8.218509],[79.750657,8.219592],[79.75445,8.221922],[79.75556,8.222321],[79.756483,8.222194],[79.757041,8.222746],[79.757199,8.223224],[79.757062,8.222948],[79.756547,8.222746],[79.756262,8.22239],[79.755791,8.222524],[79.755179,8.222463],[79.755926,8.224483],[79.756526,8.224806],[79.757116,8.224647],[79.760646,8.222534],[79.761955,8.221047],[79.762319,8.219847],[79.761912,8.218424],[79.76204,8.217108],[79.762775,8.216455],[79.763849,8.216147],[79.764369,8.21646],[79.764894,8.216492],[79.765205,8.216704],[79.766321,8.216768],[79.767072,8.217097],[79.767609,8.217044],[79.768231,8.217309],[79.768885,8.217161],[79.769124,8.217244],[79.769422,8.217968],[79.769357,8.218446],[79.770312,8.221238],[79.770634,8.226537],[79.77042,8.228331],[79.768263,8.231867],[79.766963,8.234801],[79.767168,8.23571],[79.768221,8.236008],[79.767649,8.235965],[79.767381,8.236315],[79.767075,8.23722],[79.767157,8.237704],[79.767583,8.237886],[79.767073,8.237729],[79.766257,8.239236],[79.766073,8.241247],[79.76579,8.241218],[79.765817,8.241487],[79.767036,8.243508],[79.76783,8.24322],[79.767265,8.243688],[79.768049,8.24445],[79.768276,8.24438],[79.768349,8.2445],[79.768164,8.244649],[79.768435,8.244743],[79.768459,8.245103],[79.768688,8.245502],[79.770019,8.246872],[79.770387,8.247476],[79.771722,8.248335],[79.772493,8.249283],[79.772553,8.249704],[79.773331,8.251318],[79.773237,8.252034],[79.773328,8.252421],[79.773902,8.253488],[79.774712,8.254118],[79.775474,8.255787],[79.776177,8.256589],[79.777792,8.259089],[79.777518,8.25997],[79.777164,8.260448],[79.77679,8.261439],[79.775307,8.261404],[79.772298,8.261839],[79.769671,8.262459],[79.767318,8.262297],[79.767033,8.260812],[79.76662,8.260219],[79.765855,8.259707],[79.765132,8.259462],[79.76385,8.259319],[79.764512,8.257682],[79.764698,8.256557],[79.764509,8.255913],[79.763542,8.255044],[79.762982,8.254737],[79.762631,8.254082],[79.762073,8.253571],[79.761515,8.253305],[79.760564,8.252299],[79.760212,8.252078],[79.759482,8.252172],[79.758828,8.251955],[79.758228,8.251464],[79.757873,8.251041],[79.757945,8.25064],[79.757608,8.2504],[79.757257,8.248866],[79.756161,8.247414],[79.755541,8.247107],[79.755071,8.246322],[79.753579,8.245441],[79.752378,8.244135],[79.751981,8.24405],[79.751927,8.244804],[79.75138,8.243732],[79.751047,8.243339],[79.750532,8.243095],[79.750243,8.242606],[79.749781,8.243105],[79.749084,8.242808],[79.747818,8.241725],[79.746874,8.239533],[79.746131,8.238485],[79.745069,8.237515],[79.744674,8.236623],[79.743408,8.235519],[79.742539,8.235115],[79.74255,8.235264],[79.742324,8.234691],[79.741563,8.234202],[79.741069,8.232057],[79.740061,8.230719],[79.738569,8.229785],[79.736735,8.229063],[79.735604,8.228994],[79.735179,8.228744],[79.735061,8.228394],[79.734621,8.228171],[79.734643,8.227969],[79.734449,8.227799],[79.731533,8.228173],[79.731977,8.229064],[79.733221,8.230105],[79.734251,8.230232],[79.734015,8.230551],[79.73423,8.230827],[79.734187,8.231549],[79.734433,8.232293],[79.735324,8.233184],[79.736011,8.23346],[79.735839,8.234649],[79.736032,8.235202],[79.736462,8.23552],[79.736633,8.235265],[79.736504,8.234607],[79.736891,8.234437],[79.737213,8.235244],[79.736869,8.235732],[79.736741,8.236263],[79.736912,8.237007],[79.736633,8.23792],[79.737539,8.240932],[79.73785,8.241229],[79.738843,8.241615],[79.739577,8.242153],[79.740575,8.242344],[79.741015,8.242747],[79.740275,8.242408],[79.740017,8.242609],[79.739674,8.242567],[79.739191,8.242737],[79.738998,8.243862],[79.738457,8.244715],[79.73843,8.245566],[79.738845,8.248258],[79.740177,8.248328],[79.738914,8.248682],[79.739312,8.250299],[79.739554,8.250609],[79.740101,8.250789],[79.740595,8.250694],[79.741356,8.250789],[79.74288,8.250269],[79.747388,8.251539],[79.74995,8.249677],[79.751035,8.248396],[79.752069,8.248007],[79.752213,8.248825],[79.752585,8.249398],[79.752461,8.249909],[79.752503,8.250441],[79.752709,8.250871],[79.752606,8.251382],[79.753247,8.252978],[79.753557,8.253182],[79.753371,8.253489],[79.753392,8.253878],[79.753681,8.254696],[79.754115,8.255268],[79.754632,8.255473],[79.755169,8.255944],[79.756182,8.256128],[79.757794,8.256107],[79.757349,8.257518],[79.757799,8.257964],[79.75914,8.258176],[79.757981,8.259949],[79.75884,8.260788],[79.760378,8.261712],[79.76075,8.262455],[79.760419,8.262366],[79.759778,8.263778],[79.759722,8.266202],[79.760192,8.266703],[79.76179,8.267042],[79.761918,8.267734],[79.762945,8.268],[79.763349,8.267834],[79.763567,8.267967],[79.763668,8.268283],[79.762877,8.269466],[79.762861,8.269882],[79.762187,8.271081],[79.762204,8.271564],[79.761759,8.272996],[79.761062,8.273092],[79.760536,8.272869],[79.760086,8.272104],[79.7597,8.272062],[79.759625,8.271817],[79.759185,8.271552],[79.758595,8.271499],[79.75809,8.271764],[79.757683,8.271393],[79.757135,8.271637],[79.757189,8.271807],[79.756942,8.271849],[79.756374,8.272901],[79.757114,8.271318],[79.758509,8.2698],[79.758981,8.268579],[79.759034,8.267953],[79.757511,8.266201],[79.756942,8.266031],[79.756481,8.265299],[79.75646,8.264725],[79.756269,8.264237],[79.755741,8.263727],[79.755068,8.263387],[79.753616,8.262994],[79.753166,8.263005],[79.751846,8.263217],[79.751149,8.263493],[79.750505,8.263982],[79.750355,8.264502],[79.750677,8.264545],[79.750966,8.264842],[79.750934,8.265362],[79.750645,8.265522],[79.750559,8.265883],[79.751106,8.266658],[79.753558,8.26809],[79.753576,8.269564],[79.754474,8.270558],[79.754784,8.271323],[79.754606,8.272452],[79.754692,8.272983],[79.754531,8.273238],[79.754692,8.273503],[79.754982,8.273452],[79.756312,8.274098],[79.757256,8.273853],[79.757835,8.273928],[79.758082,8.274289],[79.75834,8.275329],[79.758297,8.275881],[79.758704,8.277145],[79.758157,8.277548],[79.757739,8.277676],[79.757438,8.277633],[79.757428,8.277506],[79.75544,8.278283],[79.754421,8.279186],[79.753412,8.281585],[79.753273,8.282297],[79.753402,8.282838],[79.753745,8.283263],[79.754228,8.283475],[79.754507,8.283273],[79.755161,8.283411],[79.755422,8.283948],[79.754851,8.284936],[79.753757,8.285369],[79.752747,8.285036],[79.752613,8.285185],[79.753117,8.285602],[79.753218,8.285885],[79.753908,8.286351],[79.753723,8.287167],[79.753891,8.2878],[79.754666,8.288233],[79.754879,8.288655],[79.754177,8.290105],[79.754598,8.29143],[79.755339,8.291646],[79.755591,8.292079],[79.756769,8.292879],[79.757661,8.292945],[79.758048,8.293212],[79.757846,8.294277],[79.758031,8.29526],[79.759293,8.296559],[79.760769,8.296501],[79.762374,8.298047],[79.76239,8.299692],[79.763508,8.300082],[79.765415,8.300375],[79.766057,8.300912],[79.766796,8.301156],[79.767602,8.30114],[79.76752,8.301498],[79.766402,8.302425],[79.765882,8.302458],[79.765399,8.302783],[79.762768,8.30236],[79.761995,8.3021],[79.761798,8.301709],[79.760219,8.301823],[79.759036,8.302129],[79.75851,8.302396],[79.758311,8.302665],[79.758948,8.303298],[79.759046,8.303518],[79.758905,8.304265],[79.759174,8.304572],[79.759549,8.304689],[79.759774,8.305241],[79.759774,8.305677],[79.760053,8.30609],[79.760064,8.306462],[79.760869,8.307959],[79.761319,8.31159],[79.76236,8.312704],[79.762263,8.312853],[79.761984,8.312609],[79.76207,8.312874],[79.763068,8.313554],[79.763433,8.314031],[79.76428,8.314212],[79.764581,8.314541],[79.764763,8.314966],[79.764613,8.315528],[79.765514,8.316271],[79.765697,8.316908],[79.765611,8.316972],[79.765536,8.31676],[79.764989,8.317312],[79.764495,8.318097],[79.764463,8.319116],[79.764828,8.320093],[79.766094,8.321335],[79.766233,8.322429],[79.766383,8.322641],[79.766587,8.325157],[79.76692,8.325475],[79.768078,8.325847],[79.768304,8.326112],[79.768229,8.326431],[79.768347,8.326505],[79.768816,8.325998],[79.769441,8.325889],[79.769645,8.326017],[79.769827,8.327174],[79.770063,8.327588],[79.770718,8.328129],[79.770825,8.328554],[79.771522,8.32918],[79.772134,8.330019],[79.772134,8.330178],[79.771995,8.330146],[79.771909,8.329945],[79.771844,8.330178],[79.771952,8.331452],[79.771619,8.332577],[79.772349,8.333522],[79.772123,8.334308],[79.772284,8.335008],[79.772928,8.336006],[79.772928,8.336218],[79.773239,8.336516],[79.77325,8.33693],[79.773507,8.337206],[79.773625,8.337864],[79.773314,8.338214],[79.773432,8.339743],[79.773861,8.340719],[79.774269,8.341282],[79.775031,8.341908],[79.775417,8.342917],[79.776082,8.343278],[79.776833,8.344551],[79.777402,8.345135],[79.777498,8.345496],[79.777595,8.346027],[79.777498,8.346207],[79.777445,8.346038],[79.777176,8.346494],[79.77694,8.346377],[79.777296,8.34626],[79.777402,8.345815],[79.777016,8.345868],[79.777144,8.345263],[79.776468,8.345581],[79.776758,8.34505],[79.776597,8.344562],[79.776168,8.344212],[79.776093,8.344371],[79.776415,8.34452],[79.776501,8.344753],[79.776426,8.345156],[79.776179,8.345475],[79.776275,8.345878],[79.776093,8.346229],[79.776286,8.346388],[79.776361,8.346844],[79.776318,8.347917],[79.776919,8.348171],[79.777284,8.347821],[79.777992,8.347885],[79.777981,8.348224],[79.777187,8.349158],[79.777005,8.349774],[79.777021,8.350342],[79.777278,8.350873],[79.7776,8.351064],[79.778512,8.351085],[79.778298,8.352115],[79.778351,8.352667],[79.778941,8.353792],[79.779285,8.35497],[79.779124,8.355692],[79.779263,8.356329],[79.779489,8.35652],[79.779961,8.356616],[79.780819,8.356626],[79.781334,8.357051],[79.781645,8.358112],[79.781152,8.35894],[79.781076,8.359513],[79.781366,8.360256],[79.782525,8.361955],[79.78245,8.363059],[79.782729,8.363717],[79.783265,8.364428],[79.783866,8.366179],[79.784477,8.366795],[79.784917,8.367506],[79.784821,8.368101],[79.785078,8.368281],[79.785143,8.369353],[79.785733,8.370149],[79.78555,8.370256],[79.785604,8.370001],[79.785282,8.369895],[79.784831,8.370542],[79.783801,8.371508],[79.783394,8.372134],[79.781688,8.373132],[79.779639,8.375658],[79.779145,8.37689],[79.779446,8.378567],[79.779735,8.378959],[79.781452,8.379766],[79.782181,8.380636],[79.782943,8.381029],[79.780828,8.381101],[79.779978,8.380257],[79.776875,8.378877],[79.774303,8.375454],[79.773831,8.372099],[79.772887,8.368745],[79.77297,8.357966],[79.772588,8.354862],[79.772931,8.350446],[79.771045,8.342902],[79.768541,8.33806],[79.766751,8.334184],[79.764391,8.325436],[79.763751,8.324035],[79.762335,8.322135],[79.761602,8.319874],[79.761387,8.314353],[79.761001,8.313419],[79.760529,8.309427],[79.759617,8.306438],[79.757709,8.302307],[79.755752,8.299548],[79.755594,8.298811],[79.755067,8.29837],[79.754611,8.297499],[79.754284,8.297434],[79.753926,8.296918],[79.753485,8.295675],[79.75311,8.295159],[79.753029,8.294384],[79.752632,8.293588],[79.745352,8.280799],[79.745116,8.280236],[79.745105,8.279504],[79.744848,8.278367],[79.744655,8.277996],[79.744494,8.276541],[79.744107,8.27566],[79.743713,8.275211],[79.743212,8.275153],[79.743378,8.274216],[79.742865,8.272444],[79.742865,8.272019],[79.742436,8.271191],[79.742308,8.270129],[79.7419,8.269216],[79.741728,8.268155],[79.74117,8.267305],[79.740591,8.264311],[79.740119,8.263398],[79.740013,8.259255],[79.739138,8.254231],[79.739044,8.252329],[79.738503,8.250439],[79.737919,8.246493],[79.735818,8.237889],[79.735354,8.236691],[79.733244,8.232526],[79.732097,8.230768],[79.730803,8.229192],[79.729162,8.227759],[79.728375,8.227344],[79.726916,8.226871],[79.726079,8.227143],[79.725623,8.22781],[79.725526,8.22819],[79.725165,8.227847],[79.725299,8.227604],[79.725066,8.227292],[79.724404,8.226905],[79.724558,8.226824],[79.724454,8.226725],[79.723661,8.226258],[79.723647,8.226054],[79.722907,8.225478],[79.723022,8.225339],[79.722129,8.224704],[79.722216,8.224594],[79.720909,8.223541],[79.719721,8.221914],[79.718331,8.220752],[79.714946,8.218507],[79.713662,8.218053],[79.711752,8.217756],[79.710722,8.217321],[79.71078,8.217176],[79.711292,8.217211],[79.711596,8.217034],[79.711742,8.217283],[79.712218,8.217231],[79.712391,8.217069],[79.712782,8.217098],[79.712248,8.216817],[79.713166,8.216629],[79.713604,8.216361],[79.715109,8.217257],[79.716451,8.217659],[79.716838,8.2179],[79.717815,8.218091],[79.717946,8.218009],[79.717434,8.217633],[79.717498,8.217546],[79.718085,8.217935],[79.718473,8.217954],[79.718475,8.217811],[79.717954,8.217372],[79.716719,8.216878],[79.716454,8.217163],[79.715598,8.216753],[79.715469,8.216504],[79.713565,8.215997],[79.712738,8.216053],[79.711275,8.21665],[79.710184,8.217301],[79.710691,8.216363],[79.710531,8.216],[79.709684,8.216363],[79.70911,8.215821],[79.707621,8.216079],[79.707875,8.2152],[79.706179,8.214771],[79.705432,8.214982],[79.705149,8.214304],[79.704186,8.213627],[79.703299,8.213317],[79.703189,8.212808],[79.702191,8.212339],[79.702177,8.211911],[79.701276,8.211422],[79.701309,8.210881],[79.698409,8.209755],[79.69727,8.209913],[79.695842,8.21028],[79.696103,8.210966],[79.696483,8.211145],[79.696917,8.211601],[79.697778,8.211363],[79.701531,8.213964],[79.702325,8.213591],[79.702382,8.214585],[79.703116,8.214384],[79.703483,8.214103],[79.703422,8.21358],[79.7037,8.21372],[79.704328,8.214528],[79.704871,8.214468],[79.705225,8.215312],[79.70672,8.216191],[79.707321,8.216304],[79.707868,8.217156],[79.708756,8.217222],[79.708804,8.21835],[79.7086,8.218679],[79.707903,8.219157],[79.704988,8.219952],[79.703079,8.219633],[79.702371,8.219209],[79.70104,8.217191],[79.69956,8.216957],[79.698106,8.216185],[79.697135,8.215322],[79.696727,8.214154],[79.696255,8.213305],[79.694324,8.212285],[79.693659,8.211542],[79.692908,8.211202],[79.692452,8.20916],[79.692666,8.206161],[79.69386,8.200455],[79.693913,8.199203],[79.695198,8.193108],[79.695468,8.189657],[79.697742,8.182181],[79.698901,8.180099],[79.699931,8.177285],[79.701144,8.174556],[79.702345,8.171062],[79.702817,8.169246],[79.703396,8.166071],[79.70315,8.163883],[79.703536,8.161366],[79.704256,8.159068],[79.705097,8.154097],[79.705014,8.150443],[79.706095,8.147043],[79.705539,8.144043],[79.705752,8.142066],[79.705403,8.138591],[79.705635,8.135822],[79.705182,8.134448],[79.705226,8.134082],[79.705084,8.134141],[79.704992,8.13364],[79.705392,8.124173],[79.703527,8.117476],[79.702012,8.11627],[79.70158,8.114979],[79.701651,8.113205],[79.701374,8.112735],[79.702159,8.111247],[79.703956,8.106175],[79.705802,8.101512],[79.706529,8.098001],[79.707037,8.094426],[79.707561,8.077963],[79.707003,8.070751],[79.706016,8.063176],[79.706182,8.056992],[79.714988,8.032107],[79.715641,8.029918],[79.716491,8.027849],[79.718221,8.022005],[79.718921,8.020234],[79.719237,8.019128],[79.719053,8.01907],[79.720551,8.014094],[79.721272,8.010644],[79.722103,8.008462],[79.722729,8.006207],[79.726573,7.990622],[79.730015,7.978445],[79.736056,7.959825],[79.738696,7.953352],[79.744823,7.934065],[79.75741,7.882122],[79.760897,7.864996],[79.767127,7.840693],[79.767708,7.8379],[79.774709,7.814482],[79.775195,7.812062],[79.777728,7.804164],[79.784465,7.775155],[79.789786,7.744199],[79.794551,7.71946],[79.796598,7.706377],[79.799701,7.681865],[79.799357,7.666384],[79.800086,7.656591],[79.800098,7.653848],[79.800731,7.640014],[79.800285,7.634457],[79.800412,7.633755],[79.799737,7.622973],[79.798951,7.620186],[79.798305,7.616863],[79.797801,7.615539],[79.796849,7.614728],[79.79656,7.614174],[79.796234,7.612856],[79.795364,7.611357],[79.794909,7.610884],[79.794517,7.61085],[79.793766,7.610108],[79.793228,7.610319],[79.79289,7.610292],[79.79225,7.609601],[79.791775,7.608687],[79.790905,7.608594],[79.789748,7.60798],[79.786347,7.607374],[79.786357,7.606815],[79.786191,7.606594],[79.78611,7.599901],[79.786445,7.597505],[79.78622,7.59619],[79.786416,7.594025],[79.786293,7.59368],[79.786316,7.592723],[79.787022,7.582459],[79.787903,7.565823],[79.788431,7.550995],[79.789378,7.538937],[79.792067,7.525083],[79.794258,7.512656],[79.795542,7.503925],[79.797361,7.49319],[79.797253,7.492305],[79.797071,7.492324],[79.796997,7.492192],[79.800528,7.47659],[79.802284,7.466392],[79.804684,7.457581],[79.806504,7.450242],[79.809795,7.435988],[79.810982,7.432474],[79.811061,7.432126],[79.810954,7.431965],[79.811813,7.428673],[79.811688,7.428375],[79.811368,7.428176],[79.811121,7.428443],[79.811353,7.427779],[79.811505,7.42785],[79.812593,7.425323],[79.812596,7.424949],[79.812394,7.424785],[79.812298,7.424948],[79.812387,7.424248],[79.812467,7.424204],[79.812467,7.424395],[79.812585,7.424297],[79.812547,7.424063],[79.813261,7.422634],[79.813311,7.422291],[79.813101,7.42181],[79.812998,7.421737],[79.812869,7.421917],[79.813036,7.421241],[79.813218,7.421231],[79.813911,7.419465],[79.814539,7.418657],[79.814739,7.417839],[79.815259,7.416672],[79.815405,7.416036],[79.81525,7.415866],[79.815283,7.415232],[79.815779,7.414245],[79.81567,7.414212],[79.815758,7.413682],[79.816559,7.41152],[79.816434,7.411257],[79.815965,7.411129],[79.815712,7.41148],[79.815895,7.410868],[79.815963,7.41099],[79.816165,7.410943],[79.816894,7.409757],[79.816795,7.40909],[79.816466,7.408925],[79.816336,7.409154],[79.816461,7.40848],[79.816523,7.408603],[79.816801,7.408423],[79.817616,7.406772],[79.819529,7.399272],[79.820912,7.391571],[79.820415,7.391026],[79.820471,7.390758],[79.821,7.390233],[79.821085,7.389104],[79.820908,7.388541],[79.820999,7.388021],[79.821246,7.388043],[79.821419,7.387843],[79.821657,7.38644],[79.821374,7.386113],[79.821506,7.38555],[79.821698,7.385373],[79.821904,7.384336],[79.821765,7.383806],[79.821522,7.383708],[79.821681,7.382978],[79.821868,7.383091],[79.82205,7.382913],[79.822145,7.381667],[79.821932,7.381454],[79.82213,7.380785],[79.822229,7.380913],[79.82244,7.380792],[79.822646,7.379907],[79.82259,7.379354],[79.822395,7.379192],[79.822533,7.378513],[79.822788,7.378596],[79.822976,7.378178],[79.823026,7.377225],[79.822858,7.376902],[79.822611,7.376917],[79.822812,7.376301],[79.822869,7.376518],[79.82299,7.376521],[79.823446,7.376036],[79.823553,7.37502],[79.823436,7.37476],[79.823274,7.374777],[79.823399,7.37416],[79.82357,7.374279],[79.823743,7.374134],[79.823963,7.372999],[79.823883,7.372563],[79.823662,7.372499],[79.823849,7.371856],[79.823942,7.372116],[79.824361,7.371869],[79.824689,7.37064],[79.824586,7.370149],[79.824356,7.3701],[79.824177,7.370235],[79.824323,7.369563],[79.824402,7.36986],[79.824709,7.36988],[79.825129,7.368175],[79.824805,7.367964],[79.824519,7.368034],[79.824678,7.367342],[79.824952,7.367457],[79.825182,7.367159],[79.825537,7.3657],[79.825221,7.365571],[79.824973,7.365764],[79.825122,7.365114],[79.825497,7.365103],[79.82569,7.364424],[79.825659,7.363436],[79.825564,7.363289],[79.825434,7.363349],[79.825462,7.363092],[79.82587,7.363155],[79.826035,7.362472],[79.825907,7.361665],[79.825575,7.361581],[79.825805,7.361201],[79.826312,7.360964],[79.826854,7.357488],[79.826806,7.356329],[79.826607,7.356249],[79.827579,7.354719],[79.827936,7.351585],[79.827831,7.350107],[79.82807,7.349928],[79.828176,7.349424],[79.827856,7.34891],[79.828087,7.348498],[79.828448,7.348267],[79.828611,7.346199],[79.828408,7.34606],[79.82862,7.345729],[79.828914,7.345578],[79.829235,7.342787],[79.829083,7.342296],[79.828803,7.342225],[79.828939,7.341416],[79.82906,7.341415],[79.829023,7.341616],[79.829493,7.341498],[79.829711,7.340913],[79.82997,7.340694],[79.830153,7.339309],[79.829944,7.338893],[79.829742,7.338791],[79.829603,7.338897],[79.829797,7.338256],[79.829835,7.338461],[79.830213,7.338503],[79.830598,7.337899],[79.830878,7.335553],[79.830836,7.335355],[79.830647,7.335291],[79.831188,7.334687],[79.831344,7.333725],[79.831397,7.332032],[79.830995,7.331223],[79.830769,7.33118],[79.830666,7.331318],[79.830788,7.329954],[79.830912,7.329968],[79.830855,7.330244],[79.83126,7.330286],[79.831569,7.330076],[79.831925,7.329462],[79.832442,7.326742],[79.832284,7.326648],[79.832515,7.326664],[79.832583,7.326517],[79.832802,7.325382],[79.832595,7.325271],[79.832838,7.325254],[79.833069,7.324343],[79.832803,7.324075],[79.833054,7.324102],[79.833287,7.323708],[79.833302,7.323216],[79.833155,7.323106],[79.833382,7.322847],[79.833275,7.322177],[79.833014,7.321905],[79.832742,7.322074],[79.83291,7.321057],[79.833012,7.320853],[79.833007,7.32108],[79.833358,7.321093],[79.833617,7.320713],[79.834249,7.318763],[79.835268,7.314473],[79.835473,7.312738],[79.835148,7.312549],[79.834851,7.312711],[79.8349,7.3115],[79.835036,7.311476],[79.835291,7.311783],[79.835711,7.311475],[79.836372,7.308303],[79.836289,7.308064],[79.836113,7.308117],[79.836088,7.307965],[79.836193,7.307577],[79.836298,7.307635],[79.837081,7.303642],[79.836451,7.303555],[79.836661,7.30275],[79.836789,7.302765],[79.836765,7.302935],[79.837157,7.303038],[79.838161,7.299505],[79.838171,7.29705],[79.838034,7.296728],[79.837782,7.296563],[79.837578,7.296586],[79.837578,7.29679],[79.83744,7.296786],[79.837595,7.295726],[79.837709,7.295716],[79.837762,7.295991],[79.838212,7.295804],[79.838752,7.293981],[79.83904,7.291918],[79.838828,7.291222],[79.838593,7.291111],[79.838468,7.291214],[79.838608,7.290367],[79.838703,7.290382],[79.83865,7.290703],[79.838788,7.290726],[79.839344,7.290477],[79.839594,7.290052],[79.839917,7.288772],[79.84005,7.28685],[79.83998,7.286589],[79.839697,7.286358],[79.83944,7.286571],[79.839489,7.285631],[79.839643,7.285377],[79.839572,7.285943],[79.839782,7.286118],[79.840488,7.285942],[79.84103,7.285388],[79.840881,7.285222],[79.840669,7.285315],[79.840551,7.285046],[79.840254,7.284865],[79.839975,7.283474],[79.840055,7.28279],[79.839589,7.282186],[79.839847,7.282457],[79.840229,7.281609],[79.840193,7.280819],[79.840541,7.279539],[79.840579,7.278393],[79.840923,7.277285],[79.841534,7.274141],[79.842205,7.272929],[79.84281,7.272447],[79.842023,7.271561],[79.84192,7.270987],[79.841712,7.270831],[79.841865,7.270288],[79.842005,7.270264],[79.842315,7.267791],[79.84271,7.266489],[79.842646,7.265256],[79.842222,7.264381],[79.841813,7.264068],[79.841249,7.264026],[79.841002,7.264167],[79.840885,7.263411],[79.841234,7.263361],[79.841454,7.263121],[79.841744,7.262273],[79.841966,7.260064],[79.841942,7.259677],[79.841626,7.25931],[79.841645,7.259128],[79.842007,7.258793],[79.842074,7.258404],[79.841879,7.256517],[79.841327,7.255605],[79.84067,7.255483],[79.840594,7.254471],[79.841023,7.254227],[79.841174,7.253722],[79.841161,7.248998],[79.840975,7.248335],[79.840394,7.248038],[79.840575,7.247812],[79.840399,7.246262],[79.840621,7.245906],[79.840351,7.244079],[79.840411,7.242763],[79.840191,7.239736],[79.84,7.238247],[79.839621,7.236932],[79.839767,7.236838],[79.83984,7.23618],[79.839681,7.232357],[79.838943,7.22293],[79.838535,7.2222],[79.838475,7.222011],[79.838693,7.222044],[79.838707,7.22191],[79.838281,7.221042],[79.838357,7.220897],[79.837665,7.218827],[79.837025,7.21733],[79.836145,7.215788],[79.834945,7.21432],[79.83438,7.213282],[79.833422,7.212207],[79.832528,7.21164],[79.831583,7.212151],[79.831554,7.211825],[79.830641,7.210486],[79.829777,7.209549],[79.82957,7.209462],[79.82861,7.209911],[79.828553,7.209798],[79.829127,7.20949],[79.829151,7.209088],[79.82854,7.208286],[79.828313,7.208243],[79.828318,7.208073],[79.8287,7.207174],[79.828844,7.207116],[79.828909,7.207255],[79.82908,7.207152],[79.829156,7.206574],[79.829497,7.20669],[79.830072,7.206483],[79.83113,7.207249],[79.83258,7.20798],[79.832246,7.208728],[79.832412,7.208813],[79.832958,7.207899],[79.835633,7.208314],[79.836252,7.207987],[79.83646,7.208137],[79.836735,7.208025],[79.836398,7.2079],[79.836876,7.207715],[79.837107,7.207905],[79.837855,7.206531],[79.838046,7.205893],[79.839902,7.206578],[79.838094,7.205783],[79.837893,7.205251],[79.838229,7.203504],[79.837911,7.202404],[79.837579,7.201791],[79.836811,7.201252],[79.83687,7.201104],[79.837859,7.200954],[79.837825,7.200415],[79.838733,7.200307],[79.838945,7.200023],[79.838321,7.20004],[79.837953,7.200231],[79.83777,7.200388],[79.837647,7.200944],[79.836507,7.201032],[79.835846,7.200492],[79.835941,7.199721],[79.836263,7.198888],[79.836244,7.198164],[79.835626,7.195899],[79.836394,7.195038],[79.838487,7.19457],[79.838969,7.194715],[79.839562,7.194486],[79.84064,7.194837],[79.842575,7.195086],[79.84443,7.195583],[79.846102,7.196224],[79.846727,7.197079],[79.846729,7.197396],[79.846527,7.197708],[79.84661,7.1981],[79.847205,7.198869],[79.847936,7.199139],[79.848851,7.198647],[79.849028,7.198097],[79.850531,7.196427],[79.852515,7.195036],[79.853834,7.191966],[79.853905,7.191159],[79.854268,7.190006],[79.854218,7.189397],[79.855354,7.188452],[79.856023,7.18757],[79.858228,7.183605],[79.858341,7.183089],[79.858252,7.182696],[79.857995,7.182161],[79.857396,7.181879],[79.857312,7.181496],[79.857599,7.181108],[79.858576,7.180792],[79.85921,7.180298],[79.859427,7.179725],[79.859712,7.179685],[79.860708,7.178178],[79.861481,7.176327],[79.86183,7.176056],[79.86191,7.17572],[79.862645,7.174954],[79.863611,7.172618],[79.863874,7.172362],[79.863944,7.172016],[79.865466,7.169492],[79.866879,7.165745],[79.86692,7.165479],[79.866429,7.164441],[79.866748,7.16393],[79.866968,7.163882],[79.867311,7.16318],[79.867227,7.163024],[79.867471,7.162971],[79.867717,7.162457],[79.867648,7.16126],[79.868175,7.157995],[79.868153,7.1562],[79.868397,7.155624],[79.868766,7.155361],[79.868283,7.153619],[79.868678,7.15339],[79.868902,7.153435],[79.869156,7.154303],[79.86935,7.154394],[79.869672,7.15389],[79.869805,7.152717],[79.869727,7.152343],[79.869973,7.152012],[79.869994,7.151669],[79.86944,7.151064],[79.868625,7.151868],[79.868453,7.152299],[79.868603,7.152853],[79.86802,7.153232],[79.866988,7.155659],[79.866338,7.156704],[79.866169,7.156636],[79.866205,7.156028],[79.866057,7.15585],[79.865949,7.154339],[79.866523,7.152075],[79.866428,7.151477],[79.86697,7.149129],[79.866817,7.148218],[79.866952,7.147925],[79.866795,7.144321],[79.866931,7.142867],[79.867458,7.140312],[79.868525,7.137486],[79.870507,7.133311],[79.871225,7.130556],[79.871409,7.129276],[79.871057,7.12776],[79.869865,7.126054],[79.869436,7.124396],[79.869497,7.123431],[79.869687,7.122623],[79.87079,7.121145],[79.871396,7.121674],[79.872051,7.12151],[79.872001,7.120572],[79.871201,7.118177],[79.870249,7.118226],[79.869956,7.117729],[79.870054,7.11742],[79.870651,7.117272],[79.870897,7.11632],[79.870902,7.115471],[79.872306,7.114549],[79.873626,7.114442],[79.873929,7.114025],[79.874557,7.113883],[79.874312,7.11344],[79.874144,7.113579],[79.873975,7.113517],[79.873998,7.113396],[79.874409,7.113098],[79.875144,7.112988],[79.875105,7.112784],[79.874688,7.112692],[79.874759,7.112027],[79.875166,7.11171],[79.874863,7.111708],[79.874603,7.111952],[79.874494,7.112578],[79.874237,7.112639],[79.873878,7.113264],[79.873031,7.113374],[79.87222,7.113694],[79.8712,7.114567],[79.870912,7.114442],[79.870666,7.114016],[79.870541,7.114073],[79.870414,7.114641],[79.870028,7.114848],[79.868808,7.116242],[79.868323,7.116044],[79.868004,7.114641],[79.867931,7.112505],[79.867612,7.111771],[79.867251,7.111764],[79.867062,7.112019],[79.86672,7.111709],[79.866621,7.111774],[79.866694,7.11267],[79.865514,7.112058],[79.865118,7.112627],[79.86516,7.11325],[79.865026,7.113454],[79.864639,7.113434],[79.864047,7.114128],[79.863199,7.115556],[79.862287,7.117659],[79.862484,7.120066],[79.862893,7.120662],[79.862805,7.122828],[79.862989,7.124244],[79.86297,7.125421],[79.862669,7.126116],[79.862338,7.125838],[79.861886,7.12511],[79.861661,7.123711],[79.861165,7.122552],[79.860646,7.122089],[79.859914,7.121783],[79.859925,7.119951],[79.859631,7.117828],[79.858183,7.116966],[79.858152,7.116133],[79.859051,7.114438],[79.859139,7.113971],[79.858649,7.113748],[79.858228,7.113133],[79.85918,7.112638],[79.85943,7.112255],[79.859077,7.111796],[79.858503,7.11138],[79.857793,7.111309],[79.857207,7.111308],[79.856881,7.111539],[79.856248,7.112428],[79.855604,7.112055],[79.855508,7.111135],[79.855789,7.110664],[79.855752,7.110207],[79.856178,7.109872],[79.856266,7.109091],[79.856087,7.108197],[79.856439,7.107698],[79.857164,7.107214],[79.857692,7.106383],[79.857569,7.105627],[79.858043,7.105412],[79.857495,7.105265],[79.857481,7.104941],[79.856887,7.104683],[79.856718,7.104747],[79.85715,7.105038],[79.857185,7.105307],[79.856899,7.105575],[79.856916,7.106088],[79.856755,7.105967],[79.856852,7.105834],[79.856245,7.105825],[79.855029,7.106984],[79.853714,7.106699],[79.853316,7.106745],[79.854239,7.105621],[79.854191,7.105443],[79.855422,7.104618],[79.855171,7.104315],[79.855562,7.104072],[79.855624,7.103771],[79.855827,7.10382],[79.855761,7.103508],[79.855892,7.103357],[79.856083,7.103922],[79.856457,7.103852],[79.85635,7.10305],[79.856674,7.102685],[79.856461,7.1018],[79.856079,7.101167],[79.856258,7.100781],[79.855738,7.100757],[79.854714,7.103732],[79.853827,7.105144],[79.853249,7.106398],[79.85169,7.106911],[79.851004,7.107383],[79.850749,7.108184],[79.850337,7.108657],[79.850226,7.108494],[79.849919,7.108611],[79.849837,7.10851],[79.849411,7.108766],[79.849632,7.109228],[79.848944,7.109655],[79.848689,7.109644],[79.848493,7.109194],[79.848287,7.109053],[79.84774,7.109085],[79.847563,7.109238],[79.846926,7.10987],[79.847441,7.111435],[79.846917,7.112001],[79.845912,7.111334],[79.8455,7.111341],[79.845453,7.11173],[79.845317,7.111808],[79.844577,7.111341],[79.84432,7.111601],[79.844869,7.112042],[79.844776,7.112219],[79.845021,7.112633],[79.844828,7.112733],[79.844774,7.113093],[79.844894,7.112929],[79.845185,7.113222],[79.8451,7.113646],[79.845457,7.114348],[79.845429,7.114811],[79.844691,7.114924],[79.845161,7.115332],[79.845025,7.115448],[79.845207,7.116655],[79.846021,7.117689],[79.846085,7.118115],[79.845797,7.11858],[79.847049,7.119736],[79.847478,7.119956],[79.846755,7.120615],[79.846374,7.120734],[79.845963,7.121277],[79.845845,7.12109],[79.845412,7.121261],[79.845424,7.121489],[79.845262,7.121485],[79.845045,7.121872],[79.84495,7.121774],[79.844976,7.121944],[79.844787,7.121993],[79.844657,7.122461],[79.844182,7.122605],[79.843757,7.123332],[79.843327,7.123614],[79.841718,7.125301],[79.841475,7.126463],[79.841126,7.126982],[79.840525,7.128486],[79.839277,7.130298],[79.838774,7.130634],[79.83852,7.131355],[79.839457,7.133819],[79.839312,7.136041],[79.838436,7.137688],[79.837919,7.13907],[79.837958,7.142149],[79.837395,7.143842],[79.838144,7.144753],[79.838614,7.145928],[79.834689,7.148861],[79.834034,7.149498],[79.833879,7.149374],[79.833684,7.149633],[79.834028,7.149607],[79.833813,7.149857],[79.833326,7.150041],[79.832292,7.151973],[79.832203,7.152915],[79.832481,7.154286],[79.832025,7.156595],[79.832653,7.157059],[79.83238,7.15757],[79.832676,7.157516],[79.832612,7.158403],[79.832231,7.158448],[79.83252,7.158938],[79.830862,7.160477],[79.83045,7.161349],[79.830232,7.161314],[79.830027,7.161622],[79.830146,7.161711],[79.829912,7.161984],[79.829702,7.161772],[79.829635,7.161997],[79.829938,7.162485],[79.829561,7.162697],[79.829412,7.163182],[79.828944,7.163219],[79.828835,7.163741],[79.828947,7.164513],[79.828592,7.165365],[79.82811,7.165237],[79.82808,7.165525],[79.828235,7.165634],[79.828302,7.16547],[79.828525,7.165599],[79.82853,7.165836],[79.828166,7.166201],[79.827916,7.16723],[79.827827,7.167761],[79.827968,7.168154],[79.827604,7.169102],[79.827218,7.169588],[79.826949,7.170241],[79.826799,7.170253],[79.826921,7.170618],[79.826594,7.171036],[79.826695,7.171189],[79.825795,7.172301],[79.825861,7.172911],[79.82523,7.176007],[79.825744,7.178428],[79.825858,7.179972],[79.825085,7.180533],[79.82487,7.180484],[79.824684,7.180768],[79.824426,7.180664],[79.824174,7.180847],[79.82419,7.181115],[79.823674,7.181494],[79.823028,7.183122],[79.823562,7.184448],[79.823685,7.185304],[79.824045,7.185449],[79.824099,7.185611],[79.8239,7.185789],[79.82443,7.186095],[79.824115,7.186596],[79.824637,7.186641],[79.824394,7.187231],[79.824681,7.187243],[79.82467,7.187431],[79.824447,7.187549],[79.824596,7.187583],[79.824729,7.188076],[79.824689,7.188468],[79.824192,7.188634],[79.82413,7.188917],[79.824457,7.18932],[79.824364,7.189528],[79.82446,7.1898],[79.824671,7.189681],[79.824957,7.189752],[79.825224,7.189605],[79.825125,7.189459],[79.825374,7.189406],[79.825969,7.189462],[79.826408,7.189874],[79.826732,7.189954],[79.826658,7.191503],[79.827869,7.195718],[79.827887,7.196159],[79.829353,7.197579],[79.830089,7.19902],[79.830413,7.200274],[79.83062,7.20057],[79.830651,7.201686],[79.829465,7.202994],[79.829577,7.203191],[79.829423,7.20333],[79.829233,7.203227],[79.828736,7.203419],[79.828759,7.203574],[79.827168,7.204535],[79.827298,7.204654],[79.82697,7.205006],[79.82628,7.206868],[79.826025,7.207067],[79.825902,7.208233],[79.825782,7.208329],[79.82274,7.208222],[79.821093,7.207878],[79.819333,7.207248],[79.818974,7.206264],[79.818514,7.20555],[79.817685,7.204958],[79.817221,7.203737],[79.816985,7.203618],[79.816948,7.203308],[79.81729,7.200249],[79.820487,7.182622],[79.821314,7.178702],[79.825843,7.162662],[79.828426,7.152621],[79.83062,7.145277],[79.831075,7.14434],[79.831528,7.141863],[79.832047,7.139989],[79.838193,7.122516],[79.839935,7.118432],[79.840141,7.117705],[79.840028,7.117026],[79.839603,7.116744],[79.839487,7.117037],[79.839398,7.117002],[79.84074,7.114047],[79.842298,7.111218],[79.842613,7.110113],[79.843125,7.107555],[79.843151,7.106525],[79.845948,7.095076],[79.846844,7.089744],[79.84807,7.08374],[79.848449,7.082615],[79.848496,7.081678],[79.849187,7.078535],[79.850875,7.072773],[79.851247,7.070761],[79.851288,7.069755],[79.851289,7.069063],[79.851061,7.068781],[79.850949,7.068814],[79.850976,7.068474],[79.85164,7.067192],[79.852435,7.064748],[79.852406,7.064351],[79.852773,7.063346],[79.853143,7.061262],[79.853816,7.059201],[79.85535,7.052167],[79.856033,7.050566],[79.856644,7.048204],[79.857793,7.043029],[79.858002,7.042822],[79.857999,7.042038],[79.859248,7.037133],[79.859195,7.036752],[79.860136,7.032667],[79.860488,7.031591],[79.860842,7.029174],[79.861677,7.025546],[79.861548,7.024876],[79.86195,7.023858],[79.862053,7.023712],[79.862274,7.023716],[79.862494,7.021771],[79.862395,7.021624],[79.862619,7.021582],[79.862705,7.020944],[79.862505,7.020844],[79.862612,7.020188],[79.863071,7.019046],[79.862488,7.01883],[79.862915,7.0189],[79.862996,7.018657],[79.862951,7.018213],[79.862679,7.017983],[79.862298,7.017771],[79.861988,7.018198],[79.861865,7.018814],[79.861765,7.018798],[79.861886,7.018176],[79.862306,7.017625],[79.863076,7.017687],[79.863407,7.017463],[79.863855,7.01665],[79.863795,7.016124],[79.863619,7.015993],[79.863452,7.016229],[79.863296,7.015959],[79.863453,7.015626],[79.863367,7.015483],[79.863564,7.015731],[79.863758,7.0156],[79.864071,7.014904],[79.863596,7.014756],[79.864087,7.014381],[79.864191,7.013411],[79.86397,7.013369],[79.863973,7.013253],[79.864345,7.013214],[79.864478,7.012378],[79.864452,7.012091],[79.864282,7.011977],[79.864759,7.012061],[79.86473,7.011438],[79.864229,7.010901],[79.864333,7.01076],[79.864127,7.010606],[79.864582,7.010493],[79.864974,7.009606],[79.864974,7.00919],[79.864641,7.008996],[79.864663,7.008581],[79.865172,7.006116],[79.864041,7.005945],[79.864131,7.005641],[79.864547,7.005201],[79.865434,7.004842],[79.865824,7.0036],[79.86617,7.00152],[79.867041,7.001217],[79.867286,7.000778],[79.867236,6.999558],[79.866769,6.999172],[79.867231,6.999039],[79.867522,6.998772],[79.86788,6.99771],[79.867859,6.996602],[79.867607,6.996342],[79.867199,6.996296],[79.867536,6.996139],[79.867913,6.995193],[79.867911,6.994597],[79.867338,6.994345],[79.867829,6.99434],[79.868088,6.993347],[79.867919,6.992986],[79.867611,6.992928],[79.867626,6.992819],[79.868088,6.992836],[79.868215,6.991532],[79.868145,6.991019],[79.867712,6.990673],[79.868343,6.990661],[79.8685,6.990477],[79.868582,6.988873],[79.867987,6.988627],[79.868644,6.988572],[79.868833,6.986789],[79.868692,6.986505],[79.868088,6.986422],[79.868108,6.986292],[79.868895,6.986333],[79.869044,6.985863],[79.869084,6.984957],[79.868924,6.984186],[79.86836,6.98409],[79.868968,6.984078],[79.869144,6.983587],[79.86886,6.983525],[79.869294,6.983448],[79.869391,6.983208],[79.869037,6.981944],[79.868918,6.981936],[79.869052,6.981631],[79.868856,6.981432],[79.869134,6.980955],[79.869037,6.980842],[79.86916,6.980179],[79.869019,6.980084],[79.869194,6.980003],[79.869232,6.97959],[79.869633,6.979655],[79.870281,6.978528],[79.870329,6.978213],[79.869906,6.977651],[79.869647,6.976508],[79.868392,6.974282],[79.868123,6.97308],[79.868364,6.97296],[79.868466,6.97243],[79.868199,6.97125],[79.86801,6.970974],[79.867914,6.97107],[79.867789,6.970063]]]]}},{"type":"Feature","properties":{"osmId":"relation/12733636","name":"Karaitivu","nameLocal":"Karaitivu","nameTa":"காரைதீவு","source":"(c) OpenStreetMap contributors, ODbL 1.0","category":"island","seamark":null},"geometry":{"type":"MultiPolygon","coordinates":[[[[79.855449,9.745696],[79.855615,9.745045],[79.856149,9.744111],[79.856248,9.743206],[79.856552,9.742711],[79.857209,9.742099],[79.857511,9.742008],[79.858014,9.742135],[79.858988,9.740153],[79.859653,9.738005],[79.860071,9.737371],[79.860313,9.737369],[79.860737,9.736672],[79.861229,9.734557],[79.860993,9.733513],[79.860991,9.732734],[79.861164,9.73158],[79.861484,9.73143],[79.861619,9.730455],[79.86122,9.727818],[79.861417,9.726897],[79.860942,9.72575],[79.859323,9.724255],[79.85896,9.723344],[79.858653,9.723051],[79.85812,9.722085],[79.857616,9.721577],[79.856651,9.720943],[79.85605,9.720245],[79.854945,9.719727],[79.8537,9.718318],[79.852378,9.717424],[79.851107,9.715912],[79.850907,9.714783],[79.850273,9.713628],[79.850337,9.71301],[79.849979,9.712863],[79.85028,9.712881],[79.850028,9.712689],[79.85124,9.713519],[79.851633,9.713485],[79.854598,9.712192],[79.855365,9.712028],[79.857642,9.710556],[79.858554,9.71045],[79.860675,9.709688],[79.863202,9.709053],[79.864062,9.708302],[79.864562,9.710427],[79.864717,9.710159],[79.865278,9.710002],[79.865487,9.709698],[79.864699,9.709811],[79.86449,9.709031],[79.864538,9.707832],[79.865299,9.707082],[79.865113,9.706683],[79.86538,9.706534],[79.865606,9.706862],[79.866193,9.706616],[79.866308,9.706707],[79.867685,9.706575],[79.869615,9.706184],[79.874102,9.703803],[79.880254,9.703698],[79.883938,9.70831],[79.891703,9.711712],[79.892652,9.713668],[79.892221,9.71673],[79.889978,9.718601],[79.889221,9.722759],[79.888779,9.727083],[79.888325,9.727578],[79.890251,9.73253],[79.893982,9.740832],[79.896268,9.741143],[79.89623,9.741375],[79.894211,9.741124],[79.894054,9.741348],[79.894491,9.742629],[79.894477,9.745161],[79.895115,9.749475],[79.896449,9.751086],[79.897182,9.752211],[79.897256,9.753948],[79.897026,9.757299],[79.894896,9.759929],[79.893405,9.762637],[79.891896,9.763665],[79.893878,9.764634],[79.896147,9.765033],[79.898222,9.762813],[79.899875,9.762877],[79.90132,9.764944],[79.901888,9.766834],[79.895531,9.766726],[79.892228,9.765078],[79.890617,9.764603],[79.886337,9.762608],[79.885375,9.762361],[79.884426,9.762342],[79.883382,9.761748],[79.881526,9.761282],[79.88006,9.761159],[79.874994,9.761439],[79.869353,9.761975],[79.86535,9.762877],[79.863226,9.761987],[79.862888,9.761647],[79.862718,9.761179],[79.861652,9.760571],[79.860864,9.759918],[79.858764,9.756433],[79.858811,9.756129],[79.858562,9.755659],[79.856602,9.753357],[79.8559,9.751982],[79.855386,9.751517],[79.854647,9.749396],[79.854804,9.749139],[79.855028,9.747097],[79.855449,9.745696]]]]}},{"type":"Feature","properties":{"osmId":"relation/16206673","name":null,"nameLocal":null,"nameTa":null,"source":"(c) OpenStreetMap contributors, ODbL 1.0","category":"islet","seamark":null},"geometry":{"type":"MultiPolygon","coordinates":[[[[77.510268,10.679102],[77.513177,10.681331],[77.513324,10.681145],[77.513031,10.6787],[77.511929,10.676569],[77.50985,10.67354],[77.508517,10.673182],[77.508882,10.674587],[77.509885,10.676133],[77.510268,10.679102]]]]}},{"type":"Feature","properties":{"osmId":"relation/16310486","name":"Mannar Island","nameLocal":"Mannar Island","nameTa":"மன்னார் தீவு","source":"(c) OpenStreetMap contributors, ODbL 1.0","category":"island","seamark":null},"geometry":{"type":"MultiPolygon","coordinates":[[[[79.681783,9.075201],[79.678166,9.075645],[79.677277,9.075628],[79.675192,9.074997],[79.67403,9.07493],[79.670381,9.075243],[79.669406,9.074946],[79.669432,9.074618],[79.668755,9.074779],[79.668627,9.074587],[79.667442,9.074523],[79.664622,9.074722],[79.661951,9.075347],[79.660063,9.075257],[79.659526,9.075024],[79.65943,9.074633],[79.659664,9.074954],[79.659847,9.07501],[79.659875,9.074857],[79.659411,9.074437],[79.657635,9.073424],[79.656125,9.071955],[79.656085,9.070646],[79.656368,9.070755],[79.656998,9.071653],[79.658166,9.072558],[79.659389,9.073134],[79.661183,9.073636],[79.662598,9.073492],[79.664097,9.073561],[79.66814,9.073104],[79.669105,9.073173],[79.672713,9.072871],[79.683327,9.073236],[79.686195,9.073556],[79.690785,9.074446],[79.69417,9.075352],[79.69734,9.076438],[79.702061,9.077418],[79.707699,9.077767],[79.712444,9.077214],[79.725385,9.074814],[79.728419,9.073998],[79.74378,9.069008],[79.751859,9.066161],[79.762934,9.061785],[79.769872,9.058601],[79.782077,9.052626],[79.790818,9.047964],[79.796512,9.044791],[79.804199,9.040115],[79.813954,9.033774],[79.82107,9.028884],[79.826864,9.024624],[79.837765,9.016118],[79.851377,9.004332],[79.855043,9.000859],[79.863642,8.992236],[79.868594,8.987022],[79.873025,8.981946],[79.876665,8.977585],[79.878239,8.975453],[79.881721,8.970019],[79.88178,8.969689],[79.882548,8.968507],[79.884235,8.966426],[79.886785,8.96275],[79.887115,8.961826],[79.887363,8.961614],[79.887489,8.961692],[79.888426,8.961399],[79.888696,8.961744],[79.88849,8.961632],[79.88843,8.961895],[79.887986,8.962232],[79.88657,8.964087],[79.886224,8.964243],[79.885953,8.964603],[79.886036,8.964696],[79.887783,8.964538],[79.88778,8.964733],[79.887514,8.964622],[79.887235,8.964792],[79.886406,8.96489],[79.885784,8.965348],[79.885921,8.965727],[79.885476,8.965714],[79.885207,8.965936],[79.884982,8.96641],[79.885679,8.966304],[79.885803,8.966537],[79.88488,8.966797],[79.885269,8.967454],[79.884911,8.968285],[79.88457,8.968381],[79.884287,8.967971],[79.883781,8.968419],[79.883231,8.969778],[79.883262,8.970375],[79.882919,8.970489],[79.882873,8.970839],[79.883363,8.970838],[79.8846,8.970429],[79.884635,8.97019],[79.885032,8.969931],[79.884865,8.969481],[79.885099,8.969874],[79.885276,8.96981],[79.885308,8.969089],[79.885632,8.968964],[79.885847,8.968525],[79.886256,8.968192],[79.886443,8.967649],[79.887203,8.966579],[79.887139,8.96642],[79.886817,8.966575],[79.886536,8.966398],[79.886436,8.966895],[79.886265,8.966813],[79.885984,8.967124],[79.886361,8.966328],[79.889417,8.964147],[79.891178,8.96325],[79.892044,8.96303],[79.893117,8.963009],[79.894134,8.96268],[79.89485,8.961708],[79.895011,8.961935],[79.894788,8.962534],[79.895132,8.963483],[79.89563,8.964119],[79.897047,8.965327],[79.898994,8.965639],[79.900877,8.965433],[79.901896,8.965851],[79.902159,8.966079],[79.902202,8.966344],[79.901837,8.966074],[79.900469,8.965645],[79.899756,8.966047],[79.898463,8.965947],[79.898495,8.967213],[79.898272,8.967422],[79.898256,8.966993],[79.897988,8.966604],[79.89791,8.966111],[79.897208,8.965571],[79.896778,8.965396],[79.896322,8.965417],[79.895362,8.965804],[79.895185,8.9661],[79.895648,8.966819],[79.895618,8.967296],[79.895899,8.967107],[79.89643,8.967462],[79.899042,8.968241],[79.899541,8.969041],[79.900055,8.969149],[79.900209,8.968848],[79.902611,8.969326],[79.903375,8.969623],[79.903784,8.969945],[79.90391,8.970057],[79.903851,8.970302],[79.904439,8.97021],[79.905152,8.970414],[79.905657,8.970822],[79.906756,8.971034],[79.908586,8.971834],[79.909975,8.972676],[79.912174,8.974902],[79.912587,8.975479],[79.914403,8.97559],[79.915645,8.975367],[79.915685,8.975604],[79.915919,8.975681],[79.91654,8.975394],[79.917553,8.975452],[79.917556,8.975956],[79.91944,8.976415],[79.920029,8.976397],[79.921672,8.97559],[79.922558,8.975371],[79.923391,8.975403],[79.923711,8.975599],[79.924902,8.975487],[79.925186,8.975692],[79.926492,8.975537],[79.927322,8.975779],[79.927388,8.976109],[79.928056,8.976667],[79.927889,8.976895],[79.927369,8.976489],[79.926981,8.976711],[79.927538,8.978179],[79.927301,8.980032],[79.926335,8.982583],[79.925984,8.982978],[79.925069,8.983622],[79.91868,8.987108],[79.910493,8.990816],[79.91044,8.99129],[79.910282,8.991431],[79.909298,8.991355],[79.908567,8.992027],[79.908084,8.992067],[79.904187,8.994236],[79.903691,8.994836],[79.904106,8.995548],[79.903996,8.995794],[79.901757,8.997174],[79.901438,8.997141],[79.90104,8.996467],[79.90057,8.99655],[79.899698,8.997205],[79.899411,8.997633],[79.897837,8.999071],[79.897584,8.999724],[79.897226,8.999753],[79.893933,9.002475],[79.893056,9.00324],[79.892877,9.003797],[79.892522,9.003874],[79.885537,9.010017],[79.885135,9.010563],[79.885154,9.011149],[79.884137,9.011869],[79.881527,9.014476],[79.879096,9.017305],[79.878637,9.018269],[79.876809,9.02014],[79.875788,9.022648],[79.874849,9.024142],[79.874571,9.025002],[79.874615,9.025269],[79.874116,9.025877],[79.873823,9.026642],[79.873012,9.027319],[79.871976,9.029056],[79.871418,9.030615],[79.87133,9.03179],[79.871076,9.032116],[79.87107,9.032381],[79.871464,9.03271],[79.872024,9.033786],[79.871424,9.035041],[79.869028,9.037326],[79.869026,9.037745],[79.869417,9.038032],[79.869162,9.038396],[79.869086,9.041204],[79.869225,9.042274],[79.868737,9.042948],[79.868861,9.043143],[79.868338,9.043118],[79.867566,9.04349],[79.867229,9.043503],[79.866864,9.043434],[79.865997,9.042815],[79.865026,9.042785],[79.864289,9.043029],[79.863283,9.043803],[79.862784,9.044682],[79.862304,9.045016],[79.861942,9.045585],[79.86144,9.04602],[79.860703,9.048345],[79.860724,9.049246],[79.861175,9.050001],[79.861419,9.049993],[79.861749,9.049426],[79.861676,9.048684],[79.862055,9.046722],[79.863077,9.045458],[79.863586,9.045222],[79.867381,9.044518],[79.86828,9.043967],[79.869597,9.043618],[79.870792,9.042834],[79.870799,9.042687],[79.870473,9.042499],[79.869919,9.042758],[79.869967,9.04196],[79.869517,9.041342],[79.869876,9.040584],[79.870412,9.040629],[79.87056,9.040205],[79.870597,9.039739],[79.870337,9.039183],[79.86996,9.038801],[79.869983,9.038161],[79.870356,9.037853],[79.870509,9.037318],[79.871217,9.036516],[79.872931,9.035538],[79.873442,9.035618],[79.876302,9.034257],[79.877165,9.033726],[79.87741,9.033319],[79.879637,9.032293],[79.883223,9.030853],[79.885209,9.030263],[79.89497,9.026554],[79.900174,9.0241],[79.904254,9.022431],[79.90578,9.021476],[79.907477,9.02013],[79.908584,9.0189],[79.908672,9.018393],[79.909064,9.01776],[79.911507,9.015448],[79.913387,9.01437],[79.917355,9.010988],[79.91812,9.010561],[79.919383,9.010205],[79.920729,9.010202],[79.921299,9.010012],[79.924476,9.009765],[79.925664,9.009527],[79.926498,9.009545],[79.926837,9.009711],[79.926993,9.010382],[79.926721,9.011319],[79.925516,9.012345],[79.922635,9.013576],[79.919691,9.015321],[79.917845,9.016725],[79.915166,9.019232],[79.911785,9.022017],[79.910278,9.022991],[79.90961,9.023255],[79.909343,9.023627],[79.909334,9.023905],[79.909553,9.025136],[79.909055,9.026124],[79.907224,9.028301],[79.905571,9.029667],[79.905309,9.030363],[79.904706,9.030794],[79.903299,9.032873],[79.902241,9.033712],[79.902298,9.034897],[79.901742,9.035896],[79.901734,9.036641],[79.900614,9.037517],[79.898522,9.039597],[79.891548,9.044963],[79.891516,9.045511],[79.891854,9.046432],[79.891709,9.047334],[79.89186,9.047869],[79.891512,9.048057],[79.891348,9.048379],[79.89057,9.04874],[79.888761,9.050275],[79.887167,9.051291],[79.886835,9.051659],[79.886823,9.051907],[79.885955,9.052477],[79.885626,9.05305],[79.885191,9.053275],[79.88266,9.055401],[79.882283,9.055538],[79.878585,9.05835],[79.876982,9.059735],[79.876695,9.060276],[79.876308,9.060497],[79.876121,9.060823],[79.875785,9.060848],[79.875699,9.061094],[79.874972,9.06151],[79.874666,9.061987],[79.872881,9.063425],[79.872635,9.063848],[79.871883,9.064365],[79.867361,9.068522],[79.862938,9.072114],[79.86083,9.073572],[79.856847,9.075901],[79.852239,9.078208],[79.850155,9.079088],[79.840599,9.082475],[79.827109,9.086164],[79.819108,9.088662],[79.811171,9.091407],[79.805278,9.093667],[79.805028,9.093881],[79.804694,9.093892],[79.801297,9.095282],[79.799279,9.09584],[79.798914,9.096095],[79.797847,9.096291],[79.796272,9.09694],[79.795551,9.097034],[79.794366,9.097518],[79.7937,9.097621],[79.793083,9.09794],[79.792791,9.097865],[79.790262,9.098721],[79.790032,9.09866],[79.789529,9.098962],[79.789436,9.098831],[79.789182,9.098852],[79.787391,9.099479],[79.786827,9.099469],[79.78406,9.100337],[79.783549,9.100321],[79.783147,9.100563],[79.782915,9.100423],[79.781873,9.100745],[79.781352,9.10069],[79.780215,9.101104],[79.779401,9.101019],[79.776758,9.101684],[79.77635,9.101576],[79.77298,9.102346],[79.772513,9.102257],[79.769992,9.102874],[79.769062,9.102928],[79.767908,9.103372],[79.767677,9.103193],[79.766761,9.103507],[79.766502,9.103408],[79.762482,9.104201],[79.761816,9.104463],[79.761527,9.104321],[79.760988,9.104519],[79.760278,9.104546],[79.759229,9.104969],[79.759164,9.104806],[79.758815,9.104825],[79.758122,9.10515],[79.757899,9.104994],[79.756166,9.105397],[79.755378,9.105435],[79.754552,9.105735],[79.754455,9.105585],[79.754234,9.105585],[79.753268,9.105918],[79.753004,9.105804],[79.749021,9.106471],[79.748747,9.106366],[79.746341,9.106828],[79.745832,9.106664],[79.744422,9.106941],[79.74258,9.106943],[79.738642,9.107374],[79.738169,9.107209],[79.732614,9.107518],[79.73191,9.107666],[79.731404,9.107538],[79.730135,9.10779],[79.729956,9.107629],[79.728839,9.107572],[79.728289,9.107236],[79.727538,9.107025],[79.726372,9.106865],[79.725498,9.106906],[79.725183,9.106747],[79.724223,9.106755],[79.721551,9.106407],[79.720454,9.10602],[79.717022,9.105504],[79.715782,9.105064],[79.714848,9.105133],[79.714702,9.104982],[79.714324,9.105038],[79.713986,9.104862],[79.713157,9.10487],[79.712811,9.104614],[79.712075,9.10451],[79.71209,9.104327],[79.710605,9.104116],[79.710154,9.103923],[79.709123,9.103878],[79.708935,9.103528],[79.708646,9.103388],[79.705966,9.103051],[79.704711,9.102462],[79.704626,9.102119],[79.704486,9.102062],[79.702525,9.101738],[79.699938,9.100894],[79.698426,9.100757],[79.697685,9.100505],[79.697139,9.099705],[79.697539,9.099822],[79.69759,9.099705],[79.697012,9.099169],[79.696183,9.098739],[79.696391,9.09846],[79.696365,9.098687],[79.696627,9.098797],[79.69622,9.097817],[79.696254,9.097496],[79.69644,9.097433],[79.696401,9.097732],[79.69664,9.097778],[79.696489,9.09803],[79.696704,9.098148],[79.696912,9.098116],[79.697,9.097743],[79.696796,9.09676],[79.696244,9.095628],[79.696452,9.095045],[79.696577,9.095002],[79.696436,9.095375],[79.696683,9.095133],[79.696552,9.094567],[79.696222,9.094173],[79.696592,9.093762],[79.696667,9.093426],[79.695704,9.092612],[79.692845,9.090921],[79.691148,9.089645],[79.690735,9.088562],[79.690167,9.088162],[79.689786,9.087241],[79.689913,9.087131],[79.689965,9.087452],[79.690225,9.08761],[79.690586,9.087432],[79.690816,9.087109],[79.690511,9.087613],[79.690495,9.088137],[79.690669,9.088327],[79.690691,9.088074],[79.690987,9.087687],[79.691172,9.087703],[79.690965,9.08791],[79.690966,9.088417],[79.691593,9.089513],[79.691813,9.089464],[79.691953,9.08884],[79.692708,9.088677],[79.692813,9.088757],[79.692493,9.088885],[79.692342,9.089393],[79.692531,9.089671],[79.693204,9.08993],[79.693349,9.090714],[79.693636,9.090955],[79.69465,9.091317],[79.695115,9.091686],[79.69527,9.091443],[79.69554,9.091428],[79.696047,9.090357],[79.697313,9.088987],[79.697601,9.087262],[79.697442,9.086921],[79.697834,9.086476],[79.698193,9.085297],[79.698155,9.084879],[79.697962,9.085332],[79.697909,9.085234],[79.698451,9.08214],[79.698287,9.080832],[79.697938,9.080305],[79.696916,9.079576],[79.696045,9.079587],[79.695141,9.079982],[79.694014,9.08],[79.692815,9.07959],[79.691759,9.078904],[79.690197,9.078618],[79.689251,9.078761],[79.689176,9.07852],[79.688891,9.078358],[79.688079,9.078766],[79.687892,9.079535],[79.687287,9.077926],[79.687317,9.077365],[79.687566,9.076949],[79.687813,9.076827],[79.687995,9.077063],[79.687692,9.077651],[79.692595,9.078874],[79.6931,9.079386],[79.69407,9.079828],[79.69597,9.079518],[79.69768,9.078559],[79.697447,9.07823],[79.697123,9.078197],[79.697009,9.078558],[79.696824,9.078682],[79.695224,9.078883],[79.694921,9.078345],[79.6941,9.077993],[79.693156,9.07678],[79.691227,9.076115],[79.688847,9.074826],[79.687627,9.074657],[79.685254,9.075217],[79.683908,9.075047],[79.681783,9.075201]]]]}},{"type":"Feature","properties":{"osmId":"relation/17737829","name":null,"nameLocal":null,"nameTa":null,"source":"(c) OpenStreetMap contributors, ODbL 1.0","category":"reef","seamark":null},"geometry":{"type":"MultiPolygon","coordinates":[[[[79.697908,9.08613],[79.698193,9.085297],[79.698155,9.084879],[79.697962,9.085332],[79.697909,9.085234],[79.698451,9.08214],[79.698287,9.080832],[79.697938,9.080305],[79.696916,9.079576],[79.696045,9.079587],[79.695141,9.079982],[79.694014,9.08],[79.692815,9.07959],[79.691759,9.078904],[79.692218,9.080046],[79.69462,9.083428],[79.695595,9.083503],[79.696582,9.08488],[79.697076,9.085261],[79.697612,9.086024],[79.697908,9.08613]]]]}}]}
