country,year,species_code,species,scientific_name,isscaap_group,major_group,tonnes_live_weight,status
India,2000,HIL,Hilsa shad,Tenualosa ilisha,Shads,PISCES,43604.0,A
India,2001,HIL,Hilsa shad,Tenualosa ilisha,Shads,PISCES,44502.0,A
India,2002,HIL,Hilsa shad,Tenualosa ilisha,Shads,PISCES,43675.0,A
India,2003,HIL,Hilsa shad,Tenualosa ilisha,Shads,PISCES,37234.0,A
India,2004,HIL,Hilsa shad,Tenualosa ilisha,Shads,PISCES,38362.0,A
India,2005,HIL,Hilsa shad,Tenualosa ilisha,Shads,PISCES,26740.0,A
India,2006,HIL,Hilsa shad,Tenualosa ilisha,Shads,PISCES,26585.0,A
India,2007,HIL,Hilsa shad,Tenualosa ilisha,Shads,PISCES,16666.0,A
India,2008,HIL,Hilsa shad,Tenualosa ilisha,Shads,PISCES,16604.0,A
India,2009,HIL,Hilsa shad,Tenualosa ilisha,Shads,PISCES,14391.0,A
India,2010,HIL,Hilsa shad,Tenualosa ilisha,Shads,PISCES,61988.0,A
India,2011,HIL,Hilsa shad,Tenualosa ilisha,Shads,PISCES,22947.0,A
India,2012,HIL,Hilsa shad,Tenualosa ilisha,Shads,PISCES,14179.0,A
India,2013,HIL,Hilsa shad,Tenualosa ilisha,Shads,PISCES,11569.0,A
India,2014,HIL,Hilsa shad,Tenualosa ilisha,Shads,PISCES,4200.0,I
India,2015,HIL,Hilsa shad,Tenualosa ilisha,Shads,PISCES,16300.0,I
India,2016,HIL,Hilsa shad,Tenualosa ilisha,Shads,PISCES,73900.0,I
India,2017,HIL,Hilsa shad,Tenualosa ilisha,Shads,PISCES,50043.0,I
India,2018,HIL,Hilsa shad,Tenualosa ilisha,Shads,PISCES,15919.223,I
India,2019,HIL,Hilsa shad,Tenualosa ilisha,Shads,PISCES,11634.128,I
India,2020,HIL,Hilsa shad,Tenualosa ilisha,Shads,PISCES,7433.441,I
India,2021,HIL,Hilsa shad,Tenualosa ilisha,Shads,PISCES,6395.299,I
India,2022,HIL,Hilsa shad,Tenualosa ilisha,Shads,PISCES,8416.362,I
India,2023,HIL,Hilsa shad,Tenualosa ilisha,Shads,PISCES,9910.963,E
India,2012,GIP,Barramundi(=Giant seaperch),Lates calcarifer,Miscellaneous diadromous fishes,PISCES,0.0,A
India,2013,GIP,Barramundi(=Giant seaperch),Lates calcarifer,Miscellaneous diadromous fishes,PISCES,0.0,A
India,2014,GIP,Barramundi(=Giant seaperch),Lates calcarifer,Miscellaneous diadromous fishes,PISCES,0.0,A
India,2015,GIP,Barramundi(=Giant seaperch),Lates calcarifer,Miscellaneous diadromous fishes,PISCES,0.0,A
India,2016,GIP,Barramundi(=Giant seaperch),Lates calcarifer,Miscellaneous diadromous fishes,PISCES,0.0,A
India,2017,GIP,Barramundi(=Giant seaperch),Lates calcarifer,Miscellaneous diadromous fishes,PISCES,0.0,A
India,2018,GIP,Barramundi(=Giant seaperch),Lates calcarifer,Miscellaneous diadromous fishes,PISCES,0.0,A
India,2019,GIP,Barramundi(=Giant seaperch),Lates calcarifer,Miscellaneous diadromous fishes,PISCES,0.0,A
India,2020,GIP,Barramundi(=Giant seaperch),Lates calcarifer,Miscellaneous diadromous fishes,PISCES,0.0,A
India,2021,GIP,Barramundi(=Giant seaperch),Lates calcarifer,Miscellaneous diadromous fishes,PISCES,0.0,A
India,2022,GIP,Barramundi(=Giant seaperch),Lates calcarifer,Miscellaneous diadromous fishes,PISCES,0.0,A
India,2023,GIP,Barramundi(=Giant seaperch),Lates calcarifer,Miscellaneous diadromous fishes,PISCES,0.0,A
India,2000,FLX,Flatfishes NEI,Pleuronectiformes,"Flounders, halibuts, soles",PISCES,5362.0,A
India,2001,FLX,Flatfishes NEI,Pleuronectiformes,"Flounders, halibuts, soles",PISCES,3145.0,A
India,2002,FLX,Flatfishes NEI,Pleuronectiformes,"Flounders, halibuts, soles",PISCES,4493.0,A
India,2003,FLX,Flatfishes NEI,Pleuronectiformes,"Flounders, halibuts, soles",PISCES,5453.0,A
India,2004,FLX,Flatfishes NEI,Pleuronectiformes,"Flounders, halibuts, soles",PISCES,5715.0,A
India,2005,FLX,Flatfishes NEI,Pleuronectiformes,"Flounders, halibuts, soles",PISCES,5574.0,A
India,2006,FLX,Flatfishes NEI,Pleuronectiformes,"Flounders, halibuts, soles",PISCES,5964.0,A
India,2007,FLX,Flatfishes NEI,Pleuronectiformes,"Flounders, halibuts, soles",PISCES,10812.0,A
India,2008,FLX,Flatfishes NEI,Pleuronectiformes,"Flounders, halibuts, soles",PISCES,9677.0,A
India,2009,FLX,Flatfishes NEI,Pleuronectiformes,"Flounders, halibuts, soles",PISCES,9778.0,A
India,2010,FLX,Flatfishes NEI,Pleuronectiformes,"Flounders, halibuts, soles",PISCES,20152.0,A
India,2011,FLX,Flatfishes NEI,Pleuronectiformes,"Flounders, halibuts, soles",PISCES,14641.0,A
India,2012,FLX,Flatfishes NEI,Pleuronectiformes,"Flounders, halibuts, soles",PISCES,6119.0,A
India,2013,FLX,Flatfishes NEI,Pleuronectiformes,"Flounders, halibuts, soles",PISCES,9317.0,A
India,2014,FLX,Flatfishes NEI,Pleuronectiformes,"Flounders, halibuts, soles",PISCES,9116.0,I
India,2015,FLX,Flatfishes NEI,Pleuronectiformes,"Flounders, halibuts, soles",PISCES,7481.0,I
India,2016,FLX,Flatfishes NEI,Pleuronectiformes,"Flounders, halibuts, soles",PISCES,7428.0,I
India,2017,FLX,Flatfishes NEI,Pleuronectiformes,"Flounders, halibuts, soles",PISCES,7683.0,I
India,2018,FLX,Flatfishes NEI,Pleuronectiformes,"Flounders, halibuts, soles",PISCES,8645.155,I
India,2019,FLX,Flatfishes NEI,Pleuronectiformes,"Flounders, halibuts, soles",PISCES,8476.35,I
India,2020,FLX,Flatfishes NEI,Pleuronectiformes,"Flounders, halibuts, soles",PISCES,5880.719,I
India,2021,FLX,Flatfishes NEI,Pleuronectiformes,"Flounders, halibuts, soles",PISCES,6982.866,I
India,2022,FLX,Flatfishes NEI,Pleuronectiformes,"Flounders, halibuts, soles",PISCES,5156.518,I
India,2023,FLX,Flatfishes NEI,Pleuronectiformes,"Flounders, halibuts, soles",PISCES,5421.977,E
India,2000,UNC,Unicorn cod,Bregmaceros mcclellandi,"Cods, hakes, haddocks",PISCES,159.0,A
India,2001,UNC,Unicorn cod,Bregmaceros mcclellandi,"Cods, hakes, haddocks",PISCES,92.0,A
India,2002,UNC,Unicorn cod,Bregmaceros mcclellandi,"Cods, hakes, haddocks",PISCES,181.0,A
India,2003,UNC,Unicorn cod,Bregmaceros mcclellandi,"Cods, hakes, haddocks",PISCES,138.0,A
India,2004,UNC,Unicorn cod,Bregmaceros mcclellandi,"Cods, hakes, haddocks",PISCES,769.0,A
India,2005,UNC,Unicorn cod,Bregmaceros mcclellandi,"Cods, hakes, haddocks",PISCES,505.0,A
India,2006,UNC,Unicorn cod,Bregmaceros mcclellandi,"Cods, hakes, haddocks",PISCES,814.0,A
India,2007,UNC,Unicorn cod,Bregmaceros mcclellandi,"Cods, hakes, haddocks",PISCES,1496.0,A
India,2008,UNC,Unicorn cod,Bregmaceros mcclellandi,"Cods, hakes, haddocks",PISCES,2491.0,A
India,2009,UNC,Unicorn cod,Bregmaceros mcclellandi,"Cods, hakes, haddocks",PISCES,2485.0,A
India,2010,UNC,Unicorn cod,Bregmaceros mcclellandi,"Cods, hakes, haddocks",PISCES,3111.0,A
India,2011,UNC,Unicorn cod,Bregmaceros mcclellandi,"Cods, hakes, haddocks",PISCES,4596.0,A
India,2012,UNC,Unicorn cod,Bregmaceros mcclellandi,"Cods, hakes, haddocks",PISCES,2680.0,A
India,2013,UNC,Unicorn cod,Bregmaceros mcclellandi,"Cods, hakes, haddocks",PISCES,5132.0,A
India,2014,UNC,Unicorn cod,Bregmaceros mcclellandi,"Cods, hakes, haddocks",PISCES,300.0,I
India,2015,UNC,Unicorn cod,Bregmaceros mcclellandi,"Cods, hakes, haddocks",PISCES,190.0,I
India,2016,UNC,Unicorn cod,Bregmaceros mcclellandi,"Cods, hakes, haddocks",PISCES,80.0,I
India,2017,UNC,Unicorn cod,Bregmaceros mcclellandi,"Cods, hakes, haddocks",PISCES,241.0,I
India,2018,UNC,Unicorn cod,Bregmaceros mcclellandi,"Cods, hakes, haddocks",PISCES,62.289,I
India,2019,UNC,Unicorn cod,Bregmaceros mcclellandi,"Cods, hakes, haddocks",PISCES,68.222,I
India,2020,UNC,Unicorn cod,Bregmaceros mcclellandi,"Cods, hakes, haddocks",PISCES,8.157,I
India,2021,UNC,Unicorn cod,Bregmaceros mcclellandi,"Cods, hakes, haddocks",PISCES,9.64,I
India,2022,UNC,Unicorn cod,Bregmaceros mcclellandi,"Cods, hakes, haddocks",PISCES,5.191,I
India,2023,UNC,Unicorn cod,Bregmaceros mcclellandi,"Cods, hakes, haddocks",PISCES,5.852,E
India,2000,CAX,Sea catfishes NEI,Ariidae,Miscellaneous coastal fishes,PISCES,49350.0,A
India,2001,CAX,Sea catfishes NEI,Ariidae,Miscellaneous coastal fishes,PISCES,51144.0,A
India,2002,CAX,Sea catfishes NEI,Ariidae,Miscellaneous coastal fishes,PISCES,44509.0,A
India,2003,CAX,Sea catfishes NEI,Ariidae,Miscellaneous coastal fishes,PISCES,36775.0,A
India,2004,CAX,Sea catfishes NEI,Ariidae,Miscellaneous coastal fishes,PISCES,40856.0,A
India,2005,CAX,Sea catfishes NEI,Ariidae,Miscellaneous coastal fishes,PISCES,48407.0,A
India,2006,CAX,Sea catfishes NEI,Ariidae,Miscellaneous coastal fishes,PISCES,48666.0,A
India,2007,CAX,Sea catfishes NEI,Ariidae,Miscellaneous coastal fishes,PISCES,56582.0,A
India,2008,CAX,Sea catfishes NEI,Ariidae,Miscellaneous coastal fishes,PISCES,63501.0,A
India,2009,CAX,Sea catfishes NEI,Ariidae,Miscellaneous coastal fishes,PISCES,52104.0,A
India,2010,CAX,Sea catfishes NEI,Ariidae,Miscellaneous coastal fishes,PISCES,40904.0,A
India,2011,CAX,Sea catfishes NEI,Ariidae,Miscellaneous coastal fishes,PISCES,39802.0,A
India,2012,CAX,Sea catfishes NEI,Ariidae,Miscellaneous coastal fishes,PISCES,41089.0,A
India,2013,CAX,Sea catfishes NEI,Ariidae,Miscellaneous coastal fishes,PISCES,39112.0,A
India,2014,CAX,Sea catfishes NEI,Ariidae,Miscellaneous coastal fishes,PISCES,32975.0,I
India,2015,CAX,Sea catfishes NEI,Ariidae,Miscellaneous coastal fishes,PISCES,39754.0,I
India,2016,CAX,Sea catfishes NEI,Ariidae,Miscellaneous coastal fishes,PISCES,38459.0,I
India,2017,CAX,Sea catfishes NEI,Ariidae,Miscellaneous coastal fishes,PISCES,42096.0,I
India,2018,CAX,Sea catfishes NEI,Ariidae,Miscellaneous coastal fishes,PISCES,25859.988,I
India,2019,CAX,Sea catfishes NEI,Ariidae,Miscellaneous coastal fishes,PISCES,31034.563,I
India,2020,CAX,Sea catfishes NEI,Ariidae,Miscellaneous coastal fishes,PISCES,27515.145,I
India,2021,CAX,Sea catfishes NEI,Ariidae,Miscellaneous coastal fishes,PISCES,26741.752,I
India,2022,CAX,Sea catfishes NEI,Ariidae,Miscellaneous coastal fishes,PISCES,30015.784,I
India,2023,CAX,Sea catfishes NEI,Ariidae,Miscellaneous coastal fishes,PISCES,32169.52,E
India,2000,LIX,Lizardfishes NEI,Synodontidae,Miscellaneous coastal fishes,PISCES,1041.0,A
India,2001,LIX,Lizardfishes NEI,Synodontidae,Miscellaneous coastal fishes,PISCES,1960.0,A
India,2002,LIX,Lizardfishes NEI,Synodontidae,Miscellaneous coastal fishes,PISCES,2201.0,A
India,2003,LIX,Lizardfishes NEI,Synodontidae,Miscellaneous coastal fishes,PISCES,2293.0,A
India,2004,LIX,Lizardfishes NEI,Synodontidae,Miscellaneous coastal fishes,PISCES,3516.0,A
India,2005,LIX,Lizardfishes NEI,Synodontidae,Miscellaneous coastal fishes,PISCES,2386.0,A
India,2006,LIX,Lizardfishes NEI,Synodontidae,Miscellaneous coastal fishes,PISCES,2644.0,A
India,2007,LIX,Lizardfishes NEI,Synodontidae,Miscellaneous coastal fishes,PISCES,2802.0,A
India,2008,LIX,Lizardfishes NEI,Synodontidae,Miscellaneous coastal fishes,PISCES,1627.0,A
India,2009,LIX,Lizardfishes NEI,Synodontidae,Miscellaneous coastal fishes,PISCES,1705.0,A
India,2010,LIX,Lizardfishes NEI,Synodontidae,Miscellaneous coastal fishes,PISCES,2436.0,A
India,2011,LIX,Lizardfishes NEI,Synodontidae,Miscellaneous coastal fishes,PISCES,2042.0,A
India,2012,LIX,Lizardfishes NEI,Synodontidae,Miscellaneous coastal fishes,PISCES,6994.0,A
India,2013,LIX,Lizardfishes NEI,Synodontidae,Miscellaneous coastal fishes,PISCES,8897.0,A
India,2014,LIX,Lizardfishes NEI,Synodontidae,Miscellaneous coastal fishes,PISCES,19202.0,I
India,2015,LIX,Lizardfishes NEI,Synodontidae,Miscellaneous coastal fishes,PISCES,27838.0,I
India,2016,LIX,Lizardfishes NEI,Synodontidae,Miscellaneous coastal fishes,PISCES,33917.0,I
India,2017,LIX,Lizardfishes NEI,Synodontidae,Miscellaneous coastal fishes,PISCES,20677.0,I
India,2018,LIX,Lizardfishes NEI,Synodontidae,Miscellaneous coastal fishes,PISCES,25017.156,I
India,2019,LIX,Lizardfishes NEI,Synodontidae,Miscellaneous coastal fishes,PISCES,32603.576,I
India,2020,LIX,Lizardfishes NEI,Synodontidae,Miscellaneous coastal fishes,PISCES,26119.991,I
India,2021,LIX,Lizardfishes NEI,Synodontidae,Miscellaneous coastal fishes,PISCES,29326.191,I
India,2022,LIX,Lizardfishes NEI,Synodontidae,Miscellaneous coastal fishes,PISCES,27321.198,I
India,2023,LIX,Lizardfishes NEI,Synodontidae,Miscellaneous coastal fishes,PISCES,31328.617,E
India,2000,BUC,Bombay-duck,Harpadon nehereus,Miscellaneous coastal fishes,PISCES,35544.0,A
India,2001,BUC,Bombay-duck,Harpadon nehereus,Miscellaneous coastal fishes,PISCES,34920.0,A
India,2002,BUC,Bombay-duck,Harpadon nehereus,Miscellaneous coastal fishes,PISCES,35382.0,A
India,2003,BUC,Bombay-duck,Harpadon nehereus,Miscellaneous coastal fishes,PISCES,40640.0,A
India,2004,BUC,Bombay-duck,Harpadon nehereus,Miscellaneous coastal fishes,PISCES,35981.0,A
India,2005,BUC,Bombay-duck,Harpadon nehereus,Miscellaneous coastal fishes,PISCES,29486.0,A
India,2006,BUC,Bombay-duck,Harpadon nehereus,Miscellaneous coastal fishes,PISCES,29528.0,A
India,2007,BUC,Bombay-duck,Harpadon nehereus,Miscellaneous coastal fishes,PISCES,26520.0,A
India,2008,BUC,Bombay-duck,Harpadon nehereus,Miscellaneous coastal fishes,PISCES,15513.0,A
India,2009,BUC,Bombay-duck,Harpadon nehereus,Miscellaneous coastal fishes,PISCES,17090.0,A
India,2010,BUC,Bombay-duck,Harpadon nehereus,Miscellaneous coastal fishes,PISCES,21941.0,A
India,2011,BUC,Bombay-duck,Harpadon nehereus,Miscellaneous coastal fishes,PISCES,16621.0,A
India,2012,BUC,Bombay-duck,Harpadon nehereus,Miscellaneous coastal fishes,PISCES,12708.0,A
India,2013,BUC,Bombay-duck,Harpadon nehereus,Miscellaneous coastal fishes,PISCES,13281.0,A
India,2014,BUC,Bombay-duck,Harpadon nehereus,Miscellaneous coastal fishes,PISCES,7646.0,I
India,2015,BUC,Bombay-duck,Harpadon nehereus,Miscellaneous coastal fishes,PISCES,7417.0,I
India,2016,BUC,Bombay-duck,Harpadon nehereus,Miscellaneous coastal fishes,PISCES,9751.0,I
India,2017,BUC,Bombay-duck,Harpadon nehereus,Miscellaneous coastal fishes,PISCES,9762.0,I
India,2018,BUC,Bombay-duck,Harpadon nehereus,Miscellaneous coastal fishes,PISCES,7581.754,I
India,2019,BUC,Bombay-duck,Harpadon nehereus,Miscellaneous coastal fishes,PISCES,7885.011,I
India,2020,BUC,Bombay-duck,Harpadon nehereus,Miscellaneous coastal fishes,PISCES,5326.366,I
India,2021,BUC,Bombay-duck,Harpadon nehereus,Miscellaneous coastal fishes,PISCES,4622.916,I
India,2022,BUC,Bombay-duck,Harpadon nehereus,Miscellaneous coastal fishes,PISCES,3722.9,I
India,2023,BUC,Bombay-duck,Harpadon nehereus,Miscellaneous coastal fishes,PISCES,4147.71,E
India,2000,GOX,Goatfishes,Upeneus spp,Miscellaneous coastal fishes,PISCES,2079.0,A
India,2001,GOX,Goatfishes,Upeneus spp,Miscellaneous coastal fishes,PISCES,1988.0,A
India,2002,GOX,Goatfishes,Upeneus spp,Miscellaneous coastal fishes,PISCES,3088.0,A
India,2003,GOX,Goatfishes,Upeneus spp,Miscellaneous coastal fishes,PISCES,3028.0,A
India,2004,GOX,Goatfishes,Upeneus spp,Miscellaneous coastal fishes,PISCES,4749.0,A
India,2005,GOX,Goatfishes,Upeneus spp,Miscellaneous coastal fishes,PISCES,3488.0,A
India,2006,GOX,Goatfishes,Upeneus spp,Miscellaneous coastal fishes,PISCES,3507.0,A
India,2007,GOX,Goatfishes,Upeneus spp,Miscellaneous coastal fishes,PISCES,4877.0,A
India,2008,GOX,Goatfishes,Upeneus spp,Miscellaneous coastal fishes,PISCES,19735.0,A
India,2009,GOX,Goatfishes,Upeneus spp,Miscellaneous coastal fishes,PISCES,22028.0,A
India,2010,GOX,Goatfishes,Upeneus spp,Miscellaneous coastal fishes,PISCES,20553.0,A
India,2011,GOX,Goatfishes,Upeneus spp,Miscellaneous coastal fishes,PISCES,19022.0,A
India,2012,GOX,Goatfishes,Upeneus spp,Miscellaneous coastal fishes,PISCES,20628.0,A
India,2013,GOX,Goatfishes,Upeneus spp,Miscellaneous coastal fishes,PISCES,25693.0,A
India,2014,GOX,Goatfishes,Upeneus spp,Miscellaneous coastal fishes,PISCES,12400.0,I
India,2015,GOX,Goatfishes,Upeneus spp,Miscellaneous coastal fishes,PISCES,17000.0,I
India,2016,GOX,Goatfishes,Upeneus spp,Miscellaneous coastal fishes,PISCES,16900.0,I
India,2017,GOX,Goatfishes,Upeneus spp,Miscellaneous coastal fishes,PISCES,11335.0,I
India,2018,GOX,Goatfishes,Upeneus spp,Miscellaneous coastal fishes,PISCES,10558.531,I
India,2019,GOX,Goatfishes,Upeneus spp,Miscellaneous coastal fishes,PISCES,12674.144,I
India,2020,GOX,Goatfishes,Upeneus spp,Miscellaneous coastal fishes,PISCES,11145.209,I
India,2021,GOX,Goatfishes,Upeneus spp,Miscellaneous coastal fishes,PISCES,12130.448,I
India,2022,GOX,Goatfishes,Upeneus spp,Miscellaneous coastal fishes,PISCES,11655.97,I
India,2023,GOX,Goatfishes,Upeneus spp,Miscellaneous coastal fishes,PISCES,12151.748,E
India,2000,THF,"Threadfins, tasselfishes NEI",Polynemidae,Miscellaneous coastal fishes,PISCES,3467.0,A
India,2001,THF,"Threadfins, tasselfishes NEI",Polynemidae,Miscellaneous coastal fishes,PISCES,3094.0,A
India,2002,THF,"Threadfins, tasselfishes NEI",Polynemidae,Miscellaneous coastal fishes,PISCES,3848.0,A
India,2003,THF,"Threadfins, tasselfishes NEI",Polynemidae,Miscellaneous coastal fishes,PISCES,4038.0,A
India,2004,THF,"Threadfins, tasselfishes NEI",Polynemidae,Miscellaneous coastal fishes,PISCES,10092.0,A
India,2005,THF,"Threadfins, tasselfishes NEI",Polynemidae,Miscellaneous coastal fishes,PISCES,11108.0,A
India,2006,THF,"Threadfins, tasselfishes NEI",Polynemidae,Miscellaneous coastal fishes,PISCES,11405.0,A
India,2007,THF,"Threadfins, tasselfishes NEI",Polynemidae,Miscellaneous coastal fishes,PISCES,10595.0,A
India,2008,THF,"Threadfins, tasselfishes NEI",Polynemidae,Miscellaneous coastal fishes,PISCES,13288.0,A
India,2009,THF,"Threadfins, tasselfishes NEI",Polynemidae,Miscellaneous coastal fishes,PISCES,14975.0,A
India,2010,THF,"Threadfins, tasselfishes NEI",Polynemidae,Miscellaneous coastal fishes,PISCES,10166.0,A
India,2011,THF,"Threadfins, tasselfishes NEI",Polynemidae,Miscellaneous coastal fishes,PISCES,6879.0,A
India,2012,THF,"Threadfins, tasselfishes NEI",Polynemidae,Miscellaneous coastal fishes,PISCES,8115.0,A
India,2013,THF,"Threadfins, tasselfishes NEI",Polynemidae,Miscellaneous coastal fishes,PISCES,5578.0,A
India,2014,THF,"Threadfins, tasselfishes NEI",Polynemidae,Miscellaneous coastal fishes,PISCES,1299.0,I
India,2015,THF,"Threadfins, tasselfishes NEI",Polynemidae,Miscellaneous coastal fishes,PISCES,1530.0,I
India,2016,THF,"Threadfins, tasselfishes NEI",Polynemidae,Miscellaneous coastal fishes,PISCES,1328.0,I
India,2017,THF,"Threadfins, tasselfishes NEI",Polynemidae,Miscellaneous coastal fishes,PISCES,1469.0,I
India,2018,THF,"Threadfins, tasselfishes NEI",Polynemidae,Miscellaneous coastal fishes,PISCES,1090.696,I
India,2019,THF,"Threadfins, tasselfishes NEI",Polynemidae,Miscellaneous coastal fishes,PISCES,1238.36,I
India,2020,THF,"Threadfins, tasselfishes NEI",Polynemidae,Miscellaneous coastal fishes,PISCES,869.336,I
India,2021,THF,"Threadfins, tasselfishes NEI",Polynemidae,Miscellaneous coastal fishes,PISCES,876.159,I
India,2022,THF,"Threadfins, tasselfishes NEI",Polynemidae,Miscellaneous coastal fishes,PISCES,1085.237,I
India,2023,THF,"Threadfins, tasselfishes NEI",Polynemidae,Miscellaneous coastal fishes,PISCES,1191.963,E
India,2000,MUL,Mullets NEI,Mugilidae,Miscellaneous coastal fishes,PISCES,10843.0,A
India,2001,MUL,Mullets NEI,Mugilidae,Miscellaneous coastal fishes,PISCES,12054.0,A
India,2002,MUL,Mullets NEI,Mugilidae,Miscellaneous coastal fishes,PISCES,9888.0,A
India,2003,MUL,Mullets NEI,Mugilidae,Miscellaneous coastal fishes,PISCES,10762.0,A
India,2004,MUL,Mullets NEI,Mugilidae,Miscellaneous coastal fishes,PISCES,17114.0,A
India,2005,MUL,Mullets NEI,Mugilidae,Miscellaneous coastal fishes,PISCES,18824.0,A
India,2006,MUL,Mullets NEI,Mugilidae,Miscellaneous coastal fishes,PISCES,19608.0,A
India,2007,MUL,Mullets NEI,Mugilidae,Miscellaneous coastal fishes,PISCES,34385.0,A
India,2008,MUL,Mullets NEI,Mugilidae,Miscellaneous coastal fishes,PISCES,17823.0,A
India,2009,MUL,Mullets NEI,Mugilidae,Miscellaneous coastal fishes,PISCES,22827.0,A
India,2010,MUL,Mullets NEI,Mugilidae,Miscellaneous coastal fishes,PISCES,25171.0,A
India,2011,MUL,Mullets NEI,Mugilidae,Miscellaneous coastal fishes,PISCES,33326.0,A
India,2012,MUL,Mullets NEI,Mugilidae,Miscellaneous coastal fishes,PISCES,32868.0,A
India,2013,MUL,Mullets NEI,Mugilidae,Miscellaneous coastal fishes,PISCES,31281.0,A
India,2014,MUL,Mullets NEI,Mugilidae,Miscellaneous coastal fishes,PISCES,5100.0,I
India,2015,MUL,Mullets NEI,Mugilidae,Miscellaneous coastal fishes,PISCES,6000.0,I
India,2016,MUL,Mullets NEI,Mugilidae,Miscellaneous coastal fishes,PISCES,6008.0,I
India,2017,MUL,Mullets NEI,Mugilidae,Miscellaneous coastal fishes,PISCES,5989.0,I
India,2018,MUL,Mullets NEI,Mugilidae,Miscellaneous coastal fishes,PISCES,4281.09,I
India,2019,MUL,Mullets NEI,Mugilidae,Miscellaneous coastal fishes,PISCES,10890.943,I
India,2020,MUL,Mullets NEI,Mugilidae,Miscellaneous coastal fishes,PISCES,6530.643,I
India,2021,MUL,Mullets NEI,Mugilidae,Miscellaneous coastal fishes,PISCES,5792.108,I
India,2022,MUL,Mullets NEI,Mugilidae,Miscellaneous coastal fishes,PISCES,7926.24,I
India,2023,MUL,Mullets NEI,Mugilidae,Miscellaneous coastal fishes,PISCES,8313.207,E
India,2000,PRC,Percoids NEI,Perciformes (Percoidei),Miscellaneous coastal fishes,PISCES,36264.0,A
India,2001,PRC,Percoids NEI,Perciformes (Percoidei),Miscellaneous coastal fishes,PISCES,38142.0,A
India,2002,PRC,Percoids NEI,Perciformes (Percoidei),Miscellaneous coastal fishes,PISCES,28548.0,A
India,2003,PRC,Percoids NEI,Perciformes (Percoidei),Miscellaneous coastal fishes,PISCES,32473.0,A
India,2004,PRC,Percoids NEI,Perciformes (Percoidei),Miscellaneous coastal fishes,PISCES,37440.0,A
India,2005,PRC,Percoids NEI,Perciformes (Percoidei),Miscellaneous coastal fishes,PISCES,31251.0,A
India,2006,PRC,Percoids NEI,Perciformes (Percoidei),Miscellaneous coastal fishes,PISCES,33602.0,A
India,2007,PRC,Percoids NEI,Perciformes (Percoidei),Miscellaneous coastal fishes,PISCES,39998.0,A
India,2008,PRC,Percoids NEI,Perciformes (Percoidei),Miscellaneous coastal fishes,PISCES,51810.0,A
India,2009,PRC,Percoids NEI,Perciformes (Percoidei),Miscellaneous coastal fishes,PISCES,60026.0,A
India,2010,PRC,Percoids NEI,Perciformes (Percoidei),Miscellaneous coastal fishes,PISCES,60291.0,A
India,2011,PRC,Percoids NEI,Perciformes (Percoidei),Miscellaneous coastal fishes,PISCES,56124.0,A
India,2012,PRC,Percoids NEI,Perciformes (Percoidei),Miscellaneous coastal fishes,PISCES,61238.0,A
India,2013,PRC,Percoids NEI,Perciformes (Percoidei),Miscellaneous coastal fishes,PISCES,57118.0,A
India,2014,PRC,Percoids NEI,Perciformes (Percoidei),Miscellaneous coastal fishes,PISCES,28800.0,I
India,2015,PRC,Percoids NEI,Perciformes (Percoidei),Miscellaneous coastal fishes,PISCES,0.0,A
India,2016,PRC,Percoids NEI,Perciformes (Percoidei),Miscellaneous coastal fishes,PISCES,0.0,A
India,2017,PRC,Percoids NEI,Perciformes (Percoidei),Miscellaneous coastal fishes,PISCES,0.0,A
India,2018,PRC,Percoids NEI,Perciformes (Percoidei),Miscellaneous coastal fishes,PISCES,0.0,A
India,2019,PRC,Percoids NEI,Perciformes (Percoidei),Miscellaneous coastal fishes,PISCES,0.0,A
India,2020,PRC,Percoids NEI,Perciformes (Percoidei),Miscellaneous coastal fishes,PISCES,0.0,A
India,2021,PRC,Percoids NEI,Perciformes (Percoidei),Miscellaneous coastal fishes,PISCES,0.0,A
India,2022,PRC,Percoids NEI,Perciformes (Percoidei),Miscellaneous coastal fishes,PISCES,0.0,A
India,2023,PRC,Percoids NEI,Perciformes (Percoidei),Miscellaneous coastal fishes,PISCES,0.0,A
India,2015,GPX,Groupers NEI,Epinephelus spp,Miscellaneous coastal fishes,PISCES,22850.0,I
India,2016,GPX,Groupers NEI,Epinephelus spp,Miscellaneous coastal fishes,PISCES,22700.0,I
India,2017,GPX,Groupers NEI,Epinephelus spp,Miscellaneous coastal fishes,PISCES,28613.0,I
India,2018,GPX,Groupers NEI,Epinephelus spp,Miscellaneous coastal fishes,PISCES,27291.233,I
India,2019,GPX,Groupers NEI,Epinephelus spp,Miscellaneous coastal fishes,PISCES,14065.6,I
India,2020,GPX,Groupers NEI,Epinephelus spp,Miscellaneous coastal fishes,PISCES,17897.717,I
India,2021,GPX,Groupers NEI,Epinephelus spp,Miscellaneous coastal fishes,PISCES,26379.102,I
India,2022,GPX,Groupers NEI,Epinephelus spp,Miscellaneous coastal fishes,PISCES,26005.547,I
India,2023,GPX,Groupers NEI,Epinephelus spp,Miscellaneous coastal fishes,PISCES,28709.863,E
India,2000,CDX,"Croakers, drums NEI",Sciaenidae,Miscellaneous coastal fishes,PISCES,32116.0,A
India,2001,CDX,"Croakers, drums NEI",Sciaenidae,Miscellaneous coastal fishes,PISCES,34709.0,A
India,2002,CDX,"Croakers, drums NEI",Sciaenidae,Miscellaneous coastal fishes,PISCES,36065.0,A
India,2003,CDX,"Croakers, drums NEI",Sciaenidae,Miscellaneous coastal fishes,PISCES,37160.0,A
India,2004,CDX,"Croakers, drums NEI",Sciaenidae,Miscellaneous coastal fishes,PISCES,42149.0,A
India,2005,CDX,"Croakers, drums NEI",Sciaenidae,Miscellaneous coastal fishes,PISCES,36200.0,A
India,2006,CDX,"Croakers, drums NEI",Sciaenidae,Miscellaneous coastal fishes,PISCES,37135.0,A
India,2007,CDX,"Croakers, drums NEI",Sciaenidae,Miscellaneous coastal fishes,PISCES,51067.0,A
India,2008,CDX,"Croakers, drums NEI",Sciaenidae,Miscellaneous coastal fishes,PISCES,65010.0,A
India,2009,CDX,"Croakers, drums NEI",Sciaenidae,Miscellaneous coastal fishes,PISCES,55060.0,A
India,2010,CDX,"Croakers, drums NEI",Sciaenidae,Miscellaneous coastal fishes,PISCES,52432.0,A
India,2011,CDX,"Croakers, drums NEI",Sciaenidae,Miscellaneous coastal fishes,PISCES,63046.0,A
India,2012,CDX,"Croakers, drums NEI",Sciaenidae,Miscellaneous coastal fishes,PISCES,56374.0,A
India,2013,CDX,"Croakers, drums NEI",Sciaenidae,Miscellaneous coastal fishes,PISCES,54963.0,A
India,2014,CDX,"Croakers, drums NEI",Sciaenidae,Miscellaneous coastal fishes,PISCES,32364.0,I
India,2015,CDX,"Croakers, drums NEI",Sciaenidae,Miscellaneous coastal fishes,PISCES,31383.0,I
India,2016,CDX,"Croakers, drums NEI",Sciaenidae,Miscellaneous coastal fishes,PISCES,31893.0,I
India,2017,CDX,"Croakers, drums NEI",Sciaenidae,Miscellaneous coastal fishes,PISCES,30367.0,I
India,2018,CDX,"Croakers, drums NEI",Sciaenidae,Miscellaneous coastal fishes,PISCES,27377.617,I
India,2019,CDX,"Croakers, drums NEI",Sciaenidae,Miscellaneous coastal fishes,PISCES,27438.051,I
India,2020,CDX,"Croakers, drums NEI",Sciaenidae,Miscellaneous coastal fishes,PISCES,23789.346,I
India,2021,CDX,"Croakers, drums NEI",Sciaenidae,Miscellaneous coastal fishes,PISCES,20472.323,I
India,2022,CDX,"Croakers, drums NEI",Sciaenidae,Miscellaneous coastal fishes,PISCES,18200.069,I
India,2023,CDX,"Croakers, drums NEI",Sciaenidae,Miscellaneous coastal fishes,PISCES,20787.849,E
India,2015,SNX,"Snappers, jobfishes NEI",Lutjanidae,Miscellaneous coastal fishes,PISCES,5230.0,I
India,2016,SNX,"Snappers, jobfishes NEI",Lutjanidae,Miscellaneous coastal fishes,PISCES,5580.0,I
India,2017,SNX,"Snappers, jobfishes NEI",Lutjanidae,Miscellaneous coastal fishes,PISCES,5572.0,I
India,2018,SNX,"Snappers, jobfishes NEI",Lutjanidae,Miscellaneous coastal fishes,PISCES,6181.222,I
India,2019,SNX,"Snappers, jobfishes NEI",Lutjanidae,Miscellaneous coastal fishes,PISCES,5427.906,I
India,2020,SNX,"Snappers, jobfishes NEI",Lutjanidae,Miscellaneous coastal fishes,PISCES,5937.004,I
India,2021,SNX,"Snappers, jobfishes NEI",Lutjanidae,Miscellaneous coastal fishes,PISCES,5071.908,I
India,2022,SNX,"Snappers, jobfishes NEI",Lutjanidae,Miscellaneous coastal fishes,PISCES,6098.58,I
India,2023,SNX,"Snappers, jobfishes NEI",Lutjanidae,Miscellaneous coastal fishes,PISCES,6676.314,E
India,2000,PON,Ponyfishes(=Slipmouths) NEI,Leiognathidae,Miscellaneous coastal fishes,PISCES,44729.0,A
India,2001,PON,Ponyfishes(=Slipmouths) NEI,Leiognathidae,Miscellaneous coastal fishes,PISCES,45610.0,A
India,2002,PON,Ponyfishes(=Slipmouths) NEI,Leiognathidae,Miscellaneous coastal fishes,PISCES,42872.0,A
India,2003,PON,Ponyfishes(=Slipmouths) NEI,Leiognathidae,Miscellaneous coastal fishes,PISCES,42994.0,A
India,2004,PON,Ponyfishes(=Slipmouths) NEI,Leiognathidae,Miscellaneous coastal fishes,PISCES,44828.0,A
India,2005,PON,Ponyfishes(=Slipmouths) NEI,Leiognathidae,Miscellaneous coastal fishes,PISCES,47690.0,A
India,2006,PON,Ponyfishes(=Slipmouths) NEI,Leiognathidae,Miscellaneous coastal fishes,PISCES,50358.0,A
India,2007,PON,Ponyfishes(=Slipmouths) NEI,Leiognathidae,Miscellaneous coastal fishes,PISCES,42866.0,A
India,2008,PON,Ponyfishes(=Slipmouths) NEI,Leiognathidae,Miscellaneous coastal fishes,PISCES,42199.0,A
India,2009,PON,Ponyfishes(=Slipmouths) NEI,Leiognathidae,Miscellaneous coastal fishes,PISCES,42171.0,A
India,2010,PON,Ponyfishes(=Slipmouths) NEI,Leiognathidae,Miscellaneous coastal fishes,PISCES,45725.0,A
India,2011,PON,Ponyfishes(=Slipmouths) NEI,Leiognathidae,Miscellaneous coastal fishes,PISCES,46157.0,A
India,2012,PON,Ponyfishes(=Slipmouths) NEI,Leiognathidae,Miscellaneous coastal fishes,PISCES,47022.0,A
India,2013,PON,Ponyfishes(=Slipmouths) NEI,Leiognathidae,Miscellaneous coastal fishes,PISCES,47585.0,A
India,2014,PON,Ponyfishes(=Slipmouths) NEI,Leiognathidae,Miscellaneous coastal fishes,PISCES,95900.0,I
India,2015,PON,Ponyfishes(=Slipmouths) NEI,Leiognathidae,Miscellaneous coastal fishes,PISCES,75000.0,I
India,2016,PON,Ponyfishes(=Slipmouths) NEI,Leiognathidae,Miscellaneous coastal fishes,PISCES,71200.0,I
India,2017,PON,Ponyfishes(=Slipmouths) NEI,Leiognathidae,Miscellaneous coastal fishes,PISCES,69003.0,I
India,2018,PON,Ponyfishes(=Slipmouths) NEI,Leiognathidae,Miscellaneous coastal fishes,PISCES,60068.784,I
India,2019,PON,Ponyfishes(=Slipmouths) NEI,Leiognathidae,Miscellaneous coastal fishes,PISCES,77224.935,I
India,2020,PON,Ponyfishes(=Slipmouths) NEI,Leiognathidae,Miscellaneous coastal fishes,PISCES,46270.641,I
India,2021,PON,Ponyfishes(=Slipmouths) NEI,Leiognathidae,Miscellaneous coastal fishes,PISCES,49830.511,I
India,2022,PON,Ponyfishes(=Slipmouths) NEI,Leiognathidae,Miscellaneous coastal fishes,PISCES,45430.179,I
India,2023,PON,Ponyfishes(=Slipmouths) NEI,Leiognathidae,Miscellaneous coastal fishes,PISCES,49938.6,E
India,2014,THD,Threadfin and dwarf breams NEI,Nemipteridae,Miscellaneous coastal fishes,PISCES,53431.0,I
India,2015,THD,Threadfin and dwarf breams NEI,Nemipteridae,Miscellaneous coastal fishes,PISCES,62764.0,I
India,2016,THD,Threadfin and dwarf breams NEI,Nemipteridae,Miscellaneous coastal fishes,PISCES,65699.0,I
India,2017,THD,Threadfin and dwarf breams NEI,Nemipteridae,Miscellaneous coastal fishes,PISCES,60849.0,I
India,2018,THD,Threadfin and dwarf breams NEI,Nemipteridae,Miscellaneous coastal fishes,PISCES,70778.186,I
India,2019,THD,Threadfin and dwarf breams NEI,Nemipteridae,Miscellaneous coastal fishes,PISCES,59033.631,I
India,2020,THD,Threadfin and dwarf breams NEI,Nemipteridae,Miscellaneous coastal fishes,PISCES,47374.309,I
India,2021,THD,Threadfin and dwarf breams NEI,Nemipteridae,Miscellaneous coastal fishes,PISCES,56094.792,I
India,2022,THD,Threadfin and dwarf breams NEI,Nemipteridae,Miscellaneous coastal fishes,PISCES,76646.222,I
India,2023,THD,Threadfin and dwarf breams NEI,Nemipteridae,Miscellaneous coastal fishes,PISCES,83782.058,E
India,2015,EMP,Emperors(=Scavengers) NEI,Lethrinidae,Miscellaneous coastal fishes,PISCES,9950.0,I
India,2016,EMP,Emperors(=Scavengers) NEI,Lethrinidae,Miscellaneous coastal fishes,PISCES,6650.0,I
India,2017,EMP,Emperors(=Scavengers) NEI,Lethrinidae,Miscellaneous coastal fishes,PISCES,8756.0,I
India,2018,EMP,Emperors(=Scavengers) NEI,Lethrinidae,Miscellaneous coastal fishes,PISCES,6366.6,I
India,2019,EMP,Emperors(=Scavengers) NEI,Lethrinidae,Miscellaneous coastal fishes,PISCES,6143.49,I
India,2020,EMP,Emperors(=Scavengers) NEI,Lethrinidae,Miscellaneous coastal fishes,PISCES,7571.924,I
India,2021,EMP,Emperors(=Scavengers) NEI,Lethrinidae,Miscellaneous coastal fishes,PISCES,7994.239,I
India,2022,EMP,Emperors(=Scavengers) NEI,Lethrinidae,Miscellaneous coastal fishes,PISCES,6770.853,I
India,2023,EMP,Emperors(=Scavengers) NEI,Lethrinidae,Miscellaneous coastal fishes,PISCES,7297.092,E
India,2015,BIG,Bigeyes NEI,Priacanthus spp,Miscellaneous coastal fishes,PISCES,0.0,A
India,2016,BIG,Bigeyes NEI,Priacanthus spp,Miscellaneous coastal fishes,PISCES,30940.0,I
India,2017,BIG,Bigeyes NEI,Priacanthus spp,Miscellaneous coastal fishes,PISCES,46682.0,I
India,2018,BIG,Bigeyes NEI,Priacanthus spp,Miscellaneous coastal fishes,PISCES,13807.609,I
India,2019,BIG,Bigeyes NEI,Priacanthus spp,Miscellaneous coastal fishes,PISCES,9179.593,I
India,2020,BIG,Bigeyes NEI,Priacanthus spp,Miscellaneous coastal fishes,PISCES,5231.722,I
India,2021,BIG,Bigeyes NEI,Priacanthus spp,Miscellaneous coastal fishes,PISCES,7363.979,I
India,2022,BIG,Bigeyes NEI,Priacanthus spp,Miscellaneous coastal fishes,PISCES,16218.882,I
India,2023,BIG,Bigeyes NEI,Priacanthus spp,Miscellaneous coastal fishes,PISCES,18951.968,E
India,2011,ONI,Red-toothed triggerfish,Odonus niger,Miscellaneous coastal fishes,PISCES,0.0,A
India,2012,ONI,Red-toothed triggerfish,Odonus niger,Miscellaneous coastal fishes,PISCES,0.0,A
India,2013,ONI,Red-toothed triggerfish,Odonus niger,Miscellaneous coastal fishes,PISCES,0.0,A
India,2014,ONI,Red-toothed triggerfish,Odonus niger,Miscellaneous coastal fishes,PISCES,0.0,A
India,2015,ONI,Red-toothed triggerfish,Odonus niger,Miscellaneous coastal fishes,PISCES,0.0,A
India,2016,ONI,Red-toothed triggerfish,Odonus niger,Miscellaneous coastal fishes,PISCES,0.0,A
India,2017,ONI,Red-toothed triggerfish,Odonus niger,Miscellaneous coastal fishes,PISCES,0.0,A
India,2018,ONI,Red-toothed triggerfish,Odonus niger,Miscellaneous coastal fishes,PISCES,26683.937,A
India,2019,ONI,Red-toothed triggerfish,Odonus niger,Miscellaneous coastal fishes,PISCES,101241.018,A
India,2020,ONI,Red-toothed triggerfish,Odonus niger,Miscellaneous coastal fishes,PISCES,0.0,A
India,2021,ONI,Red-toothed triggerfish,Odonus niger,Miscellaneous coastal fishes,PISCES,8935.827,I
India,2022,ONI,Red-toothed triggerfish,Odonus niger,Miscellaneous coastal fishes,PISCES,2049.936,I
India,2023,ONI,Red-toothed triggerfish,Odonus niger,Miscellaneous coastal fishes,PISCES,2138.185,E
India,2000,PCX,Pike-congers NEI,Muraenesox spp,Miscellaneous demersal fishes,PISCES,5748.0,A
India,2001,PCX,Pike-congers NEI,Muraenesox spp,Miscellaneous demersal fishes,PISCES,6441.0,A
India,2002,PCX,Pike-congers NEI,Muraenesox spp,Miscellaneous demersal fishes,PISCES,3576.0,A
India,2003,PCX,Pike-congers NEI,Muraenesox spp,Miscellaneous demersal fishes,PISCES,4126.0,A
India,2004,PCX,Pike-congers NEI,Muraenesox spp,Miscellaneous demersal fishes,PISCES,5783.0,A
India,2005,PCX,Pike-congers NEI,Muraenesox spp,Miscellaneous demersal fishes,PISCES,5287.0,A
India,2006,PCX,Pike-congers NEI,Muraenesox spp,Miscellaneous demersal fishes,PISCES,5300.0,A
India,2007,PCX,Pike-congers NEI,Muraenesox spp,Miscellaneous demersal fishes,PISCES,6638.0,A
India,2008,PCX,Pike-congers NEI,Muraenesox spp,Miscellaneous demersal fishes,PISCES,8887.0,A
India,2009,PCX,Pike-congers NEI,Muraenesox spp,Miscellaneous demersal fishes,PISCES,9355.0,A
India,2010,PCX,Pike-congers NEI,Muraenesox spp,Miscellaneous demersal fishes,PISCES,7161.0,A
India,2011,PCX,Pike-congers NEI,Muraenesox spp,Miscellaneous demersal fishes,PISCES,7076.0,A
India,2012,PCX,Pike-congers NEI,Muraenesox spp,Miscellaneous demersal fishes,PISCES,5205.0,A
India,2013,PCX,Pike-congers NEI,Muraenesox spp,Miscellaneous demersal fishes,PISCES,5456.0,A
India,2014,PCX,Pike-congers NEI,Muraenesox spp,Miscellaneous demersal fishes,PISCES,3644.0,I
India,2015,PCX,Pike-congers NEI,Muraenesox spp,Miscellaneous demersal fishes,PISCES,4193.0,I
India,2016,PCX,Pike-congers NEI,Muraenesox spp,Miscellaneous demersal fishes,PISCES,4186.0,I
India,2017,PCX,Pike-congers NEI,Muraenesox spp,Miscellaneous demersal fishes,PISCES,4937.0,I
India,2018,PCX,Pike-congers NEI,Muraenesox spp,Miscellaneous demersal fishes,PISCES,4420.965,I
India,2019,PCX,Pike-congers NEI,Muraenesox spp,Miscellaneous demersal fishes,PISCES,4617.335,I
India,2020,PCX,Pike-congers NEI,Muraenesox spp,Miscellaneous demersal fishes,PISCES,3655.344,I
India,2021,PCX,Pike-congers NEI,Muraenesox spp,Miscellaneous demersal fishes,PISCES,5638.913,I
India,2022,PCX,Pike-congers NEI,Muraenesox spp,Miscellaneous demersal fishes,PISCES,6374.179,I
India,2023,PCX,Pike-congers NEI,Muraenesox spp,Miscellaneous demersal fishes,PISCES,6917.56,E
India,2000,CUT,"Hairtails, scabbardfishes NEI",Trichiuridae,Miscellaneous demersal fishes,PISCES,20026.0,A
India,2001,CUT,"Hairtails, scabbardfishes NEI",Trichiuridae,Miscellaneous demersal fishes,PISCES,15046.0,A
India,2002,CUT,"Hairtails, scabbardfishes NEI",Trichiuridae,Miscellaneous demersal fishes,PISCES,14914.0,A
India,2003,CUT,"Hairtails, scabbardfishes NEI",Trichiuridae,Miscellaneous demersal fishes,PISCES,10213.0,A
India,2004,CUT,"Hairtails, scabbardfishes NEI",Trichiuridae,Miscellaneous demersal fishes,PISCES,13373.0,A
India,2005,CUT,"Hairtails, scabbardfishes NEI",Trichiuridae,Miscellaneous demersal fishes,PISCES,19859.0,A
India,2006,CUT,"Hairtails, scabbardfishes NEI",Trichiuridae,Miscellaneous demersal fishes,PISCES,20281.0,A
India,2007,CUT,"Hairtails, scabbardfishes NEI",Trichiuridae,Miscellaneous demersal fishes,PISCES,25568.0,A
India,2008,CUT,"Hairtails, scabbardfishes NEI",Trichiuridae,Miscellaneous demersal fishes,PISCES,24724.0,A
India,2009,CUT,"Hairtails, scabbardfishes NEI",Trichiuridae,Miscellaneous demersal fishes,PISCES,25997.0,A
India,2010,CUT,"Hairtails, scabbardfishes NEI",Trichiuridae,Miscellaneous demersal fishes,PISCES,19629.0,A
India,2011,CUT,"Hairtails, scabbardfishes NEI",Trichiuridae,Miscellaneous demersal fishes,PISCES,27734.0,A
India,2012,CUT,"Hairtails, scabbardfishes NEI",Trichiuridae,Miscellaneous demersal fishes,PISCES,26610.0,A
India,2013,CUT,"Hairtails, scabbardfishes NEI",Trichiuridae,Miscellaneous demersal fishes,PISCES,33315.0,A
India,2014,CUT,"Hairtails, scabbardfishes NEI",Trichiuridae,Miscellaneous demersal fishes,PISCES,50405.0,I
India,2015,CUT,"Hairtails, scabbardfishes NEI",Trichiuridae,Miscellaneous demersal fishes,PISCES,44259.0,I
India,2016,CUT,"Hairtails, scabbardfishes NEI",Trichiuridae,Miscellaneous demersal fishes,PISCES,54200.0,I
India,2017,CUT,"Hairtails, scabbardfishes NEI",Trichiuridae,Miscellaneous demersal fishes,PISCES,59756.0,I
India,2018,CUT,"Hairtails, scabbardfishes NEI",Trichiuridae,Miscellaneous demersal fishes,PISCES,48388.492,I
India,2019,CUT,"Hairtails, scabbardfishes NEI",Trichiuridae,Miscellaneous demersal fishes,PISCES,54608.378,I
India,2020,CUT,"Hairtails, scabbardfishes NEI",Trichiuridae,Miscellaneous demersal fishes,PISCES,35878.066,I
India,2021,CUT,"Hairtails, scabbardfishes NEI",Trichiuridae,Miscellaneous demersal fishes,PISCES,35275.9,I
India,2022,CUT,"Hairtails, scabbardfishes NEI",Trichiuridae,Miscellaneous demersal fishes,PISCES,56560.176,I
India,2023,CUT,"Hairtails, scabbardfishes NEI",Trichiuridae,Miscellaneous demersal fishes,PISCES,59276.323,E
India,2000,CLU,Clupeoids NEI,Clupeiformes (=Clupeoidei),"Herrings, sardines, anchovies",PISCES,27205.0,A
India,2001,CLU,Clupeoids NEI,Clupeiformes (=Clupeoidei),"Herrings, sardines, anchovies",PISCES,34618.0,A
India,2002,CLU,Clupeoids NEI,Clupeiformes (=Clupeoidei),"Herrings, sardines, anchovies",PISCES,30959.0,A
India,2003,CLU,Clupeoids NEI,Clupeiformes (=Clupeoidei),"Herrings, sardines, anchovies",PISCES,22323.0,A
India,2004,CLU,Clupeoids NEI,Clupeiformes (=Clupeoidei),"Herrings, sardines, anchovies",PISCES,22502.0,A
India,2005,CLU,Clupeoids NEI,Clupeiformes (=Clupeoidei),"Herrings, sardines, anchovies",PISCES,19984.0,A
India,2006,CLU,Clupeoids NEI,Clupeiformes (=Clupeoidei),"Herrings, sardines, anchovies",PISCES,20231.0,A
India,2007,CLU,Clupeoids NEI,Clupeiformes (=Clupeoidei),"Herrings, sardines, anchovies",PISCES,45436.0,A
India,2008,CLU,Clupeoids NEI,Clupeiformes (=Clupeoidei),"Herrings, sardines, anchovies",PISCES,51018.0,A
India,2009,CLU,Clupeoids NEI,Clupeiformes (=Clupeoidei),"Herrings, sardines, anchovies",PISCES,52500.0,A
India,2010,CLU,Clupeoids NEI,Clupeiformes (=Clupeoidei),"Herrings, sardines, anchovies",PISCES,57645.0,A
India,2011,CLU,Clupeoids NEI,Clupeiformes (=Clupeoidei),"Herrings, sardines, anchovies",PISCES,55985.0,A
India,2012,CLU,Clupeoids NEI,Clupeiformes (=Clupeoidei),"Herrings, sardines, anchovies",PISCES,63186.0,A
India,2013,CLU,Clupeoids NEI,Clupeiformes (=Clupeoidei),"Herrings, sardines, anchovies",PISCES,59192.0,A
India,2014,CLU,Clupeoids NEI,Clupeiformes (=Clupeoidei),"Herrings, sardines, anchovies",PISCES,184500.0,I
India,2015,CLU,Clupeoids NEI,Clupeiformes (=Clupeoidei),"Herrings, sardines, anchovies",PISCES,213500.0,I
India,2016,CLU,Clupeoids NEI,Clupeiformes (=Clupeoidei),"Herrings, sardines, anchovies",PISCES,167600.0,I
India,2017,CLU,Clupeoids NEI,Clupeiformes (=Clupeoidei),"Herrings, sardines, anchovies",PISCES,189776.0,I
India,2018,CLU,Clupeoids NEI,Clupeiformes (=Clupeoidei),"Herrings, sardines, anchovies",PISCES,151703.615,I
India,2019,CLU,Clupeoids NEI,Clupeiformes (=Clupeoidei),"Herrings, sardines, anchovies",PISCES,165009.283,I
India,2020,CLU,Clupeoids NEI,Clupeiformes (=Clupeoidei),"Herrings, sardines, anchovies",PISCES,184147.115,I
India,2021,CLU,Clupeoids NEI,Clupeiformes (=Clupeoidei),"Herrings, sardines, anchovies",PISCES,192039.134,I
India,2022,CLU,Clupeoids NEI,Clupeiformes (=Clupeoidei),"Herrings, sardines, anchovies",PISCES,159037.403,I
India,2023,CLU,Clupeoids NEI,Clupeiformes (=Clupeoidei),"Herrings, sardines, anchovies",PISCES,172663.452,E
India,2000,ANX,"Anchovies, etc. NEI",Engraulidae,"Herrings, sardines, anchovies",PISCES,13621.0,A
India,2001,ANX,"Anchovies, etc. NEI",Engraulidae,"Herrings, sardines, anchovies",PISCES,14274.0,A
India,2002,ANX,"Anchovies, etc. NEI",Engraulidae,"Herrings, sardines, anchovies",PISCES,7785.0,A
India,2003,ANX,"Anchovies, etc. NEI",Engraulidae,"Herrings, sardines, anchovies",PISCES,13675.0,A
India,2004,ANX,"Anchovies, etc. NEI",Engraulidae,"Herrings, sardines, anchovies",PISCES,19228.0,A
India,2005,ANX,"Anchovies, etc. NEI",Engraulidae,"Herrings, sardines, anchovies",PISCES,11494.0,A
India,2006,ANX,"Anchovies, etc. NEI",Engraulidae,"Herrings, sardines, anchovies",PISCES,14251.0,A
India,2007,ANX,"Anchovies, etc. NEI",Engraulidae,"Herrings, sardines, anchovies",PISCES,28570.0,A
India,2008,ANX,"Anchovies, etc. NEI",Engraulidae,"Herrings, sardines, anchovies",PISCES,41917.0,A
India,2009,ANX,"Anchovies, etc. NEI",Engraulidae,"Herrings, sardines, anchovies",PISCES,38669.0,A
India,2010,ANX,"Anchovies, etc. NEI",Engraulidae,"Herrings, sardines, anchovies",PISCES,41049.0,A
India,2011,ANX,"Anchovies, etc. NEI",Engraulidae,"Herrings, sardines, anchovies",PISCES,42219.0,A
India,2012,ANX,"Anchovies, etc. NEI",Engraulidae,"Herrings, sardines, anchovies",PISCES,46834.0,A
India,2013,ANX,"Anchovies, etc. NEI",Engraulidae,"Herrings, sardines, anchovies",PISCES,50855.0,A
India,2014,ANX,"Anchovies, etc. NEI",Engraulidae,"Herrings, sardines, anchovies",PISCES,56845.0,I
India,2015,ANX,"Anchovies, etc. NEI",Engraulidae,"Herrings, sardines, anchovies",PISCES,34305.0,I
India,2016,ANX,"Anchovies, etc. NEI",Engraulidae,"Herrings, sardines, anchovies",PISCES,33013.0,I
India,2017,ANX,"Anchovies, etc. NEI",Engraulidae,"Herrings, sardines, anchovies",PISCES,33216.0,I
India,2018,ANX,"Anchovies, etc. NEI",Engraulidae,"Herrings, sardines, anchovies",PISCES,41730.612,I
India,2019,ANX,"Anchovies, etc. NEI",Engraulidae,"Herrings, sardines, anchovies",PISCES,37008.264,I
India,2020,ANX,"Anchovies, etc. NEI",Engraulidae,"Herrings, sardines, anchovies",PISCES,35361.808,I
India,2021,ANX,"Anchovies, etc. NEI",Engraulidae,"Herrings, sardines, anchovies",PISCES,32631.494,I
India,2022,ANX,"Anchovies, etc. NEI",Engraulidae,"Herrings, sardines, anchovies",PISCES,28350.625,I
India,2023,ANX,"Anchovies, etc. NEI",Engraulidae,"Herrings, sardines, anchovies",PISCES,32597.886,E
India,2015,STO,Stolephorus anchovies NEI,Stolephorus spp,"Herrings, sardines, anchovies",PISCES,25982.0,I
India,2016,STO,Stolephorus anchovies NEI,Stolephorus spp,"Herrings, sardines, anchovies",PISCES,25271.0,I
India,2017,STO,Stolephorus anchovies NEI,Stolephorus spp,"Herrings, sardines, anchovies",PISCES,26620.0,I
India,2018,STO,Stolephorus anchovies NEI,Stolephorus spp,"Herrings, sardines, anchovies",PISCES,29875.931,I
India,2019,STO,Stolephorus anchovies NEI,Stolephorus spp,"Herrings, sardines, anchovies",PISCES,43470.564,I
India,2020,STO,Stolephorus anchovies NEI,Stolephorus spp,"Herrings, sardines, anchovies",PISCES,24415.587,I
India,2021,STO,Stolephorus anchovies NEI,Stolephorus spp,"Herrings, sardines, anchovies",PISCES,24010.494,I
India,2022,STO,Stolephorus anchovies NEI,Stolephorus spp,"Herrings, sardines, anchovies",PISCES,36349.625,I
India,2023,STO,Stolephorus anchovies NEI,Stolephorus spp,"Herrings, sardines, anchovies",PISCES,40373.644,E
India,2000,DOS,Wolf-herrings NEI,Chirocentrus spp,"Herrings, sardines, anchovies",PISCES,9261.0,A
India,2001,DOS,Wolf-herrings NEI,Chirocentrus spp,"Herrings, sardines, anchovies",PISCES,9536.0,A
India,2002,DOS,Wolf-herrings NEI,Chirocentrus spp,"Herrings, sardines, anchovies",PISCES,9037.0,A
India,2003,DOS,Wolf-herrings NEI,Chirocentrus spp,"Herrings, sardines, anchovies",PISCES,9441.0,A
India,2004,DOS,Wolf-herrings NEI,Chirocentrus spp,"Herrings, sardines, anchovies",PISCES,10147.0,A
India,2005,DOS,Wolf-herrings NEI,Chirocentrus spp,"Herrings, sardines, anchovies",PISCES,10258.0,A
India,2006,DOS,Wolf-herrings NEI,Chirocentrus spp,"Herrings, sardines, anchovies",PISCES,10411.0,A
India,2007,DOS,Wolf-herrings NEI,Chirocentrus spp,"Herrings, sardines, anchovies",PISCES,28256.0,A
India,2008,DOS,Wolf-herrings NEI,Chirocentrus spp,"Herrings, sardines, anchovies",PISCES,28067.0,A
India,2009,DOS,Wolf-herrings NEI,Chirocentrus spp,"Herrings, sardines, anchovies",PISCES,27948.0,A
India,2010,DOS,Wolf-herrings NEI,Chirocentrus spp,"Herrings, sardines, anchovies",PISCES,22722.0,A
India,2011,DOS,Wolf-herrings NEI,Chirocentrus spp,"Herrings, sardines, anchovies",PISCES,12308.0,A
India,2012,DOS,Wolf-herrings NEI,Chirocentrus spp,"Herrings, sardines, anchovies",PISCES,21097.0,A
India,2013,DOS,Wolf-herrings NEI,Chirocentrus spp,"Herrings, sardines, anchovies",PISCES,27746.0,A
India,2014,DOS,Wolf-herrings NEI,Chirocentrus spp,"Herrings, sardines, anchovies",PISCES,14200.0,I
India,2015,DOS,Wolf-herrings NEI,Chirocentrus spp,"Herrings, sardines, anchovies",PISCES,12000.0,I
India,2016,DOS,Wolf-herrings NEI,Chirocentrus spp,"Herrings, sardines, anchovies",PISCES,12500.0,I
India,2017,DOS,Wolf-herrings NEI,Chirocentrus spp,"Herrings, sardines, anchovies",PISCES,13144.0,I
India,2018,DOS,Wolf-herrings NEI,Chirocentrus spp,"Herrings, sardines, anchovies",PISCES,10198.883,I
India,2019,DOS,Wolf-herrings NEI,Chirocentrus spp,"Herrings, sardines, anchovies",PISCES,11963.829,I
India,2020,DOS,Wolf-herrings NEI,Chirocentrus spp,"Herrings, sardines, anchovies",PISCES,7210.581,I
India,2021,DOS,Wolf-herrings NEI,Chirocentrus spp,"Herrings, sardines, anchovies",PISCES,13307.539,I
India,2022,DOS,Wolf-herrings NEI,Chirocentrus spp,"Herrings, sardines, anchovies",PISCES,14305.764,I
India,2023,DOS,Wolf-herrings NEI,Chirocentrus spp,"Herrings, sardines, anchovies",PISCES,15746.616,E
India,2000,IOS,Indian oil sardine,Sardinella longiceps,"Herrings, sardines, anchovies",PISCES,49583.0,A
India,2001,IOS,Indian oil sardine,Sardinella longiceps,"Herrings, sardines, anchovies",PISCES,55448.0,A
India,2002,IOS,Indian oil sardine,Sardinella longiceps,"Herrings, sardines, anchovies",PISCES,18210.0,A
India,2003,IOS,Indian oil sardine,Sardinella longiceps,"Herrings, sardines, anchovies",PISCES,12584.0,A
India,2004,IOS,Indian oil sardine,Sardinella longiceps,"Herrings, sardines, anchovies",PISCES,25271.0,A
India,2005,IOS,Indian oil sardine,Sardinella longiceps,"Herrings, sardines, anchovies",PISCES,26802.0,A
India,2006,IOS,Indian oil sardine,Sardinella longiceps,"Herrings, sardines, anchovies",PISCES,27087.0,A
India,2007,IOS,Indian oil sardine,Sardinella longiceps,"Herrings, sardines, anchovies",PISCES,29423.0,A
India,2008,IOS,Indian oil sardine,Sardinella longiceps,"Herrings, sardines, anchovies",PISCES,63758.0,A
India,2009,IOS,Indian oil sardine,Sardinella longiceps,"Herrings, sardines, anchovies",PISCES,62350.0,A
India,2010,IOS,Indian oil sardine,Sardinella longiceps,"Herrings, sardines, anchovies",PISCES,57464.0,A
India,2011,IOS,Indian oil sardine,Sardinella longiceps,"Herrings, sardines, anchovies",PISCES,59634.0,A
India,2012,IOS,Indian oil sardine,Sardinella longiceps,"Herrings, sardines, anchovies",PISCES,82926.0,A
India,2013,IOS,Indian oil sardine,Sardinella longiceps,"Herrings, sardines, anchovies",PISCES,77161.0,A
India,2014,IOS,Indian oil sardine,Sardinella longiceps,"Herrings, sardines, anchovies",PISCES,109684.0,I
India,2015,IOS,Indian oil sardine,Sardinella longiceps,"Herrings, sardines, anchovies",PISCES,54667.0,I
India,2016,IOS,Indian oil sardine,Sardinella longiceps,"Herrings, sardines, anchovies",PISCES,50392.0,I
India,2017,IOS,Indian oil sardine,Sardinella longiceps,"Herrings, sardines, anchovies",PISCES,69397.0,I
India,2018,IOS,Indian oil sardine,Sardinella longiceps,"Herrings, sardines, anchovies",PISCES,31974.165,I
India,2019,IOS,Indian oil sardine,Sardinella longiceps,"Herrings, sardines, anchovies",PISCES,29841.8,I
India,2020,IOS,Indian oil sardine,Sardinella longiceps,"Herrings, sardines, anchovies",PISCES,17081.959,I
India,2021,IOS,Indian oil sardine,Sardinella longiceps,"Herrings, sardines, anchovies",PISCES,17934.946,I
India,2022,IOS,Indian oil sardine,Sardinella longiceps,"Herrings, sardines, anchovies",PISCES,51680.494,I
India,2023,IOS,Indian oil sardine,Sardinella longiceps,"Herrings, sardines, anchovies",PISCES,55169.548,E
India,2000,TUX,Tuna-like fishes NEI,Scombriformes (Scombroidei),"Tunas, bonitos, billfishes",PISCES,1.0,A
India,2001,TUX,Tuna-like fishes NEI,Scombriformes (Scombroidei),"Tunas, bonitos, billfishes",PISCES,0.0,A
India,2002,TUX,Tuna-like fishes NEI,Scombriformes (Scombroidei),"Tunas, bonitos, billfishes",PISCES,0.0,A
India,2003,TUX,Tuna-like fishes NEI,Scombriformes (Scombroidei),"Tunas, bonitos, billfishes",PISCES,1.0,A
India,2004,TUX,Tuna-like fishes NEI,Scombriformes (Scombroidei),"Tunas, bonitos, billfishes",PISCES,0.0,A
India,2005,TUX,Tuna-like fishes NEI,Scombriformes (Scombroidei),"Tunas, bonitos, billfishes",PISCES,0.0,A
India,2006,TUX,Tuna-like fishes NEI,Scombriformes (Scombroidei),"Tunas, bonitos, billfishes",PISCES,0.0,A
India,2007,TUX,Tuna-like fishes NEI,Scombriformes (Scombroidei),"Tunas, bonitos, billfishes",PISCES,0.0,N
India,2008,TUX,Tuna-like fishes NEI,Scombriformes (Scombroidei),"Tunas, bonitos, billfishes",PISCES,0.0,N
India,2009,TUX,Tuna-like fishes NEI,Scombriformes (Scombroidei),"Tunas, bonitos, billfishes",PISCES,2.0,A
India,2010,TUX,Tuna-like fishes NEI,Scombriformes (Scombroidei),"Tunas, bonitos, billfishes",PISCES,0.0,A
India,2011,TUX,Tuna-like fishes NEI,Scombriformes (Scombroidei),"Tunas, bonitos, billfishes",PISCES,0.0,A
India,2012,TUX,Tuna-like fishes NEI,Scombriformes (Scombroidei),"Tunas, bonitos, billfishes",PISCES,0.0,A
India,2013,TUX,Tuna-like fishes NEI,Scombriformes (Scombroidei),"Tunas, bonitos, billfishes",PISCES,0.0,A
India,2014,TUX,Tuna-like fishes NEI,Scombriformes (Scombroidei),"Tunas, bonitos, billfishes",PISCES,0.0,A
India,2015,TUX,Tuna-like fishes NEI,Scombriformes (Scombroidei),"Tunas, bonitos, billfishes",PISCES,0.0,A
India,2016,TUX,Tuna-like fishes NEI,Scombriformes (Scombroidei),"Tunas, bonitos, billfishes",PISCES,0.0,A
India,2017,TUX,Tuna-like fishes NEI,Scombriformes (Scombroidei),"Tunas, bonitos, billfishes",PISCES,0.0,A
India,2018,TUX,Tuna-like fishes NEI,Scombriformes (Scombroidei),"Tunas, bonitos, billfishes",PISCES,0.0,A
India,2019,TUX,Tuna-like fishes NEI,Scombriformes (Scombroidei),"Tunas, bonitos, billfishes",PISCES,0.0,A
India,2020,TUX,Tuna-like fishes NEI,Scombriformes (Scombroidei),"Tunas, bonitos, billfishes",PISCES,0.0,A
India,2021,TUX,Tuna-like fishes NEI,Scombriformes (Scombroidei),"Tunas, bonitos, billfishes",PISCES,0.0,A
India,2022,TUX,Tuna-like fishes NEI,Scombriformes (Scombroidei),"Tunas, bonitos, billfishes",PISCES,0.0,A
India,2023,TUX,Tuna-like fishes NEI,Scombriformes (Scombroidei),"Tunas, bonitos, billfishes",PISCES,0.0,A
India,2000,WAH,Wahoo,Acanthocybium solandri,"Tunas, bonitos, billfishes",PISCES,28.0,A
India,2001,WAH,Wahoo,Acanthocybium solandri,"Tunas, bonitos, billfishes",PISCES,52.0,A
India,2002,WAH,Wahoo,Acanthocybium solandri,"Tunas, bonitos, billfishes",PISCES,9.0,A
India,2003,WAH,Wahoo,Acanthocybium solandri,"Tunas, bonitos, billfishes",PISCES,9.0,A
India,2004,WAH,Wahoo,Acanthocybium solandri,"Tunas, bonitos, billfishes",PISCES,70.0,A
India,2005,WAH,Wahoo,Acanthocybium solandri,"Tunas, bonitos, billfishes",PISCES,72.0,A
India,2006,WAH,Wahoo,Acanthocybium solandri,"Tunas, bonitos, billfishes",PISCES,15.0,A
India,2007,WAH,Wahoo,Acanthocybium solandri,"Tunas, bonitos, billfishes",PISCES,68.0,A
India,2008,WAH,Wahoo,Acanthocybium solandri,"Tunas, bonitos, billfishes",PISCES,22.0,A
India,2009,WAH,Wahoo,Acanthocybium solandri,"Tunas, bonitos, billfishes",PISCES,66.0,A
India,2010,WAH,Wahoo,Acanthocybium solandri,"Tunas, bonitos, billfishes",PISCES,42.0,A
India,2011,WAH,Wahoo,Acanthocybium solandri,"Tunas, bonitos, billfishes",PISCES,17.0,A
India,2012,WAH,Wahoo,Acanthocybium solandri,"Tunas, bonitos, billfishes",PISCES,1262.761,A
India,2013,WAH,Wahoo,Acanthocybium solandri,"Tunas, bonitos, billfishes",PISCES,12.431,A
India,2014,WAH,Wahoo,Acanthocybium solandri,"Tunas, bonitos, billfishes",PISCES,34.436,A
India,2015,WAH,Wahoo,Acanthocybium solandri,"Tunas, bonitos, billfishes",PISCES,234.704,A
India,2016,WAH,Wahoo,Acanthocybium solandri,"Tunas, bonitos, billfishes",PISCES,112.221,A
India,2017,WAH,Wahoo,Acanthocybium solandri,"Tunas, bonitos, billfishes",PISCES,126.381,A
India,2018,WAH,Wahoo,Acanthocybium solandri,"Tunas, bonitos, billfishes",PISCES,0.0,A
India,2019,WAH,Wahoo,Acanthocybium solandri,"Tunas, bonitos, billfishes",PISCES,519.011,A
India,2020,WAH,Wahoo,Acanthocybium solandri,"Tunas, bonitos, billfishes",PISCES,118.0,A
India,2021,WAH,Wahoo,Acanthocybium solandri,"Tunas, bonitos, billfishes",PISCES,0.0,A
India,2022,WAH,Wahoo,Acanthocybium solandri,"Tunas, bonitos, billfishes",PISCES,226.56,A
India,2023,WAH,Wahoo,Acanthocybium solandri,"Tunas, bonitos, billfishes",PISCES,409.0,A
India,2000,BLT,Bullet tuna,Auxis rochei,"Tunas, bonitos, billfishes",PISCES,77.804,A
India,2001,BLT,Bullet tuna,Auxis rochei,"Tunas, bonitos, billfishes",PISCES,77.548,A
India,2002,BLT,Bullet tuna,Auxis rochei,"Tunas, bonitos, billfishes",PISCES,106.477,A
India,2003,BLT,Bullet tuna,Auxis rochei,"Tunas, bonitos, billfishes",PISCES,136.12,A
India,2004,BLT,Bullet tuna,Auxis rochei,"Tunas, bonitos, billfishes",PISCES,122.819,A
India,2005,BLT,Bullet tuna,Auxis rochei,"Tunas, bonitos, billfishes",PISCES,126.904,A
India,2006,BLT,Bullet tuna,Auxis rochei,"Tunas, bonitos, billfishes",PISCES,145.548,A
India,2007,BLT,Bullet tuna,Auxis rochei,"Tunas, bonitos, billfishes",PISCES,103.13,A
India,2008,BLT,Bullet tuna,Auxis rochei,"Tunas, bonitos, billfishes",PISCES,234.202,A
India,2009,BLT,Bullet tuna,Auxis rochei,"Tunas, bonitos, billfishes",PISCES,285.738,A
India,2010,BLT,Bullet tuna,Auxis rochei,"Tunas, bonitos, billfishes",PISCES,401.653,A
India,2011,BLT,Bullet tuna,Auxis rochei,"Tunas, bonitos, billfishes",PISCES,112.398,A
India,2012,BLT,Bullet tuna,Auxis rochei,"Tunas, bonitos, billfishes",PISCES,177.536,A
India,2013,BLT,Bullet tuna,Auxis rochei,"Tunas, bonitos, billfishes",PISCES,254.553,A
India,2014,BLT,Bullet tuna,Auxis rochei,"Tunas, bonitos, billfishes",PISCES,268.609,A
India,2015,BLT,Bullet tuna,Auxis rochei,"Tunas, bonitos, billfishes",PISCES,1278.912,A
India,2016,BLT,Bullet tuna,Auxis rochei,"Tunas, bonitos, billfishes",PISCES,2563.062,A
India,2017,BLT,Bullet tuna,Auxis rochei,"Tunas, bonitos, billfishes",PISCES,2130.31,A
India,2018,BLT,Bullet tuna,Auxis rochei,"Tunas, bonitos, billfishes",PISCES,1964.888,A
India,2019,BLT,Bullet tuna,Auxis rochei,"Tunas, bonitos, billfishes",PISCES,4387.0,A
India,2020,BLT,Bullet tuna,Auxis rochei,"Tunas, bonitos, billfishes",PISCES,1191.0,A
India,2021,BLT,Bullet tuna,Auxis rochei,"Tunas, bonitos, billfishes",PISCES,406.7,A
India,2022,BLT,Bullet tuna,Auxis rochei,"Tunas, bonitos, billfishes",PISCES,753.08,A
India,2023,BLT,Bullet tuna,Auxis rochei,"Tunas, bonitos, billfishes",PISCES,3109.0,A
India,2000,FRI,Frigate tuna,Auxis thazard,"Tunas, bonitos, billfishes",PISCES,3952.302,A
India,2001,FRI,Frigate tuna,Auxis thazard,"Tunas, bonitos, billfishes",PISCES,3939.29,A
India,2002,FRI,Frigate tuna,Auxis thazard,"Tunas, bonitos, billfishes",PISCES,4161.188,A
India,2003,FRI,Frigate tuna,Auxis thazard,"Tunas, bonitos, billfishes",PISCES,5321.123,A
India,2004,FRI,Frigate tuna,Auxis thazard,"Tunas, bonitos, billfishes",PISCES,4800.194,A
India,2005,FRI,Frigate tuna,Auxis thazard,"Tunas, bonitos, billfishes",PISCES,4959.945,A
India,2006,FRI,Frigate tuna,Auxis thazard,"Tunas, bonitos, billfishes",PISCES,5688.094,A
India,2007,FRI,Frigate tuna,Auxis thazard,"Tunas, bonitos, billfishes",PISCES,4030.37,A
India,2008,FRI,Frigate tuna,Auxis thazard,"Tunas, bonitos, billfishes",PISCES,2444.232,A
India,2009,FRI,Frigate tuna,Auxis thazard,"Tunas, bonitos, billfishes",PISCES,2070.445,A
India,2010,FRI,Frigate tuna,Auxis thazard,"Tunas, bonitos, billfishes",PISCES,5496.953,A
India,2011,FRI,Frigate tuna,Auxis thazard,"Tunas, bonitos, billfishes",PISCES,4393.769,A
India,2012,FRI,Frigate tuna,Auxis thazard,"Tunas, bonitos, billfishes",PISCES,3665.082,A
India,2013,FRI,Frigate tuna,Auxis thazard,"Tunas, bonitos, billfishes",PISCES,3038.429,A
India,2014,FRI,Frigate tuna,Auxis thazard,"Tunas, bonitos, billfishes",PISCES,3965.836,A
India,2015,FRI,Frigate tuna,Auxis thazard,"Tunas, bonitos, billfishes",PISCES,1317.279,A
India,2016,FRI,Frigate tuna,Auxis thazard,"Tunas, bonitos, billfishes",PISCES,2673.317,A
India,2017,FRI,Frigate tuna,Auxis thazard,"Tunas, bonitos, billfishes",PISCES,1981.84,A
India,2018,FRI,Frigate tuna,Auxis thazard,"Tunas, bonitos, billfishes",PISCES,1397.334,A
India,2019,FRI,Frigate tuna,Auxis thazard,"Tunas, bonitos, billfishes",PISCES,5642.0,A
India,2020,FRI,Frigate tuna,Auxis thazard,"Tunas, bonitos, billfishes",PISCES,3283.0,A
India,2021,FRI,Frigate tuna,Auxis thazard,"Tunas, bonitos, billfishes",PISCES,2984.2,A
India,2022,FRI,Frigate tuna,Auxis thazard,"Tunas, bonitos, billfishes",PISCES,5525.797,A
India,2023,FRI,Frigate tuna,Auxis thazard,"Tunas, bonitos, billfishes",PISCES,9096.0,A
India,2000,KAW,Kawakawa,Euthynnus affinis,"Tunas, bonitos, billfishes",PISCES,5752.0,A
India,2001,KAW,Kawakawa,Euthynnus affinis,"Tunas, bonitos, billfishes",PISCES,5178.0,A
India,2002,KAW,Kawakawa,Euthynnus affinis,"Tunas, bonitos, billfishes",PISCES,6027.0,A
India,2003,KAW,Kawakawa,Euthynnus affinis,"Tunas, bonitos, billfishes",PISCES,5377.0,A
India,2004,KAW,Kawakawa,Euthynnus affinis,"Tunas, bonitos, billfishes",PISCES,6470.0,A
India,2005,KAW,Kawakawa,Euthynnus affinis,"Tunas, bonitos, billfishes",PISCES,6470.0,A
India,2006,KAW,Kawakawa,Euthynnus affinis,"Tunas, bonitos, billfishes",PISCES,7552.0,A
India,2007,KAW,Kawakawa,Euthynnus affinis,"Tunas, bonitos, billfishes",PISCES,6927.0,A
India,2008,KAW,Kawakawa,Euthynnus affinis,"Tunas, bonitos, billfishes",PISCES,7995.0,A
India,2009,KAW,Kawakawa,Euthynnus affinis,"Tunas, bonitos, billfishes",PISCES,7048.0,A
India,2010,KAW,Kawakawa,Euthynnus affinis,"Tunas, bonitos, billfishes",PISCES,5453.0,A
India,2011,KAW,Kawakawa,Euthynnus affinis,"Tunas, bonitos, billfishes",PISCES,8128.0,A
India,2012,KAW,Kawakawa,Euthynnus affinis,"Tunas, bonitos, billfishes",PISCES,9039.993,A
India,2013,KAW,Kawakawa,Euthynnus affinis,"Tunas, bonitos, billfishes",PISCES,11054.622,A
India,2014,KAW,Kawakawa,Euthynnus affinis,"Tunas, bonitos, billfishes",PISCES,10359.419,A
India,2015,KAW,Kawakawa,Euthynnus affinis,"Tunas, bonitos, billfishes",PISCES,10431.011,A
India,2016,KAW,Kawakawa,Euthynnus affinis,"Tunas, bonitos, billfishes",PISCES,10976.693,A
India,2017,KAW,Kawakawa,Euthynnus affinis,"Tunas, bonitos, billfishes",PISCES,8697.322,A
India,2018,KAW,Kawakawa,Euthynnus affinis,"Tunas, bonitos, billfishes",PISCES,5856.764,A
India,2019,KAW,Kawakawa,Euthynnus affinis,"Tunas, bonitos, billfishes",PISCES,15608.0,A
India,2020,KAW,Kawakawa,Euthynnus affinis,"Tunas, bonitos, billfishes",PISCES,7188.0,A
India,2021,KAW,Kawakawa,Euthynnus affinis,"Tunas, bonitos, billfishes",PISCES,5535.13,A
India,2022,KAW,Kawakawa,Euthynnus affinis,"Tunas, bonitos, billfishes",PISCES,8750.576,A
India,2023,KAW,Kawakawa,Euthynnus affinis,"Tunas, bonitos, billfishes",PISCES,9016.0,A
India,2000,SKJ,Skipjack tuna,Katsuwonus pelamis,"Tunas, bonitos, billfishes",PISCES,756.0,A
India,2001,SKJ,Skipjack tuna,Katsuwonus pelamis,"Tunas, bonitos, billfishes",PISCES,780.0,A
India,2002,SKJ,Skipjack tuna,Katsuwonus pelamis,"Tunas, bonitos, billfishes",PISCES,898.0,A
India,2003,SKJ,Skipjack tuna,Katsuwonus pelamis,"Tunas, bonitos, billfishes",PISCES,1013.0,A
India,2004,SKJ,Skipjack tuna,Katsuwonus pelamis,"Tunas, bonitos, billfishes",PISCES,1116.0,A
India,2005,SKJ,Skipjack tuna,Katsuwonus pelamis,"Tunas, bonitos, billfishes",PISCES,1332.0,A
India,2006,SKJ,Skipjack tuna,Katsuwonus pelamis,"Tunas, bonitos, billfishes",PISCES,1751.0,A
India,2007,SKJ,Skipjack tuna,Katsuwonus pelamis,"Tunas, bonitos, billfishes",PISCES,1719.0,A
India,2008,SKJ,Skipjack tuna,Katsuwonus pelamis,"Tunas, bonitos, billfishes",PISCES,2102.0,A
India,2009,SKJ,Skipjack tuna,Katsuwonus pelamis,"Tunas, bonitos, billfishes",PISCES,1486.0,A
India,2010,SKJ,Skipjack tuna,Katsuwonus pelamis,"Tunas, bonitos, billfishes",PISCES,1697.0,A
India,2011,SKJ,Skipjack tuna,Katsuwonus pelamis,"Tunas, bonitos, billfishes",PISCES,1593.0,A
India,2012,SKJ,Skipjack tuna,Katsuwonus pelamis,"Tunas, bonitos, billfishes",PISCES,4985.975,A
India,2013,SKJ,Skipjack tuna,Katsuwonus pelamis,"Tunas, bonitos, billfishes",PISCES,4425.703,A
India,2014,SKJ,Skipjack tuna,Katsuwonus pelamis,"Tunas, bonitos, billfishes",PISCES,5122.393,A
India,2015,SKJ,Skipjack tuna,Katsuwonus pelamis,"Tunas, bonitos, billfishes",PISCES,1499.952,A
India,2016,SKJ,Skipjack tuna,Katsuwonus pelamis,"Tunas, bonitos, billfishes",PISCES,2946.13,A
India,2017,SKJ,Skipjack tuna,Katsuwonus pelamis,"Tunas, bonitos, billfishes",PISCES,1892.777,A
India,2018,SKJ,Skipjack tuna,Katsuwonus pelamis,"Tunas, bonitos, billfishes",PISCES,16346.847,A
India,2019,SKJ,Skipjack tuna,Katsuwonus pelamis,"Tunas, bonitos, billfishes",PISCES,11823.09,A
India,2020,SKJ,Skipjack tuna,Katsuwonus pelamis,"Tunas, bonitos, billfishes",PISCES,8132.047,A
India,2021,SKJ,Skipjack tuna,Katsuwonus pelamis,"Tunas, bonitos, billfishes",PISCES,12123.21,A
India,2022,SKJ,Skipjack tuna,Katsuwonus pelamis,"Tunas, bonitos, billfishes",PISCES,10447.391,A
India,2023,SKJ,Skipjack tuna,Katsuwonus pelamis,"Tunas, bonitos, billfishes",PISCES,13026.122,A
India,2000,BIP,Striped bonito,Sarda orientalis,"Tunas, bonitos, billfishes",PISCES,69.0,A
India,2001,BIP,Striped bonito,Sarda orientalis,"Tunas, bonitos, billfishes",PISCES,13.0,A
India,2002,BIP,Striped bonito,Sarda orientalis,"Tunas, bonitos, billfishes",PISCES,15.0,A
India,2003,BIP,Striped bonito,Sarda orientalis,"Tunas, bonitos, billfishes",PISCES,31.0,A
India,2004,BIP,Striped bonito,Sarda orientalis,"Tunas, bonitos, billfishes",PISCES,20.0,A
India,2005,BIP,Striped bonito,Sarda orientalis,"Tunas, bonitos, billfishes",PISCES,20.0,A
India,2006,BIP,Striped bonito,Sarda orientalis,"Tunas, bonitos, billfishes",PISCES,26.0,A
India,2007,BIP,Striped bonito,Sarda orientalis,"Tunas, bonitos, billfishes",PISCES,58.0,A
India,2008,BIP,Striped bonito,Sarda orientalis,"Tunas, bonitos, billfishes",PISCES,1305.0,A
India,2009,BIP,Striped bonito,Sarda orientalis,"Tunas, bonitos, billfishes",PISCES,269.0,A
India,2010,BIP,Striped bonito,Sarda orientalis,"Tunas, bonitos, billfishes",PISCES,62.0,A
India,2011,BIP,Striped bonito,Sarda orientalis,"Tunas, bonitos, billfishes",PISCES,7.0,A
India,2012,BIP,Striped bonito,Sarda orientalis,"Tunas, bonitos, billfishes",PISCES,698.09,A
India,2013,BIP,Striped bonito,Sarda orientalis,"Tunas, bonitos, billfishes",PISCES,658.132,A
India,2014,BIP,Striped bonito,Sarda orientalis,"Tunas, bonitos, billfishes",PISCES,352.571,A
India,2015,BIP,Striped bonito,Sarda orientalis,"Tunas, bonitos, billfishes",PISCES,254.782,A
India,2016,BIP,Striped bonito,Sarda orientalis,"Tunas, bonitos, billfishes",PISCES,156.989,A
India,2017,BIP,Striped bonito,Sarda orientalis,"Tunas, bonitos, billfishes",PISCES,354.031,A
India,2018,BIP,Striped bonito,Sarda orientalis,"Tunas, bonitos, billfishes",PISCES,0.0,A
India,2019,BIP,Striped bonito,Sarda orientalis,"Tunas, bonitos, billfishes",PISCES,102.0,A
India,2020,BIP,Striped bonito,Sarda orientalis,"Tunas, bonitos, billfishes",PISCES,46.0,A
India,2021,BIP,Striped bonito,Sarda orientalis,"Tunas, bonitos, billfishes",PISCES,480.0,A
India,2022,BIP,Striped bonito,Sarda orientalis,"Tunas, bonitos, billfishes",PISCES,337.72,A
India,2023,BIP,Striped bonito,Sarda orientalis,"Tunas, bonitos, billfishes",PISCES,38.0,A
India,2000,COM,Narrow-barred Spanish mackerel,Scomberomorus commerson,"Tunas, bonitos, billfishes",PISCES,12448.0,A
India,2001,COM,Narrow-barred Spanish mackerel,Scomberomorus commerson,"Tunas, bonitos, billfishes",PISCES,9487.0,A
India,2002,COM,Narrow-barred Spanish mackerel,Scomberomorus commerson,"Tunas, bonitos, billfishes",PISCES,12478.0,A
India,2003,COM,Narrow-barred Spanish mackerel,Scomberomorus commerson,"Tunas, bonitos, billfishes",PISCES,11756.0,A
India,2004,COM,Narrow-barred Spanish mackerel,Scomberomorus commerson,"Tunas, bonitos, billfishes",PISCES,11296.0,A
India,2005,COM,Narrow-barred Spanish mackerel,Scomberomorus commerson,"Tunas, bonitos, billfishes",PISCES,9696.0,A
India,2006,COM,Narrow-barred Spanish mackerel,Scomberomorus commerson,"Tunas, bonitos, billfishes",PISCES,13223.0,A
India,2007,COM,Narrow-barred Spanish mackerel,Scomberomorus commerson,"Tunas, bonitos, billfishes",PISCES,14371.0,A
India,2008,COM,Narrow-barred Spanish mackerel,Scomberomorus commerson,"Tunas, bonitos, billfishes",PISCES,11368.0,A
India,2009,COM,Narrow-barred Spanish mackerel,Scomberomorus commerson,"Tunas, bonitos, billfishes",PISCES,11322.0,A
India,2010,COM,Narrow-barred Spanish mackerel,Scomberomorus commerson,"Tunas, bonitos, billfishes",PISCES,9169.0,A
India,2011,COM,Narrow-barred Spanish mackerel,Scomberomorus commerson,"Tunas, bonitos, billfishes",PISCES,10800.0,A
India,2012,COM,Narrow-barred Spanish mackerel,Scomberomorus commerson,"Tunas, bonitos, billfishes",PISCES,14606.233,A
India,2013,COM,Narrow-barred Spanish mackerel,Scomberomorus commerson,"Tunas, bonitos, billfishes",PISCES,10469.329,A
India,2014,COM,Narrow-barred Spanish mackerel,Scomberomorus commerson,"Tunas, bonitos, billfishes",PISCES,11873.615,A
India,2015,COM,Narrow-barred Spanish mackerel,Scomberomorus commerson,"Tunas, bonitos, billfishes",PISCES,16264.148,A
India,2016,COM,Narrow-barred Spanish mackerel,Scomberomorus commerson,"Tunas, bonitos, billfishes",PISCES,15939.594,A
India,2017,COM,Narrow-barred Spanish mackerel,Scomberomorus commerson,"Tunas, bonitos, billfishes",PISCES,12289.0,A
India,2018,COM,Narrow-barred Spanish mackerel,Scomberomorus commerson,"Tunas, bonitos, billfishes",PISCES,11385.659,A
India,2019,COM,Narrow-barred Spanish mackerel,Scomberomorus commerson,"Tunas, bonitos, billfishes",PISCES,16694.0,A
India,2020,COM,Narrow-barred Spanish mackerel,Scomberomorus commerson,"Tunas, bonitos, billfishes",PISCES,11887.0,A
India,2021,COM,Narrow-barred Spanish mackerel,Scomberomorus commerson,"Tunas, bonitos, billfishes",PISCES,18438.751,A
India,2022,COM,Narrow-barred Spanish mackerel,Scomberomorus commerson,"Tunas, bonitos, billfishes",PISCES,13580.684,A
India,2023,COM,Narrow-barred Spanish mackerel,Scomberomorus commerson,"Tunas, bonitos, billfishes",PISCES,10914.0,A
India,2000,GUT,Indo-Pacific king mackerel,Scomberomorus guttatus,"Tunas, bonitos, billfishes",PISCES,4529.0,A
India,2001,GUT,Indo-Pacific king mackerel,Scomberomorus guttatus,"Tunas, bonitos, billfishes",PISCES,5110.0,A
India,2002,GUT,Indo-Pacific king mackerel,Scomberomorus guttatus,"Tunas, bonitos, billfishes",PISCES,5643.0,A
India,2003,GUT,Indo-Pacific king mackerel,Scomberomorus guttatus,"Tunas, bonitos, billfishes",PISCES,5272.0,A
India,2004,GUT,Indo-Pacific king mackerel,Scomberomorus guttatus,"Tunas, bonitos, billfishes",PISCES,4989.0,A
India,2005,GUT,Indo-Pacific king mackerel,Scomberomorus guttatus,"Tunas, bonitos, billfishes",PISCES,4203.0,A
India,2006,GUT,Indo-Pacific king mackerel,Scomberomorus guttatus,"Tunas, bonitos, billfishes",PISCES,3648.0,A
India,2007,GUT,Indo-Pacific king mackerel,Scomberomorus guttatus,"Tunas, bonitos, billfishes",PISCES,6928.0,A
India,2008,GUT,Indo-Pacific king mackerel,Scomberomorus guttatus,"Tunas, bonitos, billfishes",PISCES,8193.0,A
India,2009,GUT,Indo-Pacific king mackerel,Scomberomorus guttatus,"Tunas, bonitos, billfishes",PISCES,9376.0,A
India,2010,GUT,Indo-Pacific king mackerel,Scomberomorus guttatus,"Tunas, bonitos, billfishes",PISCES,5243.0,A
India,2011,GUT,Indo-Pacific king mackerel,Scomberomorus guttatus,"Tunas, bonitos, billfishes",PISCES,6038.0,A
India,2012,GUT,Indo-Pacific king mackerel,Scomberomorus guttatus,"Tunas, bonitos, billfishes",PISCES,4712.521,A
India,2013,GUT,Indo-Pacific king mackerel,Scomberomorus guttatus,"Tunas, bonitos, billfishes",PISCES,5140.212,A
India,2014,GUT,Indo-Pacific king mackerel,Scomberomorus guttatus,"Tunas, bonitos, billfishes",PISCES,6286.231,A
India,2015,GUT,Indo-Pacific king mackerel,Scomberomorus guttatus,"Tunas, bonitos, billfishes",PISCES,6180.883,A
India,2016,GUT,Indo-Pacific king mackerel,Scomberomorus guttatus,"Tunas, bonitos, billfishes",PISCES,6450.551,A
India,2017,GUT,Indo-Pacific king mackerel,Scomberomorus guttatus,"Tunas, bonitos, billfishes",PISCES,6754.839,A
India,2018,GUT,Indo-Pacific king mackerel,Scomberomorus guttatus,"Tunas, bonitos, billfishes",PISCES,5525.069,A
India,2019,GUT,Indo-Pacific king mackerel,Scomberomorus guttatus,"Tunas, bonitos, billfishes",PISCES,7770.0,A
India,2020,GUT,Indo-Pacific king mackerel,Scomberomorus guttatus,"Tunas, bonitos, billfishes",PISCES,6797.0,A
India,2021,GUT,Indo-Pacific king mackerel,Scomberomorus guttatus,"Tunas, bonitos, billfishes",PISCES,971.632,A
India,2022,GUT,Indo-Pacific king mackerel,Scomberomorus guttatus,"Tunas, bonitos, billfishes",PISCES,7609.634,A
India,2023,GUT,Indo-Pacific king mackerel,Scomberomorus guttatus,"Tunas, bonitos, billfishes",PISCES,6121.0,A
India,2000,STS,Streaked seerfish,Scomberomorus lineolatus,"Tunas, bonitos, billfishes",PISCES,19.0,A
India,2001,STS,Streaked seerfish,Scomberomorus lineolatus,"Tunas, bonitos, billfishes",PISCES,13.0,A
India,2002,STS,Streaked seerfish,Scomberomorus lineolatus,"Tunas, bonitos, billfishes",PISCES,4.0,A
India,2003,STS,Streaked seerfish,Scomberomorus lineolatus,"Tunas, bonitos, billfishes",PISCES,0.0,A
India,2004,STS,Streaked seerfish,Scomberomorus lineolatus,"Tunas, bonitos, billfishes",PISCES,1.0,A
India,2005,STS,Streaked seerfish,Scomberomorus lineolatus,"Tunas, bonitos, billfishes",PISCES,0.0,A
India,2006,STS,Streaked seerfish,Scomberomorus lineolatus,"Tunas, bonitos, billfishes",PISCES,2.0,A
India,2007,STS,Streaked seerfish,Scomberomorus lineolatus,"Tunas, bonitos, billfishes",PISCES,45.0,A
India,2008,STS,Streaked seerfish,Scomberomorus lineolatus,"Tunas, bonitos, billfishes",PISCES,5.0,A
India,2009,STS,Streaked seerfish,Scomberomorus lineolatus,"Tunas, bonitos, billfishes",PISCES,5.0,A
India,2010,STS,Streaked seerfish,Scomberomorus lineolatus,"Tunas, bonitos, billfishes",PISCES,5.0,A
India,2011,STS,Streaked seerfish,Scomberomorus lineolatus,"Tunas, bonitos, billfishes",PISCES,3.0,A
India,2012,STS,Streaked seerfish,Scomberomorus lineolatus,"Tunas, bonitos, billfishes",PISCES,3.0,A
India,2013,STS,Streaked seerfish,Scomberomorus lineolatus,"Tunas, bonitos, billfishes",PISCES,3.0,A
India,2014,STS,Streaked seerfish,Scomberomorus lineolatus,"Tunas, bonitos, billfishes",PISCES,12.0,A
India,2015,STS,Streaked seerfish,Scomberomorus lineolatus,"Tunas, bonitos, billfishes",PISCES,3.0,I
India,2016,STS,Streaked seerfish,Scomberomorus lineolatus,"Tunas, bonitos, billfishes",PISCES,4.0,A
India,2017,STS,Streaked seerfish,Scomberomorus lineolatus,"Tunas, bonitos, billfishes",PISCES,20.0,A
India,2018,STS,Streaked seerfish,Scomberomorus lineolatus,"Tunas, bonitos, billfishes",PISCES,0.0,A
India,2019,STS,Streaked seerfish,Scomberomorus lineolatus,"Tunas, bonitos, billfishes",PISCES,0.0,A
India,2020,STS,Streaked seerfish,Scomberomorus lineolatus,"Tunas, bonitos, billfishes",PISCES,0.0,A
India,2021,STS,Streaked seerfish,Scomberomorus lineolatus,"Tunas, bonitos, billfishes",PISCES,0.0,A
India,2022,STS,Streaked seerfish,Scomberomorus lineolatus,"Tunas, bonitos, billfishes",PISCES,8.446,A
India,2023,STS,Streaked seerfish,Scomberomorus lineolatus,"Tunas, bonitos, billfishes",PISCES,9.397,A
India,2000,ALB,Albacore,Thunnus alalunga,"Tunas, bonitos, billfishes",PISCES,0.0,A
India,2001,ALB,Albacore,Thunnus alalunga,"Tunas, bonitos, billfishes",PISCES,0.0,A
India,2002,ALB,Albacore,Thunnus alalunga,"Tunas, bonitos, billfishes",PISCES,0.0,A
India,2003,ALB,Albacore,Thunnus alalunga,"Tunas, bonitos, billfishes",PISCES,0.0,A
India,2004,ALB,Albacore,Thunnus alalunga,"Tunas, bonitos, billfishes",PISCES,76.0,A
India,2005,ALB,Albacore,Thunnus alalunga,"Tunas, bonitos, billfishes",PISCES,70.0,A
India,2006,ALB,Albacore,Thunnus alalunga,"Tunas, bonitos, billfishes",PISCES,75.0,A
India,2007,ALB,Albacore,Thunnus alalunga,"Tunas, bonitos, billfishes",PISCES,115.0,A
India,2008,ALB,Albacore,Thunnus alalunga,"Tunas, bonitos, billfishes",PISCES,56.0,A
India,2009,ALB,Albacore,Thunnus alalunga,"Tunas, bonitos, billfishes",PISCES,86.0,A
India,2010,ALB,Albacore,Thunnus alalunga,"Tunas, bonitos, billfishes",PISCES,92.0,A
India,2011,ALB,Albacore,Thunnus alalunga,"Tunas, bonitos, billfishes",PISCES,113.0,A
India,2012,ALB,Albacore,Thunnus alalunga,"Tunas, bonitos, billfishes",PISCES,0.26,A
India,2013,ALB,Albacore,Thunnus alalunga,"Tunas, bonitos, billfishes",PISCES,0.0,A
India,2014,ALB,Albacore,Thunnus alalunga,"Tunas, bonitos, billfishes",PISCES,0.0,A
India,2015,ALB,Albacore,Thunnus alalunga,"Tunas, bonitos, billfishes",PISCES,0.0,A
India,2016,ALB,Albacore,Thunnus alalunga,"Tunas, bonitos, billfishes",PISCES,0.0,A
India,2017,ALB,Albacore,Thunnus alalunga,"Tunas, bonitos, billfishes",PISCES,0.0,A
India,2018,ALB,Albacore,Thunnus alalunga,"Tunas, bonitos, billfishes",PISCES,0.0,A
India,2019,ALB,Albacore,Thunnus alalunga,"Tunas, bonitos, billfishes",PISCES,0.0,A
India,2020,ALB,Albacore,Thunnus alalunga,"Tunas, bonitos, billfishes",PISCES,0.0,A
India,2021,ALB,Albacore,Thunnus alalunga,"Tunas, bonitos, billfishes",PISCES,0.0,A
India,2022,ALB,Albacore,Thunnus alalunga,"Tunas, bonitos, billfishes",PISCES,0.0,A
India,2023,ALB,Albacore,Thunnus alalunga,"Tunas, bonitos, billfishes",PISCES,0.0,A
India,2000,YFT,Yellowfin tuna,Thunnus albacares,"Tunas, bonitos, billfishes",PISCES,2385.0,A
India,2001,YFT,Yellowfin tuna,Thunnus albacares,"Tunas, bonitos, billfishes",PISCES,1426.0,A
India,2002,YFT,Yellowfin tuna,Thunnus albacares,"Tunas, bonitos, billfishes",PISCES,2455.0,A
India,2003,YFT,Yellowfin tuna,Thunnus albacares,"Tunas, bonitos, billfishes",PISCES,2302.0,A
India,2004,YFT,Yellowfin tuna,Thunnus albacares,"Tunas, bonitos, billfishes",PISCES,4271.0,A
India,2005,YFT,Yellowfin tuna,Thunnus albacares,"Tunas, bonitos, billfishes",PISCES,5895.0,A
India,2006,YFT,Yellowfin tuna,Thunnus albacares,"Tunas, bonitos, billfishes",PISCES,6536.0,A
India,2007,YFT,Yellowfin tuna,Thunnus albacares,"Tunas, bonitos, billfishes",PISCES,7734.0,A
India,2008,YFT,Yellowfin tuna,Thunnus albacares,"Tunas, bonitos, billfishes",PISCES,5732.0,A
India,2009,YFT,Yellowfin tuna,Thunnus albacares,"Tunas, bonitos, billfishes",PISCES,5603.0,A
India,2010,YFT,Yellowfin tuna,Thunnus albacares,"Tunas, bonitos, billfishes",PISCES,7586.0,A
India,2011,YFT,Yellowfin tuna,Thunnus albacares,"Tunas, bonitos, billfishes",PISCES,7976.0,A
India,2012,YFT,Yellowfin tuna,Thunnus albacares,"Tunas, bonitos, billfishes",PISCES,13363.672,A
India,2013,YFT,Yellowfin tuna,Thunnus albacares,"Tunas, bonitos, billfishes",PISCES,10027.39,A
India,2014,YFT,Yellowfin tuna,Thunnus albacares,"Tunas, bonitos, billfishes",PISCES,11039.975,A
India,2015,YFT,Yellowfin tuna,Thunnus albacares,"Tunas, bonitos, billfishes",PISCES,6869.991,A
India,2016,YFT,Yellowfin tuna,Thunnus albacares,"Tunas, bonitos, billfishes",PISCES,6717.044,A
India,2017,YFT,Yellowfin tuna,Thunnus albacares,"Tunas, bonitos, billfishes",PISCES,5172.06,A
India,2018,YFT,Yellowfin tuna,Thunnus albacares,"Tunas, bonitos, billfishes",PISCES,16112.074,A
India,2019,YFT,Yellowfin tuna,Thunnus albacares,"Tunas, bonitos, billfishes",PISCES,13778.246,A
India,2020,YFT,Yellowfin tuna,Thunnus albacares,"Tunas, bonitos, billfishes",PISCES,7961.726,A
India,2021,YFT,Yellowfin tuna,Thunnus albacares,"Tunas, bonitos, billfishes",PISCES,11194.493,A
India,2022,YFT,Yellowfin tuna,Thunnus albacares,"Tunas, bonitos, billfishes",PISCES,7876.291,A
India,2023,YFT,Yellowfin tuna,Thunnus albacares,"Tunas, bonitos, billfishes",PISCES,8915.935,A
India,2000,BET,Bigeye tuna,Thunnus obesus,"Tunas, bonitos, billfishes",PISCES,1.0,A
India,2001,BET,Bigeye tuna,Thunnus obesus,"Tunas, bonitos, billfishes",PISCES,0.0,N
India,2002,BET,Bigeye tuna,Thunnus obesus,"Tunas, bonitos, billfishes",PISCES,139.0,A
India,2003,BET,Bigeye tuna,Thunnus obesus,"Tunas, bonitos, billfishes",PISCES,152.0,A
India,2004,BET,Bigeye tuna,Thunnus obesus,"Tunas, bonitos, billfishes",PISCES,1713.0,A
India,2005,BET,Bigeye tuna,Thunnus obesus,"Tunas, bonitos, billfishes",PISCES,982.0,A
India,2006,BET,Bigeye tuna,Thunnus obesus,"Tunas, bonitos, billfishes",PISCES,1878.0,A
India,2007,BET,Bigeye tuna,Thunnus obesus,"Tunas, bonitos, billfishes",PISCES,1701.0,A
India,2008,BET,Bigeye tuna,Thunnus obesus,"Tunas, bonitos, billfishes",PISCES,807.0,A
India,2009,BET,Bigeye tuna,Thunnus obesus,"Tunas, bonitos, billfishes",PISCES,2448.0,A
India,2010,BET,Bigeye tuna,Thunnus obesus,"Tunas, bonitos, billfishes",PISCES,1416.0,A
India,2011,BET,Bigeye tuna,Thunnus obesus,"Tunas, bonitos, billfishes",PISCES,1538.0,A
India,2012,BET,Bigeye tuna,Thunnus obesus,"Tunas, bonitos, billfishes",PISCES,2.86,A
India,2013,BET,Bigeye tuna,Thunnus obesus,"Tunas, bonitos, billfishes",PISCES,0.0,A
India,2014,BET,Bigeye tuna,Thunnus obesus,"Tunas, bonitos, billfishes",PISCES,0.0,A
India,2015,BET,Bigeye tuna,Thunnus obesus,"Tunas, bonitos, billfishes",PISCES,1.455,A
India,2016,BET,Bigeye tuna,Thunnus obesus,"Tunas, bonitos, billfishes",PISCES,14.58,A
India,2017,BET,Bigeye tuna,Thunnus obesus,"Tunas, bonitos, billfishes",PISCES,0.0,A
India,2018,BET,Bigeye tuna,Thunnus obesus,"Tunas, bonitos, billfishes",PISCES,236.688,A
India,2019,BET,Bigeye tuna,Thunnus obesus,"Tunas, bonitos, billfishes",PISCES,9.0,A
India,2020,BET,Bigeye tuna,Thunnus obesus,"Tunas, bonitos, billfishes",PISCES,14.101,A
India,2021,BET,Bigeye tuna,Thunnus obesus,"Tunas, bonitos, billfishes",PISCES,75.7,A
India,2022,BET,Bigeye tuna,Thunnus obesus,"Tunas, bonitos, billfishes",PISCES,53.261,A
India,2023,BET,Bigeye tuna,Thunnus obesus,"Tunas, bonitos, billfishes",PISCES,16.0,A
India,2000,LOT,Longtail tuna,Thunnus tonggol,"Tunas, bonitos, billfishes",PISCES,413.0,A
India,2001,LOT,Longtail tuna,Thunnus tonggol,"Tunas, bonitos, billfishes",PISCES,665.0,A
India,2002,LOT,Longtail tuna,Thunnus tonggol,"Tunas, bonitos, billfishes",PISCES,468.0,A
India,2003,LOT,Longtail tuna,Thunnus tonggol,"Tunas, bonitos, billfishes",PISCES,284.0,A
India,2004,LOT,Longtail tuna,Thunnus tonggol,"Tunas, bonitos, billfishes",PISCES,432.0,A
India,2005,LOT,Longtail tuna,Thunnus tonggol,"Tunas, bonitos, billfishes",PISCES,424.0,A
India,2006,LOT,Longtail tuna,Thunnus tonggol,"Tunas, bonitos, billfishes",PISCES,450.0,A
India,2007,LOT,Longtail tuna,Thunnus tonggol,"Tunas, bonitos, billfishes",PISCES,526.0,A
India,2008,LOT,Longtail tuna,Thunnus tonggol,"Tunas, bonitos, billfishes",PISCES,553.0,A
India,2009,LOT,Longtail tuna,Thunnus tonggol,"Tunas, bonitos, billfishes",PISCES,450.0,A
India,2010,LOT,Longtail tuna,Thunnus tonggol,"Tunas, bonitos, billfishes",PISCES,448.0,A
India,2011,LOT,Longtail tuna,Thunnus tonggol,"Tunas, bonitos, billfishes",PISCES,818.0,A
India,2012,LOT,Longtail tuna,Thunnus tonggol,"Tunas, bonitos, billfishes",PISCES,2480.876,A
India,2013,LOT,Longtail tuna,Thunnus tonggol,"Tunas, bonitos, billfishes",PISCES,1155.209,A
India,2014,LOT,Longtail tuna,Thunnus tonggol,"Tunas, bonitos, billfishes",PISCES,1031.13,A
India,2015,LOT,Longtail tuna,Thunnus tonggol,"Tunas, bonitos, billfishes",PISCES,709.505,A
India,2016,LOT,Longtail tuna,Thunnus tonggol,"Tunas, bonitos, billfishes",PISCES,600.798,A
India,2017,LOT,Longtail tuna,Thunnus tonggol,"Tunas, bonitos, billfishes",PISCES,548.371,A
India,2018,LOT,Longtail tuna,Thunnus tonggol,"Tunas, bonitos, billfishes",PISCES,131.959,A
India,2019,LOT,Longtail tuna,Thunnus tonggol,"Tunas, bonitos, billfishes",PISCES,88.0,A
India,2020,LOT,Longtail tuna,Thunnus tonggol,"Tunas, bonitos, billfishes",PISCES,18.0,A
India,2021,LOT,Longtail tuna,Thunnus tonggol,"Tunas, bonitos, billfishes",PISCES,1.3,A
India,2022,LOT,Longtail tuna,Thunnus tonggol,"Tunas, bonitos, billfishes",PISCES,2.099,A
India,2023,LOT,Longtail tuna,Thunnus tonggol,"Tunas, bonitos, billfishes",PISCES,0.0,A
India,2000,SWO,Swordfish,Xiphias gladius,"Tunas, bonitos, billfishes",PISCES,409.0,A
India,2001,SWO,Swordfish,Xiphias gladius,"Tunas, bonitos, billfishes",PISCES,424.0,A
India,2002,SWO,Swordfish,Xiphias gladius,"Tunas, bonitos, billfishes",PISCES,376.0,A
India,2003,SWO,Swordfish,Xiphias gladius,"Tunas, bonitos, billfishes",PISCES,423.0,A
India,2004,SWO,Swordfish,Xiphias gladius,"Tunas, bonitos, billfishes",PISCES,857.0,A
India,2005,SWO,Swordfish,Xiphias gladius,"Tunas, bonitos, billfishes",PISCES,471.0,A
India,2006,SWO,Swordfish,Xiphias gladius,"Tunas, bonitos, billfishes",PISCES,687.0,A
India,2007,SWO,Swordfish,Xiphias gladius,"Tunas, bonitos, billfishes",PISCES,786.0,A
India,2008,SWO,Swordfish,Xiphias gladius,"Tunas, bonitos, billfishes",PISCES,1045.0,A
India,2009,SWO,Swordfish,Xiphias gladius,"Tunas, bonitos, billfishes",PISCES,931.0,A
India,2010,SWO,Swordfish,Xiphias gladius,"Tunas, bonitos, billfishes",PISCES,1012.0,A
India,2011,SWO,Swordfish,Xiphias gladius,"Tunas, bonitos, billfishes",PISCES,1070.0,A
India,2012,SWO,Swordfish,Xiphias gladius,"Tunas, bonitos, billfishes",PISCES,789.922,A
India,2013,SWO,Swordfish,Xiphias gladius,"Tunas, bonitos, billfishes",PISCES,1684.239,A
India,2014,SWO,Swordfish,Xiphias gladius,"Tunas, bonitos, billfishes",PISCES,1615.5,A
India,2015,SWO,Swordfish,Xiphias gladius,"Tunas, bonitos, billfishes",PISCES,1962.616,A
India,2016,SWO,Swordfish,Xiphias gladius,"Tunas, bonitos, billfishes",PISCES,3389.495,A
India,2017,SWO,Swordfish,Xiphias gladius,"Tunas, bonitos, billfishes",PISCES,2094.177,A
India,2018,SWO,Swordfish,Xiphias gladius,"Tunas, bonitos, billfishes",PISCES,1360.618,A
India,2019,SWO,Swordfish,Xiphias gladius,"Tunas, bonitos, billfishes",PISCES,827.266,A
India,2020,SWO,Swordfish,Xiphias gladius,"Tunas, bonitos, billfishes",PISCES,216.0,A
India,2021,SWO,Swordfish,Xiphias gladius,"Tunas, bonitos, billfishes",PISCES,358.607,A
India,2022,SWO,Swordfish,Xiphias gladius,"Tunas, bonitos, billfishes",PISCES,315.582,A
India,2023,SWO,Swordfish,Xiphias gladius,"Tunas, bonitos, billfishes",PISCES,680.0,A
India,2000,BIL,"Marlins,sailfishes,etc. NEI",Istiophoridae,"Tunas, bonitos, billfishes",PISCES,77.0,A
India,2001,BIL,"Marlins,sailfishes,etc. NEI",Istiophoridae,"Tunas, bonitos, billfishes",PISCES,22.0,A
India,2002,BIL,"Marlins,sailfishes,etc. NEI",Istiophoridae,"Tunas, bonitos, billfishes",PISCES,3.0,A
India,2003,BIL,"Marlins,sailfishes,etc. NEI",Istiophoridae,"Tunas, bonitos, billfishes",PISCES,0.0,A
India,2004,BIL,"Marlins,sailfishes,etc. NEI",Istiophoridae,"Tunas, bonitos, billfishes",PISCES,37.0,A
India,2005,BIL,"Marlins,sailfishes,etc. NEI",Istiophoridae,"Tunas, bonitos, billfishes",PISCES,28.0,A
India,2006,BIL,"Marlins,sailfishes,etc. NEI",Istiophoridae,"Tunas, bonitos, billfishes",PISCES,52.0,A
India,2007,BIL,"Marlins,sailfishes,etc. NEI",Istiophoridae,"Tunas, bonitos, billfishes",PISCES,46.0,A
India,2008,BIL,"Marlins,sailfishes,etc. NEI",Istiophoridae,"Tunas, bonitos, billfishes",PISCES,28.0,A
India,2009,BIL,"Marlins,sailfishes,etc. NEI",Istiophoridae,"Tunas, bonitos, billfishes",PISCES,33.0,A
India,2010,BIL,"Marlins,sailfishes,etc. NEI",Istiophoridae,"Tunas, bonitos, billfishes",PISCES,85.0,A
India,2011,BIL,"Marlins,sailfishes,etc. NEI",Istiophoridae,"Tunas, bonitos, billfishes",PISCES,84.0,A
India,2012,BIL,"Marlins,sailfishes,etc. NEI",Istiophoridae,"Tunas, bonitos, billfishes",PISCES,33.0,A
India,2013,BIL,"Marlins,sailfishes,etc. NEI",Istiophoridae,"Tunas, bonitos, billfishes",PISCES,33.0,A
India,2014,BIL,"Marlins,sailfishes,etc. NEI",Istiophoridae,"Tunas, bonitos, billfishes",PISCES,29.0,I
India,2015,BIL,"Marlins,sailfishes,etc. NEI",Istiophoridae,"Tunas, bonitos, billfishes",PISCES,51.0,I
India,2016,BIL,"Marlins,sailfishes,etc. NEI",Istiophoridae,"Tunas, bonitos, billfishes",PISCES,97.0,A
India,2017,BIL,"Marlins,sailfishes,etc. NEI",Istiophoridae,"Tunas, bonitos, billfishes",PISCES,81.0,A
India,2018,BIL,"Marlins,sailfishes,etc. NEI",Istiophoridae,"Tunas, bonitos, billfishes",PISCES,0.0,A
India,2019,BIL,"Marlins,sailfishes,etc. NEI",Istiophoridae,"Tunas, bonitos, billfishes",PISCES,0.0,A
India,2020,BIL,"Marlins,sailfishes,etc. NEI",Istiophoridae,"Tunas, bonitos, billfishes",PISCES,0.0,A
India,2021,BIL,"Marlins,sailfishes,etc. NEI",Istiophoridae,"Tunas, bonitos, billfishes",PISCES,0.0,A
India,2022,BIL,"Marlins,sailfishes,etc. NEI",Istiophoridae,"Tunas, bonitos, billfishes",PISCES,0.0,A
India,2023,BIL,"Marlins,sailfishes,etc. NEI",Istiophoridae,"Tunas, bonitos, billfishes",PISCES,0.0,A
India,2000,BLM,Black marlin,Istiompax indica,"Tunas, bonitos, billfishes",PISCES,524.0,A
India,2001,BLM,Black marlin,Istiompax indica,"Tunas, bonitos, billfishes",PISCES,640.0,A
India,2002,BLM,Black marlin,Istiompax indica,"Tunas, bonitos, billfishes",PISCES,601.0,A
India,2003,BLM,Black marlin,Istiompax indica,"Tunas, bonitos, billfishes",PISCES,674.0,A
India,2004,BLM,Black marlin,Istiompax indica,"Tunas, bonitos, billfishes",PISCES,990.0,A
India,2005,BLM,Black marlin,Istiompax indica,"Tunas, bonitos, billfishes",PISCES,452.0,A
India,2006,BLM,Black marlin,Istiompax indica,"Tunas, bonitos, billfishes",PISCES,674.0,A
India,2007,BLM,Black marlin,Istiompax indica,"Tunas, bonitos, billfishes",PISCES,828.0,A
India,2008,BLM,Black marlin,Istiompax indica,"Tunas, bonitos, billfishes",PISCES,808.0,A
India,2009,BLM,Black marlin,Istiompax indica,"Tunas, bonitos, billfishes",PISCES,1887.0,A
India,2010,BLM,Black marlin,Istiompax indica,"Tunas, bonitos, billfishes",PISCES,931.0,A
India,2011,BLM,Black marlin,Istiompax indica,"Tunas, bonitos, billfishes",PISCES,1218.0,A
India,2012,BLM,Black marlin,Istiompax indica,"Tunas, bonitos, billfishes",PISCES,1995.345,A
India,2013,BLM,Black marlin,Istiompax indica,"Tunas, bonitos, billfishes",PISCES,3031.549,A
India,2014,BLM,Black marlin,Istiompax indica,"Tunas, bonitos, billfishes",PISCES,3223.382,A
India,2015,BLM,Black marlin,Istiompax indica,"Tunas, bonitos, billfishes",PISCES,3161.108,A
India,2016,BLM,Black marlin,Istiompax indica,"Tunas, bonitos, billfishes",PISCES,6832.162,A
India,2017,BLM,Black marlin,Istiompax indica,"Tunas, bonitos, billfishes",PISCES,1062.618,A
India,2018,BLM,Black marlin,Istiompax indica,"Tunas, bonitos, billfishes",PISCES,3404.313,A
India,2019,BLM,Black marlin,Istiompax indica,"Tunas, bonitos, billfishes",PISCES,3627.575,A
India,2020,BLM,Black marlin,Istiompax indica,"Tunas, bonitos, billfishes",PISCES,3336.402,A
India,2021,BLM,Black marlin,Istiompax indica,"Tunas, bonitos, billfishes",PISCES,1221.955,A
India,2022,BLM,Black marlin,Istiompax indica,"Tunas, bonitos, billfishes",PISCES,1254.683,A
India,2023,BLM,Black marlin,Istiompax indica,"Tunas, bonitos, billfishes",PISCES,5103.672,A
India,2000,SFA,Indo-Pacific sailfish,Istiophorus platypterus,"Tunas, bonitos, billfishes",PISCES,2351.0,A
India,2001,SFA,Indo-Pacific sailfish,Istiophorus platypterus,"Tunas, bonitos, billfishes",PISCES,2876.0,A
India,2002,SFA,Indo-Pacific sailfish,Istiophorus platypterus,"Tunas, bonitos, billfishes",PISCES,2697.0,A
India,2003,SFA,Indo-Pacific sailfish,Istiophorus platypterus,"Tunas, bonitos, billfishes",PISCES,3028.0,A
India,2004,SFA,Indo-Pacific sailfish,Istiophorus platypterus,"Tunas, bonitos, billfishes",PISCES,4349.0,A
India,2005,SFA,Indo-Pacific sailfish,Istiophorus platypterus,"Tunas, bonitos, billfishes",PISCES,1941.0,A
India,2006,SFA,Indo-Pacific sailfish,Istiophorus platypterus,"Tunas, bonitos, billfishes",PISCES,2876.0,A
India,2007,SFA,Indo-Pacific sailfish,Istiophorus platypterus,"Tunas, bonitos, billfishes",PISCES,3496.0,A
India,2008,SFA,Indo-Pacific sailfish,Istiophorus platypterus,"Tunas, bonitos, billfishes",PISCES,3925.0,A
India,2009,SFA,Indo-Pacific sailfish,Istiophorus platypterus,"Tunas, bonitos, billfishes",PISCES,5655.0,A
India,2010,SFA,Indo-Pacific sailfish,Istiophorus platypterus,"Tunas, bonitos, billfishes",PISCES,6005.0,A
India,2011,SFA,Indo-Pacific sailfish,Istiophorus platypterus,"Tunas, bonitos, billfishes",PISCES,5195.0,A
India,2012,SFA,Indo-Pacific sailfish,Istiophorus platypterus,"Tunas, bonitos, billfishes",PISCES,3984.062,A
India,2013,SFA,Indo-Pacific sailfish,Istiophorus platypterus,"Tunas, bonitos, billfishes",PISCES,4115.37,A
India,2014,SFA,Indo-Pacific sailfish,Istiophorus platypterus,"Tunas, bonitos, billfishes",PISCES,3726.588,A
India,2015,SFA,Indo-Pacific sailfish,Istiophorus platypterus,"Tunas, bonitos, billfishes",PISCES,5944.299,A
India,2016,SFA,Indo-Pacific sailfish,Istiophorus platypterus,"Tunas, bonitos, billfishes",PISCES,6380.217,A
India,2017,SFA,Indo-Pacific sailfish,Istiophorus platypterus,"Tunas, bonitos, billfishes",PISCES,6182.208,A
India,2018,SFA,Indo-Pacific sailfish,Istiophorus platypterus,"Tunas, bonitos, billfishes",PISCES,5274.682,A
India,2019,SFA,Indo-Pacific sailfish,Istiophorus platypterus,"Tunas, bonitos, billfishes",PISCES,4280.108,A
India,2020,SFA,Indo-Pacific sailfish,Istiophorus platypterus,"Tunas, bonitos, billfishes",PISCES,2385.025,A
India,2021,SFA,Indo-Pacific sailfish,Istiophorus platypterus,"Tunas, bonitos, billfishes",PISCES,4495.315,A
India,2022,SFA,Indo-Pacific sailfish,Istiophorus platypterus,"Tunas, bonitos, billfishes",PISCES,3955.971,A
India,2023,SFA,Indo-Pacific sailfish,Istiophorus platypterus,"Tunas, bonitos, billfishes",PISCES,2030.0,A
India,2000,MLS,Striped marlin,Kajikia audax,"Tunas, bonitos, billfishes",PISCES,0.0,A
India,2001,MLS,Striped marlin,Kajikia audax,"Tunas, bonitos, billfishes",PISCES,0.0,N
India,2002,MLS,Striped marlin,Kajikia audax,"Tunas, bonitos, billfishes",PISCES,0.0,A
India,2003,MLS,Striped marlin,Kajikia audax,"Tunas, bonitos, billfishes",PISCES,0.0,A
India,2004,MLS,Striped marlin,Kajikia audax,"Tunas, bonitos, billfishes",PISCES,54.0,A
India,2005,MLS,Striped marlin,Kajikia audax,"Tunas, bonitos, billfishes",PISCES,36.0,A
India,2006,MLS,Striped marlin,Kajikia audax,"Tunas, bonitos, billfishes",PISCES,49.0,A
India,2007,MLS,Striped marlin,Kajikia audax,"Tunas, bonitos, billfishes",PISCES,45.0,A
India,2008,MLS,Striped marlin,Kajikia audax,"Tunas, bonitos, billfishes",PISCES,32.0,A
India,2009,MLS,Striped marlin,Kajikia audax,"Tunas, bonitos, billfishes",PISCES,38.0,A
India,2010,MLS,Striped marlin,Kajikia audax,"Tunas, bonitos, billfishes",PISCES,54.0,A
India,2011,MLS,Striped marlin,Kajikia audax,"Tunas, bonitos, billfishes",PISCES,57.0,A
India,2012,MLS,Striped marlin,Kajikia audax,"Tunas, bonitos, billfishes",PISCES,0.0,A
India,2013,MLS,Striped marlin,Kajikia audax,"Tunas, bonitos, billfishes",PISCES,0.212,A
India,2014,MLS,Striped marlin,Kajikia audax,"Tunas, bonitos, billfishes",PISCES,0.0,A
India,2015,MLS,Striped marlin,Kajikia audax,"Tunas, bonitos, billfishes",PISCES,414.0,A
India,2016,MLS,Striped marlin,Kajikia audax,"Tunas, bonitos, billfishes",PISCES,0.0,A
India,2017,MLS,Striped marlin,Kajikia audax,"Tunas, bonitos, billfishes",PISCES,10.698,A
India,2018,MLS,Striped marlin,Kajikia audax,"Tunas, bonitos, billfishes",PISCES,15.474,A
India,2019,MLS,Striped marlin,Kajikia audax,"Tunas, bonitos, billfishes",PISCES,0.0,A
India,2020,MLS,Striped marlin,Kajikia audax,"Tunas, bonitos, billfishes",PISCES,0.0,A
India,2021,MLS,Striped marlin,Kajikia audax,"Tunas, bonitos, billfishes",PISCES,0.0,A
India,2022,MLS,Striped marlin,Kajikia audax,"Tunas, bonitos, billfishes",PISCES,0.0,A
India,2023,MLS,Striped marlin,Kajikia audax,"Tunas, bonitos, billfishes",PISCES,0.0,A
India,2000,BUM,Blue marlin,Makaira nigricans,"Tunas, bonitos, billfishes",PISCES,0.0,A
India,2001,BUM,Blue marlin,Makaira nigricans,"Tunas, bonitos, billfishes",PISCES,0.0,N
India,2002,BUM,Blue marlin,Makaira nigricans,"Tunas, bonitos, billfishes",PISCES,0.0,N
India,2003,BUM,Blue marlin,Makaira nigricans,"Tunas, bonitos, billfishes",PISCES,0.0,A
India,2004,BUM,Blue marlin,Makaira nigricans,"Tunas, bonitos, billfishes",PISCES,107.0,A
India,2005,BUM,Blue marlin,Makaira nigricans,"Tunas, bonitos, billfishes",PISCES,86.0,A
India,2006,BUM,Blue marlin,Makaira nigricans,"Tunas, bonitos, billfishes",PISCES,136.0,A
India,2007,BUM,Blue marlin,Makaira nigricans,"Tunas, bonitos, billfishes",PISCES,141.0,A
India,2008,BUM,Blue marlin,Makaira nigricans,"Tunas, bonitos, billfishes",PISCES,81.0,A
India,2009,BUM,Blue marlin,Makaira nigricans,"Tunas, bonitos, billfishes",PISCES,147.0,A
India,2010,BUM,Blue marlin,Makaira nigricans,"Tunas, bonitos, billfishes",PISCES,183.0,A
India,2011,BUM,Blue marlin,Makaira nigricans,"Tunas, bonitos, billfishes",PISCES,188.0,A
India,2012,BUM,Blue marlin,Makaira nigricans,"Tunas, bonitos, billfishes",PISCES,0.0,A
India,2013,BUM,Blue marlin,Makaira nigricans,"Tunas, bonitos, billfishes",PISCES,0.193,A
India,2014,BUM,Blue marlin,Makaira nigricans,"Tunas, bonitos, billfishes",PISCES,0.298,A
India,2015,BUM,Blue marlin,Makaira nigricans,"Tunas, bonitos, billfishes",PISCES,0.182,A
India,2016,BUM,Blue marlin,Makaira nigricans,"Tunas, bonitos, billfishes",PISCES,0.068,A
India,2017,BUM,Blue marlin,Makaira nigricans,"Tunas, bonitos, billfishes",PISCES,570.025,A
India,2018,BUM,Blue marlin,Makaira nigricans,"Tunas, bonitos, billfishes",PISCES,666.864,A
India,2019,BUM,Blue marlin,Makaira nigricans,"Tunas, bonitos, billfishes",PISCES,1245.011,A
India,2020,BUM,Blue marlin,Makaira nigricans,"Tunas, bonitos, billfishes",PISCES,1026.913,A
India,2021,BUM,Blue marlin,Makaira nigricans,"Tunas, bonitos, billfishes",PISCES,1050.145,A
India,2022,BUM,Blue marlin,Makaira nigricans,"Tunas, bonitos, billfishes",PISCES,744.811,A
India,2023,BUM,Blue marlin,Makaira nigricans,"Tunas, bonitos, billfishes",PISCES,1310.328,A
India,2000,BUX,"Butterfishes, pomfrets NEI",Stromateidae,Miscellaneous pelagic fishes,PISCES,14974.0,A
India,2001,BUX,"Butterfishes, pomfrets NEI",Stromateidae,Miscellaneous pelagic fishes,PISCES,15545.0,A
India,2002,BUX,"Butterfishes, pomfrets NEI",Stromateidae,Miscellaneous pelagic fishes,PISCES,16526.0,A
India,2003,BUX,"Butterfishes, pomfrets NEI",Stromateidae,Miscellaneous pelagic fishes,PISCES,15819.0,A
India,2004,BUX,"Butterfishes, pomfrets NEI",Stromateidae,Miscellaneous pelagic fishes,PISCES,21507.0,A
India,2005,BUX,"Butterfishes, pomfrets NEI",Stromateidae,Miscellaneous pelagic fishes,PISCES,15170.0,A
India,2006,BUX,"Butterfishes, pomfrets NEI",Stromateidae,Miscellaneous pelagic fishes,PISCES,16020.0,A
India,2007,BUX,"Butterfishes, pomfrets NEI",Stromateidae,Miscellaneous pelagic fishes,PISCES,24945.0,A
India,2008,BUX,"Butterfishes, pomfrets NEI",Stromateidae,Miscellaneous pelagic fishes,PISCES,22807.0,A
India,2009,BUX,"Butterfishes, pomfrets NEI",Stromateidae,Miscellaneous pelagic fishes,PISCES,19912.0,A
India,2010,BUX,"Butterfishes, pomfrets NEI",Stromateidae,Miscellaneous pelagic fishes,PISCES,18243.0,A
India,2011,BUX,"Butterfishes, pomfrets NEI",Stromateidae,Miscellaneous pelagic fishes,PISCES,20259.0,A
India,2012,BUX,"Butterfishes, pomfrets NEI",Stromateidae,Miscellaneous pelagic fishes,PISCES,35925.0,A
India,2013,BUX,"Butterfishes, pomfrets NEI",Stromateidae,Miscellaneous pelagic fishes,PISCES,27360.0,A
India,2014,BUX,"Butterfishes, pomfrets NEI",Stromateidae,Miscellaneous pelagic fishes,PISCES,30000.0,I
India,2015,BUX,"Butterfishes, pomfrets NEI",Stromateidae,Miscellaneous pelagic fishes,PISCES,24500.0,I
India,2016,BUX,"Butterfishes, pomfrets NEI",Stromateidae,Miscellaneous pelagic fishes,PISCES,26500.0,I
India,2017,BUX,"Butterfishes, pomfrets NEI",Stromateidae,Miscellaneous pelagic fishes,PISCES,28128.0,I
India,2018,BUX,"Butterfishes, pomfrets NEI",Stromateidae,Miscellaneous pelagic fishes,PISCES,24708.981,I
India,2019,BUX,"Butterfishes, pomfrets NEI",Stromateidae,Miscellaneous pelagic fishes,PISCES,0.0,A
India,2020,BUX,"Butterfishes, pomfrets NEI",Stromateidae,Miscellaneous pelagic fishes,PISCES,0.0,A
India,2021,BUX,"Butterfishes, pomfrets NEI",Stromateidae,Miscellaneous pelagic fishes,PISCES,0.0,I
India,2022,BUX,"Butterfishes, pomfrets NEI",Stromateidae,Miscellaneous pelagic fishes,PISCES,0.0,I
India,2023,BUX,"Butterfishes, pomfrets NEI",Stromateidae,Miscellaneous pelagic fishes,PISCES,0.0,E
India,2019,SIP,Silver pomfret,Pampus argenteus,Miscellaneous pelagic fishes,PISCES,17164.698,I
India,2020,SIP,Silver pomfret,Pampus argenteus,Miscellaneous pelagic fishes,PISCES,14031.298,I
India,2021,SIP,Silver pomfret,Pampus argenteus,Miscellaneous pelagic fishes,PISCES,10081.845,I
India,2022,SIP,Silver pomfret,Pampus argenteus,Miscellaneous pelagic fishes,PISCES,13690.476,I
India,2023,SIP,Silver pomfret,Pampus argenteus,Miscellaneous pelagic fishes,PISCES,16204.846,E
India,2019,CPO,Chinese silver pomfret,Pampus chinensis,Miscellaneous pelagic fishes,PISCES,3959.653,I
India,2020,CPO,Chinese silver pomfret,Pampus chinensis,Miscellaneous pelagic fishes,PISCES,4805.708,I
India,2021,CPO,Chinese silver pomfret,Pampus chinensis,Miscellaneous pelagic fishes,PISCES,3843.246,I
India,2022,CPO,Chinese silver pomfret,Pampus chinensis,Miscellaneous pelagic fishes,PISCES,3666.235,I
India,2023,CPO,Chinese silver pomfret,Pampus chinensis,Miscellaneous pelagic fishes,PISCES,4109.324,E
India,2000,RAG,Indian mackerel,Rastrelliger kanagurta,Miscellaneous pelagic fishes,PISCES,16795.0,A
India,2001,RAG,Indian mackerel,Rastrelliger kanagurta,Miscellaneous pelagic fishes,PISCES,13748.0,A
India,2002,RAG,Indian mackerel,Rastrelliger kanagurta,Miscellaneous pelagic fishes,PISCES,14819.0,A
India,2003,RAG,Indian mackerel,Rastrelliger kanagurta,Miscellaneous pelagic fishes,PISCES,13602.0,A
India,2004,RAG,Indian mackerel,Rastrelliger kanagurta,Miscellaneous pelagic fishes,PISCES,24711.0,A
India,2005,RAG,Indian mackerel,Rastrelliger kanagurta,Miscellaneous pelagic fishes,PISCES,21279.0,A
India,2006,RAG,Indian mackerel,Rastrelliger kanagurta,Miscellaneous pelagic fishes,PISCES,21384.0,A
India,2007,RAG,Indian mackerel,Rastrelliger kanagurta,Miscellaneous pelagic fishes,PISCES,25348.0,A
India,2008,RAG,Indian mackerel,Rastrelliger kanagurta,Miscellaneous pelagic fishes,PISCES,29460.0,A
India,2009,RAG,Indian mackerel,Rastrelliger kanagurta,Miscellaneous pelagic fishes,PISCES,32499.0,A
India,2010,RAG,Indian mackerel,Rastrelliger kanagurta,Miscellaneous pelagic fishes,PISCES,32508.0,A
India,2011,RAG,Indian mackerel,Rastrelliger kanagurta,Miscellaneous pelagic fishes,PISCES,40003.0,A
India,2012,RAG,Indian mackerel,Rastrelliger kanagurta,Miscellaneous pelagic fishes,PISCES,39637.0,A
India,2013,RAG,Indian mackerel,Rastrelliger kanagurta,Miscellaneous pelagic fishes,PISCES,52558.0,A
India,2014,RAG,Indian mackerel,Rastrelliger kanagurta,Miscellaneous pelagic fishes,PISCES,106556.0,I
India,2015,RAG,Indian mackerel,Rastrelliger kanagurta,Miscellaneous pelagic fishes,PISCES,106801.0,I
India,2016,RAG,Indian mackerel,Rastrelliger kanagurta,Miscellaneous pelagic fishes,PISCES,111941.0,I
India,2017,RAG,Indian mackerel,Rastrelliger kanagurta,Miscellaneous pelagic fishes,PISCES,129580.0,I
India,2018,RAG,Indian mackerel,Rastrelliger kanagurta,Miscellaneous pelagic fishes,PISCES,128475.15,I
India,2019,RAG,Indian mackerel,Rastrelliger kanagurta,Miscellaneous pelagic fishes,PISCES,74207.271,I
India,2020,RAG,Indian mackerel,Rastrelliger kanagurta,Miscellaneous pelagic fishes,PISCES,81324.12,I
India,2021,RAG,Indian mackerel,Rastrelliger kanagurta,Miscellaneous pelagic fishes,PISCES,96315.492,I
India,2022,RAG,Indian mackerel,Rastrelliger kanagurta,Miscellaneous pelagic fishes,PISCES,147696.39,I
India,2023,RAG,Indian mackerel,Rastrelliger kanagurta,Miscellaneous pelagic fishes,PISCES,173171.063,E
India,2000,TRF,False trevally,Lactarius lactarius,Miscellaneous pelagic fishes,PISCES,1438.0,A
India,2001,TRF,False trevally,Lactarius lactarius,Miscellaneous pelagic fishes,PISCES,992.0,A
India,2002,TRF,False trevally,Lactarius lactarius,Miscellaneous pelagic fishes,PISCES,970.0,A
India,2003,TRF,False trevally,Lactarius lactarius,Miscellaneous pelagic fishes,PISCES,964.0,A
India,2004,TRF,False trevally,Lactarius lactarius,Miscellaneous pelagic fishes,PISCES,2930.0,A
India,2005,TRF,False trevally,Lactarius lactarius,Miscellaneous pelagic fishes,PISCES,2574.0,A
India,2006,TRF,False trevally,Lactarius lactarius,Miscellaneous pelagic fishes,PISCES,2717.0,A
India,2007,TRF,False trevally,Lactarius lactarius,Miscellaneous pelagic fishes,PISCES,3118.0,A
India,2008,TRF,False trevally,Lactarius lactarius,Miscellaneous pelagic fishes,PISCES,1962.0,A
India,2009,TRF,False trevally,Lactarius lactarius,Miscellaneous pelagic fishes,PISCES,3523.0,A
India,2010,TRF,False trevally,Lactarius lactarius,Miscellaneous pelagic fishes,PISCES,3168.0,A
India,2011,TRF,False trevally,Lactarius lactarius,Miscellaneous pelagic fishes,PISCES,4010.0,A
India,2012,TRF,False trevally,Lactarius lactarius,Miscellaneous pelagic fishes,PISCES,1927.0,A
India,2013,TRF,False trevally,Lactarius lactarius,Miscellaneous pelagic fishes,PISCES,3251.0,A
India,2014,TRF,False trevally,Lactarius lactarius,Miscellaneous pelagic fishes,PISCES,1421.0,I
India,2015,TRF,False trevally,Lactarius lactarius,Miscellaneous pelagic fishes,PISCES,1462.0,I
India,2016,TRF,False trevally,Lactarius lactarius,Miscellaneous pelagic fishes,PISCES,1312.0,I
India,2017,TRF,False trevally,Lactarius lactarius,Miscellaneous pelagic fishes,PISCES,791.0,I
India,2018,TRF,False trevally,Lactarius lactarius,Miscellaneous pelagic fishes,PISCES,1596.96,I
India,2019,TRF,False trevally,Lactarius lactarius,Miscellaneous pelagic fishes,PISCES,1005.008,I
India,2020,TRF,False trevally,Lactarius lactarius,Miscellaneous pelagic fishes,PISCES,722.434,I
India,2021,TRF,False trevally,Lactarius lactarius,Miscellaneous pelagic fishes,PISCES,1384.821,I
India,2022,TRF,False trevally,Lactarius lactarius,Miscellaneous pelagic fishes,PISCES,1704.172,I
India,2023,TRF,False trevally,Lactarius lactarius,Miscellaneous pelagic fishes,PISCES,1868.549,E
India,2000,BAR,Barracudas NEI,Sphyraena spp,Miscellaneous pelagic fishes,PISCES,3812.0,A
India,2001,BAR,Barracudas NEI,Sphyraena spp,Miscellaneous pelagic fishes,PISCES,4717.0,A
India,2002,BAR,Barracudas NEI,Sphyraena spp,Miscellaneous pelagic fishes,PISCES,4767.0,A
India,2003,BAR,Barracudas NEI,Sphyraena spp,Miscellaneous pelagic fishes,PISCES,5256.0,A
India,2004,BAR,Barracudas NEI,Sphyraena spp,Miscellaneous pelagic fishes,PISCES,5959.0,A
India,2005,BAR,Barracudas NEI,Sphyraena spp,Miscellaneous pelagic fishes,PISCES,3961.0,A
India,2006,BAR,Barracudas NEI,Sphyraena spp,Miscellaneous pelagic fishes,PISCES,4438.0,A
India,2007,BAR,Barracudas NEI,Sphyraena spp,Miscellaneous pelagic fishes,PISCES,1907.0,A
India,2008,BAR,Barracudas NEI,Sphyraena spp,Miscellaneous pelagic fishes,PISCES,22893.0,A
India,2009,BAR,Barracudas NEI,Sphyraena spp,Miscellaneous pelagic fishes,PISCES,8958.0,A
India,2010,BAR,Barracudas NEI,Sphyraena spp,Miscellaneous pelagic fishes,PISCES,7836.0,A
India,2011,BAR,Barracudas NEI,Sphyraena spp,Miscellaneous pelagic fishes,PISCES,8119.0,A
India,2012,BAR,Barracudas NEI,Sphyraena spp,Miscellaneous pelagic fishes,PISCES,5790.0,A
India,2013,BAR,Barracudas NEI,Sphyraena spp,Miscellaneous pelagic fishes,PISCES,6599.0,A
India,2014,BAR,Barracudas NEI,Sphyraena spp,Miscellaneous pelagic fishes,PISCES,12350.0,I
India,2015,BAR,Barracudas NEI,Sphyraena spp,Miscellaneous pelagic fishes,PISCES,19000.0,I
India,2016,BAR,Barracudas NEI,Sphyraena spp,Miscellaneous pelagic fishes,PISCES,23900.0,I
India,2017,BAR,Barracudas NEI,Sphyraena spp,Miscellaneous pelagic fishes,PISCES,21069.0,I
India,2018,BAR,Barracudas NEI,Sphyraena spp,Miscellaneous pelagic fishes,PISCES,29305.862,I
India,2019,BAR,Barracudas NEI,Sphyraena spp,Miscellaneous pelagic fishes,PISCES,21494.336,I
India,2020,BAR,Barracudas NEI,Sphyraena spp,Miscellaneous pelagic fishes,PISCES,23778.386,I
India,2021,BAR,Barracudas NEI,Sphyraena spp,Miscellaneous pelagic fishes,PISCES,23857.386,I
India,2022,BAR,Barracudas NEI,Sphyraena spp,Miscellaneous pelagic fishes,PISCES,27371.309,I
India,2023,BAR,Barracudas NEI,Sphyraena spp,Miscellaneous pelagic fishes,PISCES,29495.942,E
India,2000,CGX,Carangids NEI,Carangidae,Miscellaneous pelagic fishes,PISCES,5450.0,A
India,2001,CGX,Carangids NEI,Carangidae,Miscellaneous pelagic fishes,PISCES,7061.0,A
India,2002,CGX,Carangids NEI,Carangidae,Miscellaneous pelagic fishes,PISCES,7926.0,A
India,2003,CGX,Carangids NEI,Carangidae,Miscellaneous pelagic fishes,PISCES,9598.0,A
India,2004,CGX,Carangids NEI,Carangidae,Miscellaneous pelagic fishes,PISCES,15308.0,A
India,2005,CGX,Carangids NEI,Carangidae,Miscellaneous pelagic fishes,PISCES,13078.0,A
India,2006,CGX,Carangids NEI,Carangidae,Miscellaneous pelagic fishes,PISCES,16449.0,A
India,2007,CGX,Carangids NEI,Carangidae,Miscellaneous pelagic fishes,PISCES,21839.0,A
India,2008,CGX,Carangids NEI,Carangidae,Miscellaneous pelagic fishes,PISCES,16218.0,A
India,2009,CGX,Carangids NEI,Carangidae,Miscellaneous pelagic fishes,PISCES,23127.0,A
India,2010,CGX,Carangids NEI,Carangidae,Miscellaneous pelagic fishes,PISCES,22996.0,A
India,2011,CGX,Carangids NEI,Carangidae,Miscellaneous pelagic fishes,PISCES,18325.0,A
India,2012,CGX,Carangids NEI,Carangidae,Miscellaneous pelagic fishes,PISCES,18018.0,A
India,2013,CGX,Carangids NEI,Carangidae,Miscellaneous pelagic fishes,PISCES,16110.0,A
India,2014,CGX,Carangids NEI,Carangidae,Miscellaneous pelagic fishes,PISCES,48034.0,I
India,2015,CGX,Carangids NEI,Carangidae,Miscellaneous pelagic fishes,PISCES,5681.0,I
India,2016,CGX,Carangids NEI,Carangidae,Miscellaneous pelagic fishes,PISCES,6128.0,I
India,2017,CGX,Carangids NEI,Carangidae,Miscellaneous pelagic fishes,PISCES,4385.0,I
India,2018,CGX,Carangids NEI,Carangidae,Miscellaneous pelagic fishes,PISCES,4904.035,I
India,2019,CGX,Carangids NEI,Carangidae,Miscellaneous pelagic fishes,PISCES,4923.022,I
India,2020,CGX,Carangids NEI,Carangidae,Miscellaneous pelagic fishes,PISCES,4539.406,I
India,2021,CGX,Carangids NEI,Carangidae,Miscellaneous pelagic fishes,PISCES,4692.712,I
India,2022,CGX,Carangids NEI,Carangidae,Miscellaneous pelagic fishes,PISCES,4233.848,I
India,2023,CGX,Carangids NEI,Carangidae,Miscellaneous pelagic fishes,PISCES,4534.144,E
India,2000,TRE,"Jacks, crevalles NEI",Caranx spp,Miscellaneous pelagic fishes,PISCES,16763.0,A
India,2001,TRE,"Jacks, crevalles NEI",Caranx spp,Miscellaneous pelagic fishes,PISCES,16461.0,A
India,2002,TRE,"Jacks, crevalles NEI",Caranx spp,Miscellaneous pelagic fishes,PISCES,15461.0,A
India,2003,TRE,"Jacks, crevalles NEI",Caranx spp,Miscellaneous pelagic fishes,PISCES,15859.0,A
India,2004,TRE,"Jacks, crevalles NEI",Caranx spp,Miscellaneous pelagic fishes,PISCES,16845.0,A
India,2005,TRE,"Jacks, crevalles NEI",Caranx spp,Miscellaneous pelagic fishes,PISCES,16180.0,A
India,2006,TRE,"Jacks, crevalles NEI",Caranx spp,Miscellaneous pelagic fishes,PISCES,16106.0,A
India,2007,TRE,"Jacks, crevalles NEI",Caranx spp,Miscellaneous pelagic fishes,PISCES,17627.0,A
India,2008,TRE,"Jacks, crevalles NEI",Caranx spp,Miscellaneous pelagic fishes,PISCES,9219.0,A
India,2009,TRE,"Jacks, crevalles NEI",Caranx spp,Miscellaneous pelagic fishes,PISCES,18494.0,A
India,2010,TRE,"Jacks, crevalles NEI",Caranx spp,Miscellaneous pelagic fishes,PISCES,5740.0,A
India,2011,TRE,"Jacks, crevalles NEI",Caranx spp,Miscellaneous pelagic fishes,PISCES,21440.0,A
India,2012,TRE,"Jacks, crevalles NEI",Caranx spp,Miscellaneous pelagic fishes,PISCES,18676.0,A
India,2013,TRE,"Jacks, crevalles NEI",Caranx spp,Miscellaneous pelagic fishes,PISCES,18929.0,A
India,2014,TRE,"Jacks, crevalles NEI",Caranx spp,Miscellaneous pelagic fishes,PISCES,19135.0,I
India,2015,TRE,"Jacks, crevalles NEI",Caranx spp,Miscellaneous pelagic fishes,PISCES,21007.0,I
India,2016,TRE,"Jacks, crevalles NEI",Caranx spp,Miscellaneous pelagic fishes,PISCES,22566.0,I
India,2017,TRE,"Jacks, crevalles NEI",Caranx spp,Miscellaneous pelagic fishes,PISCES,42201.0,I
India,2018,TRE,"Jacks, crevalles NEI",Caranx spp,Miscellaneous pelagic fishes,PISCES,34231.735,I
India,2019,TRE,"Jacks, crevalles NEI",Caranx spp,Miscellaneous pelagic fishes,PISCES,35226.644,I
India,2020,TRE,"Jacks, crevalles NEI",Caranx spp,Miscellaneous pelagic fishes,PISCES,32755.845,I
India,2021,TRE,"Jacks, crevalles NEI",Caranx spp,Miscellaneous pelagic fishes,PISCES,43361.457,I
India,2022,TRE,"Jacks, crevalles NEI",Caranx spp,Miscellaneous pelagic fishes,PISCES,38119.01,I
India,2023,TRE,"Jacks, crevalles NEI",Caranx spp,Miscellaneous pelagic fishes,PISCES,40596.874,E
India,2015,SDX,Scads NEI,Decapterus spp,Miscellaneous pelagic fishes,PISCES,39131.0,I
India,2016,SDX,Scads NEI,Decapterus spp,Miscellaneous pelagic fishes,PISCES,36757.0,I
India,2017,SDX,Scads NEI,Decapterus spp,Miscellaneous pelagic fishes,PISCES,37790.0,I
India,2018,SDX,Scads NEI,Decapterus spp,Miscellaneous pelagic fishes,PISCES,45583.116,I
India,2019,SDX,Scads NEI,Decapterus spp,Miscellaneous pelagic fishes,PISCES,25826.374,I
India,2020,SDX,Scads NEI,Decapterus spp,Miscellaneous pelagic fishes,PISCES,30016.477,I
India,2021,SDX,Scads NEI,Decapterus spp,Miscellaneous pelagic fishes,PISCES,7502.72,I
India,2022,SDX,Scads NEI,Decapterus spp,Miscellaneous pelagic fishes,PISCES,57160.83,I
India,2023,SDX,Scads NEI,Decapterus spp,Miscellaneous pelagic fishes,PISCES,65041.317,E
India,2019,POB,Black pomfret,Parastromateus niger,Miscellaneous pelagic fishes,PISCES,9613.815,I
India,2020,POB,Black pomfret,Parastromateus niger,Miscellaneous pelagic fishes,PISCES,14027.098,I
India,2021,POB,Black pomfret,Parastromateus niger,Miscellaneous pelagic fishes,PISCES,11593.342,I
India,2022,POB,Black pomfret,Parastromateus niger,Miscellaneous pelagic fishes,PISCES,12235.383,I
India,2023,POB,Black pomfret,Parastromateus niger,Miscellaneous pelagic fishes,PISCES,13133.111,E
India,2000,POX,Pompanos NEI,Trachinotus spp,Miscellaneous pelagic fishes,PISCES,0.0,A
India,2001,POX,Pompanos NEI,Trachinotus spp,Miscellaneous pelagic fishes,PISCES,0.0,A
India,2002,POX,Pompanos NEI,Trachinotus spp,Miscellaneous pelagic fishes,PISCES,0.0,A
India,2003,POX,Pompanos NEI,Trachinotus spp,Miscellaneous pelagic fishes,PISCES,0.0,A
India,2004,POX,Pompanos NEI,Trachinotus spp,Miscellaneous pelagic fishes,PISCES,2028.0,A
India,2005,POX,Pompanos NEI,Trachinotus spp,Miscellaneous pelagic fishes,PISCES,1526.0,A
India,2006,POX,Pompanos NEI,Trachinotus spp,Miscellaneous pelagic fishes,PISCES,2538.0,A
India,2007,POX,Pompanos NEI,Trachinotus spp,Miscellaneous pelagic fishes,PISCES,1737.0,A
India,2008,POX,Pompanos NEI,Trachinotus spp,Miscellaneous pelagic fishes,PISCES,12819.0,A
India,2009,POX,Pompanos NEI,Trachinotus spp,Miscellaneous pelagic fishes,PISCES,2194.0,A
India,2010,POX,Pompanos NEI,Trachinotus spp,Miscellaneous pelagic fishes,PISCES,15852.0,A
India,2011,POX,Pompanos NEI,Trachinotus spp,Miscellaneous pelagic fishes,PISCES,6785.0,A
India,2012,POX,Pompanos NEI,Trachinotus spp,Miscellaneous pelagic fishes,PISCES,1971.0,A
India,2013,POX,Pompanos NEI,Trachinotus spp,Miscellaneous pelagic fishes,PISCES,1987.0,A
India,2015,POX,Pompanos NEI,Trachinotus spp,Miscellaneous pelagic fishes,PISCES,0.0,A
India,2016,POX,Pompanos NEI,Trachinotus spp,Miscellaneous pelagic fishes,PISCES,0.0,A
India,2017,POX,Pompanos NEI,Trachinotus spp,Miscellaneous pelagic fishes,PISCES,0.0,A
India,2018,POX,Pompanos NEI,Trachinotus spp,Miscellaneous pelagic fishes,PISCES,0.0,A
India,2019,POX,Pompanos NEI,Trachinotus spp,Miscellaneous pelagic fishes,PISCES,0.0,A
India,2020,POX,Pompanos NEI,Trachinotus spp,Miscellaneous pelagic fishes,PISCES,0.0,A
India,2021,POX,Pompanos NEI,Trachinotus spp,Miscellaneous pelagic fishes,PISCES,0.0,A
India,2022,POX,Pompanos NEI,Trachinotus spp,Miscellaneous pelagic fishes,PISCES,0.0,A
India,2023,POX,Pompanos NEI,Trachinotus spp,Miscellaneous pelagic fishes,PISCES,0.0,A
India,2015,JAX,Jack and horse mackerels NEI,Trachurus spp,Miscellaneous pelagic fishes,PISCES,12810.0,I
India,2016,JAX,Jack and horse mackerels NEI,Trachurus spp,Miscellaneous pelagic fishes,PISCES,13936.0,I
India,2017,JAX,Jack and horse mackerels NEI,Trachurus spp,Miscellaneous pelagic fishes,PISCES,18133.0,I
India,2018,JAX,Jack and horse mackerels NEI,Trachurus spp,Miscellaneous pelagic fishes,PISCES,17102.192,I
India,2019,JAX,Jack and horse mackerels NEI,Trachurus spp,Miscellaneous pelagic fishes,PISCES,16877.118,I
India,2020,JAX,Jack and horse mackerels NEI,Trachurus spp,Miscellaneous pelagic fishes,PISCES,13411.664,I
India,2021,JAX,Jack and horse mackerels NEI,Trachurus spp,Miscellaneous pelagic fishes,PISCES,14929.261,I
India,2022,JAX,Jack and horse mackerels NEI,Trachurus spp,Miscellaneous pelagic fishes,PISCES,12357.477,I
India,2023,JAX,Jack and horse mackerels NEI,Trachurus spp,Miscellaneous pelagic fishes,PISCES,14482.926,E
India,2012,CBA,Cobia,Rachycentron canadum,Miscellaneous pelagic fishes,PISCES,0.0,A
India,2013,CBA,Cobia,Rachycentron canadum,Miscellaneous pelagic fishes,PISCES,0.0,A
India,2014,CBA,Cobia,Rachycentron canadum,Miscellaneous pelagic fishes,PISCES,0.0,A
India,2015,CBA,Cobia,Rachycentron canadum,Miscellaneous pelagic fishes,PISCES,0.0,A
India,2016,CBA,Cobia,Rachycentron canadum,Miscellaneous pelagic fishes,PISCES,0.0,A
India,2017,CBA,Cobia,Rachycentron canadum,Miscellaneous pelagic fishes,PISCES,0.0,A
India,2018,CBA,Cobia,Rachycentron canadum,Miscellaneous pelagic fishes,PISCES,0.0,A
India,2019,CBA,Cobia,Rachycentron canadum,Miscellaneous pelagic fishes,PISCES,0.0,A
India,2020,CBA,Cobia,Rachycentron canadum,Miscellaneous pelagic fishes,PISCES,0.0,A
India,2021,CBA,Cobia,Rachycentron canadum,Miscellaneous pelagic fishes,PISCES,0.0,A
India,2022,CBA,Cobia,Rachycentron canadum,Miscellaneous pelagic fishes,PISCES,0.0,A
India,2023,CBA,Cobia,Rachycentron canadum,Miscellaneous pelagic fishes,PISCES,0.0,A
India,2000,JKX,Halfbeaks NEI,Hemiramphidae,Miscellaneous pelagic fishes,PISCES,5993.0,A
India,2001,JKX,Halfbeaks NEI,Hemiramphidae,Miscellaneous pelagic fishes,PISCES,4695.0,A
India,2002,JKX,Halfbeaks NEI,Hemiramphidae,Miscellaneous pelagic fishes,PISCES,5000.0,A
India,2003,JKX,Halfbeaks NEI,Hemiramphidae,Miscellaneous pelagic fishes,PISCES,5175.0,A
India,2004,JKX,Halfbeaks NEI,Hemiramphidae,Miscellaneous pelagic fishes,PISCES,4884.0,A
India,2005,JKX,Halfbeaks NEI,Hemiramphidae,Miscellaneous pelagic fishes,PISCES,4650.0,A
India,2006,JKX,Halfbeaks NEI,Hemiramphidae,Miscellaneous pelagic fishes,PISCES,4839.0,A
India,2007,JKX,Halfbeaks NEI,Hemiramphidae,Miscellaneous pelagic fishes,PISCES,3519.0,A
India,2008,JKX,Halfbeaks NEI,Hemiramphidae,Miscellaneous pelagic fishes,PISCES,25346.0,A
India,2009,JKX,Halfbeaks NEI,Hemiramphidae,Miscellaneous pelagic fishes,PISCES,4291.0,A
India,2010,JKX,Halfbeaks NEI,Hemiramphidae,Miscellaneous pelagic fishes,PISCES,29297.0,A
India,2011,JKX,Halfbeaks NEI,Hemiramphidae,Miscellaneous pelagic fishes,PISCES,5331.0,A
India,2012,JKX,Halfbeaks NEI,Hemiramphidae,Miscellaneous pelagic fishes,PISCES,5406.0,A
India,2013,JKX,Halfbeaks NEI,Hemiramphidae,Miscellaneous pelagic fishes,PISCES,9488.0,A
India,2014,JKX,Halfbeaks NEI,Hemiramphidae,Miscellaneous pelagic fishes,PISCES,4400.0,I
India,2015,JKX,Halfbeaks NEI,Hemiramphidae,Miscellaneous pelagic fishes,PISCES,3500.0,I
India,2016,JKX,Halfbeaks NEI,Hemiramphidae,Miscellaneous pelagic fishes,PISCES,3760.0,I
India,2017,JKX,Halfbeaks NEI,Hemiramphidae,Miscellaneous pelagic fishes,PISCES,5300.0,I
India,2018,JKX,Halfbeaks NEI,Hemiramphidae,Miscellaneous pelagic fishes,PISCES,4709.692,I
India,2019,JKX,Halfbeaks NEI,Hemiramphidae,Miscellaneous pelagic fishes,PISCES,3925.079,I
India,2020,JKX,Halfbeaks NEI,Hemiramphidae,Miscellaneous pelagic fishes,PISCES,2928.682,I
India,2021,JKX,Halfbeaks NEI,Hemiramphidae,Miscellaneous pelagic fishes,PISCES,4009.793,I
India,2022,JKX,Halfbeaks NEI,Hemiramphidae,Miscellaneous pelagic fishes,PISCES,4647.165,I
India,2023,JKX,Halfbeaks NEI,Hemiramphidae,Miscellaneous pelagic fishes,PISCES,5188.138,E
India,2000,FLY,Flyingfishes NEI,Exocoetidae,Miscellaneous pelagic fishes,PISCES,2597.0,A
India,2001,FLY,Flyingfishes NEI,Exocoetidae,Miscellaneous pelagic fishes,PISCES,2467.0,A
India,2002,FLY,Flyingfishes NEI,Exocoetidae,Miscellaneous pelagic fishes,PISCES,2704.0,A
India,2003,FLY,Flyingfishes NEI,Exocoetidae,Miscellaneous pelagic fishes,PISCES,2685.0,A
India,2004,FLY,Flyingfishes NEI,Exocoetidae,Miscellaneous pelagic fishes,PISCES,2322.0,A
India,2005,FLY,Flyingfishes NEI,Exocoetidae,Miscellaneous pelagic fishes,PISCES,2211.0,A
India,2006,FLY,Flyingfishes NEI,Exocoetidae,Miscellaneous pelagic fishes,PISCES,2436.0,A
India,2007,FLY,Flyingfishes NEI,Exocoetidae,Miscellaneous pelagic fishes,PISCES,4201.0,A
India,2008,FLY,Flyingfishes NEI,Exocoetidae,Miscellaneous pelagic fishes,PISCES,3582.0,A
India,2009,FLY,Flyingfishes NEI,Exocoetidae,Miscellaneous pelagic fishes,PISCES,5092.0,A
India,2010,FLY,Flyingfishes NEI,Exocoetidae,Miscellaneous pelagic fishes,PISCES,5022.0,A
India,2011,FLY,Flyingfishes NEI,Exocoetidae,Miscellaneous pelagic fishes,PISCES,4901.0,A
India,2012,FLY,Flyingfishes NEI,Exocoetidae,Miscellaneous pelagic fishes,PISCES,4579.0,A
India,2013,FLY,Flyingfishes NEI,Exocoetidae,Miscellaneous pelagic fishes,PISCES,4925.0,A
India,2014,FLY,Flyingfishes NEI,Exocoetidae,Miscellaneous pelagic fishes,PISCES,3750.0,I
India,2015,FLY,Flyingfishes NEI,Exocoetidae,Miscellaneous pelagic fishes,PISCES,4150.0,I
India,2016,FLY,Flyingfishes NEI,Exocoetidae,Miscellaneous pelagic fishes,PISCES,3230.0,I
India,2017,FLY,Flyingfishes NEI,Exocoetidae,Miscellaneous pelagic fishes,PISCES,1268.0,I
India,2018,FLY,Flyingfishes NEI,Exocoetidae,Miscellaneous pelagic fishes,PISCES,1912.842,I
India,2019,FLY,Flyingfishes NEI,Exocoetidae,Miscellaneous pelagic fishes,PISCES,1875.132,I
India,2020,FLY,Flyingfishes NEI,Exocoetidae,Miscellaneous pelagic fishes,PISCES,382.757,I
India,2021,FLY,Flyingfishes NEI,Exocoetidae,Miscellaneous pelagic fishes,PISCES,383.7,I
India,2022,FLY,Flyingfishes NEI,Exocoetidae,Miscellaneous pelagic fishes,PISCES,702.349,I
India,2023,FLY,Flyingfishes NEI,Exocoetidae,Miscellaneous pelagic fishes,PISCES,758.44,E
India,2000,SKX,"Sharks, rays, skates, etc. NEI",Elasmobranchii,"Sharks, rays, chimaeras",PISCES,38997.0,A
India,2001,SKX,"Sharks, rays, skates, etc. NEI",Elasmobranchii,"Sharks, rays, chimaeras",PISCES,39038.0,A
India,2002,SKX,"Sharks, rays, skates, etc. NEI",Elasmobranchii,"Sharks, rays, chimaeras",PISCES,33613.0,A
India,2003,SKX,"Sharks, rays, skates, etc. NEI",Elasmobranchii,"Sharks, rays, chimaeras",PISCES,32644.0,A
India,2004,SKX,"Sharks, rays, skates, etc. NEI",Elasmobranchii,"Sharks, rays, chimaeras",PISCES,55432.0,A
India,2005,SKX,"Sharks, rays, skates, etc. NEI",Elasmobranchii,"Sharks, rays, chimaeras",PISCES,31819.0,A
India,2006,SKX,"Sharks, rays, skates, etc. NEI",Elasmobranchii,"Sharks, rays, chimaeras",PISCES,34113.0,A
India,2007,SKX,"Sharks, rays, skates, etc. NEI",Elasmobranchii,"Sharks, rays, chimaeras",PISCES,60538.0,A
India,2008,SKX,"Sharks, rays, skates, etc. NEI",Elasmobranchii,"Sharks, rays, chimaeras",PISCES,45078.0,A
India,2009,SKX,"Sharks, rays, skates, etc. NEI",Elasmobranchii,"Sharks, rays, chimaeras",PISCES,49931.0,A
India,2010,SKX,"Sharks, rays, skates, etc. NEI",Elasmobranchii,"Sharks, rays, chimaeras",PISCES,39200.0,A
India,2011,SKX,"Sharks, rays, skates, etc. NEI",Elasmobranchii,"Sharks, rays, chimaeras",PISCES,43312.0,A
India,2012,SKX,"Sharks, rays, skates, etc. NEI",Elasmobranchii,"Sharks, rays, chimaeras",PISCES,53598.0,A
India,2013,SKX,"Sharks, rays, skates, etc. NEI",Elasmobranchii,"Sharks, rays, chimaeras",PISCES,50525.0,A
India,2014,SKX,"Sharks, rays, skates, etc. NEI",Elasmobranchii,"Sharks, rays, chimaeras",PISCES,33500.0,I
India,2015,SKX,"Sharks, rays, skates, etc. NEI",Elasmobranchii,"Sharks, rays, chimaeras",PISCES,37200.0,I
India,2016,SKX,"Sharks, rays, skates, etc. NEI",Elasmobranchii,"Sharks, rays, chimaeras",PISCES,37500.0,I
India,2017,SKX,"Sharks, rays, skates, etc. NEI",Elasmobranchii,"Sharks, rays, chimaeras",PISCES,28509.0,I
India,2018,SKX,"Sharks, rays, skates, etc. NEI",Elasmobranchii,"Sharks, rays, chimaeras",PISCES,29891.0,I
India,2019,SKX,"Sharks, rays, skates, etc. NEI",Elasmobranchii,"Sharks, rays, chimaeras",PISCES,31040.468,I
India,2020,SKX,"Sharks, rays, skates, etc. NEI",Elasmobranchii,"Sharks, rays, chimaeras",PISCES,18386.844,I
India,2021,SKX,"Sharks, rays, skates, etc. NEI",Elasmobranchii,"Sharks, rays, chimaeras",PISCES,22197.211,I
India,2022,SKX,"Sharks, rays, skates, etc. NEI",Elasmobranchii,"Sharks, rays, chimaeras",PISCES,20207.928,I
India,2023,SKX,"Sharks, rays, skates, etc. NEI",Elasmobranchii,"Sharks, rays, chimaeras",PISCES,5348.0,A
India,2000,MZZ,Marine fishes NEI,Actinopterygii,Marine fishes not identified,PISCES,266103.894,A
India,2001,MZZ,Marine fishes NEI,Actinopterygii,Marine fishes not identified,PISCES,285766.161,A
India,2002,MZZ,Marine fishes NEI,Actinopterygii,Marine fishes not identified,PISCES,409462.335,A
India,2003,MZZ,Marine fishes NEI,Actinopterygii,Marine fishes not identified,PISCES,410449.757,A
India,2004,MZZ,Marine fishes NEI,Actinopterygii,Marine fishes not identified,PISCES,263084.987,A
India,2005,MZZ,Marine fishes NEI,Actinopterygii,Marine fishes not identified,PISCES,269799.15,A
India,2006,MZZ,Marine fishes NEI,Actinopterygii,Marine fishes not identified,PISCES,338832.358,A
India,2007,MZZ,Marine fishes NEI,Actinopterygii,Marine fishes not identified,PISCES,168650.5,A
India,2008,MZZ,Marine fishes NEI,Actinopterygii,Marine fishes not identified,PISCES,148892.566,A
India,2009,MZZ,Marine fishes NEI,Actinopterygii,Marine fishes not identified,PISCES,183891.816,A
India,2010,MZZ,Marine fishes NEI,Actinopterygii,Marine fishes not identified,PISCES,95518.394,A
India,2011,MZZ,Marine fishes NEI,Actinopterygii,Marine fishes not identified,PISCES,128623.833,A
India,2012,MZZ,Marine fishes NEI,Actinopterygii,Marine fishes not identified,PISCES,152023.382,A
India,2013,MZZ,Marine fishes NEI,Actinopterygii,Marine fishes not identified,PISCES,131987.018,A
India,2014,MZZ,Marine fishes NEI,Actinopterygii,Marine fishes not identified,PISCES,55635.555,A
India,2015,MZZ,Marine fishes NEI,Actinopterygii,Marine fishes not identified,PISCES,57094.069,A
India,2016,MZZ,Marine fishes NEI,Actinopterygii,Marine fishes not identified,PISCES,34176.441,I
India,2017,MZZ,Marine fishes NEI,Actinopterygii,Marine fishes not identified,PISCES,23442.104,I
India,2018,MZZ,Marine fishes NEI,Actinopterygii,Marine fishes not identified,PISCES,45780.977,I
India,2019,MZZ,Marine fishes NEI,Actinopterygii,Marine fishes not identified,PISCES,56980.165,I
India,2020,MZZ,Marine fishes NEI,Actinopterygii,Marine fishes not identified,PISCES,73511.451,I
India,2021,MZZ,Marine fishes NEI,Actinopterygii,Marine fishes not identified,PISCES,130062.202,I
India,2022,MZZ,Marine fishes NEI,Actinopterygii,Marine fishes not identified,PISCES,80558.825,I
India,2023,MZZ,Marine fishes NEI,Actinopterygii,Marine fishes not identified,PISCES,88240.897,E
India,2000,CRA,Marine crabs NEI,Brachyura,"Crabs, sea-spiders",CRUSTACEA,17457.0,A
India,2001,CRA,Marine crabs NEI,Brachyura,"Crabs, sea-spiders",CRUSTACEA,16164.0,A
India,2002,CRA,Marine crabs NEI,Brachyura,"Crabs, sea-spiders",CRUSTACEA,15591.0,A
India,2003,CRA,Marine crabs NEI,Brachyura,"Crabs, sea-spiders",CRUSTACEA,15621.0,A
India,2004,CRA,Marine crabs NEI,Brachyura,"Crabs, sea-spiders",CRUSTACEA,15151.0,A
India,2005,CRA,Marine crabs NEI,Brachyura,"Crabs, sea-spiders",CRUSTACEA,16619.0,A
India,2006,CRA,Marine crabs NEI,Brachyura,"Crabs, sea-spiders",CRUSTACEA,16619.0,A
India,2007,CRA,Marine crabs NEI,Brachyura,"Crabs, sea-spiders",CRUSTACEA,29707.0,A
India,2008,CRA,Marine crabs NEI,Brachyura,"Crabs, sea-spiders",CRUSTACEA,34213.0,A
India,2009,CRA,Marine crabs NEI,Brachyura,"Crabs, sea-spiders",CRUSTACEA,37229.0,A
India,2010,CRA,Marine crabs NEI,Brachyura,"Crabs, sea-spiders",CRUSTACEA,33544.0,A
India,2011,CRA,Marine crabs NEI,Brachyura,"Crabs, sea-spiders",CRUSTACEA,21398.0,A
India,2012,CRA,Marine crabs NEI,Brachyura,"Crabs, sea-spiders",CRUSTACEA,31394.0,A
India,2013,CRA,Marine crabs NEI,Brachyura,"Crabs, sea-spiders",CRUSTACEA,44031.0,A
India,2014,CRA,Marine crabs NEI,Brachyura,"Crabs, sea-spiders",CRUSTACEA,36800.0,I
India,2015,CRA,Marine crabs NEI,Brachyura,"Crabs, sea-spiders",CRUSTACEA,38000.0,I
India,2016,CRA,Marine crabs NEI,Brachyura,"Crabs, sea-spiders",CRUSTACEA,45400.0,I
India,2017,CRA,Marine crabs NEI,Brachyura,"Crabs, sea-spiders",CRUSTACEA,42835.0,I
India,2018,CRA,Marine crabs NEI,Brachyura,"Crabs, sea-spiders",CRUSTACEA,45940.258,I
India,2019,CRA,Marine crabs NEI,Brachyura,"Crabs, sea-spiders",CRUSTACEA,45014.308,I
India,2020,CRA,Marine crabs NEI,Brachyura,"Crabs, sea-spiders",CRUSTACEA,30879.152,I
India,2021,CRA,Marine crabs NEI,Brachyura,"Crabs, sea-spiders",CRUSTACEA,31046.56,I
India,2022,CRA,Marine crabs NEI,Brachyura,"Crabs, sea-spiders",CRUSTACEA,40211.543,I
India,2023,CRA,Marine crabs NEI,Brachyura,"Crabs, sea-spiders",CRUSTACEA,41655.916,E
India,2014,LOX,Lobsters NEI,Reptantia,"Lobsters, spiny-rock lobsters",CRUSTACEA,1250.0,I
India,2015,LOX,Lobsters NEI,Reptantia,"Lobsters, spiny-rock lobsters",CRUSTACEA,1600.0,I
India,2016,LOX,Lobsters NEI,Reptantia,"Lobsters, spiny-rock lobsters",CRUSTACEA,2380.0,I
India,2017,LOX,Lobsters NEI,Reptantia,"Lobsters, spiny-rock lobsters",CRUSTACEA,2290.0,I
India,2018,LOX,Lobsters NEI,Reptantia,"Lobsters, spiny-rock lobsters",CRUSTACEA,1778.889,I
India,2019,LOX,Lobsters NEI,Reptantia,"Lobsters, spiny-rock lobsters",CRUSTACEA,1336.567,I
India,2020,LOX,Lobsters NEI,Reptantia,"Lobsters, spiny-rock lobsters",CRUSTACEA,1111.006,I
India,2021,LOX,Lobsters NEI,Reptantia,"Lobsters, spiny-rock lobsters",CRUSTACEA,971.83,I
India,2022,LOX,Lobsters NEI,Reptantia,"Lobsters, spiny-rock lobsters",CRUSTACEA,1285.375,I
India,2023,LOX,Lobsters NEI,Reptantia,"Lobsters, spiny-rock lobsters",CRUSTACEA,1366.804,E
India,2000,DCP,Natantian decapods NEI,Natantia,"Shrimps, prawns",CRUSTACEA,21830.0,A
India,2001,DCP,Natantian decapods NEI,Natantia,"Shrimps, prawns",CRUSTACEA,22463.0,A
India,2002,DCP,Natantian decapods NEI,Natantia,"Shrimps, prawns",CRUSTACEA,16244.0,A
India,2003,DCP,Natantian decapods NEI,Natantia,"Shrimps, prawns",CRUSTACEA,16411.0,A
India,2004,DCP,Natantian decapods NEI,Natantia,"Shrimps, prawns",CRUSTACEA,33218.0,A
India,2005,DCP,Natantian decapods NEI,Natantia,"Shrimps, prawns",CRUSTACEA,20551.0,A
India,2006,DCP,Natantian decapods NEI,Natantia,"Shrimps, prawns",CRUSTACEA,20638.0,A
India,2007,DCP,Natantian decapods NEI,Natantia,"Shrimps, prawns",CRUSTACEA,37386.0,A
India,2008,DCP,Natantian decapods NEI,Natantia,"Shrimps, prawns",CRUSTACEA,44475.0,A
India,2009,DCP,Natantian decapods NEI,Natantia,"Shrimps, prawns",CRUSTACEA,33944.0,A
India,2010,DCP,Natantian decapods NEI,Natantia,"Shrimps, prawns",CRUSTACEA,56800.0,A
India,2011,DCP,Natantian decapods NEI,Natantia,"Shrimps, prawns",CRUSTACEA,45372.0,A
India,2012,DCP,Natantian decapods NEI,Natantia,"Shrimps, prawns",CRUSTACEA,44998.0,A
India,2013,DCP,Natantian decapods NEI,Natantia,"Shrimps, prawns",CRUSTACEA,46650.0,A
India,2014,DCP,Natantian decapods NEI,Natantia,"Shrimps, prawns",CRUSTACEA,49405.0,I
India,2015,DCP,Natantian decapods NEI,Natantia,"Shrimps, prawns",CRUSTACEA,40101.0,I
India,2016,DCP,Natantian decapods NEI,Natantia,"Shrimps, prawns",CRUSTACEA,45558.0,I
India,2017,DCP,Natantian decapods NEI,Natantia,"Shrimps, prawns",CRUSTACEA,54476.0,I
India,2018,DCP,Natantian decapods NEI,Natantia,"Shrimps, prawns",CRUSTACEA,52128.471,I
India,2019,DCP,Natantian decapods NEI,Natantia,"Shrimps, prawns",CRUSTACEA,48391.555,I
India,2020,DCP,Natantian decapods NEI,Natantia,"Shrimps, prawns",CRUSTACEA,27078.668,I
India,2021,DCP,Natantian decapods NEI,Natantia,"Shrimps, prawns",CRUSTACEA,41895.48,I
India,2022,DCP,Natantian decapods NEI,Natantia,"Shrimps, prawns",CRUSTACEA,39507.379,I
India,2023,DCP,Natantian decapods NEI,Natantia,"Shrimps, prawns",CRUSTACEA,42284.243,E
India,2000,GIT,Giant tiger prawn,Penaeus monodon,"Shrimps, prawns",CRUSTACEA,58731.0,A
India,2001,GIT,Giant tiger prawn,Penaeus monodon,"Shrimps, prawns",CRUSTACEA,57868.0,A
India,2002,GIT,Giant tiger prawn,Penaeus monodon,"Shrimps, prawns",CRUSTACEA,44532.0,A
India,2003,GIT,Giant tiger prawn,Penaeus monodon,"Shrimps, prawns",CRUSTACEA,47376.0,A
India,2004,GIT,Giant tiger prawn,Penaeus monodon,"Shrimps, prawns",CRUSTACEA,67623.0,A
India,2005,GIT,Giant tiger prawn,Penaeus monodon,"Shrimps, prawns",CRUSTACEA,59945.0,A
India,2006,GIT,Giant tiger prawn,Penaeus monodon,"Shrimps, prawns",CRUSTACEA,60720.0,A
India,2007,GIT,Giant tiger prawn,Penaeus monodon,"Shrimps, prawns",CRUSTACEA,73902.0,A
India,2008,GIT,Giant tiger prawn,Penaeus monodon,"Shrimps, prawns",CRUSTACEA,93460.0,A
India,2009,GIT,Giant tiger prawn,Penaeus monodon,"Shrimps, prawns",CRUSTACEA,70276.0,A
India,2010,GIT,Giant tiger prawn,Penaeus monodon,"Shrimps, prawns",CRUSTACEA,50650.0,A
India,2011,GIT,Giant tiger prawn,Penaeus monodon,"Shrimps, prawns",CRUSTACEA,76502.0,A
India,2012,GIT,Giant tiger prawn,Penaeus monodon,"Shrimps, prawns",CRUSTACEA,79513.0,A
India,2013,GIT,Giant tiger prawn,Penaeus monodon,"Shrimps, prawns",CRUSTACEA,76353.0,A
India,2014,GIT,Giant tiger prawn,Penaeus monodon,"Shrimps, prawns",CRUSTACEA,88402.0,I
India,2015,GIT,Giant tiger prawn,Penaeus monodon,"Shrimps, prawns",CRUSTACEA,85695.0,I
India,2016,GIT,Giant tiger prawn,Penaeus monodon,"Shrimps, prawns",CRUSTACEA,86116.0,I
India,2017,GIT,Giant tiger prawn,Penaeus monodon,"Shrimps, prawns",CRUSTACEA,90160.0,I
India,2018,GIT,Giant tiger prawn,Penaeus monodon,"Shrimps, prawns",CRUSTACEA,82689.879,I
India,2019,GIT,Giant tiger prawn,Penaeus monodon,"Shrimps, prawns",CRUSTACEA,83750.215,I
India,2020,GIT,Giant tiger prawn,Penaeus monodon,"Shrimps, prawns",CRUSTACEA,67383.856,I
India,2021,GIT,Giant tiger prawn,Penaeus monodon,"Shrimps, prawns",CRUSTACEA,72486.294,I
India,2022,GIT,Giant tiger prawn,Penaeus monodon,"Shrimps, prawns",CRUSTACEA,70291.604,I
India,2023,GIT,Giant tiger prawn,Penaeus monodon,"Shrimps, prawns",CRUSTACEA,79087.521,E
India,2003,SVX,Stomatopods NEI,Stomatopoda,Miscellaneous marine crustaceans,CRUSTACEA,0.0,A
India,2004,SVX,Stomatopods NEI,Stomatopoda,Miscellaneous marine crustaceans,CRUSTACEA,0.0,A
India,2005,SVX,Stomatopods NEI,Stomatopoda,Miscellaneous marine crustaceans,CRUSTACEA,0.0,A
India,2006,SVX,Stomatopods NEI,Stomatopoda,Miscellaneous marine crustaceans,CRUSTACEA,0.0,A
India,2007,SVX,Stomatopods NEI,Stomatopoda,Miscellaneous marine crustaceans,CRUSTACEA,0.0,A
India,2008,SVX,Stomatopods NEI,Stomatopoda,Miscellaneous marine crustaceans,CRUSTACEA,0.0,A
India,2009,SVX,Stomatopods NEI,Stomatopoda,Miscellaneous marine crustaceans,CRUSTACEA,0.0,A
India,2010,SVX,Stomatopods NEI,Stomatopoda,Miscellaneous marine crustaceans,CRUSTACEA,3191.0,A
India,2011,SVX,Stomatopods NEI,Stomatopoda,Miscellaneous marine crustaceans,CRUSTACEA,0.0,A
India,2012,SVX,Stomatopods NEI,Stomatopoda,Miscellaneous marine crustaceans,CRUSTACEA,27062.0,A
India,2013,SVX,Stomatopods NEI,Stomatopoda,Miscellaneous marine crustaceans,CRUSTACEA,22593.0,A
India,2014,SVX,Stomatopods NEI,Stomatopoda,Miscellaneous marine crustaceans,CRUSTACEA,24266.0,I
India,2015,SVX,Stomatopods NEI,Stomatopoda,Miscellaneous marine crustaceans,CRUSTACEA,25694.0,I
India,2016,SVX,Stomatopods NEI,Stomatopoda,Miscellaneous marine crustaceans,CRUSTACEA,13861.0,I
India,2017,SVX,Stomatopods NEI,Stomatopoda,Miscellaneous marine crustaceans,CRUSTACEA,14784.0,I
India,2018,SVX,Stomatopods NEI,Stomatopoda,Miscellaneous marine crustaceans,CRUSTACEA,9636.0,I
India,2019,SVX,Stomatopods NEI,Stomatopoda,Miscellaneous marine crustaceans,CRUSTACEA,8602.0,I
India,2020,SVX,Stomatopods NEI,Stomatopoda,Miscellaneous marine crustaceans,CRUSTACEA,4381.0,I
India,2021,SVX,Stomatopods NEI,Stomatopoda,Miscellaneous marine crustaceans,CRUSTACEA,6701.0,I
India,2022,SVX,Stomatopods NEI,Stomatopoda,Miscellaneous marine crustaceans,CRUSTACEA,10535.0,I
India,2023,SVX,Stomatopods NEI,Stomatopoda,Miscellaneous marine crustaceans,CRUSTACEA,11022.308,E
India,2000,CRU,Marine crustaceans NEI,Crustacea,Miscellaneous marine crustaceans,CRUSTACEA,3703.0,A
India,2001,CRU,Marine crustaceans NEI,Crustacea,Miscellaneous marine crustaceans,CRUSTACEA,4420.0,A
India,2002,CRU,Marine crustaceans NEI,Crustacea,Miscellaneous marine crustaceans,CRUSTACEA,3793.0,A
India,2003,CRU,Marine crustaceans NEI,Crustacea,Miscellaneous marine crustaceans,CRUSTACEA,3906.0,A
India,2004,CRU,Marine crustaceans NEI,Crustacea,Miscellaneous marine crustaceans,CRUSTACEA,4296.0,A
India,2005,CRU,Marine crustaceans NEI,Crustacea,Miscellaneous marine crustaceans,CRUSTACEA,4123.0,A
India,2006,CRU,Marine crustaceans NEI,Crustacea,Miscellaneous marine crustaceans,CRUSTACEA,4862.0,A
India,2007,CRU,Marine crustaceans NEI,Crustacea,Miscellaneous marine crustaceans,CRUSTACEA,22346.0,A
India,2008,CRU,Marine crustaceans NEI,Crustacea,Miscellaneous marine crustaceans,CRUSTACEA,7906.0,A
India,2009,CRU,Marine crustaceans NEI,Crustacea,Miscellaneous marine crustaceans,CRUSTACEA,6248.0,A
India,2010,CRU,Marine crustaceans NEI,Crustacea,Miscellaneous marine crustaceans,CRUSTACEA,14115.0,A
India,2011,CRU,Marine crustaceans NEI,Crustacea,Miscellaneous marine crustaceans,CRUSTACEA,34392.0,A
India,2012,CRU,Marine crustaceans NEI,Crustacea,Miscellaneous marine crustaceans,CRUSTACEA,36840.0,A
India,2013,CRU,Marine crustaceans NEI,Crustacea,Miscellaneous marine crustaceans,CRUSTACEA,51865.0,A
India,2014,CRU,Marine crustaceans NEI,Crustacea,Miscellaneous marine crustaceans,CRUSTACEA,0.0,A
India,2015,CRU,Marine crustaceans NEI,Crustacea,Miscellaneous marine crustaceans,CRUSTACEA,0.0,A
India,2016,CRU,Marine crustaceans NEI,Crustacea,Miscellaneous marine crustaceans,CRUSTACEA,0.0,A
India,2017,CRU,Marine crustaceans NEI,Crustacea,Miscellaneous marine crustaceans,CRUSTACEA,0.0,A
India,2018,CRU,Marine crustaceans NEI,Crustacea,Miscellaneous marine crustaceans,CRUSTACEA,0.0,A
India,2019,CRU,Marine crustaceans NEI,Crustacea,Miscellaneous marine crustaceans,CRUSTACEA,0.0,A
India,2020,CRU,Marine crustaceans NEI,Crustacea,Miscellaneous marine crustaceans,CRUSTACEA,0.0,A
India,2021,CRU,Marine crustaceans NEI,Crustacea,Miscellaneous marine crustaceans,CRUSTACEA,0.0,A
India,2022,CRU,Marine crustaceans NEI,Crustacea,Miscellaneous marine crustaceans,CRUSTACEA,0.0,A
India,2023,CRU,Marine crustaceans NEI,Crustacea,Miscellaneous marine crustaceans,CRUSTACEA,0.0,A
India,2000,CEP,Cephalopods NEI,Cephalopoda,"Squids, cuttlefishes, octopuses",MOLLUSCA,10469.0,A
India,2001,CEP,Cephalopods NEI,Cephalopoda,"Squids, cuttlefishes, octopuses",MOLLUSCA,9250.0,A
India,2002,CEP,Cephalopods NEI,Cephalopoda,"Squids, cuttlefishes, octopuses",MOLLUSCA,11195.0,A
India,2003,CEP,Cephalopods NEI,Cephalopoda,"Squids, cuttlefishes, octopuses",MOLLUSCA,13842.0,A
India,2004,CEP,Cephalopods NEI,Cephalopoda,"Squids, cuttlefishes, octopuses",MOLLUSCA,12560.0,A
India,2005,CEP,Cephalopods NEI,Cephalopoda,"Squids, cuttlefishes, octopuses",MOLLUSCA,11584.0,A
India,2006,CEP,Cephalopods NEI,Cephalopoda,"Squids, cuttlefishes, octopuses",MOLLUSCA,11531.0,A
India,2007,CEP,Cephalopods NEI,Cephalopoda,"Squids, cuttlefishes, octopuses",MOLLUSCA,10975.0,A
India,2008,CEP,Cephalopods NEI,Cephalopoda,"Squids, cuttlefishes, octopuses",MOLLUSCA,11813.0,A
India,2009,CEP,Cephalopods NEI,Cephalopoda,"Squids, cuttlefishes, octopuses",MOLLUSCA,12561.0,A
India,2010,CEP,Cephalopods NEI,Cephalopoda,"Squids, cuttlefishes, octopuses",MOLLUSCA,13593.0,A
India,2011,CEP,Cephalopods NEI,Cephalopoda,"Squids, cuttlefishes, octopuses",MOLLUSCA,12835.0,A
India,2012,CEP,Cephalopods NEI,Cephalopoda,"Squids, cuttlefishes, octopuses",MOLLUSCA,14567.0,A
India,2013,CEP,Cephalopods NEI,Cephalopoda,"Squids, cuttlefishes, octopuses",MOLLUSCA,11919.0,A
India,2014,CEP,Cephalopods NEI,Cephalopoda,"Squids, cuttlefishes, octopuses",MOLLUSCA,26013.0,I
India,2015,CEP,Cephalopods NEI,Cephalopoda,"Squids, cuttlefishes, octopuses",MOLLUSCA,0.0,A
India,2016,CEP,Cephalopods NEI,Cephalopoda,"Squids, cuttlefishes, octopuses",MOLLUSCA,0.0,A
India,2017,CEP,Cephalopods NEI,Cephalopoda,"Squids, cuttlefishes, octopuses",MOLLUSCA,0.0,A
India,2018,CEP,Cephalopods NEI,Cephalopoda,"Squids, cuttlefishes, octopuses",MOLLUSCA,0.0,A
India,2019,CEP,Cephalopods NEI,Cephalopoda,"Squids, cuttlefishes, octopuses",MOLLUSCA,0.0,A
India,2020,CEP,Cephalopods NEI,Cephalopoda,"Squids, cuttlefishes, octopuses",MOLLUSCA,0.0,A
India,2021,CEP,Cephalopods NEI,Cephalopoda,"Squids, cuttlefishes, octopuses",MOLLUSCA,0.0,A
India,2022,CEP,Cephalopods NEI,Cephalopoda,"Squids, cuttlefishes, octopuses",MOLLUSCA,0.0,A
India,2023,CEP,Cephalopods NEI,Cephalopoda,"Squids, cuttlefishes, octopuses",MOLLUSCA,0.0,A
India,2015,CTL,"Cuttlefish, bobtail squids NEI","Sepiidae, Sepiolidae","Squids, cuttlefishes, octopuses",MOLLUSCA,16146.0,I
India,2016,CTL,"Cuttlefish, bobtail squids NEI","Sepiidae, Sepiolidae","Squids, cuttlefishes, octopuses",MOLLUSCA,15305.0,I
India,2017,CTL,"Cuttlefish, bobtail squids NEI","Sepiidae, Sepiolidae","Squids, cuttlefishes, octopuses",MOLLUSCA,16400.0,I
India,2018,CTL,"Cuttlefish, bobtail squids NEI","Sepiidae, Sepiolidae","Squids, cuttlefishes, octopuses",MOLLUSCA,12877.027,I
India,2019,CTL,"Cuttlefish, bobtail squids NEI","Sepiidae, Sepiolidae","Squids, cuttlefishes, octopuses",MOLLUSCA,13958.544,I
India,2020,CTL,"Cuttlefish, bobtail squids NEI","Sepiidae, Sepiolidae","Squids, cuttlefishes, octopuses",MOLLUSCA,12225.621,I
India,2021,CTL,"Cuttlefish, bobtail squids NEI","Sepiidae, Sepiolidae","Squids, cuttlefishes, octopuses",MOLLUSCA,10243.592,I
India,2022,CTL,"Cuttlefish, bobtail squids NEI","Sepiidae, Sepiolidae","Squids, cuttlefishes, octopuses",MOLLUSCA,11099.605,I
India,2023,CTL,"Cuttlefish, bobtail squids NEI","Sepiidae, Sepiolidae","Squids, cuttlefishes, octopuses",MOLLUSCA,12225.916,E
India,2015,SQU,Various squids NEI,"Loliginidae, Ommastrephidae","Squids, cuttlefishes, octopuses",MOLLUSCA,14122.0,I
India,2016,SQU,Various squids NEI,"Loliginidae, Ommastrephidae","Squids, cuttlefishes, octopuses",MOLLUSCA,17236.0,I
India,2017,SQU,Various squids NEI,"Loliginidae, Ommastrephidae","Squids, cuttlefishes, octopuses",MOLLUSCA,19770.0,I
India,2018,SQU,Various squids NEI,"Loliginidae, Ommastrephidae","Squids, cuttlefishes, octopuses",MOLLUSCA,17898.381,I
India,2019,SQU,Various squids NEI,"Loliginidae, Ommastrephidae","Squids, cuttlefishes, octopuses",MOLLUSCA,16912.386,I
India,2020,SQU,Various squids NEI,"Loliginidae, Ommastrephidae","Squids, cuttlefishes, octopuses",MOLLUSCA,10951.86,I
India,2021,SQU,Various squids NEI,"Loliginidae, Ommastrephidae","Squids, cuttlefishes, octopuses",MOLLUSCA,11338.787,I
India,2022,SQU,Various squids NEI,"Loliginidae, Ommastrephidae","Squids, cuttlefishes, octopuses",MOLLUSCA,16391.183,I
India,2023,SQU,Various squids NEI,"Loliginidae, Ommastrephidae","Squids, cuttlefishes, octopuses",MOLLUSCA,18750.96,E
India,2015,OCT,"Octopuses, etc. NEI",Octopodidae,"Squids, cuttlefishes, octopuses",MOLLUSCA,1709.0,I
India,2016,OCT,"Octopuses, etc. NEI",Octopodidae,"Squids, cuttlefishes, octopuses",MOLLUSCA,2185.0,I
India,2017,OCT,"Octopuses, etc. NEI",Octopodidae,"Squids, cuttlefishes, octopuses",MOLLUSCA,1620.0,I
India,2018,OCT,"Octopuses, etc. NEI",Octopodidae,"Squids, cuttlefishes, octopuses",MOLLUSCA,2379.974,I
India,2019,OCT,"Octopuses, etc. NEI",Octopodidae,"Squids, cuttlefishes, octopuses",MOLLUSCA,1815.76,I
India,2020,OCT,"Octopuses, etc. NEI",Octopodidae,"Squids, cuttlefishes, octopuses",MOLLUSCA,1001.117,I
India,2021,OCT,"Octopuses, etc. NEI",Octopodidae,"Squids, cuttlefishes, octopuses",MOLLUSCA,1908.622,I
India,2022,OCT,"Octopuses, etc. NEI",Octopodidae,"Squids, cuttlefishes, octopuses",MOLLUSCA,3374.8,I
India,2023,OCT,"Octopuses, etc. NEI",Octopodidae,"Squids, cuttlefishes, octopuses",MOLLUSCA,3520.698,E
India,2000,MOL,Marine molluscs NEI,Mollusca,Miscellaneous marine molluscs,MOLLUSCA,981.0,A
India,2001,MOL,Marine molluscs NEI,Mollusca,Miscellaneous marine molluscs,MOLLUSCA,922.0,A
India,2002,MOL,Marine molluscs NEI,Mollusca,Miscellaneous marine molluscs,MOLLUSCA,0.0,A
India,2003,MOL,Marine molluscs NEI,Mollusca,Miscellaneous marine molluscs,MOLLUSCA,0.0,A
India,2004,MOL,Marine molluscs NEI,Mollusca,Miscellaneous marine molluscs,MOLLUSCA,6361.0,A
India,2005,MOL,Marine molluscs NEI,Mollusca,Miscellaneous marine molluscs,MOLLUSCA,4375.0,A
India,2006,MOL,Marine molluscs NEI,Mollusca,Miscellaneous marine molluscs,MOLLUSCA,4375.0,A
India,2007,MOL,Marine molluscs NEI,Mollusca,Miscellaneous marine molluscs,MOLLUSCA,2083.0,A
India,2008,MOL,Marine molluscs NEI,Mollusca,Miscellaneous marine molluscs,MOLLUSCA,2578.0,A
India,2009,MOL,Marine molluscs NEI,Mollusca,Miscellaneous marine molluscs,MOLLUSCA,3500.0,A
India,2010,MOL,Marine molluscs NEI,Mollusca,Miscellaneous marine molluscs,MOLLUSCA,41300.0,A
India,2011,MOL,Marine molluscs NEI,Mollusca,Miscellaneous marine molluscs,MOLLUSCA,58300.0,A
India,2012,MOL,Marine molluscs NEI,Mollusca,Miscellaneous marine molluscs,MOLLUSCA,52430.0,A
India,2013,MOL,Marine molluscs NEI,Mollusca,Miscellaneous marine molluscs,MOLLUSCA,64570.0,A
India,2014,MOL,Marine molluscs NEI,Mollusca,Miscellaneous marine molluscs,MOLLUSCA,77000.0,I
India,2015,MOL,Marine molluscs NEI,Mollusca,Miscellaneous marine molluscs,MOLLUSCA,55200.0,I
India,2016,MOL,Marine molluscs NEI,Mollusca,Miscellaneous marine molluscs,MOLLUSCA,48650.0,I
India,2017,MOL,Marine molluscs NEI,Mollusca,Miscellaneous marine molluscs,MOLLUSCA,58172.846,I
India,2018,MOL,Marine molluscs NEI,Mollusca,Miscellaneous marine molluscs,MOLLUSCA,75943.574,I
India,2019,MOL,Marine molluscs NEI,Mollusca,Miscellaneous marine molluscs,MOLLUSCA,65484.737,I
India,2020,MOL,Marine molluscs NEI,Mollusca,Miscellaneous marine molluscs,MOLLUSCA,61723.472,I
India,2021,MOL,Marine molluscs NEI,Mollusca,Miscellaneous marine molluscs,MOLLUSCA,57940.757,I
India,2022,MOL,Marine molluscs NEI,Mollusca,Miscellaneous marine molluscs,MOLLUSCA,68262.101,I
India,2023,MOL,Marine molluscs NEI,Mollusca,Miscellaneous marine molluscs,MOLLUSCA,78349.71,E
India,2000,SSX,Ascidiaceans NEI,Ascidiacea,Sea-squirts and other tunicates,INVERTEBRATA AQUATICA,0.0,A
India,2001,SSX,Ascidiaceans NEI,Ascidiacea,Sea-squirts and other tunicates,INVERTEBRATA AQUATICA,0.0,A
India,2002,SSX,Ascidiaceans NEI,Ascidiacea,Sea-squirts and other tunicates,INVERTEBRATA AQUATICA,0.0,A
India,2003,SSX,Ascidiaceans NEI,Ascidiacea,Sea-squirts and other tunicates,INVERTEBRATA AQUATICA,0.0,A
India,2004,SSX,Ascidiaceans NEI,Ascidiacea,Sea-squirts and other tunicates,INVERTEBRATA AQUATICA,0.0,A
India,2005,SSX,Ascidiaceans NEI,Ascidiacea,Sea-squirts and other tunicates,INVERTEBRATA AQUATICA,0.0,A
India,2006,SSX,Ascidiaceans NEI,Ascidiacea,Sea-squirts and other tunicates,INVERTEBRATA AQUATICA,0.0,A
India,2007,SSX,Ascidiaceans NEI,Ascidiacea,Sea-squirts and other tunicates,INVERTEBRATA AQUATICA,0.0,A
India,2008,SSX,Ascidiaceans NEI,Ascidiacea,Sea-squirts and other tunicates,INVERTEBRATA AQUATICA,4.0,A
India,2009,SSX,Ascidiaceans NEI,Ascidiacea,Sea-squirts and other tunicates,INVERTEBRATA AQUATICA,4.0,A
India,2010,SSX,Ascidiaceans NEI,Ascidiacea,Sea-squirts and other tunicates,INVERTEBRATA AQUATICA,7.0,A
India,2011,SSX,Ascidiaceans NEI,Ascidiacea,Sea-squirts and other tunicates,INVERTEBRATA AQUATICA,9.0,A
India,2012,SSX,Ascidiaceans NEI,Ascidiacea,Sea-squirts and other tunicates,INVERTEBRATA AQUATICA,6.0,A
India,2013,SSX,Ascidiaceans NEI,Ascidiacea,Sea-squirts and other tunicates,INVERTEBRATA AQUATICA,6.0,A
India,2014,SSX,Ascidiaceans NEI,Ascidiacea,Sea-squirts and other tunicates,INVERTEBRATA AQUATICA,6.0,I
India,2015,SSX,Ascidiaceans NEI,Ascidiacea,Sea-squirts and other tunicates,INVERTEBRATA AQUATICA,6.0,I
India,2016,SSX,Ascidiaceans NEI,Ascidiacea,Sea-squirts and other tunicates,INVERTEBRATA AQUATICA,6.0,A
India,2017,SSX,Ascidiaceans NEI,Ascidiacea,Sea-squirts and other tunicates,INVERTEBRATA AQUATICA,0.0,A
India,2018,SSX,Ascidiaceans NEI,Ascidiacea,Sea-squirts and other tunicates,INVERTEBRATA AQUATICA,0.0,A
India,2020,SSX,Ascidiaceans NEI,Ascidiacea,Sea-squirts and other tunicates,INVERTEBRATA AQUATICA,0.0,A
India,2021,SSX,Ascidiaceans NEI,Ascidiacea,Sea-squirts and other tunicates,INVERTEBRATA AQUATICA,0.0,A
India,2022,SSX,Ascidiaceans NEI,Ascidiacea,Sea-squirts and other tunicates,INVERTEBRATA AQUATICA,0.0,A
India,2023,SSX,Ascidiaceans NEI,Ascidiacea,Sea-squirts and other tunicates,INVERTEBRATA AQUATICA,0.0,A
India,2002,CSS,"Hard corals, madrepores NEI",Scleractinia,Corals,INVERTEBRATA AQUATICA,8750.0,A
India,2003,CSS,"Hard corals, madrepores NEI",Scleractinia,Corals,INVERTEBRATA AQUATICA,8750.0,A
India,2004,CSS,"Hard corals, madrepores NEI",Scleractinia,Corals,INVERTEBRATA AQUATICA,0.0,A
India,2005,CSS,"Hard corals, madrepores NEI",Scleractinia,Corals,INVERTEBRATA AQUATICA,0.0,A
India,2006,CSS,"Hard corals, madrepores NEI",Scleractinia,Corals,INVERTEBRATA AQUATICA,0.0,A
India,2007,CSS,"Hard corals, madrepores NEI",Scleractinia,Corals,INVERTEBRATA AQUATICA,0.0,A
India,2008,CSS,"Hard corals, madrepores NEI",Scleractinia,Corals,INVERTEBRATA AQUATICA,0.0,A
India,2009,CSS,"Hard corals, madrepores NEI",Scleractinia,Corals,INVERTEBRATA AQUATICA,0.0,A
India,2010,CSS,"Hard corals, madrepores NEI",Scleractinia,Corals,INVERTEBRATA AQUATICA,0.0,A
India,2011,CSS,"Hard corals, madrepores NEI",Scleractinia,Corals,INVERTEBRATA AQUATICA,0.0,A
India,2012,CSS,"Hard corals, madrepores NEI",Scleractinia,Corals,INVERTEBRATA AQUATICA,0.0,A
India,2013,CSS,"Hard corals, madrepores NEI",Scleractinia,Corals,INVERTEBRATA AQUATICA,0.0,A
India,2014,CSS,"Hard corals, madrepores NEI",Scleractinia,Corals,INVERTEBRATA AQUATICA,0.0,A
India,2015,CSS,"Hard corals, madrepores NEI",Scleractinia,Corals,INVERTEBRATA AQUATICA,0.0,A
India,2016,CSS,"Hard corals, madrepores NEI",Scleractinia,Corals,INVERTEBRATA AQUATICA,0.0,A
India,2017,CSS,"Hard corals, madrepores NEI",Scleractinia,Corals,INVERTEBRATA AQUATICA,0.0,A
India,2018,CSS,"Hard corals, madrepores NEI",Scleractinia,Corals,INVERTEBRATA AQUATICA,0.0,A
India,2019,CSS,"Hard corals, madrepores NEI",Scleractinia,Corals,INVERTEBRATA AQUATICA,0.0,A
India,2020,CSS,"Hard corals, madrepores NEI",Scleractinia,Corals,INVERTEBRATA AQUATICA,0.0,A
India,2021,CSS,"Hard corals, madrepores NEI",Scleractinia,Corals,INVERTEBRATA AQUATICA,0.0,A
India,2022,CSS,"Hard corals, madrepores NEI",Scleractinia,Corals,INVERTEBRATA AQUATICA,0.0,A
Sri Lanka,2011,TRI,"Triggerfishes, durgons NEI",Balistidae,Miscellaneous coastal fishes,PISCES,0.0,A
Sri Lanka,2012,TRI,"Triggerfishes, durgons NEI",Balistidae,Miscellaneous coastal fishes,PISCES,0.0,A
Sri Lanka,2013,TRI,"Triggerfishes, durgons NEI",Balistidae,Miscellaneous coastal fishes,PISCES,0.0,A
Sri Lanka,2014,TRI,"Triggerfishes, durgons NEI",Balistidae,Miscellaneous coastal fishes,PISCES,0.0,A
Sri Lanka,2015,TRI,"Triggerfishes, durgons NEI",Balistidae,Miscellaneous coastal fishes,PISCES,0.0,A
Sri Lanka,2016,TRI,"Triggerfishes, durgons NEI",Balistidae,Miscellaneous coastal fishes,PISCES,0.0,A
Sri Lanka,2017,TRI,"Triggerfishes, durgons NEI",Balistidae,Miscellaneous coastal fishes,PISCES,0.0,A
Sri Lanka,2018,TRI,"Triggerfishes, durgons NEI",Balistidae,Miscellaneous coastal fishes,PISCES,0.0,A
Sri Lanka,2019,TRI,"Triggerfishes, durgons NEI",Balistidae,Miscellaneous coastal fishes,PISCES,565.1,A
Sri Lanka,2020,TRI,"Triggerfishes, durgons NEI",Balistidae,Miscellaneous coastal fishes,PISCES,0.0,A
Sri Lanka,2021,TRI,"Triggerfishes, durgons NEI",Balistidae,Miscellaneous coastal fishes,PISCES,328.0,A
Sri Lanka,2022,TRI,"Triggerfishes, durgons NEI",Balistidae,Miscellaneous coastal fishes,PISCES,6305.7,A
Sri Lanka,2023,TRI,"Triggerfishes, durgons NEI",Balistidae,Miscellaneous coastal fishes,PISCES,1006.3,A
Sri Lanka,2000,DPX,Demersal percomorphs NEI,Perciformes (Others),Miscellaneous demersal fishes,PISCES,14910.0,A
Sri Lanka,2001,DPX,Demersal percomorphs NEI,Perciformes (Others),Miscellaneous demersal fishes,PISCES,14490.0,A
Sri Lanka,2002,DPX,Demersal percomorphs NEI,Perciformes (Others),Miscellaneous demersal fishes,PISCES,16320.0,A
Sri Lanka,2003,DPX,Demersal percomorphs NEI,Perciformes (Others),Miscellaneous demersal fishes,PISCES,19980.0,A
Sri Lanka,2004,DPX,Demersal percomorphs NEI,Perciformes (Others),Miscellaneous demersal fishes,PISCES,17540.0,A
Sri Lanka,2005,DPX,Demersal percomorphs NEI,Perciformes (Others),Miscellaneous demersal fishes,PISCES,10570.0,A
Sri Lanka,2006,DPX,Demersal percomorphs NEI,Perciformes (Others),Miscellaneous demersal fishes,PISCES,11170.0,A
Sri Lanka,2007,DPX,Demersal percomorphs NEI,Perciformes (Others),Miscellaneous demersal fishes,PISCES,13860.0,A
Sri Lanka,2008,DPX,Demersal percomorphs NEI,Perciformes (Others),Miscellaneous demersal fishes,PISCES,12670.0,A
Sri Lanka,2009,DPX,Demersal percomorphs NEI,Perciformes (Others),Miscellaneous demersal fishes,PISCES,15960.0,A
Sri Lanka,2010,DPX,Demersal percomorphs NEI,Perciformes (Others),Miscellaneous demersal fishes,PISCES,20150.0,A
Sri Lanka,2011,DPX,Demersal percomorphs NEI,Perciformes (Others),Miscellaneous demersal fishes,PISCES,26390.0,A
Sri Lanka,2012,DPX,Demersal percomorphs NEI,Perciformes (Others),Miscellaneous demersal fishes,PISCES,34680.0,A
Sri Lanka,2013,DPX,Demersal percomorphs NEI,Perciformes (Others),Miscellaneous demersal fishes,PISCES,37380.0,A
Sri Lanka,2014,DPX,Demersal percomorphs NEI,Perciformes (Others),Miscellaneous demersal fishes,PISCES,34890.0,A
Sri Lanka,2015,DPX,Demersal percomorphs NEI,Perciformes (Others),Miscellaneous demersal fishes,PISCES,34960.0,A
Sri Lanka,2016,DPX,Demersal percomorphs NEI,Perciformes (Others),Miscellaneous demersal fishes,PISCES,33920.0,A
Sri Lanka,2017,DPX,Demersal percomorphs NEI,Perciformes (Others),Miscellaneous demersal fishes,PISCES,31100.0,A
Sri Lanka,2018,DPX,Demersal percomorphs NEI,Perciformes (Others),Miscellaneous demersal fishes,PISCES,29060.0,A
Sri Lanka,2019,DPX,Demersal percomorphs NEI,Perciformes (Others),Miscellaneous demersal fishes,PISCES,27950.0,A
Sri Lanka,2020,DPX,Demersal percomorphs NEI,Perciformes (Others),Miscellaneous demersal fishes,PISCES,18060.0,A
Sri Lanka,2021,DPX,Demersal percomorphs NEI,Perciformes (Others),Miscellaneous demersal fishes,PISCES,16320.0,A
Sri Lanka,2022,DPX,Demersal percomorphs NEI,Perciformes (Others),Miscellaneous demersal fishes,PISCES,12470.0,A
Sri Lanka,2023,DPX,Demersal percomorphs NEI,Perciformes (Others),Miscellaneous demersal fishes,PISCES,13460.0,A
Sri Lanka,2000,CLU,Clupeoids NEI,Clupeiformes (=Clupeoidei),"Herrings, sardines, anchovies",PISCES,53250.0,A
Sri Lanka,2001,CLU,Clupeoids NEI,Clupeiformes (=Clupeoidei),"Herrings, sardines, anchovies",PISCES,49270.0,A
Sri Lanka,2002,CLU,Clupeoids NEI,Clupeiformes (=Clupeoidei),"Herrings, sardines, anchovies",PISCES,52310.0,A
Sri Lanka,2003,CLU,Clupeoids NEI,Clupeiformes (=Clupeoidei),"Herrings, sardines, anchovies",PISCES,56390.0,A
Sri Lanka,2004,CLU,Clupeoids NEI,Clupeiformes (=Clupeoidei),"Herrings, sardines, anchovies",PISCES,54410.0,A
Sri Lanka,2005,CLU,Clupeoids NEI,Clupeiformes (=Clupeoidei),"Herrings, sardines, anchovies",PISCES,24870.0,A
Sri Lanka,2006,CLU,Clupeoids NEI,Clupeiformes (=Clupeoidei),"Herrings, sardines, anchovies",PISCES,56230.0,A
Sri Lanka,2007,CLU,Clupeoids NEI,Clupeiformes (=Clupeoidei),"Herrings, sardines, anchovies",PISCES,63520.0,A
Sri Lanka,2008,CLU,Clupeoids NEI,Clupeiformes (=Clupeoidei),"Herrings, sardines, anchovies",PISCES,66890.0,A
Sri Lanka,2009,CLU,Clupeoids NEI,Clupeiformes (=Clupeoidei),"Herrings, sardines, anchovies",PISCES,71580.0,A
Sri Lanka,2010,CLU,Clupeoids NEI,Clupeiformes (=Clupeoidei),"Herrings, sardines, anchovies",PISCES,74310.0,A
Sri Lanka,2011,CLU,Clupeoids NEI,Clupeiformes (=Clupeoidei),"Herrings, sardines, anchovies",PISCES,101810.0,A
Sri Lanka,2012,CLU,Clupeoids NEI,Clupeiformes (=Clupeoidei),"Herrings, sardines, anchovies",PISCES,118160.0,A
Sri Lanka,2013,CLU,Clupeoids NEI,Clupeiformes (=Clupeoidei),"Herrings, sardines, anchovies",PISCES,125680.0,A
Sri Lanka,2014,CLU,Clupeoids NEI,Clupeiformes (=Clupeoidei),"Herrings, sardines, anchovies",PISCES,132829.0,A
Sri Lanka,2015,CLU,Clupeoids NEI,Clupeiformes (=Clupeoidei),"Herrings, sardines, anchovies",PISCES,128895.0,A
Sri Lanka,2016,CLU,Clupeoids NEI,Clupeiformes (=Clupeoidei),"Herrings, sardines, anchovies",PISCES,132460.0,A
Sri Lanka,2017,CLU,Clupeoids NEI,Clupeiformes (=Clupeoidei),"Herrings, sardines, anchovies",PISCES,127305.0,A
Sri Lanka,2018,CLU,Clupeoids NEI,Clupeiformes (=Clupeoidei),"Herrings, sardines, anchovies",PISCES,118800.0,A
Sri Lanka,2019,CLU,Clupeoids NEI,Clupeiformes (=Clupeoidei),"Herrings, sardines, anchovies",PISCES,85250.9,A
Sri Lanka,2020,CLU,Clupeoids NEI,Clupeiformes (=Clupeoidei),"Herrings, sardines, anchovies",PISCES,66371.7,A
Sri Lanka,2021,CLU,Clupeoids NEI,Clupeiformes (=Clupeoidei),"Herrings, sardines, anchovies",PISCES,60073.0,A
Sri Lanka,2022,CLU,Clupeoids NEI,Clupeiformes (=Clupeoidei),"Herrings, sardines, anchovies",PISCES,48398.2,A
Sri Lanka,2023,CLU,Clupeoids NEI,Clupeiformes (=Clupeoidei),"Herrings, sardines, anchovies",PISCES,51730.0,A
Sri Lanka,2000,TUX,Tuna-like fishes NEI,Scombriformes (Scombroidei),"Tunas, bonitos, billfishes",PISCES,0.0,A
Sri Lanka,2001,TUX,Tuna-like fishes NEI,Scombriformes (Scombroidei),"Tunas, bonitos, billfishes",PISCES,0.0,A
Sri Lanka,2002,TUX,Tuna-like fishes NEI,Scombriformes (Scombroidei),"Tunas, bonitos, billfishes",PISCES,0.0,A
Sri Lanka,2003,TUX,Tuna-like fishes NEI,Scombriformes (Scombroidei),"Tunas, bonitos, billfishes",PISCES,0.0,A
Sri Lanka,2004,TUX,Tuna-like fishes NEI,Scombriformes (Scombroidei),"Tunas, bonitos, billfishes",PISCES,0.0,A
Sri Lanka,2005,TUX,Tuna-like fishes NEI,Scombriformes (Scombroidei),"Tunas, bonitos, billfishes",PISCES,0.0,A
Sri Lanka,2006,TUX,Tuna-like fishes NEI,Scombriformes (Scombroidei),"Tunas, bonitos, billfishes",PISCES,0.0,A
Sri Lanka,2007,TUX,Tuna-like fishes NEI,Scombriformes (Scombroidei),"Tunas, bonitos, billfishes",PISCES,0.0,A
Sri Lanka,2008,TUX,Tuna-like fishes NEI,Scombriformes (Scombroidei),"Tunas, bonitos, billfishes",PISCES,0.0,A
Sri Lanka,2009,TUX,Tuna-like fishes NEI,Scombriformes (Scombroidei),"Tunas, bonitos, billfishes",PISCES,0.0,A
Sri Lanka,2010,TUX,Tuna-like fishes NEI,Scombriformes (Scombroidei),"Tunas, bonitos, billfishes",PISCES,0.0,A
Sri Lanka,2011,TUX,Tuna-like fishes NEI,Scombriformes (Scombroidei),"Tunas, bonitos, billfishes",PISCES,0.0,A
Sri Lanka,2012,TUX,Tuna-like fishes NEI,Scombriformes (Scombroidei),"Tunas, bonitos, billfishes",PISCES,0.0,A
Sri Lanka,2013,TUX,Tuna-like fishes NEI,Scombriformes (Scombroidei),"Tunas, bonitos, billfishes",PISCES,0.0,A
Sri Lanka,2014,TUX,Tuna-like fishes NEI,Scombriformes (Scombroidei),"Tunas, bonitos, billfishes",PISCES,39.0,A
Sri Lanka,2015,TUX,Tuna-like fishes NEI,Scombriformes (Scombroidei),"Tunas, bonitos, billfishes",PISCES,105.0,A
Sri Lanka,2016,TUX,Tuna-like fishes NEI,Scombriformes (Scombroidei),"Tunas, bonitos, billfishes",PISCES,22.0,A
Sri Lanka,2017,TUX,Tuna-like fishes NEI,Scombriformes (Scombroidei),"Tunas, bonitos, billfishes",PISCES,77.0,A
Sri Lanka,2018,TUX,Tuna-like fishes NEI,Scombriformes (Scombroidei),"Tunas, bonitos, billfishes",PISCES,7.0,A
Sri Lanka,2019,TUX,Tuna-like fishes NEI,Scombriformes (Scombroidei),"Tunas, bonitos, billfishes",PISCES,70.0,A
Sri Lanka,2020,TUX,Tuna-like fishes NEI,Scombriformes (Scombroidei),"Tunas, bonitos, billfishes",PISCES,120.6,A
Sri Lanka,2021,TUX,Tuna-like fishes NEI,Scombriformes (Scombroidei),"Tunas, bonitos, billfishes",PISCES,1550.3,A
Sri Lanka,2022,TUX,Tuna-like fishes NEI,Scombriformes (Scombroidei),"Tunas, bonitos, billfishes",PISCES,1715.0,A
Sri Lanka,2023,TUX,Tuna-like fishes NEI,Scombriformes (Scombroidei),"Tunas, bonitos, billfishes",PISCES,3250.0,A
Sri Lanka,2000,WAH,Wahoo,Acanthocybium solandri,"Tunas, bonitos, billfishes",PISCES,245.0,A
Sri Lanka,2001,WAH,Wahoo,Acanthocybium solandri,"Tunas, bonitos, billfishes",PISCES,194.0,A
Sri Lanka,2002,WAH,Wahoo,Acanthocybium solandri,"Tunas, bonitos, billfishes",PISCES,259.0,A
Sri Lanka,2003,WAH,Wahoo,Acanthocybium solandri,"Tunas, bonitos, billfishes",PISCES,246.0,A
Sri Lanka,2004,WAH,Wahoo,Acanthocybium solandri,"Tunas, bonitos, billfishes",PISCES,114.0,A
Sri Lanka,2005,WAH,Wahoo,Acanthocybium solandri,"Tunas, bonitos, billfishes",PISCES,159.0,A
Sri Lanka,2006,WAH,Wahoo,Acanthocybium solandri,"Tunas, bonitos, billfishes",PISCES,358.0,A
Sri Lanka,2007,WAH,Wahoo,Acanthocybium solandri,"Tunas, bonitos, billfishes",PISCES,161.0,A
Sri Lanka,2008,WAH,Wahoo,Acanthocybium solandri,"Tunas, bonitos, billfishes",PISCES,156.0,A
Sri Lanka,2009,WAH,Wahoo,Acanthocybium solandri,"Tunas, bonitos, billfishes",PISCES,175.0,A
Sri Lanka,2010,WAH,Wahoo,Acanthocybium solandri,"Tunas, bonitos, billfishes",PISCES,431.0,A
Sri Lanka,2011,WAH,Wahoo,Acanthocybium solandri,"Tunas, bonitos, billfishes",PISCES,132.0,A
Sri Lanka,2012,WAH,Wahoo,Acanthocybium solandri,"Tunas, bonitos, billfishes",PISCES,876.0,A
Sri Lanka,2013,WAH,Wahoo,Acanthocybium solandri,"Tunas, bonitos, billfishes",PISCES,503.0,A
Sri Lanka,2014,WAH,Wahoo,Acanthocybium solandri,"Tunas, bonitos, billfishes",PISCES,947.0,A
Sri Lanka,2015,WAH,Wahoo,Acanthocybium solandri,"Tunas, bonitos, billfishes",PISCES,560.0,A
Sri Lanka,2016,WAH,Wahoo,Acanthocybium solandri,"Tunas, bonitos, billfishes",PISCES,267.0,A
Sri Lanka,2017,WAH,Wahoo,Acanthocybium solandri,"Tunas, bonitos, billfishes",PISCES,152.0,A
Sri Lanka,2018,WAH,Wahoo,Acanthocybium solandri,"Tunas, bonitos, billfishes",PISCES,90.0,A
Sri Lanka,2019,WAH,Wahoo,Acanthocybium solandri,"Tunas, bonitos, billfishes",PISCES,318.5,A
Sri Lanka,2020,WAH,Wahoo,Acanthocybium solandri,"Tunas, bonitos, billfishes",PISCES,248.4,A
Sri Lanka,2021,WAH,Wahoo,Acanthocybium solandri,"Tunas, bonitos, billfishes",PISCES,241.4,A
Sri Lanka,2022,WAH,Wahoo,Acanthocybium solandri,"Tunas, bonitos, billfishes",PISCES,240.7,A
Sri Lanka,2023,WAH,Wahoo,Acanthocybium solandri,"Tunas, bonitos, billfishes",PISCES,1051.1,A
Sri Lanka,2000,FRZ,Frigate and bullet tunas,"Auxis thazard, A. rochei","Tunas, bonitos, billfishes",PISCES,8235.0,A
Sri Lanka,2001,FRZ,Frigate and bullet tunas,"Auxis thazard, A. rochei","Tunas, bonitos, billfishes",PISCES,7209.0,A
Sri Lanka,2002,FRZ,Frigate and bullet tunas,"Auxis thazard, A. rochei","Tunas, bonitos, billfishes",PISCES,10539.0,A
Sri Lanka,2003,FRZ,Frigate and bullet tunas,"Auxis thazard, A. rochei","Tunas, bonitos, billfishes",PISCES,11531.0,A
Sri Lanka,2004,FRZ,Frigate and bullet tunas,"Auxis thazard, A. rochei","Tunas, bonitos, billfishes",PISCES,11678.0,A
Sri Lanka,2005,FRZ,Frigate and bullet tunas,"Auxis thazard, A. rochei","Tunas, bonitos, billfishes",PISCES,8606.0,A
Sri Lanka,2006,FRZ,Frigate and bullet tunas,"Auxis thazard, A. rochei","Tunas, bonitos, billfishes",PISCES,8796.0,A
Sri Lanka,2007,FRZ,Frigate and bullet tunas,"Auxis thazard, A. rochei","Tunas, bonitos, billfishes",PISCES,8784.0,A
Sri Lanka,2008,FRZ,Frigate and bullet tunas,"Auxis thazard, A. rochei","Tunas, bonitos, billfishes",PISCES,8607.0,A
Sri Lanka,2009,FRZ,Frigate and bullet tunas,"Auxis thazard, A. rochei","Tunas, bonitos, billfishes",PISCES,7997.0,A
Sri Lanka,2010,FRZ,Frigate and bullet tunas,"Auxis thazard, A. rochei","Tunas, bonitos, billfishes",PISCES,13070.0,A
Sri Lanka,2011,FRZ,Frigate and bullet tunas,"Auxis thazard, A. rochei","Tunas, bonitos, billfishes",PISCES,0.0,A
Sri Lanka,2012,FRZ,Frigate and bullet tunas,"Auxis thazard, A. rochei","Tunas, bonitos, billfishes",PISCES,0.0,A
Sri Lanka,2013,FRZ,Frigate and bullet tunas,"Auxis thazard, A. rochei","Tunas, bonitos, billfishes",PISCES,0.0,A
Sri Lanka,2014,FRZ,Frigate and bullet tunas,"Auxis thazard, A. rochei","Tunas, bonitos, billfishes",PISCES,0.0,A
Sri Lanka,2015,FRZ,Frigate and bullet tunas,"Auxis thazard, A. rochei","Tunas, bonitos, billfishes",PISCES,0.0,A
Sri Lanka,2016,FRZ,Frigate and bullet tunas,"Auxis thazard, A. rochei","Tunas, bonitos, billfishes",PISCES,0.0,A
Sri Lanka,2017,FRZ,Frigate and bullet tunas,"Auxis thazard, A. rochei","Tunas, bonitos, billfishes",PISCES,0.0,A
Sri Lanka,2018,FRZ,Frigate and bullet tunas,"Auxis thazard, A. rochei","Tunas, bonitos, billfishes",PISCES,0.0,A
Sri Lanka,2019,FRZ,Frigate and bullet tunas,"Auxis thazard, A. rochei","Tunas, bonitos, billfishes",PISCES,0.0,A
Sri Lanka,2020,FRZ,Frigate and bullet tunas,"Auxis thazard, A. rochei","Tunas, bonitos, billfishes",PISCES,0.0,A
Sri Lanka,2021,FRZ,Frigate and bullet tunas,"Auxis thazard, A. rochei","Tunas, bonitos, billfishes",PISCES,0.0,A
Sri Lanka,2022,FRZ,Frigate and bullet tunas,"Auxis thazard, A. rochei","Tunas, bonitos, billfishes",PISCES,0.0,A
Sri Lanka,2023,FRZ,Frigate and bullet tunas,"Auxis thazard, A. rochei","Tunas, bonitos, billfishes",PISCES,0.0,A
Sri Lanka,2011,BLT,Bullet tuna,Auxis rochei,"Tunas, bonitos, billfishes",PISCES,4022.255,A
Sri Lanka,2012,BLT,Bullet tuna,Auxis rochei,"Tunas, bonitos, billfishes",PISCES,4838.29,A
Sri Lanka,2013,BLT,Bullet tuna,Auxis rochei,"Tunas, bonitos, billfishes",PISCES,4705.456,A
Sri Lanka,2014,BLT,Bullet tuna,Auxis rochei,"Tunas, bonitos, billfishes",PISCES,4105.024,A
Sri Lanka,2015,BLT,Bullet tuna,Auxis rochei,"Tunas, bonitos, billfishes",PISCES,2821.104,A
Sri Lanka,2016,BLT,Bullet tuna,Auxis rochei,"Tunas, bonitos, billfishes",PISCES,1201.426,A
Sri Lanka,2017,BLT,Bullet tuna,Auxis rochei,"Tunas, bonitos, billfishes",PISCES,1290.615,A
Sri Lanka,2018,BLT,Bullet tuna,Auxis rochei,"Tunas, bonitos, billfishes",PISCES,2356.5,A
Sri Lanka,2019,BLT,Bullet tuna,Auxis rochei,"Tunas, bonitos, billfishes",PISCES,1089.4,A
Sri Lanka,2020,BLT,Bullet tuna,Auxis rochei,"Tunas, bonitos, billfishes",PISCES,1898.81,A
Sri Lanka,2021,BLT,Bullet tuna,Auxis rochei,"Tunas, bonitos, billfishes",PISCES,653.811,A
Sri Lanka,2022,BLT,Bullet tuna,Auxis rochei,"Tunas, bonitos, billfishes",PISCES,653.765,A
Sri Lanka,2023,BLT,Bullet tuna,Auxis rochei,"Tunas, bonitos, billfishes",PISCES,851.643,A
Sri Lanka,2011,FRI,Frigate tuna,Auxis thazard,"Tunas, bonitos, billfishes",PISCES,10608.67,A
Sri Lanka,2012,FRI,Frigate tuna,Auxis thazard,"Tunas, bonitos, billfishes",PISCES,9163.271,A
Sri Lanka,2013,FRI,Frigate tuna,Auxis thazard,"Tunas, bonitos, billfishes",PISCES,8294.521,A
Sri Lanka,2014,FRI,Frigate tuna,Auxis thazard,"Tunas, bonitos, billfishes",PISCES,8072.949,A
Sri Lanka,2015,FRI,Frigate tuna,Auxis thazard,"Tunas, bonitos, billfishes",PISCES,4193.979,A
Sri Lanka,2016,FRI,Frigate tuna,Auxis thazard,"Tunas, bonitos, billfishes",PISCES,4976.766,A
Sri Lanka,2017,FRI,Frigate tuna,Auxis thazard,"Tunas, bonitos, billfishes",PISCES,1541.406,A
Sri Lanka,2018,FRI,Frigate tuna,Auxis thazard,"Tunas, bonitos, billfishes",PISCES,4238.9,A
Sri Lanka,2019,FRI,Frigate tuna,Auxis thazard,"Tunas, bonitos, billfishes",PISCES,2705.0,A
Sri Lanka,2020,FRI,Frigate tuna,Auxis thazard,"Tunas, bonitos, billfishes",PISCES,2407.13,A
Sri Lanka,2021,FRI,Frigate tuna,Auxis thazard,"Tunas, bonitos, billfishes",PISCES,2382.786,A
Sri Lanka,2022,FRI,Frigate tuna,Auxis thazard,"Tunas, bonitos, billfishes",PISCES,6288.792,A
Sri Lanka,2023,FRI,Frigate tuna,Auxis thazard,"Tunas, bonitos, billfishes",PISCES,7390.721,A
Sri Lanka,2000,KAW,Kawakawa,Euthynnus affinis,"Tunas, bonitos, billfishes",PISCES,8397.0,A
Sri Lanka,2001,KAW,Kawakawa,Euthynnus affinis,"Tunas, bonitos, billfishes",PISCES,7956.0,A
Sri Lanka,2002,KAW,Kawakawa,Euthynnus affinis,"Tunas, bonitos, billfishes",PISCES,8395.0,A
Sri Lanka,2003,KAW,Kawakawa,Euthynnus affinis,"Tunas, bonitos, billfishes",PISCES,10687.0,A
Sri Lanka,2004,KAW,Kawakawa,Euthynnus affinis,"Tunas, bonitos, billfishes",PISCES,11409.0,A
Sri Lanka,2005,KAW,Kawakawa,Euthynnus affinis,"Tunas, bonitos, billfishes",PISCES,9523.0,A
Sri Lanka,2006,KAW,Kawakawa,Euthynnus affinis,"Tunas, bonitos, billfishes",PISCES,10031.0,A
Sri Lanka,2007,KAW,Kawakawa,Euthynnus affinis,"Tunas, bonitos, billfishes",PISCES,10183.0,A
Sri Lanka,2008,KAW,Kawakawa,Euthynnus affinis,"Tunas, bonitos, billfishes",PISCES,9802.0,A
Sri Lanka,2009,KAW,Kawakawa,Euthynnus affinis,"Tunas, bonitos, billfishes",PISCES,9285.0,A
Sri Lanka,2010,KAW,Kawakawa,Euthynnus affinis,"Tunas, bonitos, billfishes",PISCES,9575.0,A
Sri Lanka,2011,KAW,Kawakawa,Euthynnus affinis,"Tunas, bonitos, billfishes",PISCES,8037.165,A
Sri Lanka,2012,KAW,Kawakawa,Euthynnus affinis,"Tunas, bonitos, billfishes",PISCES,8090.976,A
Sri Lanka,2013,KAW,Kawakawa,Euthynnus affinis,"Tunas, bonitos, billfishes",PISCES,6673.079,A
Sri Lanka,2014,KAW,Kawakawa,Euthynnus affinis,"Tunas, bonitos, billfishes",PISCES,6226.876,A
Sri Lanka,2015,KAW,Kawakawa,Euthynnus affinis,"Tunas, bonitos, billfishes",PISCES,5188.892,A
Sri Lanka,2016,KAW,Kawakawa,Euthynnus affinis,"Tunas, bonitos, billfishes",PISCES,4969.38,A
Sri Lanka,2017,KAW,Kawakawa,Euthynnus affinis,"Tunas, bonitos, billfishes",PISCES,1553.565,A
Sri Lanka,2018,KAW,Kawakawa,Euthynnus affinis,"Tunas, bonitos, billfishes",PISCES,1508.2,A
Sri Lanka,2019,KAW,Kawakawa,Euthynnus affinis,"Tunas, bonitos, billfishes",PISCES,2680.4,A
Sri Lanka,2020,KAW,Kawakawa,Euthynnus affinis,"Tunas, bonitos, billfishes",PISCES,1683.81,A
Sri Lanka,2021,KAW,Kawakawa,Euthynnus affinis,"Tunas, bonitos, billfishes",PISCES,774.525,A
Sri Lanka,2022,KAW,Kawakawa,Euthynnus affinis,"Tunas, bonitos, billfishes",PISCES,1798.594,A
Sri Lanka,2023,KAW,Kawakawa,Euthynnus affinis,"Tunas, bonitos, billfishes",PISCES,1380.945,A
Sri Lanka,2000,SKJ,Skipjack tuna,Katsuwonus pelamis,"Tunas, bonitos, billfishes",PISCES,56486.0,A
Sri Lanka,2001,SKJ,Skipjack tuna,Katsuwonus pelamis,"Tunas, bonitos, billfishes",PISCES,51231.0,A
Sri Lanka,2002,SKJ,Skipjack tuna,Katsuwonus pelamis,"Tunas, bonitos, billfishes",PISCES,49038.0,A
Sri Lanka,2003,SKJ,Skipjack tuna,Katsuwonus pelamis,"Tunas, bonitos, billfishes",PISCES,66703.0,A
Sri Lanka,2004,SKJ,Skipjack tuna,Katsuwonus pelamis,"Tunas, bonitos, billfishes",PISCES,69029.0,A
Sri Lanka,2005,SKJ,Skipjack tuna,Katsuwonus pelamis,"Tunas, bonitos, billfishes",PISCES,49262.0,A
Sri Lanka,2006,SKJ,Skipjack tuna,Katsuwonus pelamis,"Tunas, bonitos, billfishes",PISCES,48845.0,A
Sri Lanka,2007,SKJ,Skipjack tuna,Katsuwonus pelamis,"Tunas, bonitos, billfishes",PISCES,61645.0,A
Sri Lanka,2008,SKJ,Skipjack tuna,Katsuwonus pelamis,"Tunas, bonitos, billfishes",PISCES,65717.0,A
Sri Lanka,2009,SKJ,Skipjack tuna,Katsuwonus pelamis,"Tunas, bonitos, billfishes",PISCES,64080.0,A
Sri Lanka,2010,SKJ,Skipjack tuna,Katsuwonus pelamis,"Tunas, bonitos, billfishes",PISCES,68704.0,A
Sri Lanka,2011,SKJ,Skipjack tuna,Katsuwonus pelamis,"Tunas, bonitos, billfishes",PISCES,67059.045,A
Sri Lanka,2012,SKJ,Skipjack tuna,Katsuwonus pelamis,"Tunas, bonitos, billfishes",PISCES,60722.902,A
Sri Lanka,2013,SKJ,Skipjack tuna,Katsuwonus pelamis,"Tunas, bonitos, billfishes",PISCES,66691.148,A
Sri Lanka,2014,SKJ,Skipjack tuna,Katsuwonus pelamis,"Tunas, bonitos, billfishes",PISCES,57630.29,A
Sri Lanka,2015,SKJ,Skipjack tuna,Katsuwonus pelamis,"Tunas, bonitos, billfishes",PISCES,43627.806,A
Sri Lanka,2016,SKJ,Skipjack tuna,Katsuwonus pelamis,"Tunas, bonitos, billfishes",PISCES,31695.27,A
Sri Lanka,2017,SKJ,Skipjack tuna,Katsuwonus pelamis,"Tunas, bonitos, billfishes",PISCES,28737.042,A
Sri Lanka,2018,SKJ,Skipjack tuna,Katsuwonus pelamis,"Tunas, bonitos, billfishes",PISCES,39580.5,A
Sri Lanka,2019,SKJ,Skipjack tuna,Katsuwonus pelamis,"Tunas, bonitos, billfishes",PISCES,39024.699,A
Sri Lanka,2020,SKJ,Skipjack tuna,Katsuwonus pelamis,"Tunas, bonitos, billfishes",PISCES,36366.529,A
Sri Lanka,2021,SKJ,Skipjack tuna,Katsuwonus pelamis,"Tunas, bonitos, billfishes",PISCES,32897.239,A
Sri Lanka,2022,SKJ,Skipjack tuna,Katsuwonus pelamis,"Tunas, bonitos, billfishes",PISCES,29241.035,A
Sri Lanka,2023,SKJ,Skipjack tuna,Katsuwonus pelamis,"Tunas, bonitos, billfishes",PISCES,36843.75,A
Sri Lanka,2000,BIP,Striped bonito,Sarda orientalis,"Tunas, bonitos, billfishes",PISCES,466.0,A
Sri Lanka,2001,BIP,Striped bonito,Sarda orientalis,"Tunas, bonitos, billfishes",PISCES,396.0,A
Sri Lanka,2002,BIP,Striped bonito,Sarda orientalis,"Tunas, bonitos, billfishes",PISCES,442.0,A
Sri Lanka,2003,BIP,Striped bonito,Sarda orientalis,"Tunas, bonitos, billfishes",PISCES,592.0,A
Sri Lanka,2004,BIP,Striped bonito,Sarda orientalis,"Tunas, bonitos, billfishes",PISCES,594.0,A
Sri Lanka,2005,BIP,Striped bonito,Sarda orientalis,"Tunas, bonitos, billfishes",PISCES,464.0,A
Sri Lanka,2006,BIP,Striped bonito,Sarda orientalis,"Tunas, bonitos, billfishes",PISCES,460.0,A
Sri Lanka,2007,BIP,Striped bonito,Sarda orientalis,"Tunas, bonitos, billfishes",PISCES,422.0,A
Sri Lanka,2008,BIP,Striped bonito,Sarda orientalis,"Tunas, bonitos, billfishes",PISCES,454.0,A
Sri Lanka,2009,BIP,Striped bonito,Sarda orientalis,"Tunas, bonitos, billfishes",PISCES,382.0,A
Sri Lanka,2010,BIP,Striped bonito,Sarda orientalis,"Tunas, bonitos, billfishes",PISCES,478.0,A
Sri Lanka,2011,BIP,Striped bonito,Sarda orientalis,"Tunas, bonitos, billfishes",PISCES,346.0,A
Sri Lanka,2012,BIP,Striped bonito,Sarda orientalis,"Tunas, bonitos, billfishes",PISCES,276.0,A
Sri Lanka,2013,BIP,Striped bonito,Sarda orientalis,"Tunas, bonitos, billfishes",PISCES,248.0,A
Sri Lanka,2014,BIP,Striped bonito,Sarda orientalis,"Tunas, bonitos, billfishes",PISCES,271.0,A
Sri Lanka,2015,BIP,Striped bonito,Sarda orientalis,"Tunas, bonitos, billfishes",PISCES,222.0,A
Sri Lanka,2016,BIP,Striped bonito,Sarda orientalis,"Tunas, bonitos, billfishes",PISCES,222.0,A
Sri Lanka,2017,BIP,Striped bonito,Sarda orientalis,"Tunas, bonitos, billfishes",PISCES,200.0,A
Sri Lanka,2018,BIP,Striped bonito,Sarda orientalis,"Tunas, bonitos, billfishes",PISCES,200.0,A
Sri Lanka,2019,BIP,Striped bonito,Sarda orientalis,"Tunas, bonitos, billfishes",PISCES,180.0,A
Sri Lanka,2020,BIP,Striped bonito,Sarda orientalis,"Tunas, bonitos, billfishes",PISCES,0.0,A
Sri Lanka,2021,BIP,Striped bonito,Sarda orientalis,"Tunas, bonitos, billfishes",PISCES,0.0,A
Sri Lanka,2022,BIP,Striped bonito,Sarda orientalis,"Tunas, bonitos, billfishes",PISCES,0.0,A
Sri Lanka,2023,BIP,Striped bonito,Sarda orientalis,"Tunas, bonitos, billfishes",PISCES,0.0,A
Sri Lanka,2000,KGX,Seerfishes NEI,Scomberomorus spp,"Tunas, bonitos, billfishes",PISCES,0.0,A
Sri Lanka,2001,KGX,Seerfishes NEI,Scomberomorus spp,"Tunas, bonitos, billfishes",PISCES,0.0,A
Sri Lanka,2002,KGX,Seerfishes NEI,Scomberomorus spp,"Tunas, bonitos, billfishes",PISCES,0.0,A
Sri Lanka,2003,KGX,Seerfishes NEI,Scomberomorus spp,"Tunas, bonitos, billfishes",PISCES,0.0,A
Sri Lanka,2004,KGX,Seerfishes NEI,Scomberomorus spp,"Tunas, bonitos, billfishes",PISCES,0.0,A
Sri Lanka,2005,KGX,Seerfishes NEI,Scomberomorus spp,"Tunas, bonitos, billfishes",PISCES,0.0,A
Sri Lanka,2006,KGX,Seerfishes NEI,Scomberomorus spp,"Tunas, bonitos, billfishes",PISCES,0.0,A
Sri Lanka,2007,KGX,Seerfishes NEI,Scomberomorus spp,"Tunas, bonitos, billfishes",PISCES,0.0,A
Sri Lanka,2008,KGX,Seerfishes NEI,Scomberomorus spp,"Tunas, bonitos, billfishes",PISCES,0.0,A
Sri Lanka,2009,KGX,Seerfishes NEI,Scomberomorus spp,"Tunas, bonitos, billfishes",PISCES,0.0,A
Sri Lanka,2010,KGX,Seerfishes NEI,Scomberomorus spp,"Tunas, bonitos, billfishes",PISCES,0.0,A
Sri Lanka,2011,KGX,Seerfishes NEI,Scomberomorus spp,"Tunas, bonitos, billfishes",PISCES,0.0,A
Sri Lanka,2012,KGX,Seerfishes NEI,Scomberomorus spp,"Tunas, bonitos, billfishes",PISCES,0.0,A
Sri Lanka,2013,KGX,Seerfishes NEI,Scomberomorus spp,"Tunas, bonitos, billfishes",PISCES,0.0,A
Sri Lanka,2014,KGX,Seerfishes NEI,Scomberomorus spp,"Tunas, bonitos, billfishes",PISCES,95.0,A
Sri Lanka,2015,KGX,Seerfishes NEI,Scomberomorus spp,"Tunas, bonitos, billfishes",PISCES,114.0,A
Sri Lanka,2016,KGX,Seerfishes NEI,Scomberomorus spp,"Tunas, bonitos, billfishes",PISCES,204.0,A
Sri Lanka,2017,KGX,Seerfishes NEI,Scomberomorus spp,"Tunas, bonitos, billfishes",PISCES,226.0,A
Sri Lanka,2018,KGX,Seerfishes NEI,Scomberomorus spp,"Tunas, bonitos, billfishes",PISCES,213.0,A
Sri Lanka,2019,KGX,Seerfishes NEI,Scomberomorus spp,"Tunas, bonitos, billfishes",PISCES,129.0,A
Sri Lanka,2020,KGX,Seerfishes NEI,Scomberomorus spp,"Tunas, bonitos, billfishes",PISCES,128.9,A
Sri Lanka,2021,KGX,Seerfishes NEI,Scomberomorus spp,"Tunas, bonitos, billfishes",PISCES,156.0,A
Sri Lanka,2022,KGX,Seerfishes NEI,Scomberomorus spp,"Tunas, bonitos, billfishes",PISCES,85.1,A
Sri Lanka,2023,KGX,Seerfishes NEI,Scomberomorus spp,"Tunas, bonitos, billfishes",PISCES,369.3,A
Sri Lanka,2000,COM,Narrow-barred Spanish mackerel,Scomberomorus commerson,"Tunas, bonitos, billfishes",PISCES,2770.0,A
Sri Lanka,2001,COM,Narrow-barred Spanish mackerel,Scomberomorus commerson,"Tunas, bonitos, billfishes",PISCES,2401.0,A
Sri Lanka,2002,COM,Narrow-barred Spanish mackerel,Scomberomorus commerson,"Tunas, bonitos, billfishes",PISCES,2494.0,A
Sri Lanka,2003,COM,Narrow-barred Spanish mackerel,Scomberomorus commerson,"Tunas, bonitos, billfishes",PISCES,3423.0,A
Sri Lanka,2004,COM,Narrow-barred Spanish mackerel,Scomberomorus commerson,"Tunas, bonitos, billfishes",PISCES,3248.0,A
Sri Lanka,2005,COM,Narrow-barred Spanish mackerel,Scomberomorus commerson,"Tunas, bonitos, billfishes",PISCES,2659.0,A
Sri Lanka,2006,COM,Narrow-barred Spanish mackerel,Scomberomorus commerson,"Tunas, bonitos, billfishes",PISCES,3007.0,A
Sri Lanka,2007,COM,Narrow-barred Spanish mackerel,Scomberomorus commerson,"Tunas, bonitos, billfishes",PISCES,2453.0,A
Sri Lanka,2008,COM,Narrow-barred Spanish mackerel,Scomberomorus commerson,"Tunas, bonitos, billfishes",PISCES,2604.0,A
Sri Lanka,2009,COM,Narrow-barred Spanish mackerel,Scomberomorus commerson,"Tunas, bonitos, billfishes",PISCES,2268.0,A
Sri Lanka,2010,COM,Narrow-barred Spanish mackerel,Scomberomorus commerson,"Tunas, bonitos, billfishes",PISCES,3233.0,A
Sri Lanka,2011,COM,Narrow-barred Spanish mackerel,Scomberomorus commerson,"Tunas, bonitos, billfishes",PISCES,2854.895,A
Sri Lanka,2012,COM,Narrow-barred Spanish mackerel,Scomberomorus commerson,"Tunas, bonitos, billfishes",PISCES,1966.989,A
Sri Lanka,2013,COM,Narrow-barred Spanish mackerel,Scomberomorus commerson,"Tunas, bonitos, billfishes",PISCES,2089.673,A
Sri Lanka,2014,COM,Narrow-barred Spanish mackerel,Scomberomorus commerson,"Tunas, bonitos, billfishes",PISCES,2076.521,A
Sri Lanka,2015,COM,Narrow-barred Spanish mackerel,Scomberomorus commerson,"Tunas, bonitos, billfishes",PISCES,2526.083,A
Sri Lanka,2016,COM,Narrow-barred Spanish mackerel,Scomberomorus commerson,"Tunas, bonitos, billfishes",PISCES,2911.512,A
Sri Lanka,2017,COM,Narrow-barred Spanish mackerel,Scomberomorus commerson,"Tunas, bonitos, billfishes",PISCES,1395.575,A
Sri Lanka,2018,COM,Narrow-barred Spanish mackerel,Scomberomorus commerson,"Tunas, bonitos, billfishes",PISCES,1883.8,A
Sri Lanka,2019,COM,Narrow-barred Spanish mackerel,Scomberomorus commerson,"Tunas, bonitos, billfishes",PISCES,957.1,A
Sri Lanka,2020,COM,Narrow-barred Spanish mackerel,Scomberomorus commerson,"Tunas, bonitos, billfishes",PISCES,1263.53,A
Sri Lanka,2021,COM,Narrow-barred Spanish mackerel,Scomberomorus commerson,"Tunas, bonitos, billfishes",PISCES,722.9,A
Sri Lanka,2022,COM,Narrow-barred Spanish mackerel,Scomberomorus commerson,"Tunas, bonitos, billfishes",PISCES,156.8,A
Sri Lanka,2023,COM,Narrow-barred Spanish mackerel,Scomberomorus commerson,"Tunas, bonitos, billfishes",PISCES,993.591,A
Sri Lanka,2000,GUT,Indo-Pacific king mackerel,Scomberomorus guttatus,"Tunas, bonitos, billfishes",PISCES,242.0,A
Sri Lanka,2001,GUT,Indo-Pacific king mackerel,Scomberomorus guttatus,"Tunas, bonitos, billfishes",PISCES,205.0,A
Sri Lanka,2002,GUT,Indo-Pacific king mackerel,Scomberomorus guttatus,"Tunas, bonitos, billfishes",PISCES,230.0,A
Sri Lanka,2003,GUT,Indo-Pacific king mackerel,Scomberomorus guttatus,"Tunas, bonitos, billfishes",PISCES,307.0,A
Sri Lanka,2004,GUT,Indo-Pacific king mackerel,Scomberomorus guttatus,"Tunas, bonitos, billfishes",PISCES,308.0,A
Sri Lanka,2005,GUT,Indo-Pacific king mackerel,Scomberomorus guttatus,"Tunas, bonitos, billfishes",PISCES,240.0,A
Sri Lanka,2006,GUT,Indo-Pacific king mackerel,Scomberomorus guttatus,"Tunas, bonitos, billfishes",PISCES,239.0,A
Sri Lanka,2007,GUT,Indo-Pacific king mackerel,Scomberomorus guttatus,"Tunas, bonitos, billfishes",PISCES,219.0,A
Sri Lanka,2008,GUT,Indo-Pacific king mackerel,Scomberomorus guttatus,"Tunas, bonitos, billfishes",PISCES,235.0,A
Sri Lanka,2009,GUT,Indo-Pacific king mackerel,Scomberomorus guttatus,"Tunas, bonitos, billfishes",PISCES,198.0,A
Sri Lanka,2010,GUT,Indo-Pacific king mackerel,Scomberomorus guttatus,"Tunas, bonitos, billfishes",PISCES,248.0,A
Sri Lanka,2011,GUT,Indo-Pacific king mackerel,Scomberomorus guttatus,"Tunas, bonitos, billfishes",PISCES,231.221,A
Sri Lanka,2012,GUT,Indo-Pacific king mackerel,Scomberomorus guttatus,"Tunas, bonitos, billfishes",PISCES,189.137,A
Sri Lanka,2013,GUT,Indo-Pacific king mackerel,Scomberomorus guttatus,"Tunas, bonitos, billfishes",PISCES,176.854,A
Sri Lanka,2014,GUT,Indo-Pacific king mackerel,Scomberomorus guttatus,"Tunas, bonitos, billfishes",PISCES,175.787,A
Sri Lanka,2015,GUT,Indo-Pacific king mackerel,Scomberomorus guttatus,"Tunas, bonitos, billfishes",PISCES,147.498,A
Sri Lanka,2016,GUT,Indo-Pacific king mackerel,Scomberomorus guttatus,"Tunas, bonitos, billfishes",PISCES,149.571,A
Sri Lanka,2017,GUT,Indo-Pacific king mackerel,Scomberomorus guttatus,"Tunas, bonitos, billfishes",PISCES,0.0,A
Sri Lanka,2018,GUT,Indo-Pacific king mackerel,Scomberomorus guttatus,"Tunas, bonitos, billfishes",PISCES,0.0,A
Sri Lanka,2019,GUT,Indo-Pacific king mackerel,Scomberomorus guttatus,"Tunas, bonitos, billfishes",PISCES,0.0,A
Sri Lanka,2020,GUT,Indo-Pacific king mackerel,Scomberomorus guttatus,"Tunas, bonitos, billfishes",PISCES,0.0,A
Sri Lanka,2021,GUT,Indo-Pacific king mackerel,Scomberomorus guttatus,"Tunas, bonitos, billfishes",PISCES,0.0,A
Sri Lanka,2022,GUT,Indo-Pacific king mackerel,Scomberomorus guttatus,"Tunas, bonitos, billfishes",PISCES,0.0,A
Sri Lanka,2023,GUT,Indo-Pacific king mackerel,Scomberomorus guttatus,"Tunas, bonitos, billfishes",PISCES,33.233,A
Sri Lanka,2000,STS,Streaked seerfish,Scomberomorus lineolatus,"Tunas, bonitos, billfishes",PISCES,23.0,A
Sri Lanka,2001,STS,Streaked seerfish,Scomberomorus lineolatus,"Tunas, bonitos, billfishes",PISCES,20.0,A
Sri Lanka,2002,STS,Streaked seerfish,Scomberomorus lineolatus,"Tunas, bonitos, billfishes",PISCES,22.0,A
Sri Lanka,2003,STS,Streaked seerfish,Scomberomorus lineolatus,"Tunas, bonitos, billfishes",PISCES,29.0,A
Sri Lanka,2004,STS,Streaked seerfish,Scomberomorus lineolatus,"Tunas, bonitos, billfishes",PISCES,29.0,A
Sri Lanka,2005,STS,Streaked seerfish,Scomberomorus lineolatus,"Tunas, bonitos, billfishes",PISCES,23.0,A
Sri Lanka,2006,STS,Streaked seerfish,Scomberomorus lineolatus,"Tunas, bonitos, billfishes",PISCES,23.0,A
Sri Lanka,2007,STS,Streaked seerfish,Scomberomorus lineolatus,"Tunas, bonitos, billfishes",PISCES,21.0,A
Sri Lanka,2008,STS,Streaked seerfish,Scomberomorus lineolatus,"Tunas, bonitos, billfishes",PISCES,22.0,A
Sri Lanka,2009,STS,Streaked seerfish,Scomberomorus lineolatus,"Tunas, bonitos, billfishes",PISCES,19.0,A
Sri Lanka,2010,STS,Streaked seerfish,Scomberomorus lineolatus,"Tunas, bonitos, billfishes",PISCES,24.0,A
Sri Lanka,2011,STS,Streaked seerfish,Scomberomorus lineolatus,"Tunas, bonitos, billfishes",PISCES,21.0,A
Sri Lanka,2012,STS,Streaked seerfish,Scomberomorus lineolatus,"Tunas, bonitos, billfishes",PISCES,17.0,A
Sri Lanka,2013,STS,Streaked seerfish,Scomberomorus lineolatus,"Tunas, bonitos, billfishes",PISCES,15.0,A
Sri Lanka,2014,STS,Streaked seerfish,Scomberomorus lineolatus,"Tunas, bonitos, billfishes",PISCES,16.0,A
Sri Lanka,2015,STS,Streaked seerfish,Scomberomorus lineolatus,"Tunas, bonitos, billfishes",PISCES,13.0,A
Sri Lanka,2016,STS,Streaked seerfish,Scomberomorus lineolatus,"Tunas, bonitos, billfishes",PISCES,13.0,A
Sri Lanka,2017,STS,Streaked seerfish,Scomberomorus lineolatus,"Tunas, bonitos, billfishes",PISCES,11.0,A
Sri Lanka,2018,STS,Streaked seerfish,Scomberomorus lineolatus,"Tunas, bonitos, billfishes",PISCES,0.0,A
Sri Lanka,2019,STS,Streaked seerfish,Scomberomorus lineolatus,"Tunas, bonitos, billfishes",PISCES,0.0,A
Sri Lanka,2020,STS,Streaked seerfish,Scomberomorus lineolatus,"Tunas, bonitos, billfishes",PISCES,0.0,A
Sri Lanka,2021,STS,Streaked seerfish,Scomberomorus lineolatus,"Tunas, bonitos, billfishes",PISCES,0.0,A
Sri Lanka,2022,STS,Streaked seerfish,Scomberomorus lineolatus,"Tunas, bonitos, billfishes",PISCES,0.0,A
Sri Lanka,2023,STS,Streaked seerfish,Scomberomorus lineolatus,"Tunas, bonitos, billfishes",PISCES,0.0,A
Sri Lanka,2000,ALB,Albacore,Thunnus alalunga,"Tunas, bonitos, billfishes",PISCES,0.0,A
Sri Lanka,2001,ALB,Albacore,Thunnus alalunga,"Tunas, bonitos, billfishes",PISCES,0.0,A
Sri Lanka,2002,ALB,Albacore,Thunnus alalunga,"Tunas, bonitos, billfishes",PISCES,0.0,A
Sri Lanka,2003,ALB,Albacore,Thunnus alalunga,"Tunas, bonitos, billfishes",PISCES,0.0,A
Sri Lanka,2004,ALB,Albacore,Thunnus alalunga,"Tunas, bonitos, billfishes",PISCES,0.0,A
Sri Lanka,2005,ALB,Albacore,Thunnus alalunga,"Tunas, bonitos, billfishes",PISCES,0.0,A
Sri Lanka,2006,ALB,Albacore,Thunnus alalunga,"Tunas, bonitos, billfishes",PISCES,0.0,A
Sri Lanka,2007,ALB,Albacore,Thunnus alalunga,"Tunas, bonitos, billfishes",PISCES,1.0,A
Sri Lanka,2008,ALB,Albacore,Thunnus alalunga,"Tunas, bonitos, billfishes",PISCES,0.0,A
Sri Lanka,2009,ALB,Albacore,Thunnus alalunga,"Tunas, bonitos, billfishes",PISCES,0.0,A
Sri Lanka,2010,ALB,Albacore,Thunnus alalunga,"Tunas, bonitos, billfishes",PISCES,0.0,A
Sri Lanka,2011,ALB,Albacore,Thunnus alalunga,"Tunas, bonitos, billfishes",PISCES,0.0,A
Sri Lanka,2012,ALB,Albacore,Thunnus alalunga,"Tunas, bonitos, billfishes",PISCES,0.0,A
Sri Lanka,2013,ALB,Albacore,Thunnus alalunga,"Tunas, bonitos, billfishes",PISCES,0.0,A
Sri Lanka,2014,ALB,Albacore,Thunnus alalunga,"Tunas, bonitos, billfishes",PISCES,0.0,A
Sri Lanka,2015,ALB,Albacore,Thunnus alalunga,"Tunas, bonitos, billfishes",PISCES,34.0,A
Sri Lanka,2016,ALB,Albacore,Thunnus alalunga,"Tunas, bonitos, billfishes",PISCES,21.6,A
Sri Lanka,2017,ALB,Albacore,Thunnus alalunga,"Tunas, bonitos, billfishes",PISCES,58.2,A
Sri Lanka,2018,ALB,Albacore,Thunnus alalunga,"Tunas, bonitos, billfishes",PISCES,83.9,A
Sri Lanka,2019,ALB,Albacore,Thunnus alalunga,"Tunas, bonitos, billfishes",PISCES,31.5,A
Sri Lanka,2020,ALB,Albacore,Thunnus alalunga,"Tunas, bonitos, billfishes",PISCES,21.5,A
Sri Lanka,2021,ALB,Albacore,Thunnus alalunga,"Tunas, bonitos, billfishes",PISCES,17.0,A
Sri Lanka,2022,ALB,Albacore,Thunnus alalunga,"Tunas, bonitos, billfishes",PISCES,17.31,A
Sri Lanka,2023,ALB,Albacore,Thunnus alalunga,"Tunas, bonitos, billfishes",PISCES,787.566,A
Sri Lanka,2000,YFT,Yellowfin tuna,Thunnus albacares,"Tunas, bonitos, billfishes",PISCES,28217.0,A
Sri Lanka,2001,YFT,Yellowfin tuna,Thunnus albacares,"Tunas, bonitos, billfishes",PISCES,23856.0,A
Sri Lanka,2002,YFT,Yellowfin tuna,Thunnus albacares,"Tunas, bonitos, billfishes",PISCES,26049.0,A
Sri Lanka,2003,YFT,Yellowfin tuna,Thunnus albacares,"Tunas, bonitos, billfishes",PISCES,37678.0,A
Sri Lanka,2004,YFT,Yellowfin tuna,Thunnus albacares,"Tunas, bonitos, billfishes",PISCES,39628.0,A
Sri Lanka,2005,YFT,Yellowfin tuna,Thunnus albacares,"Tunas, bonitos, billfishes",PISCES,32826.0,A
Sri Lanka,2006,YFT,Yellowfin tuna,Thunnus albacares,"Tunas, bonitos, billfishes",PISCES,38915.0,A
Sri Lanka,2007,YFT,Yellowfin tuna,Thunnus albacares,"Tunas, bonitos, billfishes",PISCES,32571.0,A
Sri Lanka,2008,YFT,Yellowfin tuna,Thunnus albacares,"Tunas, bonitos, billfishes",PISCES,32139.0,A
Sri Lanka,2009,YFT,Yellowfin tuna,Thunnus albacares,"Tunas, bonitos, billfishes",PISCES,34587.0,A
Sri Lanka,2010,YFT,Yellowfin tuna,Thunnus albacares,"Tunas, bonitos, billfishes",PISCES,39949.0,A
Sri Lanka,2011,YFT,Yellowfin tuna,Thunnus albacares,"Tunas, bonitos, billfishes",PISCES,30215.074,A
Sri Lanka,2012,YFT,Yellowfin tuna,Thunnus albacares,"Tunas, bonitos, billfishes",PISCES,37519.664,A
Sri Lanka,2013,YFT,Yellowfin tuna,Thunnus albacares,"Tunas, bonitos, billfishes",PISCES,32231.349,A
Sri Lanka,2014,YFT,Yellowfin tuna,Thunnus albacares,"Tunas, bonitos, billfishes",PISCES,35421.738,A
Sri Lanka,2015,YFT,Yellowfin tuna,Thunnus albacares,"Tunas, bonitos, billfishes",PISCES,25885.33,A
Sri Lanka,2016,YFT,Yellowfin tuna,Thunnus albacares,"Tunas, bonitos, billfishes",PISCES,27074.788,A
Sri Lanka,2017,YFT,Yellowfin tuna,Thunnus albacares,"Tunas, bonitos, billfishes",PISCES,31427.799,A
Sri Lanka,2018,YFT,Yellowfin tuna,Thunnus albacares,"Tunas, bonitos, billfishes",PISCES,36138.501,A
Sri Lanka,2019,YFT,Yellowfin tuna,Thunnus albacares,"Tunas, bonitos, billfishes",PISCES,36259.401,A
Sri Lanka,2020,YFT,Yellowfin tuna,Thunnus albacares,"Tunas, bonitos, billfishes",PISCES,30529.67,A
Sri Lanka,2021,YFT,Yellowfin tuna,Thunnus albacares,"Tunas, bonitos, billfishes",PISCES,26381.037,A
Sri Lanka,2022,YFT,Yellowfin tuna,Thunnus albacares,"Tunas, bonitos, billfishes",PISCES,25144.93,A
Sri Lanka,2023,YFT,Yellowfin tuna,Thunnus albacares,"Tunas, bonitos, billfishes",PISCES,20434.824,A
Sri Lanka,2000,BET,Bigeye tuna,Thunnus obesus,"Tunas, bonitos, billfishes",PISCES,1576.0,A
Sri Lanka,2001,BET,Bigeye tuna,Thunnus obesus,"Tunas, bonitos, billfishes",PISCES,1424.0,A
Sri Lanka,2002,BET,Bigeye tuna,Thunnus obesus,"Tunas, bonitos, billfishes",PISCES,1500.0,A
Sri Lanka,2003,BET,Bigeye tuna,Thunnus obesus,"Tunas, bonitos, billfishes",PISCES,2122.0,A
Sri Lanka,2004,BET,Bigeye tuna,Thunnus obesus,"Tunas, bonitos, billfishes",PISCES,2101.0,A
Sri Lanka,2005,BET,Bigeye tuna,Thunnus obesus,"Tunas, bonitos, billfishes",PISCES,1613.0,A
Sri Lanka,2006,BET,Bigeye tuna,Thunnus obesus,"Tunas, bonitos, billfishes",PISCES,1817.0,A
Sri Lanka,2007,BET,Bigeye tuna,Thunnus obesus,"Tunas, bonitos, billfishes",PISCES,1842.0,A
Sri Lanka,2008,BET,Bigeye tuna,Thunnus obesus,"Tunas, bonitos, billfishes",PISCES,1779.0,A
Sri Lanka,2009,BET,Bigeye tuna,Thunnus obesus,"Tunas, bonitos, billfishes",PISCES,1627.0,A
Sri Lanka,2010,BET,Bigeye tuna,Thunnus obesus,"Tunas, bonitos, billfishes",PISCES,2145.0,A
Sri Lanka,2011,BET,Bigeye tuna,Thunnus obesus,"Tunas, bonitos, billfishes",PISCES,2446.065,A
Sri Lanka,2012,BET,Bigeye tuna,Thunnus obesus,"Tunas, bonitos, billfishes",PISCES,2613.941,A
Sri Lanka,2013,BET,Bigeye tuna,Thunnus obesus,"Tunas, bonitos, billfishes",PISCES,2404.557,A
Sri Lanka,2014,BET,Bigeye tuna,Thunnus obesus,"Tunas, bonitos, billfishes",PISCES,2285.933,A
Sri Lanka,2015,BET,Bigeye tuna,Thunnus obesus,"Tunas, bonitos, billfishes",PISCES,3314.349,A
Sri Lanka,2016,BET,Bigeye tuna,Thunnus obesus,"Tunas, bonitos, billfishes",PISCES,3823.865,A
Sri Lanka,2017,BET,Bigeye tuna,Thunnus obesus,"Tunas, bonitos, billfishes",PISCES,3927.332,A
Sri Lanka,2018,BET,Bigeye tuna,Thunnus obesus,"Tunas, bonitos, billfishes",PISCES,2873.0,A
Sri Lanka,2019,BET,Bigeye tuna,Thunnus obesus,"Tunas, bonitos, billfishes",PISCES,3246.4,A
Sri Lanka,2020,BET,Bigeye tuna,Thunnus obesus,"Tunas, bonitos, billfishes",PISCES,3149.62,A
Sri Lanka,2021,BET,Bigeye tuna,Thunnus obesus,"Tunas, bonitos, billfishes",PISCES,3256.024,A
Sri Lanka,2022,BET,Bigeye tuna,Thunnus obesus,"Tunas, bonitos, billfishes",PISCES,3283.599,A
Sri Lanka,2023,BET,Bigeye tuna,Thunnus obesus,"Tunas, bonitos, billfishes",PISCES,3450.358,A
Sri Lanka,2000,LOT,Longtail tuna,Thunnus tonggol,"Tunas, bonitos, billfishes",PISCES,0.0,A
Sri Lanka,2001,LOT,Longtail tuna,Thunnus tonggol,"Tunas, bonitos, billfishes",PISCES,0.0,A
Sri Lanka,2002,LOT,Longtail tuna,Thunnus tonggol,"Tunas, bonitos, billfishes",PISCES,0.0,A
Sri Lanka,2003,LOT,Longtail tuna,Thunnus tonggol,"Tunas, bonitos, billfishes",PISCES,0.0,A
Sri Lanka,2004,LOT,Longtail tuna,Thunnus tonggol,"Tunas, bonitos, billfishes",PISCES,0.0,A
Sri Lanka,2005,LOT,Longtail tuna,Thunnus tonggol,"Tunas, bonitos, billfishes",PISCES,0.0,A
Sri Lanka,2006,LOT,Longtail tuna,Thunnus tonggol,"Tunas, bonitos, billfishes",PISCES,0.0,A
Sri Lanka,2007,LOT,Longtail tuna,Thunnus tonggol,"Tunas, bonitos, billfishes",PISCES,0.0,A
Sri Lanka,2008,LOT,Longtail tuna,Thunnus tonggol,"Tunas, bonitos, billfishes",PISCES,0.0,A
Sri Lanka,2009,LOT,Longtail tuna,Thunnus tonggol,"Tunas, bonitos, billfishes",PISCES,0.0,A
Sri Lanka,2010,LOT,Longtail tuna,Thunnus tonggol,"Tunas, bonitos, billfishes",PISCES,0.0,A
Sri Lanka,2011,LOT,Longtail tuna,Thunnus tonggol,"Tunas, bonitos, billfishes",PISCES,0.0,A
Sri Lanka,2012,LOT,Longtail tuna,Thunnus tonggol,"Tunas, bonitos, billfishes",PISCES,0.0,A
Sri Lanka,2013,LOT,Longtail tuna,Thunnus tonggol,"Tunas, bonitos, billfishes",PISCES,0.0,A
Sri Lanka,2014,LOT,Longtail tuna,Thunnus tonggol,"Tunas, bonitos, billfishes",PISCES,0.0,A
Sri Lanka,2015,LOT,Longtail tuna,Thunnus tonggol,"Tunas, bonitos, billfishes",PISCES,0.0,A
Sri Lanka,2016,LOT,Longtail tuna,Thunnus tonggol,"Tunas, bonitos, billfishes",PISCES,0.0,A
Sri Lanka,2017,LOT,Longtail tuna,Thunnus tonggol,"Tunas, bonitos, billfishes",PISCES,12.8,A
Sri Lanka,2018,LOT,Longtail tuna,Thunnus tonggol,"Tunas, bonitos, billfishes",PISCES,4.4,A
Sri Lanka,2019,LOT,Longtail tuna,Thunnus tonggol,"Tunas, bonitos, billfishes",PISCES,4.9,A
Sri Lanka,2020,LOT,Longtail tuna,Thunnus tonggol,"Tunas, bonitos, billfishes",PISCES,1.7,A
Sri Lanka,2021,LOT,Longtail tuna,Thunnus tonggol,"Tunas, bonitos, billfishes",PISCES,39.979,A
Sri Lanka,2022,LOT,Longtail tuna,Thunnus tonggol,"Tunas, bonitos, billfishes",PISCES,67.377,A
Sri Lanka,2023,LOT,Longtail tuna,Thunnus tonggol,"Tunas, bonitos, billfishes",PISCES,143.198,A
Sri Lanka,2000,SWO,Swordfish,Xiphias gladius,"Tunas, bonitos, billfishes",PISCES,3440.0,A
Sri Lanka,2001,SWO,Swordfish,Xiphias gladius,"Tunas, bonitos, billfishes",PISCES,3217.0,A
Sri Lanka,2002,SWO,Swordfish,Xiphias gladius,"Tunas, bonitos, billfishes",PISCES,2510.0,A
Sri Lanka,2003,SWO,Swordfish,Xiphias gladius,"Tunas, bonitos, billfishes",PISCES,2579.0,A
Sri Lanka,2004,SWO,Swordfish,Xiphias gladius,"Tunas, bonitos, billfishes",PISCES,3592.0,A
Sri Lanka,2005,SWO,Swordfish,Xiphias gladius,"Tunas, bonitos, billfishes",PISCES,2363.0,A
Sri Lanka,2006,SWO,Swordfish,Xiphias gladius,"Tunas, bonitos, billfishes",PISCES,2868.0,A
Sri Lanka,2007,SWO,Swordfish,Xiphias gladius,"Tunas, bonitos, billfishes",PISCES,3225.0,A
Sri Lanka,2008,SWO,Swordfish,Xiphias gladius,"Tunas, bonitos, billfishes",PISCES,3193.0,A
Sri Lanka,2009,SWO,Swordfish,Xiphias gladius,"Tunas, bonitos, billfishes",PISCES,3176.0,A
Sri Lanka,2010,SWO,Swordfish,Xiphias gladius,"Tunas, bonitos, billfishes",PISCES,3161.0,A
Sri Lanka,2011,SWO,Swordfish,Xiphias gladius,"Tunas, bonitos, billfishes",PISCES,3674.829,A
Sri Lanka,2012,SWO,Swordfish,Xiphias gladius,"Tunas, bonitos, billfishes",PISCES,3845.187,A
Sri Lanka,2013,SWO,Swordfish,Xiphias gladius,"Tunas, bonitos, billfishes",PISCES,5536.571,A
Sri Lanka,2014,SWO,Swordfish,Xiphias gladius,"Tunas, bonitos, billfishes",PISCES,3073.055,A
Sri Lanka,2015,SWO,Swordfish,Xiphias gladius,"Tunas, bonitos, billfishes",PISCES,3753.734,A
Sri Lanka,2016,SWO,Swordfish,Xiphias gladius,"Tunas, bonitos, billfishes",PISCES,2875.376,A
Sri Lanka,2017,SWO,Swordfish,Xiphias gladius,"Tunas, bonitos, billfishes",PISCES,7167.871,A
Sri Lanka,2018,SWO,Swordfish,Xiphias gladius,"Tunas, bonitos, billfishes",PISCES,7989.6,A
Sri Lanka,2019,SWO,Swordfish,Xiphias gladius,"Tunas, bonitos, billfishes",PISCES,9880.0,A
Sri Lanka,2020,SWO,Swordfish,Xiphias gladius,"Tunas, bonitos, billfishes",PISCES,8244.83,A
Sri Lanka,2021,SWO,Swordfish,Xiphias gladius,"Tunas, bonitos, billfishes",PISCES,4684.9,A
Sri Lanka,2022,SWO,Swordfish,Xiphias gladius,"Tunas, bonitos, billfishes",PISCES,2815.9,A
Sri Lanka,2023,SWO,Swordfish,Xiphias gladius,"Tunas, bonitos, billfishes",PISCES,4860.183,A
Sri Lanka,2000,BIL,"Marlins,sailfishes,etc. NEI",Istiophoridae,"Tunas, bonitos, billfishes",PISCES,0.0,A
Sri Lanka,2001,BIL,"Marlins,sailfishes,etc. NEI",Istiophoridae,"Tunas, bonitos, billfishes",PISCES,0.0,A
Sri Lanka,2002,BIL,"Marlins,sailfishes,etc. NEI",Istiophoridae,"Tunas, bonitos, billfishes",PISCES,0.0,A
Sri Lanka,2003,BIL,"Marlins,sailfishes,etc. NEI",Istiophoridae,"Tunas, bonitos, billfishes",PISCES,0.0,A
Sri Lanka,2004,BIL,"Marlins,sailfishes,etc. NEI",Istiophoridae,"Tunas, bonitos, billfishes",PISCES,0.0,A
Sri Lanka,2005,BIL,"Marlins,sailfishes,etc. NEI",Istiophoridae,"Tunas, bonitos, billfishes",PISCES,0.0,A
Sri Lanka,2006,BIL,"Marlins,sailfishes,etc. NEI",Istiophoridae,"Tunas, bonitos, billfishes",PISCES,0.0,A
Sri Lanka,2007,BIL,"Marlins,sailfishes,etc. NEI",Istiophoridae,"Tunas, bonitos, billfishes",PISCES,3.0,A
Sri Lanka,2008,BIL,"Marlins,sailfishes,etc. NEI",Istiophoridae,"Tunas, bonitos, billfishes",PISCES,0.0,A
Sri Lanka,2009,BIL,"Marlins,sailfishes,etc. NEI",Istiophoridae,"Tunas, bonitos, billfishes",PISCES,0.0,A
Sri Lanka,2010,BIL,"Marlins,sailfishes,etc. NEI",Istiophoridae,"Tunas, bonitos, billfishes",PISCES,0.0,A
Sri Lanka,2011,BIL,"Marlins,sailfishes,etc. NEI",Istiophoridae,"Tunas, bonitos, billfishes",PISCES,0.0,A
Sri Lanka,2012,BIL,"Marlins,sailfishes,etc. NEI",Istiophoridae,"Tunas, bonitos, billfishes",PISCES,0.0,A
Sri Lanka,2013,BIL,"Marlins,sailfishes,etc. NEI",Istiophoridae,"Tunas, bonitos, billfishes",PISCES,121.0,A
Sri Lanka,2014,BIL,"Marlins,sailfishes,etc. NEI",Istiophoridae,"Tunas, bonitos, billfishes",PISCES,315.0,A
Sri Lanka,2015,BIL,"Marlins,sailfishes,etc. NEI",Istiophoridae,"Tunas, bonitos, billfishes",PISCES,239.0,A
Sri Lanka,2016,BIL,"Marlins,sailfishes,etc. NEI",Istiophoridae,"Tunas, bonitos, billfishes",PISCES,155.0,A
Sri Lanka,2017,BIL,"Marlins,sailfishes,etc. NEI",Istiophoridae,"Tunas, bonitos, billfishes",PISCES,93.0,A
Sri Lanka,2018,BIL,"Marlins,sailfishes,etc. NEI",Istiophoridae,"Tunas, bonitos, billfishes",PISCES,68.0,A
Sri Lanka,2019,BIL,"Marlins,sailfishes,etc. NEI",Istiophoridae,"Tunas, bonitos, billfishes",PISCES,65.3,A
Sri Lanka,2020,BIL,"Marlins,sailfishes,etc. NEI",Istiophoridae,"Tunas, bonitos, billfishes",PISCES,234.6,A
Sri Lanka,2021,BIL,"Marlins,sailfishes,etc. NEI",Istiophoridae,"Tunas, bonitos, billfishes",PISCES,2320.4,A
Sri Lanka,2022,BIL,"Marlins,sailfishes,etc. NEI",Istiophoridae,"Tunas, bonitos, billfishes",PISCES,1630.0,A
Sri Lanka,2023,BIL,"Marlins,sailfishes,etc. NEI",Istiophoridae,"Tunas, bonitos, billfishes",PISCES,2445.3,A
Sri Lanka,2000,BLM,Black marlin,Istiompax indica,"Tunas, bonitos, billfishes",PISCES,4224.0,A
Sri Lanka,2001,BLM,Black marlin,Istiompax indica,"Tunas, bonitos, billfishes",PISCES,3949.0,A
Sri Lanka,2002,BLM,Black marlin,Istiompax indica,"Tunas, bonitos, billfishes",PISCES,3083.0,A
Sri Lanka,2003,BLM,Black marlin,Istiompax indica,"Tunas, bonitos, billfishes",PISCES,3172.0,A
Sri Lanka,2004,BLM,Black marlin,Istiompax indica,"Tunas, bonitos, billfishes",PISCES,4413.0,A
Sri Lanka,2005,BLM,Black marlin,Istiompax indica,"Tunas, bonitos, billfishes",PISCES,2905.0,A
Sri Lanka,2006,BLM,Black marlin,Istiompax indica,"Tunas, bonitos, billfishes",PISCES,3523.0,A
Sri Lanka,2007,BLM,Black marlin,Istiompax indica,"Tunas, bonitos, billfishes",PISCES,3961.0,A
Sri Lanka,2008,BLM,Black marlin,Istiompax indica,"Tunas, bonitos, billfishes",PISCES,3920.0,A
Sri Lanka,2009,BLM,Black marlin,Istiompax indica,"Tunas, bonitos, billfishes",PISCES,3898.0,A
Sri Lanka,2010,BLM,Black marlin,Istiompax indica,"Tunas, bonitos, billfishes",PISCES,3882.0,A
Sri Lanka,2011,BLM,Black marlin,Istiompax indica,"Tunas, bonitos, billfishes",PISCES,4510.161,A
Sri Lanka,2012,BLM,Black marlin,Istiompax indica,"Tunas, bonitos, billfishes",PISCES,3062.893,A
Sri Lanka,2013,BLM,Black marlin,Istiompax indica,"Tunas, bonitos, billfishes",PISCES,2359.849,A
Sri Lanka,2014,BLM,Black marlin,Istiompax indica,"Tunas, bonitos, billfishes",PISCES,2675.364,A
Sri Lanka,2015,BLM,Black marlin,Istiompax indica,"Tunas, bonitos, billfishes",PISCES,2750.586,A
Sri Lanka,2016,BLM,Black marlin,Istiompax indica,"Tunas, bonitos, billfishes",PISCES,2745.968,A
Sri Lanka,2017,BLM,Black marlin,Istiompax indica,"Tunas, bonitos, billfishes",PISCES,3088.438,A
Sri Lanka,2018,BLM,Black marlin,Istiompax indica,"Tunas, bonitos, billfishes",PISCES,3387.244,A
Sri Lanka,2019,BLM,Black marlin,Istiompax indica,"Tunas, bonitos, billfishes",PISCES,2272.103,A
Sri Lanka,2020,BLM,Black marlin,Istiompax indica,"Tunas, bonitos, billfishes",PISCES,1051.831,A
Sri Lanka,2021,BLM,Black marlin,Istiompax indica,"Tunas, bonitos, billfishes",PISCES,1023.729,A
Sri Lanka,2022,BLM,Black marlin,Istiompax indica,"Tunas, bonitos, billfishes",PISCES,1032.825,A
Sri Lanka,2023,BLM,Black marlin,Istiompax indica,"Tunas, bonitos, billfishes",PISCES,1909.55,A
Sri Lanka,2000,SFA,Indo-Pacific sailfish,Istiophorus platypterus,"Tunas, bonitos, billfishes",PISCES,4386.0,A
Sri Lanka,2001,SFA,Indo-Pacific sailfish,Istiophorus platypterus,"Tunas, bonitos, billfishes",PISCES,4101.0,A
Sri Lanka,2002,SFA,Indo-Pacific sailfish,Istiophorus platypterus,"Tunas, bonitos, billfishes",PISCES,3203.0,A
Sri Lanka,2003,SFA,Indo-Pacific sailfish,Istiophorus platypterus,"Tunas, bonitos, billfishes",PISCES,3294.0,A
Sri Lanka,2004,SFA,Indo-Pacific sailfish,Istiophorus platypterus,"Tunas, bonitos, billfishes",PISCES,4584.0,A
Sri Lanka,2005,SFA,Indo-Pacific sailfish,Istiophorus platypterus,"Tunas, bonitos, billfishes",PISCES,3016.0,A
Sri Lanka,2006,SFA,Indo-Pacific sailfish,Istiophorus platypterus,"Tunas, bonitos, billfishes",PISCES,3659.0,A
Sri Lanka,2007,SFA,Indo-Pacific sailfish,Istiophorus platypterus,"Tunas, bonitos, billfishes",PISCES,4118.0,A
Sri Lanka,2008,SFA,Indo-Pacific sailfish,Istiophorus platypterus,"Tunas, bonitos, billfishes",PISCES,4072.0,A
Sri Lanka,2009,SFA,Indo-Pacific sailfish,Istiophorus platypterus,"Tunas, bonitos, billfishes",PISCES,4049.0,A
Sri Lanka,2010,SFA,Indo-Pacific sailfish,Istiophorus platypterus,"Tunas, bonitos, billfishes",PISCES,4031.0,A
Sri Lanka,2011,SFA,Indo-Pacific sailfish,Istiophorus platypterus,"Tunas, bonitos, billfishes",PISCES,4685.126,A
Sri Lanka,2012,SFA,Indo-Pacific sailfish,Istiophorus platypterus,"Tunas, bonitos, billfishes",PISCES,3085.633,A
Sri Lanka,2013,SFA,Indo-Pacific sailfish,Istiophorus platypterus,"Tunas, bonitos, billfishes",PISCES,4202.539,A
Sri Lanka,2014,SFA,Indo-Pacific sailfish,Istiophorus platypterus,"Tunas, bonitos, billfishes",PISCES,2203.601,A
Sri Lanka,2015,SFA,Indo-Pacific sailfish,Istiophorus platypterus,"Tunas, bonitos, billfishes",PISCES,1691.546,A
Sri Lanka,2016,SFA,Indo-Pacific sailfish,Istiophorus platypterus,"Tunas, bonitos, billfishes",PISCES,1209.674,A
Sri Lanka,2017,SFA,Indo-Pacific sailfish,Istiophorus platypterus,"Tunas, bonitos, billfishes",PISCES,2611.328,A
Sri Lanka,2018,SFA,Indo-Pacific sailfish,Istiophorus platypterus,"Tunas, bonitos, billfishes",PISCES,2434.6,A
Sri Lanka,2019,SFA,Indo-Pacific sailfish,Istiophorus platypterus,"Tunas, bonitos, billfishes",PISCES,2559.4,A
Sri Lanka,2020,SFA,Indo-Pacific sailfish,Istiophorus platypterus,"Tunas, bonitos, billfishes",PISCES,1864.06,A
Sri Lanka,2021,SFA,Indo-Pacific sailfish,Istiophorus platypterus,"Tunas, bonitos, billfishes",PISCES,1245.7,A
Sri Lanka,2022,SFA,Indo-Pacific sailfish,Istiophorus platypterus,"Tunas, bonitos, billfishes",PISCES,1116.3,A
Sri Lanka,2023,SFA,Indo-Pacific sailfish,Istiophorus platypterus,"Tunas, bonitos, billfishes",PISCES,1778.135,A
Sri Lanka,2000,MLS,Striped marlin,Kajikia audax,"Tunas, bonitos, billfishes",PISCES,0.0,A
Sri Lanka,2001,MLS,Striped marlin,Kajikia audax,"Tunas, bonitos, billfishes",PISCES,0.0,A
Sri Lanka,2002,MLS,Striped marlin,Kajikia audax,"Tunas, bonitos, billfishes",PISCES,0.0,A
Sri Lanka,2003,MLS,Striped marlin,Kajikia audax,"Tunas, bonitos, billfishes",PISCES,0.0,A
Sri Lanka,2004,MLS,Striped marlin,Kajikia audax,"Tunas, bonitos, billfishes",PISCES,0.0,A
Sri Lanka,2005,MLS,Striped marlin,Kajikia audax,"Tunas, bonitos, billfishes",PISCES,0.0,A
Sri Lanka,2006,MLS,Striped marlin,Kajikia audax,"Tunas, bonitos, billfishes",PISCES,0.0,A
Sri Lanka,2007,MLS,Striped marlin,Kajikia audax,"Tunas, bonitos, billfishes",PISCES,2.0,A
Sri Lanka,2008,MLS,Striped marlin,Kajikia audax,"Tunas, bonitos, billfishes",PISCES,0.0,A
Sri Lanka,2009,MLS,Striped marlin,Kajikia audax,"Tunas, bonitos, billfishes",PISCES,0.0,A
Sri Lanka,2010,MLS,Striped marlin,Kajikia audax,"Tunas, bonitos, billfishes",PISCES,0.0,A
Sri Lanka,2011,MLS,Striped marlin,Kajikia audax,"Tunas, bonitos, billfishes",PISCES,0.0,A
Sri Lanka,2012,MLS,Striped marlin,Kajikia audax,"Tunas, bonitos, billfishes",PISCES,31.04,A
Sri Lanka,2013,MLS,Striped marlin,Kajikia audax,"Tunas, bonitos, billfishes",PISCES,55.02,A
Sri Lanka,2014,MLS,Striped marlin,Kajikia audax,"Tunas, bonitos, billfishes",PISCES,6.447,A
Sri Lanka,2015,MLS,Striped marlin,Kajikia audax,"Tunas, bonitos, billfishes",PISCES,6.092,A
Sri Lanka,2016,MLS,Striped marlin,Kajikia audax,"Tunas, bonitos, billfishes",PISCES,8.442,A
Sri Lanka,2017,MLS,Striped marlin,Kajikia audax,"Tunas, bonitos, billfishes",PISCES,72.312,A
Sri Lanka,2018,MLS,Striped marlin,Kajikia audax,"Tunas, bonitos, billfishes",PISCES,49.671,A
Sri Lanka,2019,MLS,Striped marlin,Kajikia audax,"Tunas, bonitos, billfishes",PISCES,20.769,A
Sri Lanka,2020,MLS,Striped marlin,Kajikia audax,"Tunas, bonitos, billfishes",PISCES,99.397,A
Sri Lanka,2021,MLS,Striped marlin,Kajikia audax,"Tunas, bonitos, billfishes",PISCES,99.842,A
Sri Lanka,2022,MLS,Striped marlin,Kajikia audax,"Tunas, bonitos, billfishes",PISCES,106.584,A
Sri Lanka,2023,MLS,Striped marlin,Kajikia audax,"Tunas, bonitos, billfishes",PISCES,757.431,A
Sri Lanka,2000,BUM,Blue marlin,Makaira nigricans,"Tunas, bonitos, billfishes",PISCES,1121.0,A
Sri Lanka,2001,BUM,Blue marlin,Makaira nigricans,"Tunas, bonitos, billfishes",PISCES,1049.0,A
Sri Lanka,2002,BUM,Blue marlin,Makaira nigricans,"Tunas, bonitos, billfishes",PISCES,819.0,A
Sri Lanka,2003,BUM,Blue marlin,Makaira nigricans,"Tunas, bonitos, billfishes",PISCES,843.0,A
Sri Lanka,2004,BUM,Blue marlin,Makaira nigricans,"Tunas, bonitos, billfishes",PISCES,1172.0,A
Sri Lanka,2005,BUM,Blue marlin,Makaira nigricans,"Tunas, bonitos, billfishes",PISCES,772.0,A
Sri Lanka,2006,BUM,Blue marlin,Makaira nigricans,"Tunas, bonitos, billfishes",PISCES,935.0,A
Sri Lanka,2007,BUM,Blue marlin,Makaira nigricans,"Tunas, bonitos, billfishes",PISCES,1061.0,A
Sri Lanka,2008,BUM,Blue marlin,Makaira nigricans,"Tunas, bonitos, billfishes",PISCES,1041.0,A
Sri Lanka,2009,BUM,Blue marlin,Makaira nigricans,"Tunas, bonitos, billfishes",PISCES,1036.0,A
Sri Lanka,2010,BUM,Blue marlin,Makaira nigricans,"Tunas, bonitos, billfishes",PISCES,1031.0,A
Sri Lanka,2011,BUM,Blue marlin,Makaira nigricans,"Tunas, bonitos, billfishes",PISCES,1197.196,A
Sri Lanka,2012,BUM,Blue marlin,Makaira nigricans,"Tunas, bonitos, billfishes",PISCES,1821.373,A
Sri Lanka,2013,BUM,Blue marlin,Makaira nigricans,"Tunas, bonitos, billfishes",PISCES,671.033,A
Sri Lanka,2014,BUM,Blue marlin,Makaira nigricans,"Tunas, bonitos, billfishes",PISCES,306.854,A
Sri Lanka,2015,BUM,Blue marlin,Makaira nigricans,"Tunas, bonitos, billfishes",PISCES,509.238,A
Sri Lanka,2016,BUM,Blue marlin,Makaira nigricans,"Tunas, bonitos, billfishes",PISCES,608.492,A
Sri Lanka,2017,BUM,Blue marlin,Makaira nigricans,"Tunas, bonitos, billfishes",PISCES,2350.618,A
Sri Lanka,2018,BUM,Blue marlin,Makaira nigricans,"Tunas, bonitos, billfishes",PISCES,1991.885,A
Sri Lanka,2019,BUM,Blue marlin,Makaira nigricans,"Tunas, bonitos, billfishes",PISCES,1352.328,A
Sri Lanka,2020,BUM,Blue marlin,Makaira nigricans,"Tunas, bonitos, billfishes",PISCES,1212.852,A
Sri Lanka,2021,BUM,Blue marlin,Makaira nigricans,"Tunas, bonitos, billfishes",PISCES,965.729,A
Sri Lanka,2022,BUM,Blue marlin,Makaira nigricans,"Tunas, bonitos, billfishes",PISCES,598.29,A
Sri Lanka,2023,BUM,Blue marlin,Makaira nigricans,"Tunas, bonitos, billfishes",PISCES,1705.753,A
Sri Lanka,2023,SSP,Shortbill spearfish,Tetrapturus angustirostris,"Tunas, bonitos, billfishes",PISCES,16.3,A
Sri Lanka,2000,MAX,Mackerels NEI,Scombridae,Miscellaneous pelagic fishes,PISCES,22180.0,A
Sri Lanka,2001,MAX,Mackerels NEI,Scombridae,Miscellaneous pelagic fishes,PISCES,16760.0,A
Sri Lanka,2002,MAX,Mackerels NEI,Scombridae,Miscellaneous pelagic fishes,PISCES,17250.0,A
Sri Lanka,2003,MAX,Mackerels NEI,Scombridae,Miscellaneous pelagic fishes,PISCES,17760.0,A
Sri Lanka,2004,MAX,Mackerels NEI,Scombridae,Miscellaneous pelagic fishes,PISCES,18440.0,A
Sri Lanka,2005,MAX,Mackerels NEI,Scombridae,Miscellaneous pelagic fishes,PISCES,9680.0,A
Sri Lanka,2006,MAX,Mackerels NEI,Scombridae,Miscellaneous pelagic fishes,PISCES,15570.0,A
Sri Lanka,2007,MAX,Mackerels NEI,Scombridae,Miscellaneous pelagic fishes,PISCES,16290.0,A
Sri Lanka,2008,MAX,Mackerels NEI,Scombridae,Miscellaneous pelagic fishes,PISCES,18260.0,A
Sri Lanka,2009,MAX,Mackerels NEI,Scombridae,Miscellaneous pelagic fishes,PISCES,19380.0,A
Sri Lanka,2010,MAX,Mackerels NEI,Scombridae,Miscellaneous pelagic fishes,PISCES,24890.0,A
Sri Lanka,2011,MAX,Mackerels NEI,Scombridae,Miscellaneous pelagic fishes,PISCES,30860.0,A
Sri Lanka,2012,MAX,Mackerels NEI,Scombridae,Miscellaneous pelagic fishes,PISCES,36410.0,A
Sri Lanka,2013,MAX,Mackerels NEI,Scombridae,Miscellaneous pelagic fishes,PISCES,38940.0,A
Sri Lanka,2014,MAX,Mackerels NEI,Scombridae,Miscellaneous pelagic fishes,PISCES,35422.0,A
Sri Lanka,2015,MAX,Mackerels NEI,Scombridae,Miscellaneous pelagic fishes,PISCES,30678.0,A
Sri Lanka,2016,MAX,Mackerels NEI,Scombridae,Miscellaneous pelagic fishes,PISCES,36375.0,A
Sri Lanka,2017,MAX,Mackerels NEI,Scombridae,Miscellaneous pelagic fishes,PISCES,32893.0,A
Sri Lanka,2018,MAX,Mackerels NEI,Scombridae,Miscellaneous pelagic fishes,PISCES,45722.0,A
Sri Lanka,2019,MAX,Mackerels NEI,Scombridae,Miscellaneous pelagic fishes,PISCES,39223.7,A
Sri Lanka,2020,MAX,Mackerels NEI,Scombridae,Miscellaneous pelagic fishes,PISCES,33438.7,A
Sri Lanka,2021,MAX,Mackerels NEI,Scombridae,Miscellaneous pelagic fishes,PISCES,21448.0,A
Sri Lanka,2022,MAX,Mackerels NEI,Scombridae,Miscellaneous pelagic fishes,PISCES,13298.524,A
Sri Lanka,2023,MAX,Mackerels NEI,Scombridae,Miscellaneous pelagic fishes,PISCES,8616.1,A
Sri Lanka,2000,CGX,Carangids NEI,Carangidae,Miscellaneous pelagic fishes,PISCES,10450.0,A
Sri Lanka,2001,CGX,Carangids NEI,Carangidae,Miscellaneous pelagic fishes,PISCES,9950.0,A
Sri Lanka,2002,CGX,Carangids NEI,Carangidae,Miscellaneous pelagic fishes,PISCES,10760.0,A
Sri Lanka,2003,CGX,Carangids NEI,Carangidae,Miscellaneous pelagic fishes,PISCES,14940.0,A
Sri Lanka,2004,CGX,Carangids NEI,Carangidae,Miscellaneous pelagic fishes,PISCES,13580.0,A
Sri Lanka,2005,CGX,Carangids NEI,Carangidae,Miscellaneous pelagic fishes,PISCES,5950.0,A
Sri Lanka,2006,CGX,Carangids NEI,Carangidae,Miscellaneous pelagic fishes,PISCES,9570.0,A
Sri Lanka,2007,CGX,Carangids NEI,Carangidae,Miscellaneous pelagic fishes,PISCES,11380.0,A
Sri Lanka,2008,CGX,Carangids NEI,Carangidae,Miscellaneous pelagic fishes,PISCES,11160.0,A
Sri Lanka,2009,CGX,Carangids NEI,Carangidae,Miscellaneous pelagic fishes,PISCES,13020.0,A
Sri Lanka,2010,CGX,Carangids NEI,Carangidae,Miscellaneous pelagic fishes,PISCES,17240.0,A
Sri Lanka,2011,CGX,Carangids NEI,Carangidae,Miscellaneous pelagic fishes,PISCES,18570.0,A
Sri Lanka,2012,CGX,Carangids NEI,Carangidae,Miscellaneous pelagic fishes,PISCES,24580.0,A
Sri Lanka,2013,CGX,Carangids NEI,Carangidae,Miscellaneous pelagic fishes,PISCES,26490.0,A
Sri Lanka,2014,CGX,Carangids NEI,Carangidae,Miscellaneous pelagic fishes,PISCES,19967.0,A
Sri Lanka,2015,CGX,Carangids NEI,Carangidae,Miscellaneous pelagic fishes,PISCES,34050.0,A
Sri Lanka,2016,CGX,Carangids NEI,Carangidae,Miscellaneous pelagic fishes,PISCES,32620.0,A
Sri Lanka,2017,CGX,Carangids NEI,Carangidae,Miscellaneous pelagic fishes,PISCES,23690.0,A
Sri Lanka,2018,CGX,Carangids NEI,Carangidae,Miscellaneous pelagic fishes,PISCES,22290.0,A
Sri Lanka,2019,CGX,Carangids NEI,Carangidae,Miscellaneous pelagic fishes,PISCES,21070.0,A
Sri Lanka,2020,CGX,Carangids NEI,Carangidae,Miscellaneous pelagic fishes,PISCES,13581.5,A
Sri Lanka,2021,CGX,Carangids NEI,Carangidae,Miscellaneous pelagic fishes,PISCES,12910.0,A
Sri Lanka,2022,CGX,Carangids NEI,Carangidae,Miscellaneous pelagic fishes,PISCES,9810.0,A
Sri Lanka,2023,CGX,Carangids NEI,Carangidae,Miscellaneous pelagic fishes,PISCES,11015.0,A
Sri Lanka,2011,SDX,Scads NEI,Decapterus spp,Miscellaneous pelagic fishes,PISCES,0.0,A
Sri Lanka,2012,SDX,Scads NEI,Decapterus spp,Miscellaneous pelagic fishes,PISCES,0.0,A
Sri Lanka,2013,SDX,Scads NEI,Decapterus spp,Miscellaneous pelagic fishes,PISCES,0.0,A
Sri Lanka,2014,SDX,Scads NEI,Decapterus spp,Miscellaneous pelagic fishes,PISCES,0.0,A
Sri Lanka,2015,SDX,Scads NEI,Decapterus spp,Miscellaneous pelagic fishes,PISCES,0.0,A
Sri Lanka,2016,SDX,Scads NEI,Decapterus spp,Miscellaneous pelagic fishes,PISCES,0.0,A
Sri Lanka,2017,SDX,Scads NEI,Decapterus spp,Miscellaneous pelagic fishes,PISCES,0.0,A
Sri Lanka,2018,SDX,Scads NEI,Decapterus spp,Miscellaneous pelagic fishes,PISCES,0.0,A
Sri Lanka,2019,SDX,Scads NEI,Decapterus spp,Miscellaneous pelagic fishes,PISCES,31349.0,A
Sri Lanka,2020,SDX,Scads NEI,Decapterus spp,Miscellaneous pelagic fishes,PISCES,27392.1,A
Sri Lanka,2021,SDX,Scads NEI,Decapterus spp,Miscellaneous pelagic fishes,PISCES,48208.9,A
Sri Lanka,2022,SDX,Scads NEI,Decapterus spp,Miscellaneous pelagic fishes,PISCES,44141.9,A
Sri Lanka,2023,SDX,Scads NEI,Decapterus spp,Miscellaneous pelagic fishes,PISCES,48231.7,A
Sri Lanka,2011,RRU,Rainbow runner,Elagatis bipinnulata,Miscellaneous pelagic fishes,PISCES,0.0,A
Sri Lanka,2012,RRU,Rainbow runner,Elagatis bipinnulata,Miscellaneous pelagic fishes,PISCES,0.0,A
Sri Lanka,2013,RRU,Rainbow runner,Elagatis bipinnulata,Miscellaneous pelagic fishes,PISCES,0.0,A
Sri Lanka,2014,RRU,Rainbow runner,Elagatis bipinnulata,Miscellaneous pelagic fishes,PISCES,0.0,A
Sri Lanka,2015,RRU,Rainbow runner,Elagatis bipinnulata,Miscellaneous pelagic fishes,PISCES,0.0,A
Sri Lanka,2016,RRU,Rainbow runner,Elagatis bipinnulata,Miscellaneous pelagic fishes,PISCES,0.0,A
Sri Lanka,2017,RRU,Rainbow runner,Elagatis bipinnulata,Miscellaneous pelagic fishes,PISCES,0.0,A
Sri Lanka,2018,RRU,Rainbow runner,Elagatis bipinnulata,Miscellaneous pelagic fishes,PISCES,0.0,A
Sri Lanka,2019,RRU,Rainbow runner,Elagatis bipinnulata,Miscellaneous pelagic fishes,PISCES,1757.2,A
Sri Lanka,2020,RRU,Rainbow runner,Elagatis bipinnulata,Miscellaneous pelagic fishes,PISCES,1604.6,A
Sri Lanka,2021,RRU,Rainbow runner,Elagatis bipinnulata,Miscellaneous pelagic fishes,PISCES,3730.4,A
Sri Lanka,2022,RRU,Rainbow runner,Elagatis bipinnulata,Miscellaneous pelagic fishes,PISCES,10117.1,A
Sri Lanka,2023,RRU,Rainbow runner,Elagatis bipinnulata,Miscellaneous pelagic fishes,PISCES,6692.0,A
Sri Lanka,2011,DOL,Common dolphinfish,Coryphaena hippurus,Miscellaneous pelagic fishes,PISCES,0.0,A
Sri Lanka,2012,DOL,Common dolphinfish,Coryphaena hippurus,Miscellaneous pelagic fishes,PISCES,0.0,A
Sri Lanka,2013,DOL,Common dolphinfish,Coryphaena hippurus,Miscellaneous pelagic fishes,PISCES,1204.83,A
Sri Lanka,2014,DOL,Common dolphinfish,Coryphaena hippurus,Miscellaneous pelagic fishes,PISCES,2418.913,A
Sri Lanka,2015,DOL,Common dolphinfish,Coryphaena hippurus,Miscellaneous pelagic fishes,PISCES,2107.45,A
Sri Lanka,2016,DOL,Common dolphinfish,Coryphaena hippurus,Miscellaneous pelagic fishes,PISCES,746.0,A
Sri Lanka,2017,DOL,Common dolphinfish,Coryphaena hippurus,Miscellaneous pelagic fishes,PISCES,1024.1,A
Sri Lanka,2018,DOL,Common dolphinfish,Coryphaena hippurus,Miscellaneous pelagic fishes,PISCES,550.1,A
Sri Lanka,2019,DOL,Common dolphinfish,Coryphaena hippurus,Miscellaneous pelagic fishes,PISCES,542.4,A
Sri Lanka,2020,DOL,Common dolphinfish,Coryphaena hippurus,Miscellaneous pelagic fishes,PISCES,257.37,A
Sri Lanka,2021,DOL,Common dolphinfish,Coryphaena hippurus,Miscellaneous pelagic fishes,PISCES,666.8,A
Sri Lanka,2022,DOL,Common dolphinfish,Coryphaena hippurus,Miscellaneous pelagic fishes,PISCES,346.5,A
Sri Lanka,2023,DOL,Common dolphinfish,Coryphaena hippurus,Miscellaneous pelagic fishes,PISCES,313.615,A
Sri Lanka,2000,THR,Thresher sharks NEI,Alopias spp,"Sharks, rays, chimaeras",PISCES,917.0,A
Sri Lanka,2001,THR,Thresher sharks NEI,Alopias spp,"Sharks, rays, chimaeras",PISCES,535.0,A
Sri Lanka,2002,THR,Thresher sharks NEI,Alopias spp,"Sharks, rays, chimaeras",PISCES,344.0,A
Sri Lanka,2003,THR,Thresher sharks NEI,Alopias spp,"Sharks, rays, chimaeras",PISCES,536.0,A
Sri Lanka,2004,THR,Thresher sharks NEI,Alopias spp,"Sharks, rays, chimaeras",PISCES,284.0,A
Sri Lanka,2005,THR,Thresher sharks NEI,Alopias spp,"Sharks, rays, chimaeras",PISCES,118.0,A
Sri Lanka,2006,THR,Thresher sharks NEI,Alopias spp,"Sharks, rays, chimaeras",PISCES,94.0,A
Sri Lanka,2007,THR,Thresher sharks NEI,Alopias spp,"Sharks, rays, chimaeras",PISCES,69.0,A
Sri Lanka,2008,THR,Thresher sharks NEI,Alopias spp,"Sharks, rays, chimaeras",PISCES,64.0,A
Sri Lanka,2009,THR,Thresher sharks NEI,Alopias spp,"Sharks, rays, chimaeras",PISCES,71.0,A
Sri Lanka,2010,THR,Thresher sharks NEI,Alopias spp,"Sharks, rays, chimaeras",PISCES,197.0,A
Sri Lanka,2011,THR,Thresher sharks NEI,Alopias spp,"Sharks, rays, chimaeras",PISCES,179.0,A
Sri Lanka,2012,THR,Thresher sharks NEI,Alopias spp,"Sharks, rays, chimaeras",PISCES,793.0,A
Sri Lanka,2013,THR,Thresher sharks NEI,Alopias spp,"Sharks, rays, chimaeras",PISCES,0.0,A
Sri Lanka,2014,THR,Thresher sharks NEI,Alopias spp,"Sharks, rays, chimaeras",PISCES,0.0,A
Sri Lanka,2015,THR,Thresher sharks NEI,Alopias spp,"Sharks, rays, chimaeras",PISCES,0.0,A
Sri Lanka,2016,THR,Thresher sharks NEI,Alopias spp,"Sharks, rays, chimaeras",PISCES,0.0,A
Sri Lanka,2017,THR,Thresher sharks NEI,Alopias spp,"Sharks, rays, chimaeras",PISCES,0.0,A
Sri Lanka,2018,THR,Thresher sharks NEI,Alopias spp,"Sharks, rays, chimaeras",PISCES,0.0,A
Sri Lanka,2019,THR,Thresher sharks NEI,Alopias spp,"Sharks, rays, chimaeras",PISCES,0.0,A
Sri Lanka,2020,THR,Thresher sharks NEI,Alopias spp,"Sharks, rays, chimaeras",PISCES,0.0,A
Sri Lanka,2021,THR,Thresher sharks NEI,Alopias spp,"Sharks, rays, chimaeras",PISCES,0.0,A
Sri Lanka,2022,THR,Thresher sharks NEI,Alopias spp,"Sharks, rays, chimaeras",PISCES,0.0,A
Sri Lanka,2023,THR,Thresher sharks NEI,Alopias spp,"Sharks, rays, chimaeras",PISCES,0.0,A
Sri Lanka,2011,MAK,Mako sharks,Isurus spp,"Sharks, rays, chimaeras",PISCES,0.0,A
Sri Lanka,2012,MAK,Mako sharks,Isurus spp,"Sharks, rays, chimaeras",PISCES,0.0,A
Sri Lanka,2013,MAK,Mako sharks,Isurus spp,"Sharks, rays, chimaeras",PISCES,0.0,A
Sri Lanka,2014,MAK,Mako sharks,Isurus spp,"Sharks, rays, chimaeras",PISCES,0.0,A
Sri Lanka,2015,MAK,Mako sharks,Isurus spp,"Sharks, rays, chimaeras",PISCES,0.0,A
Sri Lanka,2016,MAK,Mako sharks,Isurus spp,"Sharks, rays, chimaeras",PISCES,0.0,A
Sri Lanka,2017,MAK,Mako sharks,Isurus spp,"Sharks, rays, chimaeras",PISCES,0.0,A
Sri Lanka,2018,MAK,Mako sharks,Isurus spp,"Sharks, rays, chimaeras",PISCES,0.0,A
Sri Lanka,2019,MAK,Mako sharks,Isurus spp,"Sharks, rays, chimaeras",PISCES,0.0,A
Sri Lanka,2020,MAK,Mako sharks,Isurus spp,"Sharks, rays, chimaeras",PISCES,0.4,A
Sri Lanka,2021,MAK,Mako sharks,Isurus spp,"Sharks, rays, chimaeras",PISCES,17.7,A
Sri Lanka,2022,MAK,Mako sharks,Isurus spp,"Sharks, rays, chimaeras",PISCES,25.0,A
Sri Lanka,2023,MAK,Mako sharks,Isurus spp,"Sharks, rays, chimaeras",PISCES,53.2,A
Sri Lanka,2000,SMA,Shortfin mako,Isurus oxyrinchus,"Sharks, rays, chimaeras",PISCES,649.0,A
Sri Lanka,2001,SMA,Shortfin mako,Isurus oxyrinchus,"Sharks, rays, chimaeras",PISCES,378.0,A
Sri Lanka,2002,SMA,Shortfin mako,Isurus oxyrinchus,"Sharks, rays, chimaeras",PISCES,243.0,A
Sri Lanka,2003,SMA,Shortfin mako,Isurus oxyrinchus,"Sharks, rays, chimaeras",PISCES,379.0,A
Sri Lanka,2004,SMA,Shortfin mako,Isurus oxyrinchus,"Sharks, rays, chimaeras",PISCES,201.0,A
Sri Lanka,2005,SMA,Shortfin mako,Isurus oxyrinchus,"Sharks, rays, chimaeras",PISCES,83.0,A
Sri Lanka,2006,SMA,Shortfin mako,Isurus oxyrinchus,"Sharks, rays, chimaeras",PISCES,67.0,A
Sri Lanka,2007,SMA,Shortfin mako,Isurus oxyrinchus,"Sharks, rays, chimaeras",PISCES,49.0,A
Sri Lanka,2008,SMA,Shortfin mako,Isurus oxyrinchus,"Sharks, rays, chimaeras",PISCES,45.0,A
Sri Lanka,2009,SMA,Shortfin mako,Isurus oxyrinchus,"Sharks, rays, chimaeras",PISCES,51.0,A
Sri Lanka,2010,SMA,Shortfin mako,Isurus oxyrinchus,"Sharks, rays, chimaeras",PISCES,140.0,A
Sri Lanka,2011,SMA,Shortfin mako,Isurus oxyrinchus,"Sharks, rays, chimaeras",PISCES,126.0,A
Sri Lanka,2012,SMA,Shortfin mako,Isurus oxyrinchus,"Sharks, rays, chimaeras",PISCES,63.0,A
Sri Lanka,2013,SMA,Shortfin mako,Isurus oxyrinchus,"Sharks, rays, chimaeras",PISCES,56.0,A
Sri Lanka,2014,SMA,Shortfin mako,Isurus oxyrinchus,"Sharks, rays, chimaeras",PISCES,37.0,A
Sri Lanka,2015,SMA,Shortfin mako,Isurus oxyrinchus,"Sharks, rays, chimaeras",PISCES,41.0,A
Sri Lanka,2016,SMA,Shortfin mako,Isurus oxyrinchus,"Sharks, rays, chimaeras",PISCES,53.0,A
Sri Lanka,2017,SMA,Shortfin mako,Isurus oxyrinchus,"Sharks, rays, chimaeras",PISCES,48.0,A
Sri Lanka,2018,SMA,Shortfin mako,Isurus oxyrinchus,"Sharks, rays, chimaeras",PISCES,4.0,A
Sri Lanka,2019,SMA,Shortfin mako,Isurus oxyrinchus,"Sharks, rays, chimaeras",PISCES,6.6,A
Sri Lanka,2020,SMA,Shortfin mako,Isurus oxyrinchus,"Sharks, rays, chimaeras",PISCES,2.0,A
Sri Lanka,2021,SMA,Shortfin mako,Isurus oxyrinchus,"Sharks, rays, chimaeras",PISCES,9.9,A
Sri Lanka,2022,SMA,Shortfin mako,Isurus oxyrinchus,"Sharks, rays, chimaeras",PISCES,0.0,A
Sri Lanka,2023,SMA,Shortfin mako,Isurus oxyrinchus,"Sharks, rays, chimaeras",PISCES,0.0,A
Sri Lanka,2011,LMA,Longfin mako,Isurus paucus,"Sharks, rays, chimaeras",PISCES,0.0,A
Sri Lanka,2012,LMA,Longfin mako,Isurus paucus,"Sharks, rays, chimaeras",PISCES,0.0,A
Sri Lanka,2013,LMA,Longfin mako,Isurus paucus,"Sharks, rays, chimaeras",PISCES,0.0,A
Sri Lanka,2014,LMA,Longfin mako,Isurus paucus,"Sharks, rays, chimaeras",PISCES,0.0,A
Sri Lanka,2015,LMA,Longfin mako,Isurus paucus,"Sharks, rays, chimaeras",PISCES,0.0,A
Sri Lanka,2016,LMA,Longfin mako,Isurus paucus,"Sharks, rays, chimaeras",PISCES,0.0,A
Sri Lanka,2017,LMA,Longfin mako,Isurus paucus,"Sharks, rays, chimaeras",PISCES,0.0,A
Sri Lanka,2018,LMA,Longfin mako,Isurus paucus,"Sharks, rays, chimaeras",PISCES,0.0,A
Sri Lanka,2019,LMA,Longfin mako,Isurus paucus,"Sharks, rays, chimaeras",PISCES,8.9,A
Sri Lanka,2020,LMA,Longfin mako,Isurus paucus,"Sharks, rays, chimaeras",PISCES,1.5,A
Sri Lanka,2021,LMA,Longfin mako,Isurus paucus,"Sharks, rays, chimaeras",PISCES,0.0,A
Sri Lanka,2022,LMA,Longfin mako,Isurus paucus,"Sharks, rays, chimaeras",PISCES,0.0,A
Sri Lanka,2023,LMA,Longfin mako,Isurus paucus,"Sharks, rays, chimaeras",PISCES,0.0,A
Sri Lanka,2000,FAL,Silky shark,Carcharhinus falciformis,"Sharks, rays, chimaeras",PISCES,20651.0,A
Sri Lanka,2001,FAL,Silky shark,Carcharhinus falciformis,"Sharks, rays, chimaeras",PISCES,12041.0,A
Sri Lanka,2002,FAL,Silky shark,Carcharhinus falciformis,"Sharks, rays, chimaeras",PISCES,7719.0,A
Sri Lanka,2003,FAL,Silky shark,Carcharhinus falciformis,"Sharks, rays, chimaeras",PISCES,12068.0,A
Sri Lanka,2004,FAL,Silky shark,Carcharhinus falciformis,"Sharks, rays, chimaeras",PISCES,6397.0,A
Sri Lanka,2005,FAL,Silky shark,Carcharhinus falciformis,"Sharks, rays, chimaeras",PISCES,2661.0,A
Sri Lanka,2006,FAL,Silky shark,Carcharhinus falciformis,"Sharks, rays, chimaeras",PISCES,2111.0,A
Sri Lanka,2007,FAL,Silky shark,Carcharhinus falciformis,"Sharks, rays, chimaeras",PISCES,1538.0,A
Sri Lanka,2008,FAL,Silky shark,Carcharhinus falciformis,"Sharks, rays, chimaeras",PISCES,1425.0,A
Sri Lanka,2009,FAL,Silky shark,Carcharhinus falciformis,"Sharks, rays, chimaeras",PISCES,1603.0,A
Sri Lanka,2010,FAL,Silky shark,Carcharhinus falciformis,"Sharks, rays, chimaeras",PISCES,4446.0,A
Sri Lanka,2011,FAL,Silky shark,Carcharhinus falciformis,"Sharks, rays, chimaeras",PISCES,4025.0,A
Sri Lanka,2012,FAL,Silky shark,Carcharhinus falciformis,"Sharks, rays, chimaeras",PISCES,1137.68,A
Sri Lanka,2013,FAL,Silky shark,Carcharhinus falciformis,"Sharks, rays, chimaeras",PISCES,1246.98,A
Sri Lanka,2014,FAL,Silky shark,Carcharhinus falciformis,"Sharks, rays, chimaeras",PISCES,982.643,A
Sri Lanka,2015,FAL,Silky shark,Carcharhinus falciformis,"Sharks, rays, chimaeras",PISCES,480.56,A
Sri Lanka,2016,FAL,Silky shark,Carcharhinus falciformis,"Sharks, rays, chimaeras",PISCES,412.2,A
Sri Lanka,2017,FAL,Silky shark,Carcharhinus falciformis,"Sharks, rays, chimaeras",PISCES,474.7,A
Sri Lanka,2018,FAL,Silky shark,Carcharhinus falciformis,"Sharks, rays, chimaeras",PISCES,676.7,A
Sri Lanka,2019,FAL,Silky shark,Carcharhinus falciformis,"Sharks, rays, chimaeras",PISCES,637.7,A
Sri Lanka,2020,FAL,Silky shark,Carcharhinus falciformis,"Sharks, rays, chimaeras",PISCES,260.79,A
Sri Lanka,2021,FAL,Silky shark,Carcharhinus falciformis,"Sharks, rays, chimaeras",PISCES,264.4,A
Sri Lanka,2022,FAL,Silky shark,Carcharhinus falciformis,"Sharks, rays, chimaeras",PISCES,188.9,A
Sri Lanka,2023,FAL,Silky shark,Carcharhinus falciformis,"Sharks, rays, chimaeras",PISCES,518.323,A
Sri Lanka,2000,OCS,Oceanic whitetip shark,Carcharhinus longimanus,"Sharks, rays, chimaeras",PISCES,792.0,A
Sri Lanka,2001,OCS,Oceanic whitetip shark,Carcharhinus longimanus,"Sharks, rays, chimaeras",PISCES,462.0,A
Sri Lanka,2002,OCS,Oceanic whitetip shark,Carcharhinus longimanus,"Sharks, rays, chimaeras",PISCES,296.0,A
Sri Lanka,2003,OCS,Oceanic whitetip shark,Carcharhinus longimanus,"Sharks, rays, chimaeras",PISCES,462.0,A
Sri Lanka,2004,OCS,Oceanic whitetip shark,Carcharhinus longimanus,"Sharks, rays, chimaeras",PISCES,245.0,A
Sri Lanka,2005,OCS,Oceanic whitetip shark,Carcharhinus longimanus,"Sharks, rays, chimaeras",PISCES,102.0,A
Sri Lanka,2006,OCS,Oceanic whitetip shark,Carcharhinus longimanus,"Sharks, rays, chimaeras",PISCES,81.0,A
Sri Lanka,2007,OCS,Oceanic whitetip shark,Carcharhinus longimanus,"Sharks, rays, chimaeras",PISCES,59.0,A
Sri Lanka,2008,OCS,Oceanic whitetip shark,Carcharhinus longimanus,"Sharks, rays, chimaeras",PISCES,55.0,A
Sri Lanka,2009,OCS,Oceanic whitetip shark,Carcharhinus longimanus,"Sharks, rays, chimaeras",PISCES,62.0,A
Sri Lanka,2010,OCS,Oceanic whitetip shark,Carcharhinus longimanus,"Sharks, rays, chimaeras",PISCES,170.0,A
Sri Lanka,2011,OCS,Oceanic whitetip shark,Carcharhinus longimanus,"Sharks, rays, chimaeras",PISCES,154.0,A
Sri Lanka,2012,OCS,Oceanic whitetip shark,Carcharhinus longimanus,"Sharks, rays, chimaeras",PISCES,148.52,A
Sri Lanka,2013,OCS,Oceanic whitetip shark,Carcharhinus longimanus,"Sharks, rays, chimaeras",PISCES,40.99,A
Sri Lanka,2014,OCS,Oceanic whitetip shark,Carcharhinus longimanus,"Sharks, rays, chimaeras",PISCES,70.681,A
Sri Lanka,2015,OCS,Oceanic whitetip shark,Carcharhinus longimanus,"Sharks, rays, chimaeras",PISCES,82.0,A
Sri Lanka,2016,OCS,Oceanic whitetip shark,Carcharhinus longimanus,"Sharks, rays, chimaeras",PISCES,0.0,A
Sri Lanka,2017,OCS,Oceanic whitetip shark,Carcharhinus longimanus,"Sharks, rays, chimaeras",PISCES,0.0,A
Sri Lanka,2018,OCS,Oceanic whitetip shark,Carcharhinus longimanus,"Sharks, rays, chimaeras",PISCES,0.0,A
Sri Lanka,2019,OCS,Oceanic whitetip shark,Carcharhinus longimanus,"Sharks, rays, chimaeras",PISCES,0.0,A
Sri Lanka,2020,OCS,Oceanic whitetip shark,Carcharhinus longimanus,"Sharks, rays, chimaeras",PISCES,0.0,A
Sri Lanka,2021,OCS,Oceanic whitetip shark,Carcharhinus longimanus,"Sharks, rays, chimaeras",PISCES,0.0,A
Sri Lanka,2022,OCS,Oceanic whitetip shark,Carcharhinus longimanus,"Sharks, rays, chimaeras",PISCES,0.0,A
Sri Lanka,2023,OCS,Oceanic whitetip shark,Carcharhinus longimanus,"Sharks, rays, chimaeras",PISCES,0.0,A
Sri Lanka,2006,CCQ,Spottail shark,Carcharhinus sorrah,"Sharks, rays, chimaeras",PISCES,0.0,A
Sri Lanka,2007,CCQ,Spottail shark,Carcharhinus sorrah,"Sharks, rays, chimaeras",PISCES,0.0,A
Sri Lanka,2008,CCQ,Spottail shark,Carcharhinus sorrah,"Sharks, rays, chimaeras",PISCES,0.0,A
Sri Lanka,2009,CCQ,Spottail shark,Carcharhinus sorrah,"Sharks, rays, chimaeras",PISCES,0.0,A
Sri Lanka,2010,CCQ,Spottail shark,Carcharhinus sorrah,"Sharks, rays, chimaeras",PISCES,0.0,A
Sri Lanka,2011,CCQ,Spottail shark,Carcharhinus sorrah,"Sharks, rays, chimaeras",PISCES,0.0,A
Sri Lanka,2012,CCQ,Spottail shark,Carcharhinus sorrah,"Sharks, rays, chimaeras",PISCES,0.0,A
Sri Lanka,2013,CCQ,Spottail shark,Carcharhinus sorrah,"Sharks, rays, chimaeras",PISCES,19.0,A
Sri Lanka,2014,CCQ,Spottail shark,Carcharhinus sorrah,"Sharks, rays, chimaeras",PISCES,10.0,A
Sri Lanka,2015,CCQ,Spottail shark,Carcharhinus sorrah,"Sharks, rays, chimaeras",PISCES,0.0,A
Sri Lanka,2016,CCQ,Spottail shark,Carcharhinus sorrah,"Sharks, rays, chimaeras",PISCES,0.0,A
Sri Lanka,2017,CCQ,Spottail shark,Carcharhinus sorrah,"Sharks, rays, chimaeras",PISCES,2.0,A
Sri Lanka,2018,CCQ,Spottail shark,Carcharhinus sorrah,"Sharks, rays, chimaeras",PISCES,0.0,A
Sri Lanka,2019,CCQ,Spottail shark,Carcharhinus sorrah,"Sharks, rays, chimaeras",PISCES,0.0,A
Sri Lanka,2020,CCQ,Spottail shark,Carcharhinus sorrah,"Sharks, rays, chimaeras",PISCES,0.0,A
Sri Lanka,2021,CCQ,Spottail shark,Carcharhinus sorrah,"Sharks, rays, chimaeras",PISCES,0.0,A
Sri Lanka,2022,CCQ,Spottail shark,Carcharhinus sorrah,"Sharks, rays, chimaeras",PISCES,0.0,A
Sri Lanka,2023,CCQ,Spottail shark,Carcharhinus sorrah,"Sharks, rays, chimaeras",PISCES,0.0,A
Sri Lanka,2000,BSH,Blue shark,Prionace glauca,"Sharks, rays, chimaeras",PISCES,2411.0,A
Sri Lanka,2001,BSH,Blue shark,Prionace glauca,"Sharks, rays, chimaeras",PISCES,1406.0,A
Sri Lanka,2002,BSH,Blue shark,Prionace glauca,"Sharks, rays, chimaeras",PISCES,902.0,A
Sri Lanka,2003,BSH,Blue shark,Prionace glauca,"Sharks, rays, chimaeras",PISCES,1409.0,A
Sri Lanka,2004,BSH,Blue shark,Prionace glauca,"Sharks, rays, chimaeras",PISCES,747.0,A
Sri Lanka,2005,BSH,Blue shark,Prionace glauca,"Sharks, rays, chimaeras",PISCES,311.0,A
Sri Lanka,2006,BSH,Blue shark,Prionace glauca,"Sharks, rays, chimaeras",PISCES,246.0,A
Sri Lanka,2007,BSH,Blue shark,Prionace glauca,"Sharks, rays, chimaeras",PISCES,180.0,A
Sri Lanka,2008,BSH,Blue shark,Prionace glauca,"Sharks, rays, chimaeras",PISCES,167.0,A
Sri Lanka,2009,BSH,Blue shark,Prionace glauca,"Sharks, rays, chimaeras",PISCES,187.0,A
Sri Lanka,2010,BSH,Blue shark,Prionace glauca,"Sharks, rays, chimaeras",PISCES,519.0,A
Sri Lanka,2011,BSH,Blue shark,Prionace glauca,"Sharks, rays, chimaeras",PISCES,470.0,A
Sri Lanka,2012,BSH,Blue shark,Prionace glauca,"Sharks, rays, chimaeras",PISCES,284.12,A
Sri Lanka,2013,BSH,Blue shark,Prionace glauca,"Sharks, rays, chimaeras",PISCES,182.93,A
Sri Lanka,2014,BSH,Blue shark,Prionace glauca,"Sharks, rays, chimaeras",PISCES,169.681,A
Sri Lanka,2015,BSH,Blue shark,Prionace glauca,"Sharks, rays, chimaeras",PISCES,115.0,A
Sri Lanka,2016,BSH,Blue shark,Prionace glauca,"Sharks, rays, chimaeras",PISCES,420.5,A
Sri Lanka,2017,BSH,Blue shark,Prionace glauca,"Sharks, rays, chimaeras",PISCES,477.8,A
Sri Lanka,2018,BSH,Blue shark,Prionace glauca,"Sharks, rays, chimaeras",PISCES,1019.8,A
Sri Lanka,2019,BSH,Blue shark,Prionace glauca,"Sharks, rays, chimaeras",PISCES,678.2,A
Sri Lanka,2020,BSH,Blue shark,Prionace glauca,"Sharks, rays, chimaeras",PISCES,124.86,A
Sri Lanka,2021,BSH,Blue shark,Prionace glauca,"Sharks, rays, chimaeras",PISCES,281.7,A
Sri Lanka,2022,BSH,Blue shark,Prionace glauca,"Sharks, rays, chimaeras",PISCES,220.1,A
Sri Lanka,2023,BSH,Blue shark,Prionace glauca,"Sharks, rays, chimaeras",PISCES,299.161,A
Sri Lanka,2000,SPY,"Hammerhead sharks, etc. NEI",Sphyrnidae,"Sharks, rays, chimaeras",PISCES,562.0,A
Sri Lanka,2001,SPY,"Hammerhead sharks, etc. NEI",Sphyrnidae,"Sharks, rays, chimaeras",PISCES,327.0,A
Sri Lanka,2002,SPY,"Hammerhead sharks, etc. NEI",Sphyrnidae,"Sharks, rays, chimaeras",PISCES,210.0,A
Sri Lanka,2003,SPY,"Hammerhead sharks, etc. NEI",Sphyrnidae,"Sharks, rays, chimaeras",PISCES,328.0,A
Sri Lanka,2004,SPY,"Hammerhead sharks, etc. NEI",Sphyrnidae,"Sharks, rays, chimaeras",PISCES,173.0,A
Sri Lanka,2005,SPY,"Hammerhead sharks, etc. NEI",Sphyrnidae,"Sharks, rays, chimaeras",PISCES,73.0,A
Sri Lanka,2006,SPY,"Hammerhead sharks, etc. NEI",Sphyrnidae,"Sharks, rays, chimaeras",PISCES,57.0,A
Sri Lanka,2007,SPY,"Hammerhead sharks, etc. NEI",Sphyrnidae,"Sharks, rays, chimaeras",PISCES,42.0,A
Sri Lanka,2008,SPY,"Hammerhead sharks, etc. NEI",Sphyrnidae,"Sharks, rays, chimaeras",PISCES,39.0,A
Sri Lanka,2009,SPY,"Hammerhead sharks, etc. NEI",Sphyrnidae,"Sharks, rays, chimaeras",PISCES,44.0,A
Sri Lanka,2010,SPY,"Hammerhead sharks, etc. NEI",Sphyrnidae,"Sharks, rays, chimaeras",PISCES,121.0,A
Sri Lanka,2011,SPY,"Hammerhead sharks, etc. NEI",Sphyrnidae,"Sharks, rays, chimaeras",PISCES,110.0,A
Sri Lanka,2012,SPY,"Hammerhead sharks, etc. NEI",Sphyrnidae,"Sharks, rays, chimaeras",PISCES,71.0,A
Sri Lanka,2013,SPY,"Hammerhead sharks, etc. NEI",Sphyrnidae,"Sharks, rays, chimaeras",PISCES,188.0,A
Sri Lanka,2014,SPY,"Hammerhead sharks, etc. NEI",Sphyrnidae,"Sharks, rays, chimaeras",PISCES,43.0,A
Sri Lanka,2015,SPY,"Hammerhead sharks, etc. NEI",Sphyrnidae,"Sharks, rays, chimaeras",PISCES,87.0,A
Sri Lanka,2016,SPY,"Hammerhead sharks, etc. NEI",Sphyrnidae,"Sharks, rays, chimaeras",PISCES,90.0,A
Sri Lanka,2017,SPY,"Hammerhead sharks, etc. NEI",Sphyrnidae,"Sharks, rays, chimaeras",PISCES,129.0,A
Sri Lanka,2018,SPY,"Hammerhead sharks, etc. NEI",Sphyrnidae,"Sharks, rays, chimaeras",PISCES,18.0,A
Sri Lanka,2019,SPY,"Hammerhead sharks, etc. NEI",Sphyrnidae,"Sharks, rays, chimaeras",PISCES,7.3,A
Sri Lanka,2020,SPY,"Hammerhead sharks, etc. NEI",Sphyrnidae,"Sharks, rays, chimaeras",PISCES,3.3,A
Sri Lanka,2021,SPY,"Hammerhead sharks, etc. NEI",Sphyrnidae,"Sharks, rays, chimaeras",PISCES,0.0,A
Sri Lanka,2022,SPY,"Hammerhead sharks, etc. NEI",Sphyrnidae,"Sharks, rays, chimaeras",PISCES,0.0,A
Sri Lanka,2023,SPY,"Hammerhead sharks, etc. NEI",Sphyrnidae,"Sharks, rays, chimaeras",PISCES,7.1,A
Sri Lanka,2012,SPL,Scalloped hammerhead,Sphyrna lewini,"Sharks, rays, chimaeras",PISCES,0.0,A
Sri Lanka,2013,SPL,Scalloped hammerhead,Sphyrna lewini,"Sharks, rays, chimaeras",PISCES,0.0,A
Sri Lanka,2014,SPL,Scalloped hammerhead,Sphyrna lewini,"Sharks, rays, chimaeras",PISCES,0.0,A
Sri Lanka,2015,SPL,Scalloped hammerhead,Sphyrna lewini,"Sharks, rays, chimaeras",PISCES,0.0,A
Sri Lanka,2016,SPL,Scalloped hammerhead,Sphyrna lewini,"Sharks, rays, chimaeras",PISCES,0.0,A
Sri Lanka,2017,SPL,Scalloped hammerhead,Sphyrna lewini,"Sharks, rays, chimaeras",PISCES,0.0,A
Sri Lanka,2018,SPL,Scalloped hammerhead,Sphyrna lewini,"Sharks, rays, chimaeras",PISCES,0.0,A
Sri Lanka,2019,SPL,Scalloped hammerhead,Sphyrna lewini,"Sharks, rays, chimaeras",PISCES,11.3,A
Sri Lanka,2020,SPL,Scalloped hammerhead,Sphyrna lewini,"Sharks, rays, chimaeras",PISCES,8.6,A
Sri Lanka,2021,SPL,Scalloped hammerhead,Sphyrna lewini,"Sharks, rays, chimaeras",PISCES,201.9,A
Sri Lanka,2022,SPL,Scalloped hammerhead,Sphyrna lewini,"Sharks, rays, chimaeras",PISCES,0.0,A
Sri Lanka,2023,SPL,Scalloped hammerhead,Sphyrna lewini,"Sharks, rays, chimaeras",PISCES,0.0,A
Sri Lanka,2023,SPZ,Smooth hammerhead,Sphyrna zygaena,"Sharks, rays, chimaeras",PISCES,41.3,A
Sri Lanka,2011,SRX,"Rays, stingrays, mantas NEI",Rajiformes,"Sharks, rays, chimaeras",PISCES,0.0,A
Sri Lanka,2012,SRX,"Rays, stingrays, mantas NEI",Rajiformes,"Sharks, rays, chimaeras",PISCES,0.0,A
Sri Lanka,2013,SRX,"Rays, stingrays, mantas NEI",Rajiformes,"Sharks, rays, chimaeras",PISCES,0.0,A
Sri Lanka,2014,SRX,"Rays, stingrays, mantas NEI",Rajiformes,"Sharks, rays, chimaeras",PISCES,0.0,A
Sri Lanka,2015,SRX,"Rays, stingrays, mantas NEI",Rajiformes,"Sharks, rays, chimaeras",PISCES,0.0,A
Sri Lanka,2016,SRX,"Rays, stingrays, mantas NEI",Rajiformes,"Sharks, rays, chimaeras",PISCES,0.0,A
Sri Lanka,2017,SRX,"Rays, stingrays, mantas NEI",Rajiformes,"Sharks, rays, chimaeras",PISCES,0.0,A
Sri Lanka,2018,SRX,"Rays, stingrays, mantas NEI",Rajiformes,"Sharks, rays, chimaeras",PISCES,0.0,A
Sri Lanka,2019,SRX,"Rays, stingrays, mantas NEI",Rajiformes,"Sharks, rays, chimaeras",PISCES,0.0,A
Sri Lanka,2020,SRX,"Rays, stingrays, mantas NEI",Rajiformes,"Sharks, rays, chimaeras",PISCES,608.1,A
Sri Lanka,2021,SRX,"Rays, stingrays, mantas NEI",Rajiformes,"Sharks, rays, chimaeras",PISCES,590.4,A
Sri Lanka,2022,SRX,"Rays, stingrays, mantas NEI",Rajiformes,"Sharks, rays, chimaeras",PISCES,768.3,A
Sri Lanka,2023,SRX,"Rays, stingrays, mantas NEI",Rajiformes,"Sharks, rays, chimaeras",PISCES,746.9,A
Sri Lanka,2000,MAN,"Mantas, devil rays NEI",Mobulidae,"Sharks, rays, chimaeras",PISCES,0.0,A
Sri Lanka,2001,MAN,"Mantas, devil rays NEI",Mobulidae,"Sharks, rays, chimaeras",PISCES,0.0,A
Sri Lanka,2002,MAN,"Mantas, devil rays NEI",Mobulidae,"Sharks, rays, chimaeras",PISCES,0.0,A
Sri Lanka,2003,MAN,"Mantas, devil rays NEI",Mobulidae,"Sharks, rays, chimaeras",PISCES,0.0,A
Sri Lanka,2004,MAN,"Mantas, devil rays NEI",Mobulidae,"Sharks, rays, chimaeras",PISCES,0.0,A
Sri Lanka,2005,MAN,"Mantas, devil rays NEI",Mobulidae,"Sharks, rays, chimaeras",PISCES,0.0,A
Sri Lanka,2006,MAN,"Mantas, devil rays NEI",Mobulidae,"Sharks, rays, chimaeras",PISCES,0.0,A
Sri Lanka,2007,MAN,"Mantas, devil rays NEI",Mobulidae,"Sharks, rays, chimaeras",PISCES,0.0,A
Sri Lanka,2008,MAN,"Mantas, devil rays NEI",Mobulidae,"Sharks, rays, chimaeras",PISCES,0.0,A
Sri Lanka,2009,MAN,"Mantas, devil rays NEI",Mobulidae,"Sharks, rays, chimaeras",PISCES,0.0,A
Sri Lanka,2010,MAN,"Mantas, devil rays NEI",Mobulidae,"Sharks, rays, chimaeras",PISCES,0.0,A
Sri Lanka,2011,MAN,"Mantas, devil rays NEI",Mobulidae,"Sharks, rays, chimaeras",PISCES,0.0,A
Sri Lanka,2012,MAN,"Mantas, devil rays NEI",Mobulidae,"Sharks, rays, chimaeras",PISCES,744.0,A
Sri Lanka,2013,MAN,"Mantas, devil rays NEI",Mobulidae,"Sharks, rays, chimaeras",PISCES,669.0,A
Sri Lanka,2014,MAN,"Mantas, devil rays NEI",Mobulidae,"Sharks, rays, chimaeras",PISCES,608.0,A
Sri Lanka,2015,MAN,"Mantas, devil rays NEI",Mobulidae,"Sharks, rays, chimaeras",PISCES,682.0,A
Sri Lanka,2016,MAN,"Mantas, devil rays NEI",Mobulidae,"Sharks, rays, chimaeras",PISCES,767.0,A
Sri Lanka,2017,MAN,"Mantas, devil rays NEI",Mobulidae,"Sharks, rays, chimaeras",PISCES,1269.0,A
Sri Lanka,2018,MAN,"Mantas, devil rays NEI",Mobulidae,"Sharks, rays, chimaeras",PISCES,991.0,A
Sri Lanka,2019,MAN,"Mantas, devil rays NEI",Mobulidae,"Sharks, rays, chimaeras",PISCES,796.5,A
Sri Lanka,2020,MAN,"Mantas, devil rays NEI",Mobulidae,"Sharks, rays, chimaeras",PISCES,530.6,A
Sri Lanka,2021,MAN,"Mantas, devil rays NEI",Mobulidae,"Sharks, rays, chimaeras",PISCES,86.4,A
Sri Lanka,2022,MAN,"Mantas, devil rays NEI",Mobulidae,"Sharks, rays, chimaeras",PISCES,14.2,A
Sri Lanka,2023,MAN,"Mantas, devil rays NEI",Mobulidae,"Sharks, rays, chimaeras",PISCES,229.5,A
Sri Lanka,2023,RMB,Giant manta,Mobula birostris,"Sharks, rays, chimaeras",PISCES,101.3,A
Sri Lanka,2023,RMM,Devil fish,Mobula mobular,"Sharks, rays, chimaeras",PISCES,10.8,A
Sri Lanka,2000,SKX,"Sharks, rays, skates, etc. NEI",Elasmobranchii,"Sharks, rays, chimaeras",PISCES,3248.0,A
Sri Lanka,2001,SKX,"Sharks, rays, skates, etc. NEI",Elasmobranchii,"Sharks, rays, chimaeras",PISCES,8961.0,A
Sri Lanka,2002,SKX,"Sharks, rays, skates, etc. NEI",Elasmobranchii,"Sharks, rays, chimaeras",PISCES,15626.0,A
Sri Lanka,2003,SKX,"Sharks, rays, skates, etc. NEI",Elasmobranchii,"Sharks, rays, chimaeras",PISCES,6108.0,A
Sri Lanka,2004,SKX,"Sharks, rays, skates, etc. NEI",Elasmobranchii,"Sharks, rays, chimaeras",PISCES,11463.0,A
Sri Lanka,2005,SKX,"Sharks, rays, skates, etc. NEI",Elasmobranchii,"Sharks, rays, chimaeras",PISCES,4262.0,A
Sri Lanka,2006,SKX,"Sharks, rays, skates, etc. NEI",Elasmobranchii,"Sharks, rays, chimaeras",PISCES,5044.0,A
Sri Lanka,2007,SKX,"Sharks, rays, skates, etc. NEI",Elasmobranchii,"Sharks, rays, chimaeras",PISCES,2311.0,A
Sri Lanka,2008,SKX,"Sharks, rays, skates, etc. NEI",Elasmobranchii,"Sharks, rays, chimaeras",PISCES,2616.0,A
Sri Lanka,2009,SKX,"Sharks, rays, skates, etc. NEI",Elasmobranchii,"Sharks, rays, chimaeras",PISCES,2843.0,A
Sri Lanka,2010,SKX,"Sharks, rays, skates, etc. NEI",Elasmobranchii,"Sharks, rays, chimaeras",PISCES,2587.0,A
Sri Lanka,2011,SKX,"Sharks, rays, skates, etc. NEI",Elasmobranchii,"Sharks, rays, chimaeras",PISCES,2301.0,A
Sri Lanka,2012,SKX,"Sharks, rays, skates, etc. NEI",Elasmobranchii,"Sharks, rays, chimaeras",PISCES,3798.0,A
Sri Lanka,2013,SKX,"Sharks, rays, skates, etc. NEI",Elasmobranchii,"Sharks, rays, chimaeras",PISCES,4002.0,A
Sri Lanka,2014,SKX,"Sharks, rays, skates, etc. NEI",Elasmobranchii,"Sharks, rays, chimaeras",PISCES,5190.0,A
Sri Lanka,2015,SKX,"Sharks, rays, skates, etc. NEI",Elasmobranchii,"Sharks, rays, chimaeras",PISCES,4664.0,A
Sri Lanka,2016,SKX,"Sharks, rays, skates, etc. NEI",Elasmobranchii,"Sharks, rays, chimaeras",PISCES,6857.0,A
Sri Lanka,2017,SKX,"Sharks, rays, skates, etc. NEI",Elasmobranchii,"Sharks, rays, chimaeras",PISCES,4690.0,A
Sri Lanka,2018,SKX,"Sharks, rays, skates, etc. NEI",Elasmobranchii,"Sharks, rays, chimaeras",PISCES,0.0,A
Sri Lanka,2019,SKX,"Sharks, rays, skates, etc. NEI",Elasmobranchii,"Sharks, rays, chimaeras",PISCES,4263.6,A
Sri Lanka,2020,SKX,"Sharks, rays, skates, etc. NEI",Elasmobranchii,"Sharks, rays, chimaeras",PISCES,8597.9,A
Sri Lanka,2021,SKX,"Sharks, rays, skates, etc. NEI",Elasmobranchii,"Sharks, rays, chimaeras",PISCES,7071.0,A
Sri Lanka,2022,SKX,"Sharks, rays, skates, etc. NEI",Elasmobranchii,"Sharks, rays, chimaeras",PISCES,4768.0,A
Sri Lanka,2023,SKX,"Sharks, rays, skates, etc. NEI",Elasmobranchii,"Sharks, rays, chimaeras",PISCES,2692.8,A
Sri Lanka,2000,MZZ,Marine fishes NEI,Actinopterygii,Marine fishes not identified,PISCES,13164.0,A
Sri Lanka,2001,MZZ,Marine fishes NEI,Actinopterygii,Marine fishes not identified,PISCES,14074.0,A
Sri Lanka,2002,MZZ,Marine fishes NEI,Actinopterygii,Marine fishes not identified,PISCES,8025.0,A
Sri Lanka,2003,MZZ,Marine fishes NEI,Actinopterygii,Marine fishes not identified,PISCES,4240.0,A
Sri Lanka,2004,MZZ,Marine fishes NEI,Actinopterygii,Marine fishes not identified,PISCES,9877.0,A
Sri Lanka,2005,MZZ,Marine fishes NEI,Actinopterygii,Marine fishes not identified,PISCES,5706.0,A
Sri Lanka,2006,MZZ,Marine fishes NEI,Actinopterygii,Marine fishes not identified,PISCES,10360.0,A
Sri Lanka,2007,MZZ,Marine fishes NEI,Actinopterygii,Marine fishes not identified,PISCES,10806.0,A
Sri Lanka,2008,MZZ,Marine fishes NEI,Actinopterygii,Marine fishes not identified,PISCES,12393.0,A
Sri Lanka,2009,MZZ,Marine fishes NEI,Actinopterygii,Marine fishes not identified,PISCES,13252.0,A
Sri Lanka,2010,MZZ,Marine fishes NEI,Actinopterygii,Marine fishes not identified,PISCES,19102.0,A
Sri Lanka,2011,MZZ,Marine fishes NEI,Actinopterygii,Marine fishes not identified,PISCES,23233.0,A
Sri Lanka,2012,MZZ,Marine fishes NEI,Actinopterygii,Marine fishes not identified,PISCES,24104.0,A
Sri Lanka,2013,MZZ,Marine fishes NEI,Actinopterygii,Marine fishes not identified,PISCES,22877.521,I
Sri Lanka,2014,MZZ,Marine fishes NEI,Actinopterygii,Marine fishes not identified,PISCES,37963.97,I
Sri Lanka,2015,MZZ,Marine fishes NEI,Actinopterygii,Marine fishes not identified,PISCES,36950.102,I
Sri Lanka,2016,MZZ,Marine fishes NEI,Actinopterygii,Marine fishes not identified,PISCES,38686.27,I
Sri Lanka,2017,MZZ,Marine fishes NEI,Actinopterygii,Marine fishes not identified,PISCES,38879.599,I
Sri Lanka,2018,MZZ,Marine fishes NEI,Actinopterygii,Marine fishes not identified,PISCES,46732.5,I
Sri Lanka,2019,MZZ,Marine fishes NEI,Actinopterygii,Marine fishes not identified,PISCES,35466.0,I
Sri Lanka,2020,MZZ,Marine fishes NEI,Actinopterygii,Marine fishes not identified,PISCES,14312.41,I
Sri Lanka,2021,MZZ,Marine fishes NEI,Actinopterygii,Marine fishes not identified,PISCES,11640.665,I
Sri Lanka,2022,MZZ,Marine fishes NEI,Actinopterygii,Marine fishes not identified,PISCES,12412.799,I
Sri Lanka,2023,MZZ,Marine fishes NEI,Actinopterygii,Marine fishes not identified,PISCES,10960.182,I
Sri Lanka,2000,CRU,Marine crustaceans NEI,Crustacea,Miscellaneous marine crustaceans,CRUSTACEA,230.0,A
Sri Lanka,2001,CRU,Marine crustaceans NEI,Crustacea,Miscellaneous marine crustaceans,CRUSTACEA,4450.0,A
Sri Lanka,2002,CRU,Marine crustaceans NEI,Crustacea,Miscellaneous marine crustaceans,CRUSTACEA,7530.0,A
Sri Lanka,2003,CRU,Marine crustaceans NEI,Crustacea,Miscellaneous marine crustaceans,CRUSTACEA,13650.0,A
Sri Lanka,2004,CRU,Marine crustaceans NEI,Crustacea,Miscellaneous marine crustaceans,CRUSTACEA,15320.0,A
Sri Lanka,2005,CRU,Marine crustaceans NEI,Crustacea,Miscellaneous marine crustaceans,CRUSTACEA,2610.0,A
Sri Lanka,2006,CRU,Marine crustaceans NEI,Crustacea,Miscellaneous marine crustaceans,CRUSTACEA,7090.0,A
Sri Lanka,2007,CRU,Marine crustaceans NEI,Crustacea,Miscellaneous marine crustaceans,CRUSTACEA,10450.0,A
Sri Lanka,2008,CRU,Marine crustaceans NEI,Crustacea,Miscellaneous marine crustaceans,CRUSTACEA,11780.0,A
Sri Lanka,2009,CRU,Marine crustaceans NEI,Crustacea,Miscellaneous marine crustaceans,CRUSTACEA,13200.0,A
Sri Lanka,2010,CRU,Marine crustaceans NEI,Crustacea,Miscellaneous marine crustaceans,CRUSTACEA,15860.0,A
Sri Lanka,2011,CRU,Marine crustaceans NEI,Crustacea,Miscellaneous marine crustaceans,CRUSTACEA,12110.0,A
Sri Lanka,2012,CRU,Marine crustaceans NEI,Crustacea,Miscellaneous marine crustaceans,CRUSTACEA,14660.0,A
Sri Lanka,2013,CRU,Marine crustaceans NEI,Crustacea,Miscellaneous marine crustaceans,CRUSTACEA,18540.0,A
Sri Lanka,2014,CRU,Marine crustaceans NEI,Crustacea,Miscellaneous marine crustaceans,CRUSTACEA,31870.0,A
Sri Lanka,2015,CRU,Marine crustaceans NEI,Crustacea,Miscellaneous marine crustaceans,CRUSTACEA,30391.0,A
Sri Lanka,2016,CRU,Marine crustaceans NEI,Crustacea,Miscellaneous marine crustaceans,CRUSTACEA,37257.0,A
Sri Lanka,2017,CRU,Marine crustaceans NEI,Crustacea,Miscellaneous marine crustaceans,CRUSTACEA,29669.0,A
Sri Lanka,2018,CRU,Marine crustaceans NEI,Crustacea,Miscellaneous marine crustaceans,CRUSTACEA,30370.0,A
Sri Lanka,2019,CRU,Marine crustaceans NEI,Crustacea,Miscellaneous marine crustaceans,CRUSTACEA,31000.0,A
Sri Lanka,2020,CRU,Marine crustaceans NEI,Crustacea,Miscellaneous marine crustaceans,CRUSTACEA,21025.0,A
Sri Lanka,2021,CRU,Marine crustaceans NEI,Crustacea,Miscellaneous marine crustaceans,CRUSTACEA,19920.0,A
Sri Lanka,2022,CRU,Marine crustaceans NEI,Crustacea,Miscellaneous marine crustaceans,CRUSTACEA,14330.0,A
Sri Lanka,2023,CRU,Marine crustaceans NEI,Crustacea,Miscellaneous marine crustaceans,CRUSTACEA,14525.0,A
Sri Lanka,2000,CTL,"Cuttlefish, bobtail squids NEI","Sepiidae, Sepiolidae","Squids, cuttlefishes, octopuses",MOLLUSCA,310.0,A
Sri Lanka,2001,CTL,"Cuttlefish, bobtail squids NEI","Sepiidae, Sepiolidae","Squids, cuttlefishes, octopuses",MOLLUSCA,290.0,A
Sri Lanka,2002,CTL,"Cuttlefish, bobtail squids NEI","Sepiidae, Sepiolidae","Squids, cuttlefishes, octopuses",MOLLUSCA,380.0,A
Sri Lanka,2003,CTL,"Cuttlefish, bobtail squids NEI","Sepiidae, Sepiolidae","Squids, cuttlefishes, octopuses",MOLLUSCA,420.0,A
Sri Lanka,2004,CTL,"Cuttlefish, bobtail squids NEI","Sepiidae, Sepiolidae","Squids, cuttlefishes, octopuses",MOLLUSCA,380.0,A
Sri Lanka,2005,CTL,"Cuttlefish, bobtail squids NEI","Sepiidae, Sepiolidae","Squids, cuttlefishes, octopuses",MOLLUSCA,190.0,A
Sri Lanka,2006,CTL,"Cuttlefish, bobtail squids NEI","Sepiidae, Sepiolidae","Squids, cuttlefishes, octopuses",MOLLUSCA,120.0,A
Sri Lanka,2007,CTL,"Cuttlefish, bobtail squids NEI","Sepiidae, Sepiolidae","Squids, cuttlefishes, octopuses",MOLLUSCA,430.0,A
Sri Lanka,2008,CTL,"Cuttlefish, bobtail squids NEI","Sepiidae, Sepiolidae","Squids, cuttlefishes, octopuses",MOLLUSCA,480.0,A
Sri Lanka,2009,CTL,"Cuttlefish, bobtail squids NEI","Sepiidae, Sepiolidae","Squids, cuttlefishes, octopuses",MOLLUSCA,510.0,A
Sri Lanka,2010,CTL,"Cuttlefish, bobtail squids NEI","Sepiidae, Sepiolidae","Squids, cuttlefishes, octopuses",MOLLUSCA,780.0,A
Sri Lanka,2011,CTL,"Cuttlefish, bobtail squids NEI","Sepiidae, Sepiolidae","Squids, cuttlefishes, octopuses",MOLLUSCA,970.0,A
Sri Lanka,2012,CTL,"Cuttlefish, bobtail squids NEI","Sepiidae, Sepiolidae","Squids, cuttlefishes, octopuses",MOLLUSCA,1220.0,A
Sri Lanka,2013,CTL,"Cuttlefish, bobtail squids NEI","Sepiidae, Sepiolidae","Squids, cuttlefishes, octopuses",MOLLUSCA,1720.0,A
Sri Lanka,2014,CTL,"Cuttlefish, bobtail squids NEI","Sepiidae, Sepiolidae","Squids, cuttlefishes, octopuses",MOLLUSCA,4140.0,A
Sri Lanka,2015,CTL,"Cuttlefish, bobtail squids NEI","Sepiidae, Sepiolidae","Squids, cuttlefishes, octopuses",MOLLUSCA,3790.0,A
Sri Lanka,2016,CTL,"Cuttlefish, bobtail squids NEI","Sepiidae, Sepiolidae","Squids, cuttlefishes, octopuses",MOLLUSCA,4280.0,A
Sri Lanka,2017,CTL,"Cuttlefish, bobtail squids NEI","Sepiidae, Sepiolidae","Squids, cuttlefishes, octopuses",MOLLUSCA,7930.0,A
Sri Lanka,2018,CTL,"Cuttlefish, bobtail squids NEI","Sepiidae, Sepiolidae","Squids, cuttlefishes, octopuses",MOLLUSCA,10640.0,A
Sri Lanka,2019,CTL,"Cuttlefish, bobtail squids NEI","Sepiidae, Sepiolidae","Squids, cuttlefishes, octopuses",MOLLUSCA,10570.0,A
Sri Lanka,2020,CTL,"Cuttlefish, bobtail squids NEI","Sepiidae, Sepiolidae","Squids, cuttlefishes, octopuses",MOLLUSCA,6280.0,A
Sri Lanka,2021,CTL,"Cuttlefish, bobtail squids NEI","Sepiidae, Sepiolidae","Squids, cuttlefishes, octopuses",MOLLUSCA,5720.0,A
Sri Lanka,2022,CTL,"Cuttlefish, bobtail squids NEI","Sepiidae, Sepiolidae","Squids, cuttlefishes, octopuses",MOLLUSCA,4630.0,A
Sri Lanka,2023,CTL,"Cuttlefish, bobtail squids NEI","Sepiidae, Sepiolidae","Squids, cuttlefishes, octopuses",MOLLUSCA,7450.0,A
Sri Lanka,2000,MOL,Marine molluscs NEI,Mollusca,Miscellaneous marine molluscs,MOLLUSCA,15.0,A
Sri Lanka,2001,MOL,Marine molluscs NEI,Mollusca,Miscellaneous marine molluscs,MOLLUSCA,30.0,A
Sri Lanka,2002,MOL,Marine molluscs NEI,Mollusca,Miscellaneous marine molluscs,MOLLUSCA,60.0,A
Sri Lanka,2003,MOL,Marine molluscs NEI,Mollusca,Miscellaneous marine molluscs,MOLLUSCA,110.0,A
Sri Lanka,2004,MOL,Marine molluscs NEI,Mollusca,Miscellaneous marine molluscs,MOLLUSCA,250.0,A
Sri Lanka,2005,MOL,Marine molluscs NEI,Mollusca,Miscellaneous marine molluscs,MOLLUSCA,300.0,A
Sri Lanka,2006,MOL,Marine molluscs NEI,Mollusca,Miscellaneous marine molluscs,MOLLUSCA,120.0,A
Sri Lanka,2007,MOL,Marine molluscs NEI,Mollusca,Miscellaneous marine molluscs,MOLLUSCA,710.0,A
Sri Lanka,2008,MOL,Marine molluscs NEI,Mollusca,Miscellaneous marine molluscs,MOLLUSCA,1420.0,A
Sri Lanka,2009,MOL,Marine molluscs NEI,Mollusca,Miscellaneous marine molluscs,MOLLUSCA,1260.0,A
Sri Lanka,2010,MOL,Marine molluscs NEI,Mollusca,Miscellaneous marine molluscs,MOLLUSCA,1940.0,A
Sri Lanka,2011,MOL,Marine molluscs NEI,Mollusca,Miscellaneous marine molluscs,MOLLUSCA,2240.0,A
Sri Lanka,2012,MOL,Marine molluscs NEI,Mollusca,Miscellaneous marine molluscs,MOLLUSCA,2430.0,A
Sri Lanka,2013,MOL,Marine molluscs NEI,Mollusca,Miscellaneous marine molluscs,MOLLUSCA,3040.0,A
Sri Lanka,2014,MOL,Marine molluscs NEI,Mollusca,Miscellaneous marine molluscs,MOLLUSCA,2590.0,A
Sri Lanka,2015,MOL,Marine molluscs NEI,Mollusca,Miscellaneous marine molluscs,MOLLUSCA,1545.0,A
Sri Lanka,2016,MOL,Marine molluscs NEI,Mollusca,Miscellaneous marine molluscs,MOLLUSCA,590.0,A
Sri Lanka,2017,MOL,Marine molluscs NEI,Mollusca,Miscellaneous marine molluscs,MOLLUSCA,1040.0,A
Sri Lanka,2018,MOL,Marine molluscs NEI,Mollusca,Miscellaneous marine molluscs,MOLLUSCA,1620.0,A
Sri Lanka,2019,MOL,Marine molluscs NEI,Mollusca,Miscellaneous marine molluscs,MOLLUSCA,1590.0,A
Sri Lanka,2020,MOL,Marine molluscs NEI,Mollusca,Miscellaneous marine molluscs,MOLLUSCA,1870.0,A
Sri Lanka,2021,MOL,Marine molluscs NEI,Mollusca,Miscellaneous marine molluscs,MOLLUSCA,2750.0,A
Sri Lanka,2022,MOL,Marine molluscs NEI,Mollusca,Miscellaneous marine molluscs,MOLLUSCA,2855.0,A
Sri Lanka,2023,MOL,Marine molluscs NEI,Mollusca,Miscellaneous marine molluscs,MOLLUSCA,1140.0,A
Sri Lanka,2000,CUX,Sea cucumbers NEI,Holothuroidea,Sea-urchins and other echinoderms,INVERTEBRATA AQUATICA,145.0,A
Sri Lanka,2001,CUX,Sea cucumbers NEI,Holothuroidea,Sea-urchins and other echinoderms,INVERTEBRATA AQUATICA,90.0,A
Sri Lanka,2002,CUX,Sea cucumbers NEI,Holothuroidea,Sea-urchins and other echinoderms,INVERTEBRATA AQUATICA,150.0,A
Sri Lanka,2003,CUX,Sea cucumbers NEI,Holothuroidea,Sea-urchins and other echinoderms,INVERTEBRATA AQUATICA,170.0,A
Sri Lanka,2004,CUX,Sea cucumbers NEI,Holothuroidea,Sea-urchins and other echinoderms,INVERTEBRATA AQUATICA,280.0,A
Sri Lanka,2005,CUX,Sea cucumbers NEI,Holothuroidea,Sea-urchins and other echinoderms,INVERTEBRATA AQUATICA,2340.0,A
Sri Lanka,2006,CUX,Sea cucumbers NEI,Holothuroidea,Sea-urchins and other echinoderms,INVERTEBRATA AQUATICA,1350.0,A
Sri Lanka,2007,CUX,Sea cucumbers NEI,Holothuroidea,Sea-urchins and other echinoderms,INVERTEBRATA AQUATICA,2880.0,A
Sri Lanka,2008,CUX,Sea cucumbers NEI,Holothuroidea,Sea-urchins and other echinoderms,INVERTEBRATA AQUATICA,4230.0,A
Sri Lanka,2009,CUX,Sea cucumbers NEI,Holothuroidea,Sea-urchins and other echinoderms,INVERTEBRATA AQUATICA,3890.0,A
Sri Lanka,2010,CUX,Sea cucumbers NEI,Holothuroidea,Sea-urchins and other echinoderms,INVERTEBRATA AQUATICA,4250.0,A
Sri Lanka,2011,CUX,Sea cucumbers NEI,Holothuroidea,Sea-urchins and other echinoderms,INVERTEBRATA AQUATICA,3620.0,A
Sri Lanka,2012,CUX,Sea cucumbers NEI,Holothuroidea,Sea-urchins and other echinoderms,INVERTEBRATA AQUATICA,3480.0,A
Sri Lanka,2013,CUX,Sea cucumbers NEI,Holothuroidea,Sea-urchins and other echinoderms,INVERTEBRATA AQUATICA,3570.0,A
Sri Lanka,2014,CUX,Sea cucumbers NEI,Holothuroidea,Sea-urchins and other echinoderms,INVERTEBRATA AQUATICA,3360.0,A
Sri Lanka,2015,CUX,Sea cucumbers NEI,Holothuroidea,Sea-urchins and other echinoderms,INVERTEBRATA AQUATICA,2560.0,A
Sri Lanka,2016,CUX,Sea cucumbers NEI,Holothuroidea,Sea-urchins and other echinoderms,INVERTEBRATA AQUATICA,1190.0,A
Sri Lanka,2017,CUX,Sea cucumbers NEI,Holothuroidea,Sea-urchins and other echinoderms,INVERTEBRATA AQUATICA,1090.0,A
Sri Lanka,2018,CUX,Sea cucumbers NEI,Holothuroidea,Sea-urchins and other echinoderms,INVERTEBRATA AQUATICA,1100.0,A
Sri Lanka,2019,CUX,Sea cucumbers NEI,Holothuroidea,Sea-urchins and other echinoderms,INVERTEBRATA AQUATICA,2350.0,A
Sri Lanka,2020,CUX,Sea cucumbers NEI,Holothuroidea,Sea-urchins and other echinoderms,INVERTEBRATA AQUATICA,3030.0,A
Sri Lanka,2021,CUX,Sea cucumbers NEI,Holothuroidea,Sea-urchins and other echinoderms,INVERTEBRATA AQUATICA,3360.0,A
Sri Lanka,2022,CUX,Sea cucumbers NEI,Holothuroidea,Sea-urchins and other echinoderms,INVERTEBRATA AQUATICA,4200.0,A
Sri Lanka,2023,CUX,Sea cucumbers NEI,Holothuroidea,Sea-urchins and other echinoderms,INVERTEBRATA AQUATICA,4090.0,A
Sri Lanka,2000,MSH,Marine shells NEI,Ex Mollusca,"Pearls, mother-of-pearl, shells",MOLLUSCA,697.6,A
Sri Lanka,2001,MSH,Marine shells NEI,Ex Mollusca,"Pearls, mother-of-pearl, shells",MOLLUSCA,498.0,A
Sri Lanka,2002,MSH,Marine shells NEI,Ex Mollusca,"Pearls, mother-of-pearl, shells",MOLLUSCA,324.0,A
Sri Lanka,2003,MSH,Marine shells NEI,Ex Mollusca,"Pearls, mother-of-pearl, shells",MOLLUSCA,683.2,A
Sri Lanka,2004,MSH,Marine shells NEI,Ex Mollusca,"Pearls, mother-of-pearl, shells",MOLLUSCA,588.4,A
Sri Lanka,2005,MSH,Marine shells NEI,Ex Mollusca,"Pearls, mother-of-pearl, shells",MOLLUSCA,846.0,A
Sri Lanka,2006,MSH,Marine shells NEI,Ex Mollusca,"Pearls, mother-of-pearl, shells",MOLLUSCA,557.0,A
Sri Lanka,2007,MSH,Marine shells NEI,Ex Mollusca,"Pearls, mother-of-pearl, shells",MOLLUSCA,1277.0,A
Sri Lanka,2008,MSH,Marine shells NEI,Ex Mollusca,"Pearls, mother-of-pearl, shells",MOLLUSCA,1953.0,A
Sri Lanka,2009,MSH,Marine shells NEI,Ex Mollusca,"Pearls, mother-of-pearl, shells",MOLLUSCA,692.0,A
Sri Lanka,2010,MSH,Marine shells NEI,Ex Mollusca,"Pearls, mother-of-pearl, shells",MOLLUSCA,1113.0,A
Sri Lanka,2011,MSH,Marine shells NEI,Ex Mollusca,"Pearls, mother-of-pearl, shells",MOLLUSCA,1436.0,A
Sri Lanka,2012,MSH,Marine shells NEI,Ex Mollusca,"Pearls, mother-of-pearl, shells",MOLLUSCA,1967.0,A
Sri Lanka,2013,MSH,Marine shells NEI,Ex Mollusca,"Pearls, mother-of-pearl, shells",MOLLUSCA,2350.0,A
Sri Lanka,2014,MSH,Marine shells NEI,Ex Mollusca,"Pearls, mother-of-pearl, shells",MOLLUSCA,2774.0,A
Sri Lanka,2015,MSH,Marine shells NEI,Ex Mollusca,"Pearls, mother-of-pearl, shells",MOLLUSCA,1660.0,A
Sri Lanka,2016,MSH,Marine shells NEI,Ex Mollusca,"Pearls, mother-of-pearl, shells",MOLLUSCA,1865.0,A
Sri Lanka,2017,MSH,Marine shells NEI,Ex Mollusca,"Pearls, mother-of-pearl, shells",MOLLUSCA,3507.0,A
Sri Lanka,2018,MSH,Marine shells NEI,Ex Mollusca,"Pearls, mother-of-pearl, shells",MOLLUSCA,328.8,A
Sri Lanka,2019,MSH,Marine shells NEI,Ex Mollusca,"Pearls, mother-of-pearl, shells",MOLLUSCA,275.1,A
Sri Lanka,2020,MSH,Marine shells NEI,Ex Mollusca,"Pearls, mother-of-pearl, shells",MOLLUSCA,221.0,A
Sri Lanka,2021,MSH,Marine shells NEI,Ex Mollusca,"Pearls, mother-of-pearl, shells",MOLLUSCA,305.987,A
Sri Lanka,2022,MSH,Marine shells NEI,Ex Mollusca,"Pearls, mother-of-pearl, shells",MOLLUSCA,270.0,A
Sri Lanka,2023,MSH,Marine shells NEI,Ex Mollusca,"Pearls, mother-of-pearl, shells",MOLLUSCA,270.0,A
