eez,dimension,key,year,tonnes
India (mainland),taxon,Indian oil sardine,1950,34827.3
India (mainland),taxon,Indian oil sardine,1951,17448.7
India (mainland),taxon,Indian oil sardine,1952,14062.5
India (mainland),taxon,Indian oil sardine,1953,52475.1
India (mainland),taxon,Indian oil sardine,1954,34466.1
India (mainland),taxon,Indian oil sardine,1955,30840.2
India (mainland),taxon,Indian oil sardine,1956,7512.1
India (mainland),taxon,Indian oil sardine,1957,193770.1
India (mainland),taxon,Indian oil sardine,1958,125165.7
India (mainland),taxon,Indian oil sardine,1959,70048.2
India (mainland),taxon,Indian oil sardine,1960,191093.4
India (mainland),taxon,Indian oil sardine,1961,169827.4
India (mainland),taxon,Indian oil sardine,1962,111668.5
India (mainland),taxon,Indian oil sardine,1963,64412.7
India (mainland),taxon,Indian oil sardine,1964,277459.4
India (mainland),taxon,Indian oil sardine,1965,264799.2
India (mainland),taxon,Indian oil sardine,1966,250027.8
India (mainland),taxon,Indian oil sardine,1967,259240.1
India (mainland),taxon,Indian oil sardine,1968,304921.0
India (mainland),taxon,Indian oil sardine,1969,176089.4
India (mainland),taxon,Indian oil sardine,1970,229465.5
India (mainland),taxon,Indian oil sardine,1971,211809.3
India (mainland),taxon,Indian oil sardine,1972,129117.3
India (mainland),taxon,Indian oil sardine,1973,146221.8
India (mainland),taxon,Indian oil sardine,1974,128364.4
India (mainland),taxon,Indian oil sardine,1975,161514.4
India (mainland),taxon,Indian oil sardine,1976,171654.6
India (mainland),taxon,Indian oil sardine,1977,152261.7
India (mainland),taxon,Indian oil sardine,1978,170397.3
India (mainland),taxon,Indian oil sardine,1979,156169.2
India (mainland),taxon,Indian oil sardine,1980,117487.0
India (mainland),taxon,Indian oil sardine,1981,224263.1
India (mainland),taxon,Indian oil sardine,1982,208475.6
India (mainland),taxon,Indian oil sardine,1983,186534.7
India (mainland),taxon,Indian oil sardine,1984,191749.1
India (mainland),taxon,Indian oil sardine,1985,122875.5
India (mainland),taxon,Indian oil sardine,1986,79621.6
India (mainland),taxon,Indian oil sardine,1987,103010.7
India (mainland),taxon,Indian oil sardine,1988,134765.7
India (mainland),taxon,Indian oil sardine,1989,286836.8
India (mainland),taxon,Indian oil sardine,1990,271098.7
India (mainland),taxon,Indian oil sardine,1991,186433.9
India (mainland),taxon,Indian oil sardine,1992,110097.6
India (mainland),taxon,Indian oil sardine,1993,101973.9
India (mainland),taxon,Indian oil sardine,1994,49478.3
India (mainland),taxon,Indian oil sardine,1995,60431.4
India (mainland),taxon,Indian oil sardine,1996,117786.6
India (mainland),taxon,Indian oil sardine,1997,243885.3
India (mainland),taxon,Indian oil sardine,1998,223221.8
India (mainland),taxon,Indian oil sardine,1999,265921.2
India (mainland),taxon,Indian oil sardine,2000,405967.5
India (mainland),taxon,Indian oil sardine,2001,294649.9
India (mainland),taxon,Indian oil sardine,2002,377578.0
India (mainland),taxon,Indian oil sardine,2003,437356.3
India (mainland),taxon,Indian oil sardine,2004,413250.4
India (mainland),taxon,Indian oil sardine,2005,360891.7
India (mainland),taxon,Indian oil sardine,2006,420156.5
India (mainland),taxon,Indian oil sardine,2007,525160.1
India (mainland),taxon,Indian oil sardine,2008,469343.8
India (mainland),taxon,Indian oil sardine,2009,445105.5
India (mainland),taxon,Indian oil sardine,2010,523522.6
India (mainland),taxon,Indian oil sardine,2011,641663.4
India (mainland),taxon,Indian oil sardine,2012,763552.9
India (mainland),taxon,Indian oil sardine,2013,631692.5
India (mainland),taxon,Indian oil sardine,2014,586037.7
India (mainland),taxon,Indian oil sardine,2015,281308.5
India (mainland),taxon,Indian oil sardine,2016,260506.1
India (mainland),taxon,Indian oil sardine,2017,361903.8
India (mainland),taxon,Indian oil sardine,2018,166221.0
India (mainland),taxon,Indian oil sardine,2019,308141.6
India (mainland),taxon,Commercial shrimps and prawns,1950,30638.3
India (mainland),taxon,Commercial shrimps and prawns,1951,31423.9
India (mainland),taxon,Commercial shrimps and prawns,1952,31507.4
India (mainland),taxon,Commercial shrimps and prawns,1953,37107.4
India (mainland),taxon,Commercial shrimps and prawns,1954,63106.0
India (mainland),taxon,Commercial shrimps and prawns,1955,43629.3
India (mainland),taxon,Commercial shrimps and prawns,1956,66910.0
India (mainland),taxon,Commercial shrimps and prawns,1957,74648.0
India (mainland),taxon,Commercial shrimps and prawns,1958,29204.0
India (mainland),taxon,Commercial shrimps and prawns,1959,27632.0
India (mainland),taxon,Commercial shrimps and prawns,1960,31759.0
India (mainland),taxon,Commercial shrimps and prawns,1961,39082.0
India (mainland),taxon,Commercial shrimps and prawns,1962,48250.0
India (mainland),taxon,Commercial shrimps and prawns,1963,41069.0
India (mainland),taxon,Commercial shrimps and prawns,1964,63388.0
India (mainland),taxon,Commercial shrimps and prawns,1965,38081.0
India (mainland),taxon,Commercial shrimps and prawns,1966,56141.0
India (mainland),taxon,Commercial shrimps and prawns,1967,62526.0
India (mainland),taxon,Commercial shrimps and prawns,1968,68393.0
India (mainland),taxon,Commercial shrimps and prawns,1969,72125.0
India (mainland),taxon,Commercial shrimps and prawns,1970,89847.0
India (mainland),taxon,Commercial shrimps and prawns,1971,72097.0
India (mainland),taxon,Commercial shrimps and prawns,1972,78349.0
India (mainland),taxon,Commercial shrimps and prawns,1973,136506.0
India (mainland),taxon,Commercial shrimps and prawns,1974,114894.3
India (mainland),taxon,Commercial shrimps and prawns,1975,141660.0
India (mainland),taxon,Commercial shrimps and prawns,1976,114565.2
India (mainland),taxon,Commercial shrimps and prawns,1977,96390.1
India (mainland),taxon,Commercial shrimps and prawns,1978,128867.3
India (mainland),taxon,Commercial shrimps and prawns,1979,112778.8
India (mainland),taxon,Commercial shrimps and prawns,1980,111884.4
India (mainland),taxon,Commercial shrimps and prawns,1981,83410.4
India (mainland),taxon,Commercial shrimps and prawns,1982,110595.1
India (mainland),taxon,Commercial shrimps and prawns,1983,117942.4
India (mainland),taxon,Commercial shrimps and prawns,1984,129636.6
India (mainland),taxon,Commercial shrimps and prawns,1985,121516.3
India (mainland),taxon,Commercial shrimps and prawns,1986,138394.3
India (mainland),taxon,Commercial shrimps and prawns,1987,161272.0
India (mainland),taxon,Commercial shrimps and prawns,1988,152513.3
India (mainland),taxon,Commercial shrimps and prawns,1989,146196.8
India (mainland),taxon,Commercial shrimps and prawns,1990,164193.5
India (mainland),taxon,Commercial shrimps and prawns,1991,189865.2
India (mainland),taxon,Commercial shrimps and prawns,1992,189434.7
India (mainland),taxon,Commercial shrimps and prawns,1993,172719.3
India (mainland),taxon,Commercial shrimps and prawns,1994,224013.0
India (mainland),taxon,Commercial shrimps and prawns,1995,178224.5
India (mainland),taxon,Commercial shrimps and prawns,1996,187121.0
India (mainland),taxon,Commercial shrimps and prawns,1997,207879.8
India (mainland),taxon,Commercial shrimps and prawns,1998,215570.2
India (mainland),taxon,Commercial shrimps and prawns,1999,173232.1
India (mainland),taxon,Commercial shrimps and prawns,2000,203400.9
India (mainland),taxon,Commercial shrimps and prawns,2001,175712.0
India (mainland),taxon,Commercial shrimps and prawns,2002,202917.5
India (mainland),taxon,Commercial shrimps and prawns,2003,213877.1
India (mainland),taxon,Commercial shrimps and prawns,2004,170751.9
India (mainland),taxon,Commercial shrimps and prawns,2005,171122.7
India (mainland),taxon,Commercial shrimps and prawns,2006,171453.2
India (mainland),taxon,Commercial shrimps and prawns,2007,193921.6
India (mainland),taxon,Commercial shrimps and prawns,2008,211825.4
India (mainland),taxon,Commercial shrimps and prawns,2009,243005.2
India (mainland),taxon,Commercial shrimps and prawns,2010,257594.2
India (mainland),taxon,Commercial shrimps and prawns,2011,265035.1
India (mainland),taxon,Commercial shrimps and prawns,2012,249751.9
India (mainland),taxon,Commercial shrimps and prawns,2013,195277.7
India (mainland),taxon,Commercial shrimps and prawns,2014,204152.4
India (mainland),taxon,Commercial shrimps and prawns,2015,197738.7
India (mainland),taxon,Commercial shrimps and prawns,2016,198475.7
India (mainland),taxon,Commercial shrimps and prawns,2017,208037.7
India (mainland),taxon,Commercial shrimps and prawns,2018,191011.4
India (mainland),taxon,Commercial shrimps and prawns,2019,201599.3
India (mainland),taxon,"Crabs, lobsters, shrimps",1950,46645.0
India (mainland),taxon,"Crabs, lobsters, shrimps",1951,47828.8
India (mainland),taxon,"Crabs, lobsters, shrimps",1952,47997.0
India (mainland),taxon,"Crabs, lobsters, shrimps",1953,56135.5
India (mainland),taxon,"Crabs, lobsters, shrimps",1954,93756.5
India (mainland),taxon,"Crabs, lobsters, shrimps",1955,65653.9
India (mainland),taxon,"Crabs, lobsters, shrimps",1956,95311.7
India (mainland),taxon,"Crabs, lobsters, shrimps",1957,64887.8
India (mainland),taxon,"Crabs, lobsters, shrimps",1958,60272.7
India (mainland),taxon,"Crabs, lobsters, shrimps",1959,42729.8
India (mainland),taxon,"Crabs, lobsters, shrimps",1960,41726.6
India (mainland),taxon,"Crabs, lobsters, shrimps",1961,28649.1
India (mainland),taxon,"Crabs, lobsters, shrimps",1962,38499.2
India (mainland),taxon,"Crabs, lobsters, shrimps",1963,45126.7
India (mainland),taxon,"Crabs, lobsters, shrimps",1964,38253.3
India (mainland),taxon,"Crabs, lobsters, shrimps",1965,46004.2
India (mainland),taxon,"Crabs, lobsters, shrimps",1966,40677.9
India (mainland),taxon,"Crabs, lobsters, shrimps",1967,37557.7
India (mainland),taxon,"Crabs, lobsters, shrimps",1968,37399.2
India (mainland),taxon,"Crabs, lobsters, shrimps",1969,41855.0
India (mainland),taxon,"Crabs, lobsters, shrimps",1970,45007.5
India (mainland),taxon,"Crabs, lobsters, shrimps",1971,88701.6
India (mainland),taxon,"Crabs, lobsters, shrimps",1972,99432.6
India (mainland),taxon,"Crabs, lobsters, shrimps",1973,81791.9
India (mainland),taxon,"Crabs, lobsters, shrimps",1974,74211.3
India (mainland),taxon,"Crabs, lobsters, shrimps",1975,104229.7
India (mainland),taxon,"Crabs, lobsters, shrimps",1976,101694.4
India (mainland),taxon,"Crabs, lobsters, shrimps",1977,97675.3
India (mainland),taxon,"Crabs, lobsters, shrimps",1978,68582.4
India (mainland),taxon,"Crabs, lobsters, shrimps",1979,87916.0
India (mainland),taxon,"Crabs, lobsters, shrimps",1980,87345.5
India (mainland),taxon,"Crabs, lobsters, shrimps",1981,92074.7
India (mainland),taxon,"Crabs, lobsters, shrimps",1982,80436.9
India (mainland),taxon,"Crabs, lobsters, shrimps",1983,71801.0
India (mainland),taxon,"Crabs, lobsters, shrimps",1984,96308.2
India (mainland),taxon,"Crabs, lobsters, shrimps",1985,96071.2
India (mainland),taxon,"Crabs, lobsters, shrimps",1986,98451.8
India (mainland),taxon,"Crabs, lobsters, shrimps",1987,57698.0
India (mainland),taxon,"Crabs, lobsters, shrimps",1988,71111.9
India (mainland),taxon,"Crabs, lobsters, shrimps",1989,96753.4
India (mainland),taxon,"Crabs, lobsters, shrimps",1990,108667.8
India (mainland),taxon,"Crabs, lobsters, shrimps",1991,136573.0
India (mainland),taxon,"Crabs, lobsters, shrimps",1992,123854.5
India (mainland),taxon,"Crabs, lobsters, shrimps",1993,102140.4
India (mainland),taxon,"Crabs, lobsters, shrimps",1994,110257.3
India (mainland),taxon,"Crabs, lobsters, shrimps",1995,111054.0
India (mainland),taxon,"Crabs, lobsters, shrimps",1996,140799.8
India (mainland),taxon,"Crabs, lobsters, shrimps",1997,208251.0
India (mainland),taxon,"Crabs, lobsters, shrimps",1998,220417.7
India (mainland),taxon,"Crabs, lobsters, shrimps",1999,182948.3
India (mainland),taxon,"Crabs, lobsters, shrimps",2000,209432.5
India (mainland),taxon,"Crabs, lobsters, shrimps",2001,181167.8
India (mainland),taxon,"Crabs, lobsters, shrimps",2002,179947.0
India (mainland),taxon,"Crabs, lobsters, shrimps",2003,185492.2
India (mainland),taxon,"Crabs, lobsters, shrimps",2004,163720.2
India (mainland),taxon,"Crabs, lobsters, shrimps",2005,164424.2
India (mainland),taxon,"Crabs, lobsters, shrimps",2006,228592.9
India (mainland),taxon,"Crabs, lobsters, shrimps",2007,185218.7
India (mainland),taxon,"Crabs, lobsters, shrimps",2008,252180.1
India (mainland),taxon,"Crabs, lobsters, shrimps",2009,223325.0
India (mainland),taxon,"Crabs, lobsters, shrimps",2010,186962.7
India (mainland),taxon,"Crabs, lobsters, shrimps",2011,244865.7
India (mainland),taxon,"Crabs, lobsters, shrimps",2012,224336.4
India (mainland),taxon,"Crabs, lobsters, shrimps",2013,264140.6
India (mainland),taxon,"Crabs, lobsters, shrimps",2014,235859.9
India (mainland),taxon,"Crabs, lobsters, shrimps",2015,203265.9
India (mainland),taxon,"Crabs, lobsters, shrimps",2016,234436.9
India (mainland),taxon,"Crabs, lobsters, shrimps",2017,264802.6
India (mainland),taxon,"Crabs, lobsters, shrimps",2018,258692.1
India (mainland),taxon,"Crabs, lobsters, shrimps",2019,235411.0
India (mainland),taxon,"Drums, croakers",1950,30446.2
India (mainland),taxon,"Drums, croakers",1951,33893.0
India (mainland),taxon,"Drums, croakers",1952,38113.7
India (mainland),taxon,"Drums, croakers",1953,35251.5
India (mainland),taxon,"Drums, croakers",1954,74580.2
India (mainland),taxon,"Drums, croakers",1955,44133.4
India (mainland),taxon,"Drums, croakers",1956,58497.1
India (mainland),taxon,"Drums, croakers",1957,30642.2
India (mainland),taxon,"Drums, croakers",1958,26178.1
India (mainland),taxon,"Drums, croakers",1959,21003.5
India (mainland),taxon,"Drums, croakers",1960,25554.7
India (mainland),taxon,"Drums, croakers",1961,30577.9
India (mainland),taxon,"Drums, croakers",1962,33236.2
India (mainland),taxon,"Drums, croakers",1963,23359.9
India (mainland),taxon,"Drums, croakers",1964,26167.3
India (mainland),taxon,"Drums, croakers",1965,24737.0
India (mainland),taxon,"Drums, croakers",1966,27007.5
India (mainland),taxon,"Drums, croakers",1967,26440.7
India (mainland),taxon,"Drums, croakers",1968,27632.9
India (mainland),taxon,"Drums, croakers",1969,36433.9
India (mainland),taxon,"Drums, croakers",1970,43621.0
India (mainland),taxon,"Drums, croakers",1971,38921.3
India (mainland),taxon,"Drums, croakers",1972,42590.0
India (mainland),taxon,"Drums, croakers",1973,91591.3
India (mainland),taxon,"Drums, croakers",1974,83630.1
India (mainland),taxon,"Drums, croakers",1975,118889.6
India (mainland),taxon,"Drums, croakers",1976,91803.3
India (mainland),taxon,"Drums, croakers",1977,104647.6
India (mainland),taxon,"Drums, croakers",1978,101284.4
India (mainland),taxon,"Drums, croakers",1979,98175.0
India (mainland),taxon,"Drums, croakers",1980,94775.8
India (mainland),taxon,"Drums, croakers",1981,88259.2
India (mainland),taxon,"Drums, croakers",1982,93470.1
India (mainland),taxon,"Drums, croakers",1983,106955.8
India (mainland),taxon,"Drums, croakers",1984,116494.7
India (mainland),taxon,"Drums, croakers",1985,109690.8
India (mainland),taxon,"Drums, croakers",1986,112791.6
India (mainland),taxon,"Drums, croakers",1987,118045.4
India (mainland),taxon,"Drums, croakers",1988,112613.5
India (mainland),taxon,"Drums, croakers",1989,110773.0
India (mainland),taxon,"Drums, croakers",1990,135792.2
India (mainland),taxon,"Drums, croakers",1991,161992.8
India (mainland),taxon,"Drums, croakers",1992,185701.5
India (mainland),taxon,"Drums, croakers",1993,177040.9
India (mainland),taxon,"Drums, croakers",1994,220279.5
India (mainland),taxon,"Drums, croakers",1995,194123.2
India (mainland),taxon,"Drums, croakers",1996,185252.2
India (mainland),taxon,"Drums, croakers",1997,182471.5
India (mainland),taxon,"Drums, croakers",1998,233987.9
India (mainland),taxon,"Drums, croakers",1999,195402.4
India (mainland),taxon,"Drums, croakers",2000,198297.9
India (mainland),taxon,"Drums, croakers",2001,141401.0
India (mainland),taxon,"Drums, croakers",2002,142748.4
India (mainland),taxon,"Drums, croakers",2003,140845.1
India (mainland),taxon,"Drums, croakers",2004,139016.0
India (mainland),taxon,"Drums, croakers",2005,133234.4
India (mainland),taxon,"Drums, croakers",2006,135773.7
India (mainland),taxon,"Drums, croakers",2007,186505.2
India (mainland),taxon,"Drums, croakers",2008,198738.6
India (mainland),taxon,"Drums, croakers",2009,218602.4
India (mainland),taxon,"Drums, croakers",2010,216214.6
India (mainland),taxon,"Drums, croakers",2011,242320.2
India (mainland),taxon,"Drums, croakers",2012,238000.2
India (mainland),taxon,"Drums, croakers",2013,196030.2
India (mainland),taxon,"Drums, croakers",2014,180139.8
India (mainland),taxon,"Drums, croakers",2015,173601.8
India (mainland),taxon,"Drums, croakers",2016,176119.6
India (mainland),taxon,"Drums, croakers",2017,167797.3
India (mainland),taxon,"Drums, croakers",2018,151507.9
India (mainland),taxon,"Drums, croakers",2019,168862.1
India (mainland),taxon,Indian mackerel,1968,3.4
India (mainland),taxon,Indian mackerel,1969,9.7
India (mainland),taxon,Indian mackerel,1970,14.0
India (mainland),taxon,Indian mackerel,1971,23.3
India (mainland),taxon,Indian mackerel,1972,14.4
India (mainland),taxon,Indian mackerel,1973,27.6
India (mainland),taxon,Indian mackerel,1974,21.4
India (mainland),taxon,Indian mackerel,1975,41.7
India (mainland),taxon,Indian mackerel,1976,79.7
India (mainland),taxon,Indian mackerel,1977,111.2
India (mainland),taxon,Indian mackerel,1978,90.5
India (mainland),taxon,Indian mackerel,1979,144.1
India (mainland),taxon,Indian mackerel,1980,76.8
India (mainland),taxon,Indian mackerel,1981,49264.8
India (mainland),taxon,Indian mackerel,1982,28391.8
India (mainland),taxon,Indian mackerel,1983,31843.8
India (mainland),taxon,Indian mackerel,1984,43255.1
India (mainland),taxon,Indian mackerel,1985,62958.4
India (mainland),taxon,Indian mackerel,1986,84506.5
India (mainland),taxon,Indian mackerel,1987,81643.9
India (mainland),taxon,Indian mackerel,1988,107717.2
India (mainland),taxon,Indian mackerel,1989,299539.0
India (mainland),taxon,Indian mackerel,1990,192204.0
India (mainland),taxon,Indian mackerel,1991,121414.4
India (mainland),taxon,Indian mackerel,1992,143255.5
India (mainland),taxon,Indian mackerel,1993,271575.7
India (mainland),taxon,Indian mackerel,1994,226204.0
India (mainland),taxon,Indian mackerel,1995,194217.7
India (mainland),taxon,Indian mackerel,1996,305603.6
India (mainland),taxon,Indian mackerel,1997,250513.7
India (mainland),taxon,Indian mackerel,1998,200060.5
India (mainland),taxon,Indian mackerel,1999,234263.1
India (mainland),taxon,Indian mackerel,2000,150681.7
India (mainland),taxon,Indian mackerel,2001,99623.5
India (mainland),taxon,Indian mackerel,2002,104408.4
India (mainland),taxon,Indian mackerel,2003,123917.3
India (mainland),taxon,Indian mackerel,2004,156973.8
India (mainland),taxon,Indian mackerel,2005,139819.4
India (mainland),taxon,Indian mackerel,2006,155330.9
India (mainland),taxon,Indian mackerel,2007,187862.4
India (mainland),taxon,Indian mackerel,2008,167603.2
India (mainland),taxon,Indian mackerel,2009,202751.0
India (mainland),taxon,Indian mackerel,2010,290676.4
India (mainland),taxon,Indian mackerel,2011,297762.9
India (mainland),taxon,Indian mackerel,2012,182913.3
India (mainland),taxon,Indian mackerel,2013,214518.8
India (mainland),taxon,Indian mackerel,2014,255368.3
India (mainland),taxon,Indian mackerel,2015,257218.8
India (mainland),taxon,Indian mackerel,2016,269139.6
India (mainland),taxon,Indian mackerel,2017,310328.5
India (mainland),taxon,Indian mackerel,2018,305263.0
India (mainland),taxon,Indian mackerel,2019,279761.6
India (mainland),taxon,Bombay-duck,1950,13729.2
India (mainland),taxon,Bombay-duck,1951,6798.0
India (mainland),taxon,Bombay-duck,1952,24398.3
India (mainland),taxon,Bombay-duck,1953,45221.6
India (mainland),taxon,Bombay-duck,1954,35989.3
India (mainland),taxon,Bombay-duck,1955,104887.8
India (mainland),taxon,Bombay-duck,1956,129450.8
India (mainland),taxon,Bombay-duck,1957,120934.8
India (mainland),taxon,Bombay-duck,1958,67966.8
India (mainland),taxon,Bombay-duck,1959,57883.0
India (mainland),taxon,Bombay-duck,1960,109757.3
India (mainland),taxon,Bombay-duck,1961,94930.8
India (mainland),taxon,Bombay-duck,1962,84974.9
India (mainland),taxon,Bombay-duck,1963,92974.7
India (mainland),taxon,Bombay-duck,1964,82269.1
India (mainland),taxon,Bombay-duck,1965,74722.6
India (mainland),taxon,Bombay-duck,1966,78243.3
India (mainland),taxon,Bombay-duck,1967,75767.8
India (mainland),taxon,Bombay-duck,1968,83453.2
India (mainland),taxon,Bombay-duck,1969,77081.2
India (mainland),taxon,Bombay-duck,1970,79295.9
India (mainland),taxon,Bombay-duck,1971,72377.7
India (mainland),taxon,Bombay-duck,1972,52194.6
India (mainland),taxon,Bombay-duck,1973,65156.9
India (mainland),taxon,Bombay-duck,1974,61918.3
India (mainland),taxon,Bombay-duck,1975,100949.3
India (mainland),taxon,Bombay-duck,1976,88242.3
India (mainland),taxon,Bombay-duck,1977,86397.7
India (mainland),taxon,Bombay-duck,1978,127147.3
India (mainland),taxon,Bombay-duck,1979,127797.6
India (mainland),taxon,Bombay-duck,1980,96918.1
India (mainland),taxon,Bombay-duck,1981,139778.3
India (mainland),taxon,Bombay-duck,1982,87798.0
India (mainland),taxon,Bombay-duck,1983,102430.4
India (mainland),taxon,Bombay-duck,1984,119535.9
India (mainland),taxon,Bombay-duck,1985,114596.6
India (mainland),taxon,Bombay-duck,1986,94188.3
India (mainland),taxon,Bombay-duck,1987,75568.7
India (mainland),taxon,Bombay-duck,1988,69401.4
India (mainland),taxon,Bombay-duck,1989,123558.2
India (mainland),taxon,Bombay-duck,1990,136061.0
India (mainland),taxon,Bombay-duck,1991,143989.3
India (mainland),taxon,Bombay-duck,1992,129765.5
India (mainland),taxon,Bombay-duck,1993,104633.6
India (mainland),taxon,Bombay-duck,1994,119179.4
India (mainland),taxon,Bombay-duck,1995,95666.9
India (mainland),taxon,Bombay-duck,1996,100509.4
India (mainland),taxon,Bombay-duck,1997,115913.9
India (mainland),taxon,Bombay-duck,1998,144779.1
India (mainland),taxon,Bombay-duck,1999,104577.7
India (mainland),taxon,Bombay-duck,2000,107275.0
India (mainland),taxon,Bombay-duck,2001,94504.0
India (mainland),taxon,Bombay-duck,2002,134260.7
India (mainland),taxon,Bombay-duck,2003,140566.2
India (mainland),taxon,Bombay-duck,2004,121774.6
India (mainland),taxon,Bombay-duck,2005,131697.8
India (mainland),taxon,Bombay-duck,2006,126189.7
India (mainland),taxon,Bombay-duck,2007,118766.6
India (mainland),taxon,Bombay-duck,2008,110742.6
India (mainland),taxon,Bombay-duck,2009,120475.9
India (mainland),taxon,Bombay-duck,2010,116580.8
India (mainland),taxon,Bombay-duck,2011,122239.4
India (mainland),taxon,Bombay-duck,2012,121565.6
India (mainland),taxon,Bombay-duck,2013,132506.5
India (mainland),taxon,Bombay-duck,2014,121597.8
India (mainland),taxon,Bombay-duck,2015,119356.5
India (mainland),taxon,Bombay-duck,2016,155940.3
India (mainland),taxon,Bombay-duck,2017,155392.7
India (mainland),taxon,Bombay-duck,2018,120726.6
India (mainland),taxon,Bombay-duck,2019,131975.2
India (mainland),taxon,"Herrings, shads, anchovies",1950,76050.8
India (mainland),taxon,"Herrings, shads, anchovies",1951,53015.6
India (mainland),taxon,"Herrings, shads, anchovies",1952,47676.8
India (mainland),taxon,"Herrings, shads, anchovies",1953,21219.2
India (mainland),taxon,"Herrings, shads, anchovies",1954,19809.3
India (mainland),taxon,"Herrings, shads, anchovies",1955,42180.4
India (mainland),taxon,"Herrings, shads, anchovies",1956,36905.9
India (mainland),taxon,"Herrings, shads, anchovies",1957,46259.1
India (mainland),taxon,"Herrings, shads, anchovies",1958,40413.4
India (mainland),taxon,"Herrings, shads, anchovies",1959,41642.3
India (mainland),taxon,"Herrings, shads, anchovies",1960,32356.3
India (mainland),taxon,"Herrings, shads, anchovies",1961,19973.8
India (mainland),taxon,"Herrings, shads, anchovies",1962,19767.7
India (mainland),taxon,"Herrings, shads, anchovies",1963,27479.3
India (mainland),taxon,"Herrings, shads, anchovies",1964,40844.1
India (mainland),taxon,"Herrings, shads, anchovies",1965,43227.1
India (mainland),taxon,"Herrings, shads, anchovies",1966,65332.7
India (mainland),taxon,"Herrings, shads, anchovies",1967,35361.4
India (mainland),taxon,"Herrings, shads, anchovies",1968,42230.0
India (mainland),taxon,"Herrings, shads, anchovies",1969,52965.7
India (mainland),taxon,"Herrings, shads, anchovies",1970,55766.7
India (mainland),taxon,"Herrings, shads, anchovies",1971,61951.3
India (mainland),taxon,"Herrings, shads, anchovies",1972,45055.4
India (mainland),taxon,"Herrings, shads, anchovies",1973,109764.3
India (mainland),taxon,"Herrings, shads, anchovies",1974,84883.1
India (mainland),taxon,"Herrings, shads, anchovies",1975,113377.2
India (mainland),taxon,"Herrings, shads, anchovies",1976,101073.3
India (mainland),taxon,"Herrings, shads, anchovies",1977,66340.1
India (mainland),taxon,"Herrings, shads, anchovies",1978,53276.8
India (mainland),taxon,"Herrings, shads, anchovies",1979,68959.0
India (mainland),taxon,"Herrings, shads, anchovies",1980,67472.2
India (mainland),taxon,"Herrings, shads, anchovies",1981,62377.5
India (mainland),taxon,"Herrings, shads, anchovies",1982,55300.0
India (mainland),taxon,"Herrings, shads, anchovies",1983,77154.9
India (mainland),taxon,"Herrings, shads, anchovies",1984,67438.8
India (mainland),taxon,"Herrings, shads, anchovies",1985,60659.5
India (mainland),taxon,"Herrings, shads, anchovies",1986,70288.6
India (mainland),taxon,"Herrings, shads, anchovies",1987,95918.7
India (mainland),taxon,"Herrings, shads, anchovies",1988,78129.1
India (mainland),taxon,"Herrings, shads, anchovies",1989,83338.0
India (mainland),taxon,"Herrings, shads, anchovies",1990,77820.2
India (mainland),taxon,"Herrings, shads, anchovies",1991,87836.3
India (mainland),taxon,"Herrings, shads, anchovies",1992,95776.2
India (mainland),taxon,"Herrings, shads, anchovies",1993,91196.5
India (mainland),taxon,"Herrings, shads, anchovies",1994,89773.1
India (mainland),taxon,"Herrings, shads, anchovies",1995,133822.2
India (mainland),taxon,"Herrings, shads, anchovies",1996,109685.6
India (mainland),taxon,"Herrings, shads, anchovies",1997,126410.5
India (mainland),taxon,"Herrings, shads, anchovies",1998,105548.1
India (mainland),taxon,"Herrings, shads, anchovies",1999,135125.7
India (mainland),taxon,"Herrings, shads, anchovies",2000,83609.1
India (mainland),taxon,"Herrings, shads, anchovies",2001,77337.7
India (mainland),taxon,"Herrings, shads, anchovies",2002,105608.5
India (mainland),taxon,"Herrings, shads, anchovies",2003,105446.7
India (mainland),taxon,"Herrings, shads, anchovies",2004,92694.2
India (mainland),taxon,"Herrings, shads, anchovies",2005,73818.3
India (mainland),taxon,"Herrings, shads, anchovies",2006,94128.1
India (mainland),taxon,"Herrings, shads, anchovies",2007,99720.2
India (mainland),taxon,"Herrings, shads, anchovies",2008,120679.5
India (mainland),taxon,"Herrings, shads, anchovies",2009,106589.6
India (mainland),taxon,"Herrings, shads, anchovies",2010,97254.8
India (mainland),taxon,"Herrings, shads, anchovies",2011,130187.8
India (mainland),taxon,"Herrings, shads, anchovies",2012,157470.8
India (mainland),taxon,"Herrings, shads, anchovies",2013,166634.5
India (mainland),taxon,"Herrings, shads, anchovies",2014,215351.2
India (mainland),taxon,"Herrings, shads, anchovies",2015,263410.3
India (mainland),taxon,"Herrings, shads, anchovies",2016,204216.5
India (mainland),taxon,"Herrings, shads, anchovies",2017,237756.1
India (mainland),taxon,"Herrings, shads, anchovies",2018,188119.8
India (mainland),taxon,"Herrings, shads, anchovies",2019,237324.8
India (mainland),taxon,"Threadfins, whiptail breams",1965,0.2
India (mainland),taxon,"Threadfins, whiptail breams",1966,0.3
India (mainland),taxon,"Threadfins, whiptail breams",1967,0.4
India (mainland),taxon,"Threadfins, whiptail breams",1968,5.1
India (mainland),taxon,"Threadfins, whiptail breams",1969,19.9
India (mainland),taxon,"Threadfins, whiptail breams",1970,40.5
India (mainland),taxon,"Threadfins, whiptail breams",1971,67.6
India (mainland),taxon,"Threadfins, whiptail breams",1972,123.7
India (mainland),taxon,"Threadfins, whiptail breams",1973,26.5
India (mainland),taxon,"Threadfins, whiptail breams",1974,74.0
India (mainland),taxon,"Threadfins, whiptail breams",1975,83.5
India (mainland),taxon,"Threadfins, whiptail breams",1976,73.8
India (mainland),taxon,"Threadfins, whiptail breams",1977,619.0
India (mainland),taxon,"Threadfins, whiptail breams",1978,660.4
India (mainland),taxon,"Threadfins, whiptail breams",1979,749.9
India (mainland),taxon,"Threadfins, whiptail breams",1980,730.2
India (mainland),taxon,"Threadfins, whiptail breams",1981,16991.9
India (mainland),taxon,"Threadfins, whiptail breams",1982,25209.3
India (mainland),taxon,"Threadfins, whiptail breams",1983,29005.3
India (mainland),taxon,"Threadfins, whiptail breams",1984,40000.9
India (mainland),taxon,"Threadfins, whiptail breams",1985,41088.3
India (mainland),taxon,"Threadfins, whiptail breams",1986,64073.8
India (mainland),taxon,"Threadfins, whiptail breams",1987,50786.8
India (mainland),taxon,"Threadfins, whiptail breams",1988,57236.0
India (mainland),taxon,"Threadfins, whiptail breams",1989,72831.2
India (mainland),taxon,"Threadfins, whiptail breams",1990,90027.1
India (mainland),taxon,"Threadfins, whiptail breams",1991,73285.9
India (mainland),taxon,"Threadfins, whiptail breams",1992,77386.6
India (mainland),taxon,"Threadfins, whiptail breams",1993,100212.2
India (mainland),taxon,"Threadfins, whiptail breams",1994,93764.8
India (mainland),taxon,"Threadfins, whiptail breams",1995,81845.1
India (mainland),taxon,"Threadfins, whiptail breams",1996,106138.1
India (mainland),taxon,"Threadfins, whiptail breams",1997,86940.1
India (mainland),taxon,"Threadfins, whiptail breams",1998,99970.0
India (mainland),taxon,"Threadfins, whiptail breams",1999,88116.3
India (mainland),taxon,"Threadfins, whiptail breams",2000,134589.7
India (mainland),taxon,"Threadfins, whiptail breams",2001,131310.3
India (mainland),taxon,"Threadfins, whiptail breams",2002,126271.7
India (mainland),taxon,"Threadfins, whiptail breams",2003,119260.2
India (mainland),taxon,"Threadfins, whiptail breams",2004,136904.2
India (mainland),taxon,"Threadfins, whiptail breams",2005,102015.0
India (mainland),taxon,"Threadfins, whiptail breams",2006,124349.5
India (mainland),taxon,"Threadfins, whiptail breams",2007,103738.3
India (mainland),taxon,"Threadfins, whiptail breams",2008,137453.0
India (mainland),taxon,"Threadfins, whiptail breams",2009,143925.0
India (mainland),taxon,"Threadfins, whiptail breams",2010,141269.4
India (mainland),taxon,"Threadfins, whiptail breams",2011,185024.7
India (mainland),taxon,"Threadfins, whiptail breams",2012,226429.2
India (mainland),taxon,"Threadfins, whiptail breams",2013,197013.2
India (mainland),taxon,"Threadfins, whiptail breams",2014,148523.2
India (mainland),taxon,"Threadfins, whiptail breams",2015,177306.3
India (mainland),taxon,"Threadfins, whiptail breams",2016,185593.8
India (mainland),taxon,"Threadfins, whiptail breams",2017,170771.7
India (mainland),taxon,"Threadfins, whiptail breams",2018,198411.0
India (mainland),taxon,"Threadfins, whiptail breams",2019,172815.3
India (mainland),taxon,"Herrings, sardines, menhadens",1950,28265.5
India (mainland),taxon,"Herrings, sardines, menhadens",1951,18000.4
India (mainland),taxon,"Herrings, sardines, menhadens",1952,26243.2
India (mainland),taxon,"Herrings, sardines, menhadens",1953,24163.6
India (mainland),taxon,"Herrings, sardines, menhadens",1954,30040.5
India (mainland),taxon,"Herrings, sardines, menhadens",1955,23494.1
India (mainland),taxon,"Herrings, sardines, menhadens",1956,38294.2
India (mainland),taxon,"Herrings, sardines, menhadens",1957,34329.0
India (mainland),taxon,"Herrings, sardines, menhadens",1958,20647.0
India (mainland),taxon,"Herrings, sardines, menhadens",1959,26891.7
India (mainland),taxon,"Herrings, sardines, menhadens",1960,31596.4
India (mainland),taxon,"Herrings, sardines, menhadens",1961,24042.2
India (mainland),taxon,"Herrings, sardines, menhadens",1962,23459.6
India (mainland),taxon,"Herrings, sardines, menhadens",1963,22434.2
India (mainland),taxon,"Herrings, sardines, menhadens",1964,26401.8
India (mainland),taxon,"Herrings, sardines, menhadens",1965,30488.4
India (mainland),taxon,"Herrings, sardines, menhadens",1966,34958.6
India (mainland),taxon,"Herrings, sardines, menhadens",1967,32645.9
India (mainland),taxon,"Herrings, sardines, menhadens",1968,36019.2
India (mainland),taxon,"Herrings, sardines, menhadens",1969,38102.0
India (mainland),taxon,"Herrings, sardines, menhadens",1970,40256.6
India (mainland),taxon,"Herrings, sardines, menhadens",1971,39348.8
India (mainland),taxon,"Herrings, sardines, menhadens",1972,46181.2
India (mainland),taxon,"Herrings, sardines, menhadens",1973,53316.2
India (mainland),taxon,"Herrings, sardines, menhadens",1974,57367.7
India (mainland),taxon,"Herrings, sardines, menhadens",1975,67160.2
India (mainland),taxon,"Herrings, sardines, menhadens",1976,72607.0
India (mainland),taxon,"Herrings, sardines, menhadens",1977,62956.5
India (mainland),taxon,"Herrings, sardines, menhadens",1978,56587.1
India (mainland),taxon,"Herrings, sardines, menhadens",1979,49337.1
India (mainland),taxon,"Herrings, sardines, menhadens",1980,54306.6
India (mainland),taxon,"Herrings, sardines, menhadens",1981,49856.0
India (mainland),taxon,"Herrings, sardines, menhadens",1982,46153.5
India (mainland),taxon,"Herrings, sardines, menhadens",1983,56455.3
India (mainland),taxon,"Herrings, sardines, menhadens",1984,65483.5
India (mainland),taxon,"Herrings, sardines, menhadens",1985,53057.9
India (mainland),taxon,"Herrings, sardines, menhadens",1986,61658.0
India (mainland),taxon,"Herrings, sardines, menhadens",1987,63920.7
India (mainland),taxon,"Herrings, sardines, menhadens",1988,62432.8
India (mainland),taxon,"Herrings, sardines, menhadens",1989,68404.8
India (mainland),taxon,"Herrings, sardines, menhadens",1990,67165.6
India (mainland),taxon,"Herrings, sardines, menhadens",1991,78182.7
India (mainland),taxon,"Herrings, sardines, menhadens",1992,83656.7
India (mainland),taxon,"Herrings, sardines, menhadens",1993,65403.8
India (mainland),taxon,"Herrings, sardines, menhadens",1994,88498.3
India (mainland),taxon,"Herrings, sardines, menhadens",1995,69163.3
India (mainland),taxon,"Herrings, sardines, menhadens",1996,80752.0
India (mainland),taxon,"Herrings, sardines, menhadens",1997,79262.9
India (mainland),taxon,"Herrings, sardines, menhadens",1998,82195.7
India (mainland),taxon,"Herrings, sardines, menhadens",1999,72960.4
India (mainland),taxon,"Herrings, sardines, menhadens",2000,70680.1
India (mainland),taxon,"Herrings, sardines, menhadens",2001,60350.5
India (mainland),taxon,"Herrings, sardines, menhadens",2002,61290.2
India (mainland),taxon,"Herrings, sardines, menhadens",2003,55541.9
India (mainland),taxon,"Herrings, sardines, menhadens",2004,53471.1
India (mainland),taxon,"Herrings, sardines, menhadens",2005,58808.2
India (mainland),taxon,"Herrings, sardines, menhadens",2006,65481.9
India (mainland),taxon,"Herrings, sardines, menhadens",2007,90220.1
India (mainland),taxon,"Herrings, sardines, menhadens",2008,91679.9
India (mainland),taxon,"Herrings, sardines, menhadens",2009,105345.4
India (mainland),taxon,"Herrings, sardines, menhadens",2010,99294.8
India (mainland),taxon,"Herrings, sardines, menhadens",2011,112431.6
India (mainland),taxon,"Herrings, sardines, menhadens",2012,110037.1
India (mainland),taxon,"Herrings, sardines, menhadens",2013,100603.7
India (mainland),taxon,"Herrings, sardines, menhadens",2014,101361.8
India (mainland),taxon,"Herrings, sardines, menhadens",2015,96960.4
India (mainland),taxon,"Herrings, sardines, menhadens",2016,85031.1
India (mainland),taxon,"Herrings, sardines, menhadens",2017,89044.0
India (mainland),taxon,"Herrings, sardines, menhadens",2018,72761.0
India (mainland),taxon,"Herrings, sardines, menhadens",2019,154528.6
India (mainland),taxon,Catfishes,1950,13064.8
India (mainland),taxon,Catfishes,1951,18719.8
India (mainland),taxon,Catfishes,1952,20229.8
India (mainland),taxon,Catfishes,1953,24948.7
India (mainland),taxon,Catfishes,1954,23446.4
India (mainland),taxon,Catfishes,1955,20467.3
India (mainland),taxon,Catfishes,1956,25272.7
India (mainland),taxon,Catfishes,1957,29472.3
India (mainland),taxon,Catfishes,1958,31799.6
India (mainland),taxon,Catfishes,1959,22107.2
India (mainland),taxon,Catfishes,1960,26836.4
India (mainland),taxon,Catfishes,1961,12622.2
India (mainland),taxon,Catfishes,1962,21122.2
India (mainland),taxon,Catfishes,1963,19508.8
India (mainland),taxon,Catfishes,1964,24906.4
India (mainland),taxon,Catfishes,1965,20968.7
India (mainland),taxon,Catfishes,1966,24717.6
India (mainland),taxon,Catfishes,1967,26560.2
India (mainland),taxon,Catfishes,1968,26197.3
India (mainland),taxon,Catfishes,1969,29507.3
India (mainland),taxon,Catfishes,1970,53470.6
India (mainland),taxon,Catfishes,1971,51879.4
India (mainland),taxon,Catfishes,1972,45494.1
India (mainland),taxon,Catfishes,1973,55953.1
India (mainland),taxon,Catfishes,1974,79968.4
India (mainland),taxon,Catfishes,1975,72447.9
India (mainland),taxon,Catfishes,1976,46950.2
India (mainland),taxon,Catfishes,1977,57052.3
India (mainland),taxon,Catfishes,1978,42628.5
India (mainland),taxon,Catfishes,1979,52430.4
India (mainland),taxon,Catfishes,1980,47342.9
India (mainland),taxon,Catfishes,1981,63260.5
India (mainland),taxon,Catfishes,1982,71782.8
India (mainland),taxon,Catfishes,1983,64699.7
India (mainland),taxon,Catfishes,1984,61316.3
India (mainland),taxon,Catfishes,1985,48537.6
India (mainland),taxon,Catfishes,1986,57139.5
India (mainland),taxon,Catfishes,1987,47524.1
India (mainland),taxon,Catfishes,1988,69608.3
India (mainland),taxon,Catfishes,1989,54007.7
India (mainland),taxon,Catfishes,1990,43613.6
India (mainland),taxon,Catfishes,1991,45985.6
India (mainland),taxon,Catfishes,1992,42417.3
India (mainland),taxon,Catfishes,1993,49746.4
India (mainland),taxon,Catfishes,1994,53337.4
India (mainland),taxon,Catfishes,1995,46154.7
India (mainland),taxon,Catfishes,1996,44603.2
India (mainland),taxon,Catfishes,1997,55296.5
India (mainland),taxon,Catfishes,1998,65624.9
India (mainland),taxon,Catfishes,1999,58812.7
India (mainland),taxon,Catfishes,2000,69797.3
India (mainland),taxon,Catfishes,2001,60682.7
India (mainland),taxon,Catfishes,2002,69655.9
India (mainland),taxon,Catfishes,2003,64566.4
India (mainland),taxon,Catfishes,2004,63221.1
India (mainland),taxon,Catfishes,2005,55799.7
India (mainland),taxon,Catfishes,2006,67149.7
India (mainland),taxon,Catfishes,2007,75734.1
India (mainland),taxon,Catfishes,2008,104533.5
India (mainland),taxon,Catfishes,2009,122685.7
India (mainland),taxon,Catfishes,2010,99361.0
India (mainland),taxon,Catfishes,2011,105347.3
India (mainland),taxon,Catfishes,2012,101182.4
India (mainland),taxon,Catfishes,2013,101723.1
India (mainland),taxon,Catfishes,2014,80418.1
India (mainland),taxon,Catfishes,2015,96254.3
India (mainland),taxon,Catfishes,2016,92926.9
India (mainland),taxon,Catfishes,2017,101017.6
India (mainland),taxon,Catfishes,2018,64547.0
India (mainland),taxon,Catfishes,2019,86775.1
India (mainland),taxon,"Slipmouths, ponyfishes",1950,7625.4
India (mainland),taxon,"Slipmouths, ponyfishes",1951,10003.4
India (mainland),taxon,"Slipmouths, ponyfishes",1952,7121.8
India (mainland),taxon,"Slipmouths, ponyfishes",1953,4697.8
India (mainland),taxon,"Slipmouths, ponyfishes",1954,10327.9
India (mainland),taxon,"Slipmouths, ponyfishes",1955,6299.8
India (mainland),taxon,"Slipmouths, ponyfishes",1956,17578.8
India (mainland),taxon,"Slipmouths, ponyfishes",1957,18073.2
India (mainland),taxon,"Slipmouths, ponyfishes",1958,13356.8
India (mainland),taxon,"Slipmouths, ponyfishes",1959,13646.0
India (mainland),taxon,"Slipmouths, ponyfishes",1960,16575.2
India (mainland),taxon,"Slipmouths, ponyfishes",1961,16135.5
India (mainland),taxon,"Slipmouths, ponyfishes",1962,18479.5
India (mainland),taxon,"Slipmouths, ponyfishes",1963,18030.6
India (mainland),taxon,"Slipmouths, ponyfishes",1964,28651.8
India (mainland),taxon,"Slipmouths, ponyfishes",1965,27489.8
India (mainland),taxon,"Slipmouths, ponyfishes",1966,38396.4
India (mainland),taxon,"Slipmouths, ponyfishes",1967,44295.3
India (mainland),taxon,"Slipmouths, ponyfishes",1968,36913.3
India (mainland),taxon,"Slipmouths, ponyfishes",1969,44585.3
India (mainland),taxon,"Slipmouths, ponyfishes",1970,49950.5
India (mainland),taxon,"Slipmouths, ponyfishes",1971,33038.9
India (mainland),taxon,"Slipmouths, ponyfishes",1972,32748.4
India (mainland),taxon,"Slipmouths, ponyfishes",1973,48719.0
India (mainland),taxon,"Slipmouths, ponyfishes",1974,51840.2
India (mainland),taxon,"Slipmouths, ponyfishes",1975,40588.8
India (mainland),taxon,"Slipmouths, ponyfishes",1976,43676.4
India (mainland),taxon,"Slipmouths, ponyfishes",1977,35051.3
India (mainland),taxon,"Slipmouths, ponyfishes",1978,42331.0
India (mainland),taxon,"Slipmouths, ponyfishes",1979,55947.5
India (mainland),taxon,"Slipmouths, ponyfishes",1980,55010.6
India (mainland),taxon,"Slipmouths, ponyfishes",1981,69654.0
India (mainland),taxon,"Slipmouths, ponyfishes",1982,72519.4
India (mainland),taxon,"Slipmouths, ponyfishes",1983,92649.2
India (mainland),taxon,"Slipmouths, ponyfishes",1984,57816.4
India (mainland),taxon,"Slipmouths, ponyfishes",1985,53555.7
India (mainland),taxon,"Slipmouths, ponyfishes",1986,72985.4
India (mainland),taxon,"Slipmouths, ponyfishes",1987,68077.5
India (mainland),taxon,"Slipmouths, ponyfishes",1988,65353.0
India (mainland),taxon,"Slipmouths, ponyfishes",1989,50677.6
India (mainland),taxon,"Slipmouths, ponyfishes",1990,55583.6
India (mainland),taxon,"Slipmouths, ponyfishes",1991,55115.6
India (mainland),taxon,"Slipmouths, ponyfishes",1992,54834.5
India (mainland),taxon,"Slipmouths, ponyfishes",1993,67145.1
India (mainland),taxon,"Slipmouths, ponyfishes",1994,73732.4
India (mainland),taxon,"Slipmouths, ponyfishes",1995,68687.4
India (mainland),taxon,"Slipmouths, ponyfishes",1996,65666.6
India (mainland),taxon,"Slipmouths, ponyfishes",1997,71187.1
India (mainland),taxon,"Slipmouths, ponyfishes",1998,62532.5
India (mainland),taxon,"Slipmouths, ponyfishes",1999,58392.7
India (mainland),taxon,"Slipmouths, ponyfishes",2000,52795.5
India (mainland),taxon,"Slipmouths, ponyfishes",2001,54247.9
India (mainland),taxon,"Slipmouths, ponyfishes",2002,63733.9
India (mainland),taxon,"Slipmouths, ponyfishes",2003,51691.5
India (mainland),taxon,"Slipmouths, ponyfishes",2004,57080.4
India (mainland),taxon,"Slipmouths, ponyfishes",2005,64156.8
India (mainland),taxon,"Slipmouths, ponyfishes",2006,68545.8
India (mainland),taxon,"Slipmouths, ponyfishes",2007,73613.6
India (mainland),taxon,"Slipmouths, ponyfishes",2008,71476.7
India (mainland),taxon,"Slipmouths, ponyfishes",2009,69950.4
India (mainland),taxon,"Slipmouths, ponyfishes",2010,77585.8
India (mainland),taxon,"Slipmouths, ponyfishes",2011,84475.9
India (mainland),taxon,"Slipmouths, ponyfishes",2012,141613.5
India (mainland),taxon,"Slipmouths, ponyfishes",2013,120380.7
India (mainland),taxon,"Slipmouths, ponyfishes",2014,123488.8
India (mainland),taxon,"Slipmouths, ponyfishes",2015,95130.8
India (mainland),taxon,"Slipmouths, ponyfishes",2016,91572.0
India (mainland),taxon,"Slipmouths, ponyfishes",2017,89670.0
India (mainland),taxon,"Slipmouths, ponyfishes",2018,77416.1
India (mainland),taxon,"Slipmouths, ponyfishes",2019,103137.1
India (mainland),taxon,Clams,1950,21718.2
India (mainland),taxon,Clams,1951,22198.6
India (mainland),taxon,Clams,1952,22679.1
India (mainland),taxon,Clams,1953,23159.5
India (mainland),taxon,Clams,1954,23639.9
India (mainland),taxon,Clams,1955,24120.3
India (mainland),taxon,Clams,1956,24600.7
India (mainland),taxon,Clams,1957,25081.2
India (mainland),taxon,Clams,1958,25561.6
India (mainland),taxon,Clams,1959,26042.0
India (mainland),taxon,Clams,1960,26522.4
India (mainland),taxon,Clams,1961,27002.9
India (mainland),taxon,Clams,1962,22634.2
India (mainland),taxon,Clams,1963,23118.3
India (mainland),taxon,Clams,1964,23603.5
India (mainland),taxon,Clams,1965,24088.1
India (mainland),taxon,Clams,1966,24570.8
India (mainland),taxon,Clams,1967,25054.8
India (mainland),taxon,Clams,1968,25538.9
India (mainland),taxon,Clams,1969,26740.7
India (mainland),taxon,Clams,1970,27943.6
India (mainland),taxon,Clams,1971,29145.4
India (mainland),taxon,Clams,1972,30346.6
India (mainland),taxon,Clams,1973,31548.1
India (mainland),taxon,Clams,1974,32749.9
India (mainland),taxon,Clams,1975,33951.7
India (mainland),taxon,Clams,1976,35166.9
India (mainland),taxon,Clams,1977,36355.4
India (mainland),taxon,Clams,1978,37557.2
India (mainland),taxon,Clams,1979,38759.0
India (mainland),taxon,Clams,1980,39960.8
India (mainland),taxon,Clams,1981,41162.7
India (mainland),taxon,Clams,1982,42364.5
India (mainland),taxon,Clams,1983,43566.3
India (mainland),taxon,Clams,1984,44768.2
India (mainland),taxon,Clams,1985,47154.3
India (mainland),taxon,Clams,1986,47537.0
India (mainland),taxon,Clams,1987,51849.6
India (mainland),taxon,Clams,1988,48550.5
India (mainland),taxon,Clams,1989,46440.0
India (mainland),taxon,Clams,1990,48694.0
India (mainland),taxon,Clams,1991,51703.6
India (mainland),taxon,Clams,1992,53705.1
India (mainland),taxon,Clams,1993,57209.7
India (mainland),taxon,Clams,1994,61031.2
India (mainland),taxon,Clams,1995,64881.6
India (mainland),taxon,Clams,1996,68674.0
India (mainland),taxon,Clams,1997,69657.1
India (mainland),taxon,Clams,1998,69224.1
India (mainland),taxon,Clams,1999,68794.7
India (mainland),taxon,Clams,2000,68916.8
India (mainland),taxon,Clams,2001,68345.6
India (mainland),taxon,Clams,2002,69198.6
India (mainland),taxon,Clams,2003,65151.8
India (mainland),taxon,Clams,2004,63976.6
India (mainland),taxon,Clams,2005,63045.3
India (mainland),taxon,Clams,2006,66774.4
India (mainland),taxon,Clams,2007,67228.2
India (mainland),taxon,Clams,2008,69375.1
India (mainland),taxon,Clams,2009,61839.4
India (mainland),taxon,Clams,2010,57873.4
India (mainland),taxon,Clams,2011,60591.4
India (mainland),taxon,Clams,2012,80942.0
India (mainland),taxon,Clams,2013,113003.8
India (mainland),taxon,Clams,2014,112883.7
India (mainland),taxon,Clams,2015,79890.1
India (mainland),taxon,Clams,2016,68835.2
India (mainland),taxon,Clams,2017,82915.9
India (mainland),taxon,Clams,2018,108915.9
India (mainland),taxon,Clams,2019,75507.5
India (mainland),taxon,"Jacks, pompanos",1950,4915.6
India (mainland),taxon,"Jacks, pompanos",1951,7887.7
India (mainland),taxon,"Jacks, pompanos",1952,7777.0
India (mainland),taxon,"Jacks, pompanos",1953,5767.9
India (mainland),taxon,"Jacks, pompanos",1954,13198.9
India (mainland),taxon,"Jacks, pompanos",1955,14746.3
India (mainland),taxon,"Jacks, pompanos",1956,55140.9
India (mainland),taxon,"Jacks, pompanos",1957,11324.8
India (mainland),taxon,"Jacks, pompanos",1958,19225.4
India (mainland),taxon,"Jacks, pompanos",1959,10360.7
India (mainland),taxon,"Jacks, pompanos",1960,22491.6
India (mainland),taxon,"Jacks, pompanos",1961,23245.7
India (mainland),taxon,"Jacks, pompanos",1962,8423.9
India (mainland),taxon,"Jacks, pompanos",1963,17943.2
India (mainland),taxon,"Jacks, pompanos",1964,27681.5
India (mainland),taxon,"Jacks, pompanos",1965,18180.3
India (mainland),taxon,"Jacks, pompanos",1966,20325.1
India (mainland),taxon,"Jacks, pompanos",1967,25228.8
India (mainland),taxon,"Jacks, pompanos",1968,16665.7
India (mainland),taxon,"Jacks, pompanos",1969,22268.8
India (mainland),taxon,"Jacks, pompanos",1970,20453.2
India (mainland),taxon,"Jacks, pompanos",1971,21505.6
India (mainland),taxon,"Jacks, pompanos",1972,28202.4
India (mainland),taxon,"Jacks, pompanos",1973,26593.2
India (mainland),taxon,"Jacks, pompanos",1974,20262.5
India (mainland),taxon,"Jacks, pompanos",1975,24165.8
India (mainland),taxon,"Jacks, pompanos",1976,28287.4
India (mainland),taxon,"Jacks, pompanos",1977,32175.3
India (mainland),taxon,"Jacks, pompanos",1978,18519.0
India (mainland),taxon,"Jacks, pompanos",1979,31403.3
India (mainland),taxon,"Jacks, pompanos",1980,26553.2
India (mainland),taxon,"Jacks, pompanos",1981,23633.8
India (mainland),taxon,"Jacks, pompanos",1982,24723.6
India (mainland),taxon,"Jacks, pompanos",1983,29750.0
India (mainland),taxon,"Jacks, pompanos",1984,34024.0
India (mainland),taxon,"Jacks, pompanos",1985,35412.1
India (mainland),taxon,"Jacks, pompanos",1986,72351.4
India (mainland),taxon,"Jacks, pompanos",1987,52595.5
India (mainland),taxon,"Jacks, pompanos",1988,62308.0
India (mainland),taxon,"Jacks, pompanos",1989,61965.0
India (mainland),taxon,"Jacks, pompanos",1990,51119.5
India (mainland),taxon,"Jacks, pompanos",1991,46398.9
India (mainland),taxon,"Jacks, pompanos",1992,50315.3
India (mainland),taxon,"Jacks, pompanos",1993,54556.0
India (mainland),taxon,"Jacks, pompanos",1994,65519.7
India (mainland),taxon,"Jacks, pompanos",1995,73228.3
India (mainland),taxon,"Jacks, pompanos",1996,63829.3
India (mainland),taxon,"Jacks, pompanos",1997,82820.0
India (mainland),taxon,"Jacks, pompanos",1998,69385.4
India (mainland),taxon,"Jacks, pompanos",1999,61697.5
India (mainland),taxon,"Jacks, pompanos",2000,61362.1
India (mainland),taxon,"Jacks, pompanos",2001,55269.8
India (mainland),taxon,"Jacks, pompanos",2002,65514.4
India (mainland),taxon,"Jacks, pompanos",2003,64281.6
India (mainland),taxon,"Jacks, pompanos",2004,61627.4
India (mainland),taxon,"Jacks, pompanos",2005,55295.5
India (mainland),taxon,"Jacks, pompanos",2006,54606.4
India (mainland),taxon,"Jacks, pompanos",2007,64478.6
India (mainland),taxon,"Jacks, pompanos",2008,74838.8
India (mainland),taxon,"Jacks, pompanos",2009,81797.6
India (mainland),taxon,"Jacks, pompanos",2010,87280.4
India (mainland),taxon,"Jacks, pompanos",2011,82415.7
India (mainland),taxon,"Jacks, pompanos",2012,83646.1
India (mainland),taxon,"Jacks, pompanos",2013,74571.2
India (mainland),taxon,"Jacks, pompanos",2014,76189.8
India (mainland),taxon,"Jacks, pompanos",2015,82966.3
India (mainland),taxon,"Jacks, pompanos",2016,90162.0
India (mainland),taxon,"Jacks, pompanos",2017,129835.2
India (mainland),taxon,"Jacks, pompanos",2018,135730.7
India (mainland),taxon,"Jacks, pompanos",2019,189085.7
India (mainland),taxon,Perch-likes,1950,26366.4
India (mainland),taxon,Perch-likes,1951,3442.3
India (mainland),taxon,Perch-likes,1952,13969.9
India (mainland),taxon,Perch-likes,1953,5049.3
India (mainland),taxon,Perch-likes,1954,5373.8
India (mainland),taxon,Perch-likes,1955,7668.1
India (mainland),taxon,Perch-likes,1956,8869.6
India (mainland),taxon,Perch-likes,1957,7341.2
India (mainland),taxon,Perch-likes,1958,12547.2
India (mainland),taxon,Perch-likes,1959,9882.3
India (mainland),taxon,Perch-likes,1960,10282.2
India (mainland),taxon,Perch-likes,1961,15981.4
India (mainland),taxon,Perch-likes,1962,9470.8
India (mainland),taxon,Perch-likes,1963,9110.3
India (mainland),taxon,Perch-likes,1964,13088.8
India (mainland),taxon,Perch-likes,1965,8980.4
India (mainland),taxon,Perch-likes,1966,12526.3
India (mainland),taxon,Perch-likes,1967,8979.1
India (mainland),taxon,Perch-likes,1968,9464.1
India (mainland),taxon,Perch-likes,1969,13392.1
India (mainland),taxon,Perch-likes,1970,14441.4
India (mainland),taxon,Perch-likes,1971,13690.8
India (mainland),taxon,Perch-likes,1972,15855.4
India (mainland),taxon,Perch-likes,1973,22205.8
India (mainland),taxon,Perch-likes,1974,37794.4
India (mainland),taxon,Perch-likes,1975,36098.3
India (mainland),taxon,Perch-likes,1976,19025.9
India (mainland),taxon,Perch-likes,1977,32687.1
India (mainland),taxon,Perch-likes,1978,50465.4
India (mainland),taxon,Perch-likes,1979,36707.5
India (mainland),taxon,Perch-likes,1980,39544.0
India (mainland),taxon,Perch-likes,1981,12420.6
India (mainland),taxon,Perch-likes,1982,15141.6
India (mainland),taxon,Perch-likes,1983,20331.8
India (mainland),taxon,Perch-likes,1984,24073.8
India (mainland),taxon,Perch-likes,1985,23935.2
India (mainland),taxon,Perch-likes,1986,26112.8
India (mainland),taxon,Perch-likes,1987,33162.9
India (mainland),taxon,Perch-likes,1988,27662.9
India (mainland),taxon,Perch-likes,1989,24643.9
India (mainland),taxon,Perch-likes,1990,27286.7
India (mainland),taxon,Perch-likes,1991,27504.3
India (mainland),taxon,Perch-likes,1992,33247.1
India (mainland),taxon,Perch-likes,1993,42789.5
India (mainland),taxon,Perch-likes,1994,43666.2
India (mainland),taxon,Perch-likes,1995,45466.9
India (mainland),taxon,Perch-likes,1996,49135.6
India (mainland),taxon,Perch-likes,1997,53566.8
India (mainland),taxon,Perch-likes,1998,39660.0
India (mainland),taxon,Perch-likes,1999,40762.4
India (mainland),taxon,Perch-likes,2000,61859.6
India (mainland),taxon,Perch-likes,2001,48899.3
India (mainland),taxon,Perch-likes,2002,53173.9
India (mainland),taxon,Perch-likes,2003,41262.6
India (mainland),taxon,Perch-likes,2004,41627.3
India (mainland),taxon,Perch-likes,2005,38014.2
India (mainland),taxon,Perch-likes,2006,49220.2
India (mainland),taxon,Perch-likes,2007,54549.7
India (mainland),taxon,Perch-likes,2008,88842.2
India (mainland),taxon,Perch-likes,2009,54982.0
India (mainland),taxon,Perch-likes,2010,50394.4
India (mainland),taxon,Perch-likes,2011,57783.7
India (mainland),taxon,Perch-likes,2012,64827.2
India (mainland),taxon,Perch-likes,2013,69631.2
India (mainland),taxon,Perch-likes,2014,59201.5
India (mainland),taxon,Perch-likes,2015,101921.4
India (mainland),taxon,Perch-likes,2016,184948.5
India (mainland),taxon,Perch-likes,2017,211831.6
India (mainland),taxon,Perch-likes,2018,116201.0
India (mainland),taxon,Perch-likes,2019,136503.4
India (mainland),taxon,Scads,1950,0.1
India (mainland),taxon,Scads,1951,0.2
India (mainland),taxon,Scads,1952,0.1
India (mainland),taxon,Scads,1953,0.1
India (mainland),taxon,Scads,1954,0.1
India (mainland),taxon,Scads,1955,0.1
India (mainland),taxon,Scads,1956,0.1
India (mainland),taxon,Scads,1957,0.1
India (mainland),taxon,Scads,1958,0.1
India (mainland),taxon,Scads,1959,0.2
India (mainland),taxon,Scads,1960,0.1
India (mainland),taxon,Scads,1961,0.2
India (mainland),taxon,Scads,1962,0.1
India (mainland),taxon,Scads,1963,4.9
India (mainland),taxon,Scads,1964,3.4
India (mainland),taxon,Scads,1965,3.1
India (mainland),taxon,Scads,1966,3.2
India (mainland),taxon,Scads,1967,0.2
India (mainland),taxon,Scads,1971,0.2
India (mainland),taxon,Scads,1972,10.0
India (mainland),taxon,Scads,1973,6.3
India (mainland),taxon,Scads,1974,13.1
India (mainland),taxon,Scads,1975,10.5
India (mainland),taxon,Scads,1976,7.7
India (mainland),taxon,Scads,1981,7146.9
India (mainland),taxon,Scads,1982,7476.4
India (mainland),taxon,Scads,1983,11412.5
India (mainland),taxon,Scads,1984,13131.5
India (mainland),taxon,Scads,1985,8299.8
India (mainland),taxon,Scads,1986,52368.6
India (mainland),taxon,Scads,1987,16985.6
India (mainland),taxon,Scads,1988,40705.0
India (mainland),taxon,Scads,1989,60741.0
India (mainland),taxon,Scads,1990,70759.7
India (mainland),taxon,Scads,1991,107850.6
India (mainland),taxon,Scads,1992,125580.8
India (mainland),taxon,Scads,1993,63991.1
India (mainland),taxon,Scads,1994,54085.5
India (mainland),taxon,Scads,1995,112514.7
India (mainland),taxon,Scads,1996,73555.4
India (mainland),taxon,Scads,1997,43175.6
India (mainland),taxon,Scads,1998,60284.4
India (mainland),taxon,Scads,1999,36519.9
India (mainland),taxon,Scads,2000,28419.8
India (mainland),taxon,Scads,2001,45410.6
India (mainland),taxon,Scads,2002,42421.3
India (mainland),taxon,Scads,2003,30955.9
India (mainland),taxon,Scads,2004,45385.3
India (mainland),taxon,Scads,2005,58961.2
India (mainland),taxon,Scads,2006,42193.2
India (mainland),taxon,Scads,2007,46058.2
India (mainland),taxon,Scads,2008,38192.2
India (mainland),taxon,Scads,2009,58534.4
India (mainland),taxon,Scads,2010,47417.0
India (mainland),taxon,Scads,2011,110699.5
India (mainland),taxon,Scads,2012,97477.9
India (mainland),taxon,Scads,2013,137286.9
India (mainland),taxon,Scads,2014,93115.9
India (mainland),taxon,Scads,2015,120933.4
India (mainland),taxon,Scads,2016,113961.8
India (mainland),taxon,Scads,2017,116436.4
India (mainland),taxon,Scads,2018,139907.3
India (mainland),taxon,Scads,2019,148836.0
India (mainland),taxon,"Anchovies, round herrings",1950,18865.5
India (mainland),taxon,"Anchovies, round herrings",1951,45429.3
India (mainland),taxon,"Anchovies, round herrings",1952,31830.2
India (mainland),taxon,"Anchovies, round herrings",1953,22291.1
India (mainland),taxon,"Anchovies, round herrings",1954,24373.8
India (mainland),taxon,"Anchovies, round herrings",1955,19683.5
India (mainland),taxon,"Anchovies, round herrings",1956,20717.3
India (mainland),taxon,"Anchovies, round herrings",1957,13038.0
India (mainland),taxon,"Anchovies, round herrings",1958,29867.4
India (mainland),taxon,"Anchovies, round herrings",1959,24953.7
India (mainland),taxon,"Anchovies, round herrings",1960,36486.2
India (mainland),taxon,"Anchovies, round herrings",1961,22565.3
India (mainland),taxon,"Anchovies, round herrings",1962,19602.6
India (mainland),taxon,"Anchovies, round herrings",1963,29572.6
India (mainland),taxon,"Anchovies, round herrings",1964,26404.9
India (mainland),taxon,"Anchovies, round herrings",1965,25181.5
India (mainland),taxon,"Anchovies, round herrings",1966,27374.7
India (mainland),taxon,"Anchovies, round herrings",1967,30051.9
India (mainland),taxon,"Anchovies, round herrings",1968,19295.7
India (mainland),taxon,"Anchovies, round herrings",1969,32287.5
India (mainland),taxon,"Anchovies, round herrings",1970,25591.3
India (mainland),taxon,"Anchovies, round herrings",1971,20976.1
India (mainland),taxon,"Anchovies, round herrings",1972,20406.0
India (mainland),taxon,"Anchovies, round herrings",1973,27484.2
India (mainland),taxon,"Anchovies, round herrings",1974,43607.9
India (mainland),taxon,"Anchovies, round herrings",1975,32834.3
India (mainland),taxon,"Anchovies, round herrings",1976,32138.8
India (mainland),taxon,"Anchovies, round herrings",1977,36149.7
India (mainland),taxon,"Anchovies, round herrings",1978,41496.8
India (mainland),taxon,"Anchovies, round herrings",1979,28928.9
India (mainland),taxon,"Anchovies, round herrings",1980,36165.6
India (mainland),taxon,"Anchovies, round herrings",1981,24199.6
India (mainland),taxon,"Anchovies, round herrings",1982,21526.7
India (mainland),taxon,"Anchovies, round herrings",1983,23572.9
India (mainland),taxon,"Anchovies, round herrings",1984,27798.5
India (mainland),taxon,"Anchovies, round herrings",1985,30567.0
India (mainland),taxon,"Anchovies, round herrings",1986,33206.7
India (mainland),taxon,"Anchovies, round herrings",1987,29196.1
India (mainland),taxon,"Anchovies, round herrings",1988,30307.9
India (mainland),taxon,"Anchovies, round herrings",1989,37946.8
India (mainland),taxon,"Anchovies, round herrings",1990,43533.8
India (mainland),taxon,"Anchovies, round herrings",1991,53532.5
India (mainland),taxon,"Anchovies, round herrings",1992,42181.8
India (mainland),taxon,"Anchovies, round herrings",1993,42745.8
India (mainland),taxon,"Anchovies, round herrings",1994,43354.9
India (mainland),taxon,"Anchovies, round herrings",1995,42685.2
India (mainland),taxon,"Anchovies, round herrings",1996,42583.2
India (mainland),taxon,"Anchovies, round herrings",1997,43005.9
India (mainland),taxon,"Anchovies, round herrings",1998,65682.6
India (mainland),taxon,"Anchovies, round herrings",1999,41554.9
India (mainland),taxon,"Anchovies, round herrings",2000,47488.8
India (mainland),taxon,"Anchovies, round herrings",2001,43173.6
India (mainland),taxon,"Anchovies, round herrings",2002,54970.0
India (mainland),taxon,"Anchovies, round herrings",2003,50985.4
India (mainland),taxon,"Anchovies, round herrings",2004,46383.3
India (mainland),taxon,"Anchovies, round herrings",2005,46477.0
India (mainland),taxon,"Anchovies, round herrings",2006,38085.8
India (mainland),taxon,"Anchovies, round herrings",2007,46074.6
India (mainland),taxon,"Anchovies, round herrings",2008,47624.4
India (mainland),taxon,"Anchovies, round herrings",2009,51072.7
India (mainland),taxon,"Anchovies, round herrings",2010,51773.8
India (mainland),taxon,"Anchovies, round herrings",2011,60399.4
India (mainland),taxon,"Anchovies, round herrings",2012,39572.7
India (mainland),taxon,"Anchovies, round herrings",2013,45508.3
India (mainland),taxon,"Anchovies, round herrings",2014,40548.6
India (mainland),taxon,"Anchovies, round herrings",2015,38088.6
India (mainland),taxon,"Anchovies, round herrings",2016,43576.2
India (mainland),taxon,"Anchovies, round herrings",2017,48679.4
India (mainland),taxon,"Anchovies, round herrings",2018,54724.1
India (mainland),taxon,"Anchovies, round herrings",2019,47178.2
India (mainland),taxon,Garment anchovies,1970,3.6
India (mainland),taxon,Garment anchovies,1971,4.2
India (mainland),taxon,Garment anchovies,1972,9.3
India (mainland),taxon,Garment anchovies,1973,25.2
India (mainland),taxon,Garment anchovies,1974,23.2
India (mainland),taxon,Garment anchovies,1975,36.2
India (mainland),taxon,Garment anchovies,1976,42.9
India (mainland),taxon,Garment anchovies,1977,52.7
India (mainland),taxon,Garment anchovies,1978,60.0
India (mainland),taxon,Garment anchovies,1979,67.3
India (mainland),taxon,Garment anchovies,1980,74.7
India (mainland),taxon,Garment anchovies,1981,33227.1
India (mainland),taxon,Garment anchovies,1982,41951.0
India (mainland),taxon,Garment anchovies,1983,90278.3
India (mainland),taxon,Garment anchovies,1984,75827.6
India (mainland),taxon,Garment anchovies,1985,55366.9
India (mainland),taxon,Garment anchovies,1986,69987.5
India (mainland),taxon,Garment anchovies,1987,51968.3
India (mainland),taxon,Garment anchovies,1988,102864.3
India (mainland),taxon,Garment anchovies,1989,71305.1
India (mainland),taxon,Garment anchovies,1990,59197.7
India (mainland),taxon,Garment anchovies,1991,88134.0
India (mainland),taxon,Garment anchovies,1992,84125.8
India (mainland),taxon,Garment anchovies,1993,75780.3
India (mainland),taxon,Garment anchovies,1994,63572.9
India (mainland),taxon,Garment anchovies,1995,73607.4
India (mainland),taxon,Garment anchovies,1996,64777.8
India (mainland),taxon,Garment anchovies,1997,61253.3
India (mainland),taxon,Garment anchovies,1998,78148.9
India (mainland),taxon,Garment anchovies,1999,53104.1
India (mainland),taxon,Garment anchovies,2000,48639.8
India (mainland),taxon,Garment anchovies,2001,46781.0
India (mainland),taxon,Garment anchovies,2002,46349.0
India (mainland),taxon,Garment anchovies,2003,43697.7
India (mainland),taxon,Garment anchovies,2004,51551.7
India (mainland),taxon,Garment anchovies,2005,30001.4
India (mainland),taxon,Garment anchovies,2006,34835.1
India (mainland),taxon,Garment anchovies,2007,55082.1
India (mainland),taxon,Garment anchovies,2008,92521.4
India (mainland),taxon,Garment anchovies,2009,61041.5
India (mainland),taxon,Garment anchovies,2010,87088.0
India (mainland),taxon,Garment anchovies,2011,68233.3
India (mainland),taxon,Garment anchovies,2012,72477.3
India (mainland),taxon,Garment anchovies,2013,74029.5
India (mainland),taxon,Garment anchovies,2014,61864.2
India (mainland),taxon,Garment anchovies,2015,67853.0
India (mainland),taxon,Garment anchovies,2016,65844.5
India (mainland),taxon,Garment anchovies,2017,69146.7
India (mainland),taxon,Garment anchovies,2018,77837.6
India (mainland),taxon,Garment anchovies,2019,69248.0
India (mainland),taxon,"Sharks, rays, skates",1950,17527.3
India (mainland),taxon,"Sharks, rays, skates",1951,29793.2
India (mainland),taxon,"Sharks, rays, skates",1952,38393.5
India (mainland),taxon,"Sharks, rays, skates",1953,16050.0
India (mainland),taxon,"Sharks, rays, skates",1954,16196.8
India (mainland),taxon,"Sharks, rays, skates",1955,20668.3
India (mainland),taxon,"Sharks, rays, skates",1956,22103.3
India (mainland),taxon,"Sharks, rays, skates",1957,23323.4
India (mainland),taxon,"Sharks, rays, skates",1958,24524.8
India (mainland),taxon,"Sharks, rays, skates",1959,23678.4
India (mainland),taxon,"Sharks, rays, skates",1960,35889.7
India (mainland),taxon,"Sharks, rays, skates",1961,33831.4
India (mainland),taxon,"Sharks, rays, skates",1962,41135.2
India (mainland),taxon,"Sharks, rays, skates",1963,43466.8
India (mainland),taxon,"Sharks, rays, skates",1964,35202.0
India (mainland),taxon,"Sharks, rays, skates",1965,32312.0
India (mainland),taxon,"Sharks, rays, skates",1966,37768.1
India (mainland),taxon,"Sharks, rays, skates",1967,29845.2
India (mainland),taxon,"Sharks, rays, skates",1968,31610.2
India (mainland),taxon,"Sharks, rays, skates",1969,35845.8
India (mainland),taxon,"Sharks, rays, skates",1970,44450.9
India (mainland),taxon,"Sharks, rays, skates",1971,41786.5
India (mainland),taxon,"Sharks, rays, skates",1972,46734.9
India (mainland),taxon,"Sharks, rays, skates",1973,45336.1
India (mainland),taxon,"Sharks, rays, skates",1974,66663.3
India (mainland),taxon,"Sharks, rays, skates",1975,65736.6
India (mainland),taxon,"Sharks, rays, skates",1976,54910.4
India (mainland),taxon,"Sharks, rays, skates",1977,62679.7
India (mainland),taxon,"Sharks, rays, skates",1978,62136.2
India (mainland),taxon,"Sharks, rays, skates",1979,53151.0
India (mainland),taxon,"Sharks, rays, skates",1980,58335.0
India (mainland),taxon,"Sharks, rays, skates",1981,33155.1
India (mainland),taxon,"Sharks, rays, skates",1982,39818.4
India (mainland),taxon,"Sharks, rays, skates",1983,38987.2
India (mainland),taxon,"Sharks, rays, skates",1984,33297.5
India (mainland),taxon,"Sharks, rays, skates",1985,33331.5
India (mainland),taxon,"Sharks, rays, skates",1986,33352.0
India (mainland),taxon,"Sharks, rays, skates",1987,32711.2
India (mainland),taxon,"Sharks, rays, skates",1988,36609.1
India (mainland),taxon,"Sharks, rays, skates",1989,28582.2
India (mainland),taxon,"Sharks, rays, skates",1990,24799.0
India (mainland),taxon,"Sharks, rays, skates",1991,32855.9
India (mainland),taxon,"Sharks, rays, skates",1992,45976.0
India (mainland),taxon,"Sharks, rays, skates",1993,46327.5
India (mainland),taxon,"Sharks, rays, skates",1994,37069.4
India (mainland),taxon,"Sharks, rays, skates",1995,47495.1
India (mainland),taxon,"Sharks, rays, skates",1996,34324.8
India (mainland),taxon,"Sharks, rays, skates",1997,44524.8
India (mainland),taxon,"Sharks, rays, skates",1998,48123.6
India (mainland),taxon,"Sharks, rays, skates",1999,41373.8
India (mainland),taxon,"Sharks, rays, skates",2000,47517.4
India (mainland),taxon,"Sharks, rays, skates",2001,34580.5
India (mainland),taxon,"Sharks, rays, skates",2002,37205.2
India (mainland),taxon,"Sharks, rays, skates",2003,29522.0
India (mainland),taxon,"Sharks, rays, skates",2004,35684.8
India (mainland),taxon,"Sharks, rays, skates",2005,26400.6
India (mainland),taxon,"Sharks, rays, skates",2006,29407.3
India (mainland),taxon,"Sharks, rays, skates",2007,26917.2
India (mainland),taxon,"Sharks, rays, skates",2008,26945.8
India (mainland),taxon,"Sharks, rays, skates",2009,29395.6
India (mainland),taxon,"Sharks, rays, skates",2010,25571.5
India (mainland),taxon,"Sharks, rays, skates",2011,26965.1
India (mainland),taxon,"Sharks, rays, skates",2012,21178.1
India (mainland),taxon,"Sharks, rays, skates",2013,21242.0
India (mainland),taxon,"Sharks, rays, skates",2014,22588.1
India (mainland),taxon,"Sharks, rays, skates",2015,23937.9
India (mainland),taxon,"Sharks, rays, skates",2016,24008.6
India (mainland),taxon,"Sharks, rays, skates",2017,20156.3
India (mainland),taxon,"Sharks, rays, skates",2018,21216.5
India (mainland),taxon,"Sharks, rays, skates",2019,22030.8
India (mainland),taxon,Indian mackerels,1950,90371.0
India (mainland),taxon,Indian mackerels,1951,106327.4
India (mainland),taxon,Indian mackerels,1952,79118.9
India (mainland),taxon,Indian mackerels,1953,71793.4
India (mainland),taxon,Indian mackerels,1954,28857.5
India (mainland),taxon,Indian mackerels,1955,23270.0
India (mainland),taxon,Indian mackerels,1956,16828.5
India (mainland),taxon,Indian mackerels,1957,90259.6
India (mainland),taxon,Indian mackerels,1958,124896.2
India (mainland),taxon,Indian mackerels,1959,63117.6
India (mainland),taxon,Indian mackerels,1960,135316.4
India (mainland),taxon,Indian mackerels,1961,35074.0
India (mainland),taxon,Indian mackerels,1962,29610.5
India (mainland),taxon,Indian mackerels,1963,78064.0
India (mainland),taxon,Indian mackerels,1964,24258.5
India (mainland),taxon,Indian mackerels,1965,43716.8
India (mainland),taxon,Indian mackerels,1966,32792.4
India (mainland),taxon,Indian mackerels,1967,30643.0
India (mainland),taxon,Indian mackerels,1968,21180.0
India (mainland),taxon,Indian mackerels,1969,93345.8
India (mainland),taxon,Indian mackerels,1970,141850.0
India (mainland),taxon,Indian mackerels,1971,207192.5
India (mainland),taxon,Indian mackerels,1972,110519.9
India (mainland),taxon,Indian mackerels,1973,80736.0
India (mainland),taxon,Indian mackerels,1974,38365.6
India (mainland),taxon,Indian mackerels,1975,46754.8
India (mainland),taxon,Indian mackerels,1976,66517.6
India (mainland),taxon,Indian mackerels,1977,63024.8
India (mainland),taxon,Indian mackerels,1978,86426.6
India (mainland),taxon,Indian mackerels,1979,72575.0
India (mainland),taxon,Indian mackerels,1980,56048.4
India (mainland),taxon,Indian mackerels,1981,172.0
India (mainland),taxon,Indian mackerels,1982,155.7
India (mainland),taxon,Indian mackerels,1983,149.5
India (mainland),taxon,Indian mackerels,1984,168.9
India (mainland),taxon,Indian mackerels,1985,245.0
India (mainland),taxon,Indian mackerels,1986,919.8
India (mainland),taxon,Indian mackerels,1987,430.6
India (mainland),taxon,Indian mackerels,1988,439.0
India (mainland),taxon,Indian mackerels,1989,597.5
India (mainland),taxon,Indian mackerels,1990,316.0
India (mainland),taxon,Indian mackerels,1991,923.6
India (mainland),taxon,Indian mackerels,1992,888.2
India (mainland),taxon,Indian mackerels,1993,712.9
India (mainland),taxon,Indian mackerels,1994,855.3
India (mainland),taxon,Indian mackerels,1995,476.8
India (mainland),taxon,Indian mackerels,1996,921.2
India (mainland),taxon,Indian mackerels,1997,972.7
India (mainland),taxon,Indian mackerels,1998,1535.0
India (mainland),taxon,Indian mackerels,1999,895.9
India (mainland),taxon,Indian mackerels,2000,951.4
India (mainland),taxon,Indian mackerels,2001,955.9
India (mainland),taxon,Indian mackerels,2002,972.1
India (mainland),taxon,Indian mackerels,2003,956.9
India (mainland),taxon,Indian mackerels,2004,951.4
India (mainland),taxon,Indian mackerels,2005,951.4
India (mainland),taxon,Indian mackerels,2006,952.5
India (mainland),taxon,Indian mackerels,2007,8092.5
India (mainland),taxon,Indian mackerels,2008,3459.2
India (mainland),taxon,Indian mackerels,2009,1164.3
India (mainland),taxon,Indian mackerels,2010,954.8
India (mainland),taxon,Indian mackerels,2011,960.2
India (mainland),taxon,Indian mackerels,2012,951.4
India (mainland),taxon,Indian mackerels,2013,1312.5
India (mainland),taxon,Indian mackerels,2014,1350.6
India (mainland),taxon,Indian mackerels,2015,1457.3
India (mainland),taxon,Indian mackerels,2016,1377.0
India (mainland),taxon,Indian mackerels,2017,1635.6
India (mainland),taxon,Indian mackerels,2018,3245.0
India (mainland),taxon,Indian mackerels,2019,2110.8
India (mainland),taxon,"Squids, cuttlefishes, octopuses",1950,350.4
India (mainland),taxon,"Squids, cuttlefishes, octopuses",1951,322.6
India (mainland),taxon,"Squids, cuttlefishes, octopuses",1952,319.2
India (mainland),taxon,"Squids, cuttlefishes, octopuses",1953,351.4
India (mainland),taxon,"Squids, cuttlefishes, octopuses",1954,356.5
India (mainland),taxon,"Squids, cuttlefishes, octopuses",1955,360.4
India (mainland),taxon,"Squids, cuttlefishes, octopuses",1956,436.8
India (mainland),taxon,"Squids, cuttlefishes, octopuses",1957,529.0
India (mainland),taxon,"Squids, cuttlefishes, octopuses",1958,3.0
India (mainland),taxon,"Squids, cuttlefishes, octopuses",1959,353.1
India (mainland),taxon,"Squids, cuttlefishes, octopuses",1960,472.1
India (mainland),taxon,"Squids, cuttlefishes, octopuses",1961,95.1
India (mainland),taxon,"Squids, cuttlefishes, octopuses",1962,98.2
India (mainland),taxon,"Squids, cuttlefishes, octopuses",1963,263.1
India (mainland),taxon,"Squids, cuttlefishes, octopuses",1964,469.3
India (mainland),taxon,"Squids, cuttlefishes, octopuses",1965,268.0
India (mainland),taxon,"Squids, cuttlefishes, octopuses",1966,962.8
India (mainland),taxon,"Squids, cuttlefishes, octopuses",1967,527.0
India (mainland),taxon,"Squids, cuttlefishes, octopuses",1968,1534.6
India (mainland),taxon,"Squids, cuttlefishes, octopuses",1969,766.9
India (mainland),taxon,"Squids, cuttlefishes, octopuses",1970,1187.6
India (mainland),taxon,"Squids, cuttlefishes, octopuses",1971,1509.8
India (mainland),taxon,"Squids, cuttlefishes, octopuses",1972,1022.7
India (mainland),taxon,"Squids, cuttlefishes, octopuses",1973,1398.1
India (mainland),taxon,"Squids, cuttlefishes, octopuses",1974,3675.1
India (mainland),taxon,"Squids, cuttlefishes, octopuses",1975,7888.7
India (mainland),taxon,"Squids, cuttlefishes, octopuses",1976,10810.3
India (mainland),taxon,"Squids, cuttlefishes, octopuses",1977,10011.9
India (mainland),taxon,"Squids, cuttlefishes, octopuses",1978,15945.0
India (mainland),taxon,"Squids, cuttlefishes, octopuses",1979,15055.2
India (mainland),taxon,"Squids, cuttlefishes, octopuses",1980,11364.3
India (mainland),taxon,"Squids, cuttlefishes, octopuses",1981,9565.4
India (mainland),taxon,"Squids, cuttlefishes, octopuses",1982,15803.9
India (mainland),taxon,"Squids, cuttlefishes, octopuses",1983,18366.0
India (mainland),taxon,"Squids, cuttlefishes, octopuses",1984,20443.9
India (mainland),taxon,"Squids, cuttlefishes, octopuses",1985,32035.8
India (mainland),taxon,"Squids, cuttlefishes, octopuses",1986,43468.0
India (mainland),taxon,"Squids, cuttlefishes, octopuses",1987,35547.2
India (mainland),taxon,"Squids, cuttlefishes, octopuses",1988,40201.0
India (mainland),taxon,"Squids, cuttlefishes, octopuses",1989,56669.7
India (mainland),taxon,"Squids, cuttlefishes, octopuses",1990,57982.3
India (mainland),taxon,"Squids, cuttlefishes, octopuses",1991,66643.9
India (mainland),taxon,"Squids, cuttlefishes, octopuses",1992,92067.8
India (mainland),taxon,"Squids, cuttlefishes, octopuses",1993,99145.6
India (mainland),taxon,"Squids, cuttlefishes, octopuses",1994,115810.5
India (mainland),taxon,"Squids, cuttlefishes, octopuses",1995,118101.9
India (mainland),taxon,"Squids, cuttlefishes, octopuses",1996,107592.3
India (mainland),taxon,"Squids, cuttlefishes, octopuses",1997,114102.3
India (mainland),taxon,"Squids, cuttlefishes, octopuses",1998,107759.0
India (mainland),taxon,"Squids, cuttlefishes, octopuses",1999,92366.0
India (mainland),taxon,"Squids, cuttlefishes, octopuses",2000,111616.0
India (mainland),taxon,"Squids, cuttlefishes, octopuses",2001,101270.0
India (mainland),taxon,"Squids, cuttlefishes, octopuses",2002,103979.0
India (mainland),taxon,"Squids, cuttlefishes, octopuses",2003,117281.0
India (mainland),taxon,"Squids, cuttlefishes, octopuses",2004,112754.0
India (mainland),taxon,"Squids, cuttlefishes, octopuses",2005,97069.0
India (mainland),taxon,"Lizardfishes, sauries",1950,1200.5
India (mainland),taxon,"Lizardfishes, sauries",1951,1166.4
India (mainland),taxon,"Lizardfishes, sauries",1952,1174.0
India (mainland),taxon,"Lizardfishes, sauries",1953,1242.3
India (mainland),taxon,"Lizardfishes, sauries",1954,1263.4
India (mainland),taxon,"Lizardfishes, sauries",1955,1283.9
India (mainland),taxon,"Lizardfishes, sauries",1956,1863.3
India (mainland),taxon,"Lizardfishes, sauries",1957,908.8
India (mainland),taxon,"Lizardfishes, sauries",1958,948.3
India (mainland),taxon,"Lizardfishes, sauries",1959,1324.7
India (mainland),taxon,"Lizardfishes, sauries",1960,1221.7
India (mainland),taxon,"Lizardfishes, sauries",1961,1622.5
India (mainland),taxon,"Lizardfishes, sauries",1962,1973.9
India (mainland),taxon,"Lizardfishes, sauries",1963,2209.6
India (mainland),taxon,"Lizardfishes, sauries",1964,3995.1
India (mainland),taxon,"Lizardfishes, sauries",1965,1993.2
India (mainland),taxon,"Lizardfishes, sauries",1966,3554.7
India (mainland),taxon,"Lizardfishes, sauries",1967,4023.9
India (mainland),taxon,"Lizardfishes, sauries",1968,3971.1
India (mainland),taxon,"Lizardfishes, sauries",1969,4494.0
India (mainland),taxon,"Lizardfishes, sauries",1970,5365.5
India (mainland),taxon,"Lizardfishes, sauries",1971,6916.3
India (mainland),taxon,"Lizardfishes, sauries",1972,8770.6
India (mainland),taxon,"Lizardfishes, sauries",1973,8234.7
India (mainland),taxon,"Lizardfishes, sauries",1974,17411.7
India (mainland),taxon,"Lizardfishes, sauries",1975,19266.6
India (mainland),taxon,"Lizardfishes, sauries",1976,9999.2
India (mainland),taxon,"Lizardfishes, sauries",1977,13883.2
India (mainland),taxon,"Lizardfishes, sauries",1978,16218.4
India (mainland),taxon,"Lizardfishes, sauries",1979,16535.0
India (mainland),taxon,"Lizardfishes, sauries",1980,16736.8
India (mainland),taxon,"Lizardfishes, sauries",1981,16424.7
India (mainland),taxon,"Lizardfishes, sauries",1982,17809.7
India (mainland),taxon,"Lizardfishes, sauries",1983,20338.6
India (mainland),taxon,"Lizardfishes, sauries",1984,20710.7
India (mainland),taxon,"Lizardfishes, sauries",1985,20714.6
India (mainland),taxon,"Lizardfishes, sauries",1986,19543.1
India (mainland),taxon,"Lizardfishes, sauries",1987,24148.6
India (mainland),taxon,"Lizardfishes, sauries",1988,36298.7
India (mainland),taxon,"Lizardfishes, sauries",1989,28391.1
India (mainland),taxon,"Lizardfishes, sauries",1990,34918.3
India (mainland),taxon,"Lizardfishes, sauries",1991,36648.7
India (mainland),taxon,"Lizardfishes, sauries",1992,40032.2
India (mainland),taxon,"Lizardfishes, sauries",1993,36189.6
India (mainland),taxon,"Lizardfishes, sauries",1994,37881.4
India (mainland),taxon,"Lizardfishes, sauries",1995,40465.7
India (mainland),taxon,"Lizardfishes, sauries",1996,35814.8
India (mainland),taxon,"Lizardfishes, sauries",1997,25496.6
India (mainland),taxon,"Lizardfishes, sauries",1998,29915.0
India (mainland),taxon,"Lizardfishes, sauries",1999,21861.5
India (mainland),taxon,"Lizardfishes, sauries",2000,31548.6
India (mainland),taxon,"Lizardfishes, sauries",2001,28581.0
India (mainland),taxon,"Lizardfishes, sauries",2002,30817.8
India (mainland),taxon,"Lizardfishes, sauries",2003,34475.4
India (mainland),taxon,"Lizardfishes, sauries",2004,41683.7
India (mainland),taxon,"Lizardfishes, sauries",2005,35532.9
India (mainland),taxon,"Lizardfishes, sauries",2006,34401.5
India (mainland),taxon,"Lizardfishes, sauries",2007,32758.1
India (mainland),taxon,"Lizardfishes, sauries",2008,56611.0
India (mainland),taxon,"Lizardfishes, sauries",2009,65440.1
India (mainland),taxon,"Lizardfishes, sauries",2010,63208.2
India (mainland),taxon,"Lizardfishes, sauries",2011,59700.5
India (mainland),taxon,"Lizardfishes, sauries",2012,75158.4
India (mainland),taxon,"Lizardfishes, sauries",2013,60562.8
India (mainland),taxon,"Lizardfishes, sauries",2014,58744.7
India (mainland),taxon,"Lizardfishes, sauries",2015,84547.8
India (mainland),taxon,"Lizardfishes, sauries",2016,103062.0
India (mainland),taxon,"Lizardfishes, sauries",2017,62585.5
India (mainland),taxon,"Lizardfishes, sauries",2018,75562.6
India (mainland),taxon,"Lizardfishes, sauries",2019,75826.0
India (mainland),taxon,Thryssas,1950,6196.5
India (mainland),taxon,Thryssas,1951,14996.4
India (mainland),taxon,Thryssas,1952,10488.7
India (mainland),taxon,Thryssas,1953,7327.7
India (mainland),taxon,Thryssas,1954,8026.1
India (mainland),taxon,Thryssas,1955,6465.2
India (mainland),taxon,Thryssas,1956,6805.2
India (mainland),taxon,Thryssas,1957,4561.2
India (mainland),taxon,Thryssas,1958,4004.6
India (mainland),taxon,Thryssas,1959,8201.6
India (mainland),taxon,Thryssas,1960,7605.1
India (mainland),taxon,Thryssas,1961,5000.9
India (mainland),taxon,Thryssas,1962,5941.3
India (mainland),taxon,Thryssas,1963,5771.6
India (mainland),taxon,Thryssas,1964,6695.1
India (mainland),taxon,Thryssas,1965,4864.9
India (mainland),taxon,Thryssas,1966,8936.3
India (mainland),taxon,Thryssas,1967,9329.2
India (mainland),taxon,Thryssas,1968,7855.6
India (mainland),taxon,Thryssas,1969,9102.5
India (mainland),taxon,Thryssas,1970,14238.9
India (mainland),taxon,Thryssas,1971,10928.5
India (mainland),taxon,Thryssas,1972,11254.8
India (mainland),taxon,Thryssas,1973,13355.7
India (mainland),taxon,Thryssas,1974,11394.3
India (mainland),taxon,Thryssas,1975,9974.3
India (mainland),taxon,Thryssas,1976,17605.6
India (mainland),taxon,Thryssas,1977,9955.6
India (mainland),taxon,Thryssas,1978,14333.9
India (mainland),taxon,Thryssas,1979,16660.5
India (mainland),taxon,Thryssas,1980,19340.9
India (mainland),taxon,Thryssas,1981,13650.2
India (mainland),taxon,Thryssas,1982,19490.4
India (mainland),taxon,Thryssas,1983,16158.7
India (mainland),taxon,Thryssas,1984,20762.8
India (mainland),taxon,Thryssas,1985,28177.7
India (mainland),taxon,Thryssas,1986,27591.3
India (mainland),taxon,Thryssas,1987,31187.7
India (mainland),taxon,Thryssas,1988,37280.5
India (mainland),taxon,Thryssas,1989,22898.9
India (mainland),taxon,Thryssas,1990,23220.9
India (mainland),taxon,Thryssas,1991,35559.7
India (mainland),taxon,Thryssas,1992,48377.8
India (mainland),taxon,Thryssas,1993,34776.1
India (mainland),taxon,Thryssas,1994,38912.8
India (mainland),taxon,Thryssas,1995,38443.5
India (mainland),taxon,Thryssas,1996,39834.7
India (mainland),taxon,Thryssas,1997,49406.8
India (mainland),taxon,Thryssas,1998,45583.3
India (mainland),taxon,Thryssas,1999,33281.1
India (mainland),taxon,Thryssas,2000,32353.3
India (mainland),taxon,Thryssas,2001,31358.3
India (mainland),taxon,Thryssas,2002,33424.0
India (mainland),taxon,Thryssas,2003,28688.2
India (mainland),taxon,Thryssas,2004,27220.8
India (mainland),taxon,Thryssas,2005,44399.9
India (mainland),taxon,Thryssas,2006,34060.4
India (mainland),taxon,Thryssas,2007,37037.9
India (mainland),taxon,Thryssas,2008,38295.9
India (mainland),taxon,Thryssas,2009,40873.3
India (mainland),taxon,Thryssas,2010,42280.8
India (mainland),taxon,Thryssas,2011,38399.9
India (mainland),taxon,Thryssas,2012,44916.8
India (mainland),taxon,Thryssas,2013,44787.3
India (mainland),taxon,Thryssas,2014,54050.3
India (mainland),taxon,Thryssas,2015,53577.1
India (mainland),taxon,Thryssas,2016,45143.9
India (mainland),taxon,Thryssas,2017,40461.3
India (mainland),taxon,Thryssas,2018,56112.7
India (mainland),taxon,Thryssas,2019,51046.1
India (mainland),taxon,Soles,1981,13609.7
India (mainland),taxon,Soles,1982,23123.7
India (mainland),taxon,Soles,1983,25203.9
India (mainland),taxon,Soles,1984,40321.9
India (mainland),taxon,Soles,1985,28287.3
India (mainland),taxon,Soles,1986,28073.9
India (mainland),taxon,Soles,1987,28260.6
India (mainland),taxon,Soles,1988,25755.5
India (mainland),taxon,Soles,1989,32509.7
India (mainland),taxon,Soles,1990,27543.4
India (mainland),taxon,Soles,1991,35064.1
India (mainland),taxon,Soles,1992,64380.2
India (mainland),taxon,Soles,1993,47994.3
India (mainland),taxon,Soles,1994,44941.6
India (mainland),taxon,Soles,1995,38129.7
India (mainland),taxon,Soles,1996,41569.9
India (mainland),taxon,Soles,1997,54795.2
India (mainland),taxon,Soles,1998,50037.3
India (mainland),taxon,Soles,1999,50477.0
India (mainland),taxon,Soles,2000,55986.3
India (mainland),taxon,Soles,2001,42179.7
India (mainland),taxon,Soles,2002,44468.5
India (mainland),taxon,Soles,2003,48460.4
India (mainland),taxon,Soles,2004,38145.1
India (mainland),taxon,Soles,2005,37604.4
India (mainland),taxon,Soles,2006,40389.6
India (mainland),taxon,Soles,2007,43337.9
India (mainland),taxon,Soles,2008,40668.1
India (mainland),taxon,Soles,2009,48309.4
India (mainland),taxon,Soles,2010,49098.4
India (mainland),taxon,Soles,2011,64734.5
India (mainland),taxon,Soles,2012,70942.4
India (mainland),taxon,Soles,2013,48341.6
India (mainland),taxon,Soles,2014,55286.0
India (mainland),taxon,Soles,2015,45083.5
India (mainland),taxon,Soles,2016,44389.6
India (mainland),taxon,Soles,2017,46540.4
India (mainland),taxon,Soles,2018,52893.6
India (mainland),taxon,Soles,2019,47612.4
India (mainland),taxon,Goatfishes,1950,3698.0
India (mainland),taxon,Goatfishes,1951,3673.1
India (mainland),taxon,Goatfishes,1952,3552.7
India (mainland),taxon,Goatfishes,1953,3685.3
India (mainland),taxon,Goatfishes,1954,3993.1
India (mainland),taxon,Goatfishes,1955,3871.8
India (mainland),taxon,Goatfishes,1956,13622.4
India (mainland),taxon,Goatfishes,1957,6932.4
India (mainland),taxon,Goatfishes,1958,5519.6
India (mainland),taxon,Goatfishes,1959,4148.3
India (mainland),taxon,Goatfishes,1960,5666.7
India (mainland),taxon,Goatfishes,1961,5200.4
India (mainland),taxon,Goatfishes,1962,4531.9
India (mainland),taxon,Goatfishes,1963,6050.6
India (mainland),taxon,Goatfishes,1964,10171.7
India (mainland),taxon,Goatfishes,1965,5811.8
India (mainland),taxon,Goatfishes,1966,8712.8
India (mainland),taxon,Goatfishes,1967,7145.8
India (mainland),taxon,Goatfishes,1968,7741.5
India (mainland),taxon,Goatfishes,1969,9211.9
India (mainland),taxon,Goatfishes,1970,7744.1
India (mainland),taxon,Goatfishes,1971,11086.5
India (mainland),taxon,Goatfishes,1972,11283.4
India (mainland),taxon,Goatfishes,1973,10819.7
India (mainland),taxon,Goatfishes,1974,15495.3
India (mainland),taxon,Goatfishes,1975,10090.4
India (mainland),taxon,Goatfishes,1976,11953.5
India (mainland),taxon,Goatfishes,1977,8912.2
India (mainland),taxon,Goatfishes,1978,9963.2
India (mainland),taxon,Goatfishes,1979,9091.5
India (mainland),taxon,Goatfishes,1980,9152.7
India (mainland),taxon,Goatfishes,1981,10373.5
India (mainland),taxon,Goatfishes,1982,12497.4
India (mainland),taxon,Goatfishes,1983,14510.8
India (mainland),taxon,Goatfishes,1984,12336.0
India (mainland),taxon,Goatfishes,1985,15552.7
India (mainland),taxon,Goatfishes,1986,15711.3
India (mainland),taxon,Goatfishes,1987,21337.8
India (mainland),taxon,Goatfishes,1988,42003.5
India (mainland),taxon,Goatfishes,1989,36148.1
India (mainland),taxon,Goatfishes,1990,31378.6
India (mainland),taxon,Goatfishes,1991,46300.8
India (mainland),taxon,Goatfishes,1992,27855.0
India (mainland),taxon,Goatfishes,1993,24068.0
India (mainland),taxon,Goatfishes,1994,26859.1
India (mainland),taxon,Goatfishes,1995,21392.7
India (mainland),taxon,Goatfishes,1996,22135.4
India (mainland),taxon,Goatfishes,1997,22843.1
India (mainland),taxon,Goatfishes,1998,29978.7
India (mainland),taxon,Goatfishes,1999,34155.6
India (mainland),taxon,Goatfishes,2000,28431.2
India (mainland),taxon,Goatfishes,2001,21833.7
India (mainland),taxon,Goatfishes,2002,24295.5
India (mainland),taxon,Goatfishes,2003,23395.9
India (mainland),taxon,Goatfishes,2004,29460.3
India (mainland),taxon,Goatfishes,2005,30741.2
India (mainland),taxon,Goatfishes,2006,30603.4
India (mainland),taxon,Goatfishes,2007,29063.2
India (mainland),taxon,Goatfishes,2008,37720.1
India (mainland),taxon,Goatfishes,2009,44545.3
India (mainland),taxon,Goatfishes,2010,47289.2
India (mainland),taxon,Goatfishes,2011,49121.3
India (mainland),taxon,Goatfishes,2012,43883.1
India (mainland),taxon,Goatfishes,2013,43056.3
India (mainland),taxon,Goatfishes,2014,35958.2
India (mainland),taxon,Goatfishes,2015,45463.3
India (mainland),taxon,Goatfishes,2016,45535.8
India (mainland),taxon,Goatfishes,2017,35202.7
India (mainland),taxon,Goatfishes,2018,31228.8
India (mainland),taxon,Goatfishes,2019,40689.1
India (mainland),taxon,Squids,1972,4.1
India (mainland),taxon,Squids,1976,2.3
India (mainland),taxon,Squids,2006,53206.0
India (mainland),taxon,Squids,2007,34687.0
India (mainland),taxon,Squids,2008,81849.0
India (mainland),taxon,Squids,2009,54314.0
India (mainland),taxon,Squids,2010,93750.0
India (mainland),taxon,Squids,2011,77241.0
India (mainland),taxon,Squids,2012,92327.0
India (mainland),taxon,Squids,2013,100014.0
India (mainland),taxon,Squids,2014,83223.0
India (mainland),taxon,Squids,2015,94222.0
India (mainland),taxon,Squids,2016,114886.0
India (mainland),taxon,Squids,2017,131774.0
India (mainland),taxon,Squids,2018,119299.0
India (mainland),taxon,Squids,2019,107347.3
India (mainland),taxon,Hilsa shad,1950,847.0
India (mainland),taxon,Hilsa shad,1951,780.0
India (mainland),taxon,Hilsa shad,1952,771.8
India (mainland),taxon,Hilsa shad,1953,849.7
India (mainland),taxon,Hilsa shad,1954,449.9
India (mainland),taxon,Hilsa shad,1955,509.9
India (mainland),taxon,Hilsa shad,1956,414.2
India (mainland),taxon,Hilsa shad,1957,912.5
India (mainland),taxon,Hilsa shad,1958,1002.4
India (mainland),taxon,Hilsa shad,1959,853.7
India (mainland),taxon,Hilsa shad,1960,3381.8
India (mainland),taxon,Hilsa shad,1961,1061.1
India (mainland),taxon,Hilsa shad,1962,1669.3
India (mainland),taxon,Hilsa shad,1963,2787.0
India (mainland),taxon,Hilsa shad,1964,3480.5
India (mainland),taxon,Hilsa shad,1965,1553.2
India (mainland),taxon,Hilsa shad,1966,1079.9
India (mainland),taxon,Hilsa shad,1967,788.0
India (mainland),taxon,Hilsa shad,1968,804.3
India (mainland),taxon,Hilsa shad,1969,667.9
India (mainland),taxon,Hilsa shad,1970,1061.4
India (mainland),taxon,Hilsa shad,1971,1789.9
India (mainland),taxon,Hilsa shad,1972,1425.4
India (mainland),taxon,Hilsa shad,1973,408.8
India (mainland),taxon,Hilsa shad,1974,4212.7
India (mainland),taxon,Hilsa shad,1975,8876.7
India (mainland),taxon,Hilsa shad,1976,7775.7
India (mainland),taxon,Hilsa shad,1977,4156.3
India (mainland),taxon,Hilsa shad,1978,9819.8
India (mainland),taxon,Hilsa shad,1979,11977.8
India (mainland),taxon,Hilsa shad,1980,6952.8
India (mainland),taxon,Hilsa shad,1981,5377.4
India (mainland),taxon,Hilsa shad,1982,3169.6
India (mainland),taxon,Hilsa shad,1983,3904.1
India (mainland),taxon,Hilsa shad,1984,5804.3
India (mainland),taxon,Hilsa shad,1985,9128.7
India (mainland),taxon,Hilsa shad,1986,4173.5
India (mainland),taxon,Hilsa shad,1987,4507.8
India (mainland),taxon,Hilsa shad,1988,2059.9
India (mainland),taxon,Hilsa shad,1989,14918.1
India (mainland),taxon,Hilsa shad,1990,14679.3
India (mainland),taxon,Hilsa shad,1991,28682.4
India (mainland),taxon,Hilsa shad,1992,23275.9
India (mainland),taxon,Hilsa shad,1993,31920.3
India (mainland),taxon,Hilsa shad,1994,27156.1
India (mainland),taxon,Hilsa shad,1995,20550.6
India (mainland),taxon,Hilsa shad,1996,26821.7
India (mainland),taxon,Hilsa shad,1997,30705.8
India (mainland),taxon,Hilsa shad,1998,18496.4
India (mainland),taxon,Hilsa shad,1999,10848.2
India (mainland),taxon,Hilsa shad,2000,11520.2
India (mainland),taxon,Hilsa shad,2001,17642.0
India (mainland),taxon,Hilsa shad,2002,25173.4
India (mainland),taxon,Hilsa shad,2003,40179.3
India (mainland),taxon,Hilsa shad,2004,66758.3
India (mainland),taxon,Hilsa shad,2005,34120.7
India (mainland),taxon,Hilsa shad,2006,39550.3
India (mainland),taxon,Hilsa shad,2007,54774.1
India (mainland),taxon,Hilsa shad,2008,61920.1
India (mainland),taxon,Hilsa shad,2009,55365.3
India (mainland),taxon,Hilsa shad,2010,91001.2
India (mainland),taxon,Hilsa shad,2011,23538.3
India (mainland),taxon,Hilsa shad,2012,10620.2
India (mainland),taxon,Hilsa shad,2013,43281.3
India (mainland),taxon,Hilsa shad,2014,5513.1
India (mainland),taxon,Hilsa shad,2015,21329.8
India (mainland),taxon,Hilsa shad,2016,97201.6
India (mainland),taxon,Hilsa shad,2017,66680.2
India (mainland),taxon,Hilsa shad,2018,21029.3
India (mainland),taxon,Hilsa shad,2019,47625.4
India (mainland),taxon,Narrow-barred Spanish mackerel,1980,2246.4
India (mainland),taxon,Narrow-barred Spanish mackerel,1981,15850.1
India (mainland),taxon,Narrow-barred Spanish mackerel,1982,22664.9
India (mainland),taxon,Narrow-barred Spanish mackerel,1983,24560.7
India (mainland),taxon,Narrow-barred Spanish mackerel,1984,21518.4
India (mainland),taxon,Narrow-barred Spanish mackerel,1985,19419.3
India (mainland),taxon,Narrow-barred Spanish mackerel,1986,25586.4
India (mainland),taxon,Narrow-barred Spanish mackerel,1987,19805.8
India (mainland),taxon,Narrow-barred Spanish mackerel,1988,22528.2
India (mainland),taxon,Narrow-barred Spanish mackerel,1989,23598.0
India (mainland),taxon,Narrow-barred Spanish mackerel,1990,17533.9
India (mainland),taxon,Narrow-barred Spanish mackerel,1991,18511.6
India (mainland),taxon,Narrow-barred Spanish mackerel,1992,26264.7
India (mainland),taxon,Narrow-barred Spanish mackerel,1993,22459.3
India (mainland),taxon,Narrow-barred Spanish mackerel,1994,26398.5
India (mainland),taxon,Narrow-barred Spanish mackerel,1995,30163.8
India (mainland),taxon,Narrow-barred Spanish mackerel,1996,27876.7
India (mainland),taxon,Narrow-barred Spanish mackerel,1997,28836.1
India (mainland),taxon,Narrow-barred Spanish mackerel,1998,35364.7
India (mainland),taxon,Narrow-barred Spanish mackerel,1999,33954.0
India (mainland),taxon,Narrow-barred Spanish mackerel,2000,40055.3
India (mainland),taxon,Narrow-barred Spanish mackerel,2001,31120.4
India (mainland),taxon,Narrow-barred Spanish mackerel,2002,40570.7
India (mainland),taxon,Narrow-barred Spanish mackerel,2003,36159.1
India (mainland),taxon,Narrow-barred Spanish mackerel,2004,35006.8
India (mainland),taxon,Narrow-barred Spanish mackerel,2005,30096.1
India (mainland),taxon,Narrow-barred Spanish mackerel,2006,42981.8
India (mainland),taxon,Narrow-barred Spanish mackerel,2007,45796.1
India (mainland),taxon,Narrow-barred Spanish mackerel,2008,37298.5
India (mainland),taxon,Narrow-barred Spanish mackerel,2009,34673.8
India (mainland),taxon,Narrow-barred Spanish mackerel,2010,29803.4
India (mainland),taxon,Narrow-barred Spanish mackerel,2011,35107.0
India (mainland),taxon,Narrow-barred Spanish mackerel,2012,47210.1
India (mainland),taxon,Narrow-barred Spanish mackerel,2013,27687.4
India (mainland),taxon,Narrow-barred Spanish mackerel,2014,31412.3
India (mainland),taxon,Narrow-barred Spanish mackerel,2015,39362.0
India (mainland),taxon,Narrow-barred Spanish mackerel,2016,42349.0
India (mainland),taxon,Narrow-barred Spanish mackerel,2017,30195.6
India (mainland),taxon,Narrow-barred Spanish mackerel,2018,29219.7
India (mainland),taxon,Narrow-barred Spanish mackerel,2019,40126.9
India (mainland),taxon,Cuttlefishes,1965,0.1
India (mainland),taxon,Cuttlefishes,1966,21.2
India (mainland),taxon,Cuttlefishes,1967,51.6
India (mainland),taxon,Cuttlefishes,1968,80.6
India (mainland),taxon,Cuttlefishes,1969,66.8
India (mainland),taxon,Cuttlefishes,1970,139.9
India (mainland),taxon,Cuttlefishes,1971,9.8
India (mainland),taxon,Cuttlefishes,1972,10.3
India (mainland),taxon,Cuttlefishes,1973,23.9
India (mainland),taxon,Cuttlefishes,1974,32.6
India (mainland),taxon,Cuttlefishes,1975,30.4
India (mainland),taxon,Cuttlefishes,1976,15.8
India (mainland),taxon,Cuttlefishes,1977,114.3
India (mainland),taxon,Cuttlefishes,1978,110.9
India (mainland),taxon,Cuttlefishes,1979,119.9
India (mainland),taxon,Cuttlefishes,1980,114.5
India (mainland),taxon,Cuttlefishes,1981,116.3
India (mainland),taxon,Cuttlefishes,1982,132.9
India (mainland),taxon,Cuttlefishes,1983,163.3
India (mainland),taxon,Cuttlefishes,1984,279.8
India (mainland),taxon,Cuttlefishes,1985,246.9
India (mainland),taxon,Cuttlefishes,1986,239.2
India (mainland),taxon,Cuttlefishes,1987,202.7
India (mainland),taxon,Cuttlefishes,1988,168.3
India (mainland),taxon,Cuttlefishes,1989,312.5
India (mainland),taxon,Cuttlefishes,1990,271.0
India (mainland),taxon,Cuttlefishes,1991,546.5
India (mainland),taxon,Cuttlefishes,1992,656.2
India (mainland),taxon,Cuttlefishes,1993,627.2
India (mainland),taxon,Cuttlefishes,1994,605.3
India (mainland),taxon,Cuttlefishes,1995,699.9
India (mainland),taxon,Cuttlefishes,1996,859.1
India (mainland),taxon,Cuttlefishes,1997,900.6
India (mainland),taxon,Cuttlefishes,1998,850.7
India (mainland),taxon,Cuttlefishes,1999,740.2
India (mainland),taxon,Cuttlefishes,2000,682.3
India (mainland),taxon,Cuttlefishes,2001,606.6
India (mainland),taxon,Cuttlefishes,2002,724.5
India (mainland),taxon,Cuttlefishes,2003,593.9
India (mainland),taxon,Cuttlefishes,2004,941.8
India (mainland),taxon,Cuttlefishes,2005,662.8
India (mainland),taxon,Cuttlefishes,2006,76750.8
India (mainland),taxon,Cuttlefishes,2007,56366.2
India (mainland),taxon,Cuttlefishes,2008,73776.8
India (mainland),taxon,Cuttlefishes,2009,63926.1
India (mainland),taxon,Cuttlefishes,2010,73904.1
India (mainland),taxon,Cuttlefishes,2011,72007.9
India (mainland),taxon,Cuttlefishes,2012,88364.5
India (mainland),taxon,Cuttlefishes,2013,83012.6
India (mainland),taxon,Cuttlefishes,2014,84102.9
India (mainland),taxon,Cuttlefishes,2015,107878.5
India (mainland),taxon,Cuttlefishes,2016,101847.7
India (mainland),taxon,Cuttlefishes,2017,109141.9
India (mainland),taxon,Cuttlefishes,2018,85692.8
India (mainland),taxon,Cuttlefishes,2019,97913.5
India (mainland),taxon,Silver pomfrets,1981,38198.2
India (mainland),taxon,Silver pomfrets,1982,36843.4
India (mainland),taxon,Silver pomfrets,1983,41983.3
India (mainland),taxon,Silver pomfrets,1984,34073.7
India (mainland),taxon,Silver pomfrets,1985,22674.3
India (mainland),taxon,Silver pomfrets,1986,19778.5
India (mainland),taxon,Silver pomfrets,1987,21879.0
India (mainland),taxon,Silver pomfrets,1988,27611.0
India (mainland),taxon,Silver pomfrets,1989,29189.0
India (mainland),taxon,Silver pomfrets,1990,25353.0
India (mainland),taxon,Silver pomfrets,1991,27946.0
India (mainland),taxon,Silver pomfrets,1992,23214.0
India (mainland),taxon,Silver pomfrets,1993,28145.0
India (mainland),taxon,Silver pomfrets,1994,23080.0
India (mainland),taxon,Silver pomfrets,1995,23738.0
India (mainland),taxon,Silver pomfrets,1996,22540.0
India (mainland),taxon,Silver pomfrets,1997,31285.0
India (mainland),taxon,Silver pomfrets,1998,31236.0
India (mainland),taxon,Silver pomfrets,1999,22936.0
India (mainland),taxon,Silver pomfrets,2000,24483.0
India (mainland),taxon,Silver pomfrets,2001,24748.0
India (mainland),taxon,Silver pomfrets,2002,25030.0
India (mainland),taxon,Silver pomfrets,2003,21497.0
India (mainland),taxon,Silver pomfrets,2004,19605.0
India (mainland),taxon,Silver pomfrets,2005,25969.0
India (mainland),taxon,Silver pomfrets,2006,25516.0
India (mainland),taxon,Silver pomfrets,2007,31697.0
India (mainland),taxon,Silver pomfrets,2008,29323.0
India (mainland),taxon,Silver pomfrets,2009,31782.0
India (mainland),taxon,Silver pomfrets,2010,27401.0
India (mainland),taxon,Silver pomfrets,2011,34072.0
India (mainland),taxon,Silver pomfrets,2012,27724.0
India (mainland),taxon,Silver pomfrets,2013,30416.0
India (mainland),taxon,Silver pomfrets,2014,30191.0
India (mainland),taxon,Silver pomfrets,2015,23819.0
India (mainland),taxon,Silver pomfrets,2016,26012.0
India (mainland),taxon,Silver pomfrets,2017,28789.0
India (mainland),taxon,Silver pomfrets,2018,20966.0
India (mainland),taxon,Silver pomfrets,2019,26585.3
India (mainland),taxon,Shrimps and prawns,1950,11298.6
India (mainland),taxon,Shrimps and prawns,1951,11876.2
India (mainland),taxon,Shrimps and prawns,1952,11880.9
India (mainland),taxon,Shrimps and prawns,1953,12082.6
India (mainland),taxon,Shrimps and prawns,1954,12280.2
India (mainland),taxon,Shrimps and prawns,1955,12473.3
India (mainland),taxon,Shrimps and prawns,1956,12662.8
India (mainland),taxon,Shrimps and prawns,1957,12848.0
India (mainland),taxon,Shrimps and prawns,1958,13186.1
India (mainland),taxon,Shrimps and prawns,1959,13453.3
India (mainland),taxon,Shrimps and prawns,1960,13440.3
India (mainland),taxon,Shrimps and prawns,1961,13511.5
India (mainland),taxon,Shrimps and prawns,1962,11390.6
India (mainland),taxon,Shrimps and prawns,1963,11801.9
India (mainland),taxon,Shrimps and prawns,1964,12303.2
India (mainland),taxon,Shrimps and prawns,1965,11958.9
India (mainland),taxon,Shrimps and prawns,1966,12167.9
India (mainland),taxon,Shrimps and prawns,1967,12678.2
India (mainland),taxon,Shrimps and prawns,1968,12526.6
India (mainland),taxon,Shrimps and prawns,1969,13086.9
India (mainland),taxon,Shrimps and prawns,1970,13775.2
India (mainland),taxon,Shrimps and prawns,1971,13825.0
India (mainland),taxon,Shrimps and prawns,1972,14512.4
India (mainland),taxon,Shrimps and prawns,1973,14756.5
India (mainland),taxon,Shrimps and prawns,1974,14467.7
India (mainland),taxon,Shrimps and prawns,1975,14583.6
India (mainland),taxon,Shrimps and prawns,1976,14860.2
India (mainland),taxon,Shrimps and prawns,1977,13766.8
India (mainland),taxon,Shrimps and prawns,1978,13674.5
India (mainland),taxon,Shrimps and prawns,1979,14331.9
India (mainland),taxon,Shrimps and prawns,1980,13770.1
India (mainland),taxon,Shrimps and prawns,1981,13585.4
India (mainland),taxon,Shrimps and prawns,1982,13412.5
India (mainland),taxon,Shrimps and prawns,1983,13237.1
India (mainland),taxon,Shrimps and prawns,1984,13059.4
India (mainland),taxon,Shrimps and prawns,1985,12843.6
India (mainland),taxon,Shrimps and prawns,1986,12956.2
India (mainland),taxon,Shrimps and prawns,1987,12524.8
India (mainland),taxon,Shrimps and prawns,1988,13696.3
India (mainland),taxon,Shrimps and prawns,1989,12929.3
India (mainland),taxon,Shrimps and prawns,1990,12686.6
India (mainland),taxon,Shrimps and prawns,1991,14241.3
India (mainland),taxon,Shrimps and prawns,1992,12373.8
India (mainland),taxon,Shrimps and prawns,1993,13721.3
India (mainland),taxon,Shrimps and prawns,1994,15189.1
India (mainland),taxon,Shrimps and prawns,1995,15925.9
India (mainland),taxon,Shrimps and prawns,1996,20282.5
India (mainland),taxon,Shrimps and prawns,1997,15807.1
India (mainland),taxon,Shrimps and prawns,1998,18512.3
India (mainland),taxon,Shrimps and prawns,1999,19145.5
India (mainland),taxon,Shrimps and prawns,2000,18228.2
India (mainland),taxon,Shrimps and prawns,2001,17830.0
India (mainland),taxon,Shrimps and prawns,2002,17630.9
India (mainland),taxon,Shrimps and prawns,2003,17232.6
India (mainland),taxon,Shrimps and prawns,2004,17431.7
India (mainland),taxon,Shrimps and prawns,2005,17033.5
India (mainland),taxon,Shrimps and prawns,2006,16834.4
India (mainland),taxon,Shrimps and prawns,2007,16635.2
India (mainland),taxon,Shrimps and prawns,2008,16436.1
India (mainland),taxon,Shrimps and prawns,2009,16237.0
India (mainland),taxon,Shrimps and prawns,2010,16037.9
India (mainland),taxon,Shrimps and prawns,2011,15838.8
India (mainland),taxon,Shrimps and prawns,2012,15639.6
India (mainland),taxon,Shrimps and prawns,2013,15639.6
India (mainland),taxon,Shrimps and prawns,2014,15639.6
India (mainland),taxon,Shrimps and prawns,2015,15639.6
India (mainland),taxon,Shrimps and prawns,2016,15639.6
India (mainland),taxon,Shrimps and prawns,2017,15639.6
India (mainland),taxon,Shrimps and prawns,2018,15639.6
India (mainland),taxon,Shrimps and prawns,2019,15003.9
India (mainland),taxon,Wolf herrings,1950,8026.6
India (mainland),taxon,Wolf herrings,1951,1283.3
India (mainland),taxon,Wolf herrings,1952,2183.7
India (mainland),taxon,Wolf herrings,1953,2282.3
India (mainland),taxon,Wolf herrings,1954,5439.0
India (mainland),taxon,Wolf herrings,1955,4433.6
India (mainland),taxon,Wolf herrings,1956,7009.6
India (mainland),taxon,Wolf herrings,1957,5883.0
India (mainland),taxon,Wolf herrings,1958,5611.0
India (mainland),taxon,Wolf herrings,1959,5489.4
India (mainland),taxon,Wolf herrings,1960,5378.9
India (mainland),taxon,Wolf herrings,1961,6824.4
India (mainland),taxon,Wolf herrings,1962,9026.6
India (mainland),taxon,Wolf herrings,1963,7733.0
India (mainland),taxon,Wolf herrings,1964,7650.1
India (mainland),taxon,Wolf herrings,1965,7428.9
India (mainland),taxon,Wolf herrings,1966,7968.4
India (mainland),taxon,Wolf herrings,1967,9112.0
India (mainland),taxon,Wolf herrings,1968,10690.0
India (mainland),taxon,Wolf herrings,1969,9425.9
India (mainland),taxon,Wolf herrings,1970,9244.3
India (mainland),taxon,Wolf herrings,1971,9465.9
India (mainland),taxon,Wolf herrings,1972,9626.5
India (mainland),taxon,Wolf herrings,1973,11215.1
India (mainland),taxon,Wolf herrings,1974,9124.5
India (mainland),taxon,Wolf herrings,1975,11938.0
India (mainland),taxon,Wolf herrings,1976,10473.8
India (mainland),taxon,Wolf herrings,1977,12033.2
India (mainland),taxon,Wolf herrings,1978,11099.2
India (mainland),taxon,Wolf herrings,1979,10381.1
India (mainland),taxon,Wolf herrings,1980,12974.8
India (mainland),taxon,Wolf herrings,1981,11957.5
India (mainland),taxon,Wolf herrings,1982,15479.8
India (mainland),taxon,Wolf herrings,1983,17053.4
India (mainland),taxon,Wolf herrings,1984,17360.0
India (mainland),taxon,Wolf herrings,1985,18088.5
India (mainland),taxon,Wolf herrings,1986,15197.1
India (mainland),taxon,Wolf herrings,1987,16781.7
India (mainland),taxon,Wolf herrings,1988,13481.8
India (mainland),taxon,Wolf herrings,1989,15747.2
India (mainland),taxon,Wolf herrings,1990,13887.7
India (mainland),taxon,Wolf herrings,1991,16773.3
India (mainland),taxon,Wolf herrings,1992,18471.2
India (mainland),taxon,Wolf herrings,1993,18586.6
India (mainland),taxon,Wolf herrings,1994,17875.3
India (mainland),taxon,Wolf herrings,1995,14822.2
India (mainland),taxon,Wolf herrings,1996,15746.1
India (mainland),taxon,Wolf herrings,1997,20583.6
India (mainland),taxon,Wolf herrings,1998,22345.0
India (mainland),taxon,Wolf herrings,1999,15891.3
India (mainland),taxon,Wolf herrings,2000,14075.2
India (mainland),taxon,Wolf herrings,2001,15240.0
India (mainland),taxon,Wolf herrings,2002,18586.3
India (mainland),taxon,Wolf herrings,2003,16268.8
India (mainland),taxon,Wolf herrings,2004,16081.4
India (mainland),taxon,Wolf herrings,2005,16411.4
India (mainland),taxon,Wolf herrings,2006,17192.4
India (mainland),taxon,Wolf herrings,2007,16839.1
India (mainland),taxon,Wolf herrings,2008,25283.7
India (mainland),taxon,Wolf herrings,2009,24559.3
India (mainland),taxon,Wolf herrings,2010,22757.8
India (mainland),taxon,Wolf herrings,2011,26473.1
India (mainland),taxon,Wolf herrings,2012,22120.9
India (mainland),taxon,Wolf herrings,2013,22971.0
India (mainland),taxon,Wolf herrings,2014,22303.0
India (mainland),taxon,Wolf herrings,2015,18662.3
India (mainland),taxon,Wolf herrings,2016,19484.1
India (mainland),taxon,Wolf herrings,2017,20493.2
India (mainland),taxon,Wolf herrings,2018,15965.7
India (mainland),taxon,Wolf herrings,2019,34665.5
India (mainland),taxon,"Batoids, skates, rays, sawfishes",1965,186.2
India (mainland),taxon,"Batoids, skates, rays, sawfishes",1966,222.7
India (mainland),taxon,"Batoids, skates, rays, sawfishes",1967,90.5
India (mainland),taxon,"Batoids, skates, rays, sawfishes",1968,121.3
India (mainland),taxon,"Batoids, skates, rays, sawfishes",1969,176.3
India (mainland),taxon,"Batoids, skates, rays, sawfishes",1970,121.3
India (mainland),taxon,"Batoids, skates, rays, sawfishes",1971,127.2
India (mainland),taxon,"Batoids, skates, rays, sawfishes",1972,245.5
India (mainland),taxon,"Batoids, skates, rays, sawfishes",1973,267.0
India (mainland),taxon,"Batoids, skates, rays, sawfishes",1974,336.8
India (mainland),taxon,"Batoids, skates, rays, sawfishes",1975,340.8
India (mainland),taxon,"Batoids, skates, rays, sawfishes",1976,298.6
India (mainland),taxon,"Batoids, skates, rays, sawfishes",1977,190.0
India (mainland),taxon,"Batoids, skates, rays, sawfishes",1978,62.0
India (mainland),taxon,"Batoids, skates, rays, sawfishes",1979,210.4
India (mainland),taxon,"Batoids, skates, rays, sawfishes",1980,108.9
India (mainland),taxon,"Batoids, skates, rays, sawfishes",1981,23251.7
India (mainland),taxon,"Batoids, skates, rays, sawfishes",1982,24930.6
India (mainland),taxon,"Batoids, skates, rays, sawfishes",1983,31085.1
India (mainland),taxon,"Batoids, skates, rays, sawfishes",1984,24450.3
India (mainland),taxon,"Batoids, skates, rays, sawfishes",1985,19572.8
India (mainland),taxon,"Batoids, skates, rays, sawfishes",1986,19560.9
India (mainland),taxon,"Batoids, skates, rays, sawfishes",1987,26808.1
India (mainland),taxon,"Batoids, skates, rays, sawfishes",1988,21188.7
India (mainland),taxon,"Batoids, skates, rays, sawfishes",1989,22364.6
India (mainland),taxon,"Batoids, skates, rays, sawfishes",1990,26405.4
India (mainland),taxon,"Batoids, skates, rays, sawfishes",1991,19375.1
India (mainland),taxon,"Batoids, skates, rays, sawfishes",1992,18690.2
India (mainland),taxon,"Batoids, skates, rays, sawfishes",1993,21526.7
India (mainland),taxon,"Batoids, skates, rays, sawfishes",1994,21370.1
India (mainland),taxon,"Batoids, skates, rays, sawfishes",1995,24626.6
India (mainland),taxon,"Batoids, skates, rays, sawfishes",1996,25205.9
India (mainland),taxon,"Batoids, skates, rays, sawfishes",1997,32530.0
India (mainland),taxon,"Batoids, skates, rays, sawfishes",1998,30151.8
India (mainland),taxon,"Batoids, skates, rays, sawfishes",1999,26348.1
India (mainland),taxon,"Batoids, skates, rays, sawfishes",2000,26249.7
India (mainland),taxon,"Batoids, skates, rays, sawfishes",2001,23704.1
India (mainland),taxon,"Batoids, skates, rays, sawfishes",2002,23520.2
India (mainland),taxon,"Batoids, skates, rays, sawfishes",2003,29122.3
India (mainland),taxon,"Batoids, skates, rays, sawfishes",2004,24936.1
India (mainland),taxon,"Batoids, skates, rays, sawfishes",2005,21667.1
India (mainland),taxon,"Batoids, skates, rays, sawfishes",2006,22750.3
India (mainland),taxon,"Batoids, skates, rays, sawfishes",2007,20226.1
India (mainland),taxon,"Batoids, skates, rays, sawfishes",2008,22674.0
India (mainland),taxon,"Batoids, skates, rays, sawfishes",2009,25033.1
India (mainland),taxon,"Batoids, skates, rays, sawfishes",2010,21491.8
India (mainland),taxon,"Batoids, skates, rays, sawfishes",2011,28156.0
India (mainland),taxon,"Batoids, skates, rays, sawfishes",2012,31483.7
India (mainland),taxon,"Batoids, skates, rays, sawfishes",2013,26178.8
India (mainland),taxon,"Batoids, skates, rays, sawfishes",2014,25800.6
India (mainland),taxon,"Batoids, skates, rays, sawfishes",2015,29771.3
India (mainland),taxon,"Batoids, skates, rays, sawfishes",2016,31093.0
India (mainland),taxon,"Batoids, skates, rays, sawfishes",2017,21332.6
India (mainland),taxon,"Batoids, skates, rays, sawfishes",2018,21806.7
India (mainland),taxon,"Batoids, skates, rays, sawfishes",2019,27006.6
India (mainland),taxon,"Basses, groupers, hinds",1965,84.6
India (mainland),taxon,"Basses, groupers, hinds",1966,148.1
India (mainland),taxon,"Basses, groupers, hinds",1967,21.3
India (mainland),taxon,"Basses, groupers, hinds",1968,0.1
India (mainland),taxon,"Basses, groupers, hinds",1969,42.6
India (mainland),taxon,"Basses, groupers, hinds",1970,63.9
India (mainland),taxon,"Basses, groupers, hinds",1976,57.2
India (mainland),taxon,"Basses, groupers, hinds",1981,1679.0
India (mainland),taxon,"Basses, groupers, hinds",1982,2357.9
India (mainland),taxon,"Basses, groupers, hinds",1983,2535.8
India (mainland),taxon,"Basses, groupers, hinds",1984,3390.5
India (mainland),taxon,"Basses, groupers, hinds",1985,3338.0
India (mainland),taxon,"Basses, groupers, hinds",1986,2699.4
India (mainland),taxon,"Basses, groupers, hinds",1987,4821.6
India (mainland),taxon,"Basses, groupers, hinds",1988,5288.0
India (mainland),taxon,"Basses, groupers, hinds",1989,5730.5
India (mainland),taxon,"Basses, groupers, hinds",1990,4920.8
India (mainland),taxon,"Basses, groupers, hinds",1991,6531.7
India (mainland),taxon,"Basses, groupers, hinds",1992,9105.8
India (mainland),taxon,"Basses, groupers, hinds",1993,11724.7
India (mainland),taxon,"Basses, groupers, hinds",1994,10385.0
India (mainland),taxon,"Basses, groupers, hinds",1995,13712.4
India (mainland),taxon,"Basses, groupers, hinds",1996,16271.6
India (mainland),taxon,"Basses, groupers, hinds",1997,17205.4
India (mainland),taxon,"Basses, groupers, hinds",1998,21010.7
India (mainland),taxon,"Basses, groupers, hinds",1999,16947.7
India (mainland),taxon,"Basses, groupers, hinds",2000,27742.8
India (mainland),taxon,"Basses, groupers, hinds",2001,28764.1
India (mainland),taxon,"Basses, groupers, hinds",2002,28242.3
India (mainland),taxon,"Basses, groupers, hinds",2003,18466.5
India (mainland),taxon,"Basses, groupers, hinds",2004,19989.3
India (mainland),taxon,"Basses, groupers, hinds",2005,20157.4
India (mainland),taxon,"Basses, groupers, hinds",2006,23861.5
India (mainland),taxon,"Basses, groupers, hinds",2007,24822.5
India (mainland),taxon,"Basses, groupers, hinds",2008,20857.2
India (mainland),taxon,"Basses, groupers, hinds",2009,19128.3
India (mainland),taxon,"Basses, groupers, hinds",2010,26275.5
India (mainland),taxon,"Basses, groupers, hinds",2011,26605.3
India (mainland),taxon,"Basses, groupers, hinds",2012,47515.9
India (mainland),taxon,"Basses, groupers, hinds",2013,47767.5
India (mainland),taxon,"Basses, groupers, hinds",2014,34790.8
India (mainland),taxon,"Basses, groupers, hinds",2015,46907.8
India (mainland),taxon,"Basses, groupers, hinds",2016,46414.9
India (mainland),taxon,"Basses, groupers, hinds",2017,58176.2
India (mainland),taxon,"Basses, groupers, hinds",2018,55437.1
India (mainland),taxon,"Basses, groupers, hinds",2019,47637.0
India (mainland),taxon,"Barracudas, sennets",1950,975.1
India (mainland),taxon,"Barracudas, sennets",1951,213.5
India (mainland),taxon,"Barracudas, sennets",1952,1534.8
India (mainland),taxon,"Barracudas, sennets",1953,238.7
India (mainland),taxon,"Barracudas, sennets",1954,4105.0
India (mainland),taxon,"Barracudas, sennets",1955,397.7
India (mainland),taxon,"Barracudas, sennets",1956,3402.7
India (mainland),taxon,"Barracudas, sennets",1957,529.1
India (mainland),taxon,"Barracudas, sennets",1958,839.3
India (mainland),taxon,"Barracudas, sennets",1959,983.0
India (mainland),taxon,"Barracudas, sennets",1960,2006.9
India (mainland),taxon,"Barracudas, sennets",1961,1399.9
India (mainland),taxon,"Barracudas, sennets",1962,1130.2
India (mainland),taxon,"Barracudas, sennets",1963,1267.7
India (mainland),taxon,"Barracudas, sennets",1964,1679.1
India (mainland),taxon,"Barracudas, sennets",1965,1941.5
India (mainland),taxon,"Barracudas, sennets",1966,1072.8
India (mainland),taxon,"Barracudas, sennets",1967,4446.7
India (mainland),taxon,"Barracudas, sennets",1968,1565.3
India (mainland),taxon,"Barracudas, sennets",1969,2008.6
India (mainland),taxon,"Barracudas, sennets",1970,1533.2
India (mainland),taxon,"Barracudas, sennets",1971,1267.5
India (mainland),taxon,"Barracudas, sennets",1972,2375.2
India (mainland),taxon,"Barracudas, sennets",1973,3445.7
India (mainland),taxon,"Barracudas, sennets",1974,4904.2
India (mainland),taxon,"Barracudas, sennets",1975,2158.6
India (mainland),taxon,"Barracudas, sennets",1976,2372.8
India (mainland),taxon,"Barracudas, sennets",1977,2393.6
India (mainland),taxon,"Barracudas, sennets",1978,3692.0
India (mainland),taxon,"Barracudas, sennets",1979,2228.5
India (mainland),taxon,"Barracudas, sennets",1980,1766.7
India (mainland),taxon,"Barracudas, sennets",1981,2155.6
India (mainland),taxon,"Barracudas, sennets",1982,3671.9
India (mainland),taxon,"Barracudas, sennets",1983,3859.2
India (mainland),taxon,"Barracudas, sennets",1984,3681.7
India (mainland),taxon,"Barracudas, sennets",1985,3282.8
India (mainland),taxon,"Barracudas, sennets",1986,4468.1
India (mainland),taxon,"Barracudas, sennets",1987,5611.9
India (mainland),taxon,"Barracudas, sennets",1988,7617.9
India (mainland),taxon,"Barracudas, sennets",1989,8956.2
India (mainland),taxon,"Barracudas, sennets",1990,11314.3
India (mainland),taxon,"Barracudas, sennets",1991,13763.5
India (mainland),taxon,"Barracudas, sennets",1992,12927.5
India (mainland),taxon,"Barracudas, sennets",1993,11828.5
India (mainland),taxon,"Barracudas, sennets",1994,10595.3
India (mainland),taxon,"Barracudas, sennets",1995,15591.3
India (mainland),taxon,"Barracudas, sennets",1996,15490.0
India (mainland),taxon,"Barracudas, sennets",1997,14337.9
India (mainland),taxon,"Barracudas, sennets",1998,23922.6
India (mainland),taxon,"Barracudas, sennets",1999,15434.6
India (mainland),taxon,"Barracudas, sennets",2000,19611.8
India (mainland),taxon,"Barracudas, sennets",2001,19721.2
India (mainland),taxon,"Barracudas, sennets",2002,18716.4
India (mainland),taxon,"Barracudas, sennets",2003,15559.4
India (mainland),taxon,"Barracudas, sennets",2004,15214.0
India (mainland),taxon,"Barracudas, sennets",2005,17456.8
India (mainland),taxon,"Barracudas, sennets",2006,19297.3
India (mainland),taxon,"Barracudas, sennets",2007,20941.0
India (mainland),taxon,"Barracudas, sennets",2008,20583.3
India (mainland),taxon,"Barracudas, sennets",2009,25177.2
India (mainland),taxon,"Barracudas, sennets",2010,27071.3
India (mainland),taxon,"Barracudas, sennets",2011,27705.6
India (mainland),taxon,"Barracudas, sennets",2012,36567.2
India (mainland),taxon,"Barracudas, sennets",2013,27149.6
India (mainland),taxon,"Barracudas, sennets",2014,21109.9
India (mainland),taxon,"Barracudas, sennets",2015,32318.6
India (mainland),taxon,"Barracudas, sennets",2016,40676.3
India (mainland),taxon,"Barracudas, sennets",2017,36017.7
India (mainland),taxon,"Barracudas, sennets",2018,49688.3
India (mainland),taxon,"Barracudas, sennets",2019,68245.5
India (mainland),taxon,Threadfins,1950,8089.5
India (mainland),taxon,Threadfins,1951,1174.0
India (mainland),taxon,Threadfins,1952,1376.7
India (mainland),taxon,Threadfins,1953,1340.9
India (mainland),taxon,Threadfins,1954,2661.2
India (mainland),taxon,Threadfins,1955,12296.2
India (mainland),taxon,Threadfins,1956,9531.4
India (mainland),taxon,Threadfins,1957,15470.9
India (mainland),taxon,Threadfins,1958,6457.1
India (mainland),taxon,Threadfins,1959,8307.8
India (mainland),taxon,Threadfins,1960,7120.0
India (mainland),taxon,Threadfins,1961,6638.9
India (mainland),taxon,Threadfins,1962,3467.0
India (mainland),taxon,Threadfins,1963,5145.2
India (mainland),taxon,Threadfins,1964,2996.0
India (mainland),taxon,Threadfins,1965,2389.3
India (mainland),taxon,Threadfins,1966,5122.5
India (mainland),taxon,Threadfins,1967,3338.4
India (mainland),taxon,Threadfins,1968,3183.3
India (mainland),taxon,Threadfins,1969,4294.3
India (mainland),taxon,Threadfins,1970,8037.7
India (mainland),taxon,Threadfins,1971,8250.1
India (mainland),taxon,Threadfins,1972,8190.9
India (mainland),taxon,Threadfins,1973,10464.5
India (mainland),taxon,Threadfins,1974,11970.2
India (mainland),taxon,Threadfins,1975,15448.9
India (mainland),taxon,Threadfins,1976,16003.8
India (mainland),taxon,Threadfins,1977,5231.2
India (mainland),taxon,Threadfins,1978,6811.7
India (mainland),taxon,Threadfins,1979,7182.1
India (mainland),taxon,Threadfins,1980,7451.3
India (mainland),taxon,Threadfins,1981,5618.5
India (mainland),taxon,Threadfins,1982,8269.2
India (mainland),taxon,Threadfins,1983,7309.8
India (mainland),taxon,Threadfins,1984,8982.8
India (mainland),taxon,Threadfins,1985,10696.8
India (mainland),taxon,Threadfins,1986,8720.8
India (mainland),taxon,Threadfins,1987,10424.5
India (mainland),taxon,Threadfins,1988,6569.7
India (mainland),taxon,Threadfins,1989,9513.3
India (mainland),taxon,Threadfins,1990,9107.3
India (mainland),taxon,Threadfins,1991,10087.3
India (mainland),taxon,Threadfins,1992,10599.4
India (mainland),taxon,Threadfins,1993,7762.6
India (mainland),taxon,Threadfins,1994,14119.7
India (mainland),taxon,Threadfins,1995,15880.1
India (mainland),taxon,Threadfins,1996,15207.0
India (mainland),taxon,Threadfins,1997,17200.5
India (mainland),taxon,Threadfins,1998,14381.1
India (mainland),taxon,Threadfins,1999,13658.8
India (mainland),taxon,Threadfins,2000,14589.6
India (mainland),taxon,Threadfins,2001,12618.5
India (mainland),taxon,Threadfins,2002,15528.3
India (mainland),taxon,Threadfins,2003,15815.7
India (mainland),taxon,Threadfins,2004,14746.3
India (mainland),taxon,Threadfins,2005,14759.5
India (mainland),taxon,Threadfins,2006,14070.7
India (mainland),taxon,Threadfins,2007,14919.2
India (mainland),taxon,Threadfins,2008,17364.6
India (mainland),taxon,Threadfins,2009,18543.7
India (mainland),taxon,Threadfins,2010,14129.6
India (mainland),taxon,Threadfins,2011,15660.8
India (mainland),taxon,Threadfins,2012,18528.2
India (mainland),taxon,Threadfins,2013,18388.7
India (mainland),taxon,Threadfins,2014,15355.4
India (mainland),taxon,Threadfins,2015,17023.6
India (mainland),taxon,Threadfins,2016,15618.6
India (mainland),taxon,Threadfins,2017,16742.6
India (mainland),taxon,Threadfins,2018,13716.8
India (mainland),taxon,Threadfins,2019,15826.1
India (mainland),taxon,Indo-Pacific king mackerel,1965,0.2
India (mainland),taxon,Indo-Pacific king mackerel,1966,0.3
India (mainland),taxon,Indo-Pacific king mackerel,1967,0.2
India (mainland),taxon,Indo-Pacific king mackerel,1968,1.7
India (mainland),taxon,Indo-Pacific king mackerel,1969,2.9
India (mainland),taxon,Indo-Pacific king mackerel,1980,2325.1
India (mainland),taxon,Indo-Pacific king mackerel,1981,16011.1
India (mainland),taxon,Indo-Pacific king mackerel,1982,16018.6
India (mainland),taxon,Indo-Pacific king mackerel,1983,16646.1
India (mainland),taxon,Indo-Pacific king mackerel,1984,20710.7
India (mainland),taxon,Indo-Pacific king mackerel,1985,20170.1
India (mainland),taxon,Indo-Pacific king mackerel,1986,10368.6
India (mainland),taxon,Indo-Pacific king mackerel,1987,13553.2
India (mainland),taxon,Indo-Pacific king mackerel,1988,16535.1
India (mainland),taxon,Indo-Pacific king mackerel,1989,19742.6
India (mainland),taxon,Indo-Pacific king mackerel,1990,14188.1
India (mainland),taxon,Indo-Pacific king mackerel,1991,21415.0
India (mainland),taxon,Indo-Pacific king mackerel,1992,18596.2
India (mainland),taxon,Indo-Pacific king mackerel,1993,22209.1
India (mainland),taxon,Indo-Pacific king mackerel,1994,17163.2
India (mainland),taxon,Indo-Pacific king mackerel,1995,17884.8
India (mainland),taxon,Indo-Pacific king mackerel,1996,13793.8
India (mainland),taxon,Indo-Pacific king mackerel,1997,15598.3
India (mainland),taxon,Indo-Pacific king mackerel,1998,25450.1
India (mainland),taxon,Indo-Pacific king mackerel,1999,14205.9
India (mainland),taxon,Indo-Pacific king mackerel,2000,14969.6
India (mainland),taxon,Indo-Pacific king mackerel,2001,16521.7
India (mainland),taxon,Indo-Pacific king mackerel,2002,18132.0
India (mainland),taxon,Indo-Pacific king mackerel,2003,16044.0
India (mainland),taxon,Indo-Pacific king mackerel,2004,15459.7
India (mainland),taxon,Indo-Pacific king mackerel,2005,13075.2
India (mainland),taxon,Indo-Pacific king mackerel,2006,11859.7
India (mainland),taxon,Indo-Pacific king mackerel,2007,22022.1
India (mainland),taxon,Indo-Pacific king mackerel,2008,25459.3
India (mainland),taxon,Indo-Pacific king mackerel,2009,24578.2
India (mainland),taxon,Indo-Pacific king mackerel,2010,17042.4
India (mainland),taxon,Indo-Pacific king mackerel,2011,19600.1
India (mainland),taxon,Indo-Pacific king mackerel,2012,14833.0
India (mainland),taxon,Indo-Pacific king mackerel,2013,14008.0
India (mainland),taxon,Indo-Pacific king mackerel,2014,17684.0
India (mainland),taxon,Indo-Pacific king mackerel,2015,16276.0
India (mainland),taxon,Indo-Pacific king mackerel,2016,18835.3
India (mainland),taxon,Indo-Pacific king mackerel,2017,18138.0
India (mainland),taxon,Indo-Pacific king mackerel,2018,15585.2
India (mainland),taxon,Indo-Pacific king mackerel,2019,20790.9
India (mainland),taxon,Pomfrets,1950,4903.0
India (mainland),taxon,Pomfrets,1951,9220.0
India (mainland),taxon,Pomfrets,1952,5923.0
India (mainland),taxon,Pomfrets,1953,20531.0
India (mainland),taxon,Pomfrets,1954,18614.0
India (mainland),taxon,Pomfrets,1955,13682.0
India (mainland),taxon,Pomfrets,1956,12701.0
India (mainland),taxon,Pomfrets,1957,16205.0
India (mainland),taxon,Pomfrets,1958,16587.0
India (mainland),taxon,Pomfrets,1959,17389.0
India (mainland),taxon,Pomfrets,1960,21850.0
India (mainland),taxon,Pomfrets,1961,16489.0
India (mainland),taxon,Pomfrets,1962,25674.0
India (mainland),taxon,Pomfrets,1963,17254.0
India (mainland),taxon,Pomfrets,1964,19580.0
India (mainland),taxon,Pomfrets,1965,17892.0
India (mainland),taxon,Pomfrets,1966,17844.0
India (mainland),taxon,Pomfrets,1967,27470.0
India (mainland),taxon,Pomfrets,1968,27917.0
India (mainland),taxon,Pomfrets,1969,24172.0
India (mainland),taxon,Pomfrets,1970,17584.0
India (mainland),taxon,Pomfrets,1971,20990.0
India (mainland),taxon,Pomfrets,1972,19000.1
India (mainland),taxon,Pomfrets,1973,22046.5
India (mainland),taxon,Pomfrets,1974,22411.0
India (mainland),taxon,Pomfrets,1975,24974.4
India (mainland),taxon,Pomfrets,1976,37672.8
India (mainland),taxon,Pomfrets,1977,35099.2
India (mainland),taxon,Pomfrets,1978,41411.5
India (mainland),taxon,Pomfrets,1979,40400.8
India (mainland),taxon,Pomfrets,1980,38219.1
India (mainland),taxon,False trevally,1950,7822.6
India (mainland),taxon,False trevally,1951,10262.2
India (mainland),taxon,False trevally,1952,7306.0
India (mainland),taxon,False trevally,1953,4819.4
India (mainland),taxon,False trevally,1954,10595.3
India (mainland),taxon,False trevally,1955,6463.0
India (mainland),taxon,False trevally,1956,10293.4
India (mainland),taxon,False trevally,1957,8195.3
India (mainland),taxon,False trevally,1958,16543.8
India (mainland),taxon,False trevally,1959,13996.5
India (mainland),taxon,False trevally,1960,14662.1
India (mainland),taxon,False trevally,1961,9000.0
India (mainland),taxon,False trevally,1962,7747.1
India (mainland),taxon,False trevally,1963,8756.1
India (mainland),taxon,False trevally,1964,6581.0
India (mainland),taxon,False trevally,1965,6050.0
India (mainland),taxon,False trevally,1966,5938.8
India (mainland),taxon,False trevally,1967,8769.1
India (mainland),taxon,False trevally,1968,5363.3
India (mainland),taxon,False trevally,1969,4593.4
India (mainland),taxon,False trevally,1970,4747.7
India (mainland),taxon,False trevally,1971,5376.7
India (mainland),taxon,False trevally,1972,7666.7
India (mainland),taxon,False trevally,1973,14084.3
India (mainland),taxon,False trevally,1974,9032.8
India (mainland),taxon,False trevally,1975,12014.7
India (mainland),taxon,False trevally,1976,12217.6
India (mainland),taxon,False trevally,1977,11120.3
India (mainland),taxon,False trevally,1978,8021.2
India (mainland),taxon,False trevally,1979,4547.8
India (mainland),taxon,False trevally,1980,7535.8
India (mainland),taxon,False trevally,1981,8345.5
India (mainland),taxon,False trevally,1982,14114.5
India (mainland),taxon,False trevally,1983,20380.5
India (mainland),taxon,False trevally,1984,14791.3
India (mainland),taxon,False trevally,1985,25881.4
India (mainland),taxon,False trevally,1986,16195.2
India (mainland),taxon,False trevally,1987,12971.7
India (mainland),taxon,False trevally,1988,12511.7
India (mainland),taxon,False trevally,1989,6883.0
India (mainland),taxon,False trevally,1990,8986.4
India (mainland),taxon,False trevally,1991,10356.2
India (mainland),taxon,False trevally,1992,7006.8
India (mainland),taxon,False trevally,1993,4506.7
India (mainland),taxon,False trevally,1994,6352.7
India (mainland),taxon,False trevally,1995,7799.8
India (mainland),taxon,False trevally,1996,7186.1
India (mainland),taxon,False trevally,1997,8207.3
India (mainland),taxon,False trevally,1998,10211.8
India (mainland),taxon,False trevally,1999,5495.4
India (mainland),taxon,False trevally,2000,6868.1
India (mainland),taxon,False trevally,2001,5428.8
India (mainland),taxon,False trevally,2002,4368.3
India (mainland),taxon,False trevally,2003,3392.1
India (mainland),taxon,False trevally,2004,3569.9
India (mainland),taxon,False trevally,2005,3555.9
India (mainland),taxon,False trevally,2006,5456.3
India (mainland),taxon,False trevally,2007,6551.5
India (mainland),taxon,False trevally,2008,9166.5
India (mainland),taxon,False trevally,2009,14799.9
India (mainland),taxon,False trevally,2010,12783.6
India (mainland),taxon,False trevally,2011,10219.5
India (mainland),taxon,False trevally,2012,8846.8
India (mainland),taxon,False trevally,2013,7801.7
India (mainland),taxon,False trevally,2014,7492.4
India (mainland),taxon,False trevally,2015,7693.4
India (mainland),taxon,False trevally,2016,6858.3
India (mainland),taxon,False trevally,2017,4105.7
India (mainland),taxon,False trevally,2018,8284.8
India (mainland),taxon,False trevally,2019,6643.4
India (mainland),taxon,Bullet and frigate tunas,1970,0.5
India (mainland),taxon,Bullet and frigate tunas,1971,1.9
India (mainland),taxon,Bullet and frigate tunas,1972,2.4
India (mainland),taxon,Bullet and frigate tunas,1973,4.9
India (mainland),taxon,Bullet and frigate tunas,1974,4.3
India (mainland),taxon,Bullet and frigate tunas,1975,12.0
India (mainland),taxon,Bullet and frigate tunas,1976,8.7
India (mainland),taxon,Bullet and frigate tunas,1977,8.8
India (mainland),taxon,Bullet and frigate tunas,1978,12.9
India (mainland),taxon,Bullet and frigate tunas,1979,1.8
India (mainland),taxon,Bullet and frigate tunas,1980,0.6
India (mainland),taxon,Bullet and frigate tunas,1981,1468.4
India (mainland),taxon,Bullet and frigate tunas,1982,2610.6
India (mainland),taxon,Bullet and frigate tunas,1983,3521.1
India (mainland),taxon,Bullet and frigate tunas,1984,2793.6
India (mainland),taxon,Bullet and frigate tunas,1985,4494.8
India (mainland),taxon,Bullet and frigate tunas,1986,10028.3
India (mainland),taxon,Bullet and frigate tunas,1987,6567.3
India (mainland),taxon,Bullet and frigate tunas,1988,8276.1
India (mainland),taxon,Bullet and frigate tunas,1989,10260.4
India (mainland),taxon,Bullet and frigate tunas,1990,10383.1
India (mainland),taxon,Bullet and frigate tunas,1991,9095.0
India (mainland),taxon,Bullet and frigate tunas,1992,12206.7
India (mainland),taxon,Bullet and frigate tunas,1993,8666.3
India (mainland),taxon,Bullet and frigate tunas,1994,16609.2
India (mainland),taxon,Bullet and frigate tunas,1995,12114.9
India (mainland),taxon,Bullet and frigate tunas,1996,19472.8
India (mainland),taxon,Bullet and frigate tunas,1997,19480.4
India (mainland),taxon,Bullet and frigate tunas,1998,18234.9
India (mainland),taxon,Bullet and frigate tunas,1999,15309.0
India (mainland),taxon,Bullet and frigate tunas,2000,14665.1
India (mainland),taxon,Bullet and frigate tunas,2001,11691.3
India (mainland),taxon,Bullet and frigate tunas,2002,14768.0
India (mainland),taxon,Bullet and frigate tunas,2003,22824.5
India (mainland),taxon,Bullet and frigate tunas,2004,17205.0
India (mainland),taxon,Bullet and frigate tunas,2005,13614.6
India (mainland),taxon,Bullet and frigate tunas,2006,24161.0
India (mainland),taxon,Bullet and frigate tunas,2007,19092.8
India (mainland),taxon,Bullet and frigate tunas,2008,16839.0
India (mainland),taxon,Bullet and frigate tunas,2009,14633.9
India (mainland),taxon,Bullet and frigate tunas,2010,22168.6
India (mainland),taxon,Bullet and frigate tunas,2011,27287.2
India (mainland),taxon,Bullet and frigate tunas,2012,23873.7
India (mainland),taxon,Bullet and frigate tunas,2013,20898.2
India (mainland),taxon,Bullet and frigate tunas,2014,23520.5
India (mainland),taxon,Bullet and frigate tunas,2015,15457.5
India (mainland),taxon,Bullet and frigate tunas,2016,20380.3
India (mainland),taxon,Bullet and frigate tunas,2017,19883.1
India (mainland),taxon,Bullet and frigate tunas,2018,22856.6
India (mainland),taxon,Bullet and frigate tunas,2019,16632.4
India (mainland),taxon,Black pomfret,1973,0.7
India (mainland),taxon,Black pomfret,1974,0.8
India (mainland),taxon,Black pomfret,1975,1.5
India (mainland),taxon,Black pomfret,1976,3.8
India (mainland),taxon,Black pomfret,1977,9.3
India (mainland),taxon,Black pomfret,1978,8.3
India (mainland),taxon,Black pomfret,1979,24.0
India (mainland),taxon,Black pomfret,1980,9.8
India (mainland),taxon,Black pomfret,1981,9787.3
India (mainland),taxon,Black pomfret,1982,12768.9
India (mainland),taxon,Black pomfret,1983,12041.7
India (mainland),taxon,Black pomfret,1984,15829.5
India (mainland),taxon,Black pomfret,1985,10179.8
India (mainland),taxon,Black pomfret,1986,10600.1
India (mainland),taxon,Black pomfret,1987,14261.2
India (mainland),taxon,Black pomfret,1988,15195.2
India (mainland),taxon,Black pomfret,1989,13137.7
India (mainland),taxon,Black pomfret,1990,13170.0
India (mainland),taxon,Black pomfret,1991,14495.3
India (mainland),taxon,Black pomfret,1992,10490.3
India (mainland),taxon,Black pomfret,1993,12735.1
India (mainland),taxon,Black pomfret,1994,13829.8
India (mainland),taxon,Black pomfret,1995,19999.8
India (mainland),taxon,Black pomfret,1996,12537.0
India (mainland),taxon,Black pomfret,1997,13504.0
India (mainland),taxon,Black pomfret,1998,17523.1
India (mainland),taxon,Black pomfret,1999,10300.3
India (mainland),taxon,Black pomfret,2000,12751.5
India (mainland),taxon,Black pomfret,2001,12746.1
India (mainland),taxon,Black pomfret,2002,12380.5
India (mainland),taxon,Black pomfret,2003,15674.4
India (mainland),taxon,Black pomfret,2004,17544.0
India (mainland),taxon,Black pomfret,2005,14868.0
India (mainland),taxon,Black pomfret,2006,15207.2
India (mainland),taxon,Black pomfret,2007,13917.0
India (mainland),taxon,Black pomfret,2008,18924.1
India (mainland),taxon,Black pomfret,2009,18008.2
India (mainland),taxon,Black pomfret,2010,20406.4
India (mainland),taxon,Black pomfret,2011,20503.2
India (mainland),taxon,Black pomfret,2012,18189.2
India (mainland),taxon,Black pomfret,2013,18452.1
India (mainland),taxon,Black pomfret,2014,18131.9
India (mainland),taxon,Black pomfret,2015,13668.7
India (mainland),taxon,Black pomfret,2016,13926.0
India (mainland),taxon,Black pomfret,2017,12629.5
India (mainland),taxon,Black pomfret,2018,15167.3
India (mainland),taxon,Black pomfret,2019,15273.3
India (mainland),taxon,"Eels, morays",1950,6035.5
India (mainland),taxon,"Eels, morays",1951,5556.4
India (mainland),taxon,"Eels, morays",1952,5498.7
India (mainland),taxon,"Eels, morays",1953,6050.9
India (mainland),taxon,"Eels, morays",1954,6121.7
India (mainland),taxon,"Eels, morays",1955,12358.7
India (mainland),taxon,"Eels, morays",1956,3300.9
India (mainland),taxon,"Eels, morays",1957,6405.0
India (mainland),taxon,"Eels, morays",1958,9167.2
India (mainland),taxon,"Eels, morays",1959,6084.3
India (mainland),taxon,"Eels, morays",1960,6148.5
India (mainland),taxon,"Eels, morays",1961,11388.6
India (mainland),taxon,"Eels, morays",1962,8873.2
India (mainland),taxon,"Eels, morays",1963,8692.4
India (mainland),taxon,"Eels, morays",1964,2233.5
India (mainland),taxon,"Eels, morays",1965,2480.7
India (mainland),taxon,"Eels, morays",1966,2433.9
India (mainland),taxon,"Eels, morays",1967,2542.0
India (mainland),taxon,"Eels, morays",1968,3391.4
India (mainland),taxon,"Eels, morays",1969,3062.8
India (mainland),taxon,"Eels, morays",1970,6995.2
India (mainland),taxon,"Eels, morays",1971,4069.6
India (mainland),taxon,"Eels, morays",1972,4524.8
India (mainland),taxon,"Eels, morays",1973,3888.4
India (mainland),taxon,"Eels, morays",1974,4034.0
India (mainland),taxon,"Eels, morays",1975,5736.6
India (mainland),taxon,"Eels, morays",1976,8325.2
India (mainland),taxon,"Eels, morays",1977,13030.8
India (mainland),taxon,"Eels, morays",1978,8817.9
India (mainland),taxon,"Eels, morays",1979,7194.9
India (mainland),taxon,"Eels, morays",1980,12124.9
India (mainland),taxon,"Eels, morays",1981,5086.3
India (mainland),taxon,"Eels, morays",1982,7526.3
India (mainland),taxon,"Eels, morays",1983,8281.1
India (mainland),taxon,"Eels, morays",1984,7077.0
India (mainland),taxon,"Eels, morays",1985,8372.3
India (mainland),taxon,"Eels, morays",1986,7959.1
India (mainland),taxon,"Eels, morays",1987,6242.2
India (mainland),taxon,"Eels, morays",1988,4346.6
India (mainland),taxon,"Eels, morays",1989,4927.0
India (mainland),taxon,"Eels, morays",1990,5130.4
India (mainland),taxon,"Eels, morays",1991,6916.8
India (mainland),taxon,"Eels, morays",1992,6164.2
India (mainland),taxon,"Eels, morays",1993,6768.2
India (mainland),taxon,"Eels, morays",1994,6037.2
India (mainland),taxon,"Eels, morays",1995,5947.2
India (mainland),taxon,"Eels, morays",1996,7073.2
India (mainland),taxon,"Eels, morays",1997,7835.2
India (mainland),taxon,"Eels, morays",1998,9820.2
India (mainland),taxon,"Eels, morays",1999,11424.2
India (mainland),taxon,"Eels, morays",2000,9208.2
India (mainland),taxon,"Eels, morays",2001,8241.2
India (mainland),taxon,"Eels, morays",2002,9292.2
India (mainland),taxon,"Eels, morays",2003,10275.2
India (mainland),taxon,"Eels, morays",2004,8041.2
India (mainland),taxon,"Eels, morays",2005,8591.2
India (mainland),taxon,"Eels, morays",2006,10308.2
India (mainland),taxon,"Eels, morays",2007,12641.2
India (mainland),taxon,"Eels, morays",2008,10789.2
India (mainland),taxon,"Eels, morays",2009,12460.2
India (mainland),taxon,"Eels, morays",2010,11265.2
India (mainland),taxon,"Eels, morays",2011,10563.2
India (mainland),taxon,"Eels, morays",2012,13800.2
India (mainland),taxon,"Eels, morays",2013,10188.2
India (mainland),taxon,"Eels, morays",2014,9587.2
India (mainland),taxon,"Eels, morays",2015,11236.2
India (mainland),taxon,"Eels, morays",2016,11214.2
India (mainland),taxon,"Eels, morays",2017,13217.2
India (mainland),taxon,"Eels, morays",2018,11840.2
India (mainland),taxon,"Eels, morays",2019,11646.1
India (mainland),taxon,"Mackerels, tunas, bonitos",1950,4695.3
India (mainland),taxon,"Mackerels, tunas, bonitos",1951,850.3
India (mainland),taxon,"Mackerels, tunas, bonitos",1952,864.3
India (mainland),taxon,"Mackerels, tunas, bonitos",1953,901.3
India (mainland),taxon,"Mackerels, tunas, bonitos",1954,2323.3
India (mainland),taxon,"Mackerels, tunas, bonitos",1955,3373.3
India (mainland),taxon,"Mackerels, tunas, bonitos",1956,3672.3
India (mainland),taxon,"Mackerels, tunas, bonitos",1957,3016.3
India (mainland),taxon,"Mackerels, tunas, bonitos",1958,3241.3
India (mainland),taxon,"Mackerels, tunas, bonitos",1959,2868.3
India (mainland),taxon,"Mackerels, tunas, bonitos",1960,5617.3
India (mainland),taxon,"Mackerels, tunas, bonitos",1961,6966.2
India (mainland),taxon,"Mackerels, tunas, bonitos",1962,2164.7
India (mainland),taxon,"Mackerels, tunas, bonitos",1963,3904.6
India (mainland),taxon,"Mackerels, tunas, bonitos",1964,5055.9
India (mainland),taxon,"Mackerels, tunas, bonitos",1965,3556.0
India (mainland),taxon,"Mackerels, tunas, bonitos",1966,3217.7
India (mainland),taxon,"Mackerels, tunas, bonitos",1967,3721.1
India (mainland),taxon,"Mackerels, tunas, bonitos",1968,3881.2
India (mainland),taxon,"Mackerels, tunas, bonitos",1969,3345.0
India (mainland),taxon,"Mackerels, tunas, bonitos",1970,2766.9
India (mainland),taxon,"Mackerels, tunas, bonitos",1971,5519.9
India (mainland),taxon,"Mackerels, tunas, bonitos",1972,5500.5
India (mainland),taxon,"Mackerels, tunas, bonitos",1973,4857.9
India (mainland),taxon,"Mackerels, tunas, bonitos",1974,9697.9
India (mainland),taxon,"Mackerels, tunas, bonitos",1975,9379.8
India (mainland),taxon,"Mackerels, tunas, bonitos",1976,18080.2
India (mainland),taxon,"Mackerels, tunas, bonitos",1977,11851.9
India (mainland),taxon,"Mackerels, tunas, bonitos",1978,12059.6
India (mainland),taxon,"Mackerels, tunas, bonitos",1979,23816.0
India (mainland),taxon,"Mackerels, tunas, bonitos",1980,18564.8
India (mainland),taxon,"Mackerels, tunas, bonitos",1981,2600.2
India (mainland),taxon,"Mackerels, tunas, bonitos",1982,4036.8
India (mainland),taxon,"Mackerels, tunas, bonitos",1983,1421.1
India (mainland),taxon,"Mackerels, tunas, bonitos",1984,2042.7
India (mainland),taxon,"Mackerels, tunas, bonitos",1985,6453.4
India (mainland),taxon,"Mackerels, tunas, bonitos",1986,2042.8
India (mainland),taxon,"Mackerels, tunas, bonitos",1987,4855.5
India (mainland),taxon,"Mackerels, tunas, bonitos",1988,1802.4
India (mainland),taxon,"Mackerels, tunas, bonitos",1989,3544.6
India (mainland),taxon,"Mackerels, tunas, bonitos",1990,5294.5
India (mainland),taxon,"Mackerels, tunas, bonitos",1991,3324.4
India (mainland),taxon,"Mackerels, tunas, bonitos",1992,2060.0
India (mainland),taxon,"Mackerels, tunas, bonitos",1993,6718.0
India (mainland),taxon,"Mackerels, tunas, bonitos",1994,2736.1
India (mainland),taxon,"Mackerels, tunas, bonitos",1995,4334.2
India (mainland),taxon,"Mackerels, tunas, bonitos",1996,3044.1
India (mainland),taxon,"Mackerels, tunas, bonitos",1997,5898.7
India (mainland),taxon,"Mackerels, tunas, bonitos",1998,4252.3
India (mainland),taxon,"Mackerels, tunas, bonitos",1999,5701.0
India (mainland),taxon,"Mackerels, tunas, bonitos",2000,6328.6
India (mainland),taxon,"Mackerels, tunas, bonitos",2001,3409.3
India (mainland),taxon,"Mackerels, tunas, bonitos",2002,3850.9
India (mainland),taxon,"Mackerels, tunas, bonitos",2003,8695.0
India (mainland),taxon,"Mackerels, tunas, bonitos",2004,5992.9
India (mainland),taxon,"Mackerels, tunas, bonitos",2005,5936.4
India (mainland),taxon,"Mackerels, tunas, bonitos",2006,7910.0
India (mainland),taxon,"Mackerels, tunas, bonitos",2007,15278.2
India (mainland),taxon,"Mackerels, tunas, bonitos",2008,19613.2
India (mainland),taxon,"Mackerels, tunas, bonitos",2009,16231.8
India (mainland),taxon,"Mackerels, tunas, bonitos",2010,10316.9
India (mainland),taxon,"Mackerels, tunas, bonitos",2011,11314.4
India (mainland),taxon,"Mackerels, tunas, bonitos",2012,19008.7
India (mainland),taxon,"Mackerels, tunas, bonitos",2013,18129.3
India (mainland),taxon,"Mackerels, tunas, bonitos",2014,19946.7
India (mainland),taxon,"Mackerels, tunas, bonitos",2015,16960.4
India (mainland),taxon,"Mackerels, tunas, bonitos",2016,18453.0
India (mainland),taxon,"Mackerels, tunas, bonitos",2017,18174.2
India (mainland),taxon,"Mackerels, tunas, bonitos",2018,30112.2
India (mainland),taxon,"Mackerels, tunas, bonitos",2019,21648.0
India (mainland),taxon,Filefishes,1950,1275.5
India (mainland),taxon,Filefishes,1951,2046.5
India (mainland),taxon,Filefishes,1952,2017.8
India (mainland),taxon,Filefishes,1953,1496.7
India (mainland),taxon,Filefishes,1954,3426.5
India (mainland),taxon,Filefishes,1955,3827.7
India (mainland),taxon,Filefishes,1956,3008.0
India (mainland),taxon,Filefishes,1957,3275.7
India (mainland),taxon,Filefishes,1958,3048.3
India (mainland),taxon,Filefishes,1959,2688.3
India (mainland),taxon,Filefishes,1960,4258.6
India (mainland),taxon,Filefishes,1961,3558.5
India (mainland),taxon,Filefishes,1962,3557.7
India (mainland),taxon,Filefishes,1963,3232.7
India (mainland),taxon,Filefishes,1964,2476.2
India (mainland),taxon,Filefishes,1965,3128.7
India (mainland),taxon,Filefishes,1966,3513.6
India (mainland),taxon,Filefishes,1967,2869.0
India (mainland),taxon,Filefishes,1968,3160.1
India (mainland),taxon,Filefishes,1969,2468.4
India (mainland),taxon,Filefishes,1970,2142.8
India (mainland),taxon,Filefishes,1971,2133.5
India (mainland),taxon,Filefishes,1972,2985.0
India (mainland),taxon,Filefishes,1973,2859.5
India (mainland),taxon,Filefishes,1974,3844.1
India (mainland),taxon,Filefishes,1975,3422.4
India (mainland),taxon,Filefishes,1976,3363.6
India (mainland),taxon,Filefishes,1977,4173.0
India (mainland),taxon,Filefishes,1978,3402.7
India (mainland),taxon,Filefishes,1979,3355.5
India (mainland),taxon,Filefishes,1980,4244.5
India (mainland),taxon,Filefishes,1981,5061.6
India (mainland),taxon,Filefishes,1982,5791.6
India (mainland),taxon,Filefishes,1983,10213.6
India (mainland),taxon,Filefishes,1984,9301.8
India (mainland),taxon,Filefishes,1985,8880.3
India (mainland),taxon,Filefishes,1986,3913.9
India (mainland),taxon,Filefishes,1987,5744.0
India (mainland),taxon,Filefishes,1988,5191.3
India (mainland),taxon,Filefishes,1989,3607.8
India (mainland),taxon,Filefishes,1990,3371.9
India (mainland),taxon,Filefishes,1991,4515.8
India (mainland),taxon,Filefishes,1992,5682.1
India (mainland),taxon,Filefishes,1993,4473.0
India (mainland),taxon,Filefishes,1994,5528.8
India (mainland),taxon,Filefishes,1995,6483.1
India (mainland),taxon,Filefishes,1996,5625.1
India (mainland),taxon,Filefishes,1997,7933.2
India (mainland),taxon,Filefishes,1998,7794.4
India (mainland),taxon,Filefishes,1999,6265.7
India (mainland),taxon,Filefishes,2000,8114.9
India (mainland),taxon,Filefishes,2001,7630.7
India (mainland),taxon,Filefishes,2002,6808.5
India (mainland),taxon,Filefishes,2003,11453.0
India (mainland),taxon,Filefishes,2004,12529.6
India (mainland),taxon,Filefishes,2005,10762.4
India (mainland),taxon,Filefishes,2006,9188.7
India (mainland),taxon,Filefishes,2007,11709.5
India (mainland),taxon,Filefishes,2008,13229.1
India (mainland),taxon,Filefishes,2009,13689.4
India (mainland),taxon,Filefishes,2010,12714.4
India (mainland),taxon,Filefishes,2011,13327.6
India (mainland),taxon,Filefishes,2012,14053.4
India (mainland),taxon,Filefishes,2013,15506.1
India (mainland),taxon,Filefishes,2014,16401.8
India (mainland),taxon,Filefishes,2015,17357.9
India (mainland),taxon,Filefishes,2016,18747.3
India (mainland),taxon,Filefishes,2017,17491.5
India (mainland),taxon,Filefishes,2018,14986.6
India (mainland),taxon,Filefishes,2019,17137.2
India (mainland),taxon,Windowpane oyster,1950,6388.9
India (mainland),taxon,Windowpane oyster,1951,6388.9
India (mainland),taxon,Windowpane oyster,1952,6388.9
India (mainland),taxon,Windowpane oyster,1953,6388.9
India (mainland),taxon,Windowpane oyster,1954,6388.9
India (mainland),taxon,Windowpane oyster,1955,6388.9
India (mainland),taxon,Windowpane oyster,1956,6388.9
India (mainland),taxon,Windowpane oyster,1957,6388.9
India (mainland),taxon,Windowpane oyster,1958,6388.9
India (mainland),taxon,Windowpane oyster,1959,6388.9
India (mainland),taxon,Windowpane oyster,1960,6388.9
India (mainland),taxon,Windowpane oyster,1961,6388.9
India (mainland),taxon,Windowpane oyster,1962,6388.9
India (mainland),taxon,Windowpane oyster,1963,6388.9
India (mainland),taxon,Windowpane oyster,1964,6388.9
India (mainland),taxon,Windowpane oyster,1965,6388.9
India (mainland),taxon,Windowpane oyster,1966,6388.9
India (mainland),taxon,Windowpane oyster,1967,6388.9
India (mainland),taxon,Windowpane oyster,1968,6388.9
India (mainland),taxon,Windowpane oyster,1969,6560.1
India (mainland),taxon,Windowpane oyster,1970,6731.4
India (mainland),taxon,Windowpane oyster,1971,6902.6
India (mainland),taxon,Windowpane oyster,1972,7073.9
India (mainland),taxon,Windowpane oyster,1973,7245.1
India (mainland),taxon,Windowpane oyster,1974,7416.3
India (mainland),taxon,Windowpane oyster,1975,7587.6
India (mainland),taxon,Windowpane oyster,1976,7758.8
India (mainland),taxon,Windowpane oyster,1977,7930.1
India (mainland),taxon,Windowpane oyster,1978,8101.3
India (mainland),taxon,Windowpane oyster,1979,8272.5
India (mainland),taxon,Windowpane oyster,1980,8443.8
India (mainland),taxon,Windowpane oyster,1981,8615.0
India (mainland),taxon,Windowpane oyster,1982,8786.3
India (mainland),taxon,Windowpane oyster,1983,8957.5
India (mainland),taxon,Windowpane oyster,1984,9128.8
India (mainland),taxon,Windowpane oyster,1985,9300.0
India (mainland),taxon,Windowpane oyster,1986,9300.0
India (mainland),taxon,Windowpane oyster,1987,9300.0
India (mainland),taxon,Windowpane oyster,1988,9300.0
India (mainland),taxon,Windowpane oyster,1989,9300.0
India (mainland),taxon,Windowpane oyster,1990,9300.0
India (mainland),taxon,Windowpane oyster,1991,9300.0
India (mainland),taxon,Windowpane oyster,1992,9300.0
India (mainland),taxon,Windowpane oyster,1993,9300.0
India (mainland),taxon,Windowpane oyster,1994,9300.0
India (mainland),taxon,Windowpane oyster,1995,9300.0
India (mainland),taxon,Windowpane oyster,1996,9300.0
India (mainland),taxon,Windowpane oyster,1997,9300.0
India (mainland),taxon,Windowpane oyster,1998,9300.0
India (mainland),taxon,Windowpane oyster,1999,9300.0
India (mainland),taxon,Windowpane oyster,2000,9300.0
India (mainland),taxon,Windowpane oyster,2001,8532.5
India (mainland),taxon,Windowpane oyster,2002,7765.1
India (mainland),taxon,Windowpane oyster,2003,6997.6
India (mainland),taxon,Windowpane oyster,2004,6230.2
India (mainland),taxon,Windowpane oyster,2005,5462.7
India (mainland),taxon,Windowpane oyster,2006,4695.3
India (mainland),taxon,Windowpane oyster,2007,3927.8
India (mainland),taxon,Windowpane oyster,2008,3160.4
India (mainland),taxon,Windowpane oyster,2009,2392.9
India (mainland),taxon,Windowpane oyster,2010,1625.5
India (mainland),taxon,Windowpane oyster,2011,858.0
India (mainland),taxon,Windowpane oyster,2012,858.0
India (mainland),taxon,Windowpane oyster,2013,858.0
India (mainland),taxon,Windowpane oyster,2014,858.0
India (mainland),taxon,Windowpane oyster,2015,583.3
India (mainland),taxon,Windowpane oyster,2016,532.6
India (mainland),taxon,Windowpane oyster,2017,653.4
India (mainland),taxon,Windowpane oyster,2018,835.5
India (mainland),taxon,Windowpane oyster,2019,646.6
India (mainland),taxon,Spanish mackerels,1950,6906.6
India (mainland),taxon,Spanish mackerels,1951,7091.6
India (mainland),taxon,Spanish mackerels,1952,6312.6
India (mainland),taxon,Spanish mackerels,1953,4505.6
India (mainland),taxon,Spanish mackerels,1954,6255.6
India (mainland),taxon,Spanish mackerels,1955,6045.6
India (mainland),taxon,Spanish mackerels,1956,12265.6
India (mainland),taxon,Spanish mackerels,1957,8921.6
India (mainland),taxon,Spanish mackerels,1958,7889.6
India (mainland),taxon,Spanish mackerels,1959,6590.6
India (mainland),taxon,Spanish mackerels,1960,8650.6
India (mainland),taxon,Spanish mackerels,1961,11442.0
India (mainland),taxon,Spanish mackerels,1962,10926.0
India (mainland),taxon,Spanish mackerels,1963,9130.5
India (mainland),taxon,Spanish mackerels,1964,11140.0
India (mainland),taxon,Spanish mackerels,1965,9431.8
India (mainland),taxon,Spanish mackerels,1966,10069.0
India (mainland),taxon,Spanish mackerels,1967,9889.3
India (mainland),taxon,Spanish mackerels,1968,12857.5
India (mainland),taxon,Spanish mackerels,1969,11484.0
India (mainland),taxon,Spanish mackerels,1970,13359.8
India (mainland),taxon,Spanish mackerels,1971,18295.1
India (mainland),taxon,Spanish mackerels,1972,21136.2
India (mainland),taxon,Spanish mackerels,1973,19662.5
India (mainland),taxon,Spanish mackerels,1974,19780.3
India (mainland),taxon,Spanish mackerels,1975,18815.8
India (mainland),taxon,Spanish mackerels,1976,20082.0
India (mainland),taxon,Spanish mackerels,1977,21027.1
India (mainland),taxon,Spanish mackerels,1978,20671.2
India (mainland),taxon,Spanish mackerels,1979,29443.1
India (mainland),taxon,Spanish mackerels,1980,25905.7
India (mainland),taxon,Spanish mackerels,1981,98.7
India (mainland),taxon,Spanish mackerels,1982,140.1
India (mainland),taxon,Spanish mackerels,1983,111.1
India (mainland),taxon,Spanish mackerels,1984,89.7
India (mainland),taxon,Spanish mackerels,1985,112.0
India (mainland),taxon,Spanish mackerels,1986,103.5
India (mainland),taxon,Spanish mackerels,1987,115.2
India (mainland),taxon,Spanish mackerels,1988,126.6
India (mainland),taxon,Spanish mackerels,1989,127.5
India (mainland),taxon,Spanish mackerels,1990,138.4
India (mainland),taxon,Spanish mackerels,1991,147.1
India (mainland),taxon,Spanish mackerels,1992,202.7
India (mainland),taxon,Spanish mackerels,1993,213.9
India (mainland),taxon,Spanish mackerels,1994,191.2
India (mainland),taxon,Spanish mackerels,1995,238.0
India (mainland),taxon,Spanish mackerels,1996,208.2
India (mainland),taxon,Spanish mackerels,1997,266.0
India (mainland),taxon,Spanish mackerels,1998,322.0
India (mainland),taxon,Spanish mackerels,1999,361.9
India (mainland),taxon,Spanish mackerels,2000,380.1
India (mainland),taxon,Spanish mackerels,2001,318.8
India (mainland),taxon,Spanish mackerels,2002,448.4
India (mainland),taxon,Spanish mackerels,2003,423.2
India (mainland),taxon,Spanish mackerels,2004,474.5
India (mainland),taxon,Spanish mackerels,2005,496.2
India (mainland),taxon,Spanish mackerels,2006,507.2
India (mainland),taxon,Spanish mackerels,2007,449.9
India (mainland),taxon,Spanish mackerels,2008,251.2
India (mainland),taxon,Spanish mackerels,2009,224.4
India (mainland),taxon,Spanish mackerels,2010,137.4
India (mainland),taxon,Spanish mackerels,2011,109.6
India (mainland),taxon,Spanish mackerels,2012,104.0
India (mainland),taxon,Spanish mackerels,2013,95.7
India (mainland),taxon,Spanish mackerels,2014,120.7
India (mainland),taxon,Spanish mackerels,2015,103.6
India (mainland),taxon,Spanish mackerels,2016,150.5
India (mainland),taxon,Spanish mackerels,2017,148.6
India (mainland),taxon,Spanish mackerels,2018,140.2
India (mainland),taxon,Spanish mackerels,2019,126.3
India (mainland),taxon,"Emperors, scavengers",1981,895.6
India (mainland),taxon,"Emperors, scavengers",1982,2410.4
India (mainland),taxon,"Emperors, scavengers",1983,2466.4
India (mainland),taxon,"Emperors, scavengers",1984,1887.1
India (mainland),taxon,"Emperors, scavengers",1985,2424.9
India (mainland),taxon,"Emperors, scavengers",1986,2972.3
India (mainland),taxon,"Emperors, scavengers",1987,3385.1
India (mainland),taxon,"Emperors, scavengers",1988,3628.6
India (mainland),taxon,"Emperors, scavengers",1989,2526.8
India (mainland),taxon,"Emperors, scavengers",1990,4472.4
India (mainland),taxon,"Emperors, scavengers",1991,6335.9
India (mainland),taxon,"Emperors, scavengers",1992,4935.4
India (mainland),taxon,"Emperors, scavengers",1993,7692.3
India (mainland),taxon,"Emperors, scavengers",1994,10673.7
India (mainland),taxon,"Emperors, scavengers",1995,10870.9
India (mainland),taxon,"Emperors, scavengers",1996,12970.9
India (mainland),taxon,"Emperors, scavengers",1997,15356.3
India (mainland),taxon,"Emperors, scavengers",1998,12694.4
India (mainland),taxon,"Emperors, scavengers",1999,12273.5
India (mainland),taxon,"Emperors, scavengers",2000,11902.0
India (mainland),taxon,"Emperors, scavengers",2001,13892.8
India (mainland),taxon,"Emperors, scavengers",2002,12022.0
India (mainland),taxon,"Emperors, scavengers",2003,11132.9
India (mainland),taxon,"Emperors, scavengers",2004,11915.1
India (mainland),taxon,"Emperors, scavengers",2005,10147.6
India (mainland),taxon,"Emperors, scavengers",2006,11579.4
India (mainland),taxon,"Emperors, scavengers",2007,11489.0
India (mainland),taxon,"Emperors, scavengers",2008,12328.6
India (mainland),taxon,"Emperors, scavengers",2009,17869.0
India (mainland),taxon,"Emperors, scavengers",2010,8179.9
India (mainland),taxon,"Emperors, scavengers",2011,16479.7
India (mainland),taxon,"Emperors, scavengers",2012,17930.1
India (mainland),taxon,"Emperors, scavengers",2013,11123.3
India (mainland),taxon,"Emperors, scavengers",2014,14483.1
India (mainland),taxon,"Emperors, scavengers",2015,19188.4
India (mainland),taxon,"Emperors, scavengers",2016,12948.8
India (mainland),taxon,"Emperors, scavengers",2017,17199.2
India (mainland),taxon,"Emperors, scavengers",2018,12374.4
India (mainland),taxon,"Emperors, scavengers",2019,16553.3
India (mainland),taxon,Sea mussels,1950,1488.2
India (mainland),taxon,Sea mussels,1951,1521.1
India (mainland),taxon,Sea mussels,1952,1554.0
India (mainland),taxon,Sea mussels,1953,1587.0
India (mainland),taxon,Sea mussels,1954,1619.9
India (mainland),taxon,Sea mussels,1955,1652.8
India (mainland),taxon,Sea mussels,1956,1685.7
India (mainland),taxon,Sea mussels,1957,1718.6
India (mainland),taxon,Sea mussels,1958,1751.6
India (mainland),taxon,Sea mussels,1959,1784.5
India (mainland),taxon,Sea mussels,1960,1817.4
India (mainland),taxon,Sea mussels,1961,1850.3
India (mainland),taxon,Sea mussels,1962,1551.0
India (mainland),taxon,Sea mussels,1963,1584.1
India (mainland),taxon,Sea mussels,1964,1617.3
India (mainland),taxon,Sea mussels,1965,1650.5
India (mainland),taxon,Sea mussels,1966,1683.7
India (mainland),taxon,Sea mussels,1967,1716.8
India (mainland),taxon,Sea mussels,1968,1750.0
India (mainland),taxon,Sea mussels,1969,1852.9
India (mainland),taxon,Sea mussels,1970,1955.9
India (mainland),taxon,Sea mussels,1971,2058.8
India (mainland),taxon,Sea mussels,1972,2161.8
India (mainland),taxon,Sea mussels,1973,2264.7
India (mainland),taxon,Sea mussels,1974,2367.6
India (mainland),taxon,Sea mussels,1975,2470.6
India (mainland),taxon,Sea mussels,1976,2573.5
India (mainland),taxon,Sea mussels,1977,2676.5
India (mainland),taxon,Sea mussels,1978,2779.4
India (mainland),taxon,Sea mussels,1979,2882.4
India (mainland),taxon,Sea mussels,1980,2985.3
India (mainland),taxon,Sea mussels,1981,3088.2
India (mainland),taxon,Sea mussels,1982,3191.2
India (mainland),taxon,Sea mussels,1983,3294.1
India (mainland),taxon,Sea mussels,1984,3397.1
India (mainland),taxon,Sea mussels,1985,3500.0
India (mainland),taxon,Sea mussels,1986,3639.4
India (mainland),taxon,Sea mussels,1987,3778.8
India (mainland),taxon,Sea mussels,1988,3918.2
India (mainland),taxon,Sea mussels,1989,4057.6
India (mainland),taxon,Sea mussels,1990,4197.0
India (mainland),taxon,Sea mussels,1991,5383.5
India (mainland),taxon,Sea mussels,1992,6570.0
India (mainland),taxon,Sea mussels,1993,7756.5
India (mainland),taxon,Sea mussels,1994,8943.0
India (mainland),taxon,Sea mussels,1995,10129.5
India (mainland),taxon,Sea mussels,1996,11316.0
India (mainland),taxon,Sea mussels,1997,11316.0
India (mainland),taxon,Sea mussels,1998,11316.0
India (mainland),taxon,Sea mussels,1999,11316.0
India (mainland),taxon,Sea mussels,2000,11316.0
India (mainland),taxon,Sea mussels,2001,10985.3
India (mainland),taxon,Sea mussels,2002,10654.6
India (mainland),taxon,Sea mussels,2003,10324.0
India (mainland),taxon,Sea mussels,2004,9993.3
India (mainland),taxon,Sea mussels,2005,9662.6
India (mainland),taxon,Sea mussels,2006,9331.9
India (mainland),taxon,Sea mussels,2007,9001.2
India (mainland),taxon,Sea mussels,2008,8670.6
India (mainland),taxon,Sea mussels,2009,8339.9
India (mainland),taxon,Sea mussels,2010,8009.2
India (mainland),taxon,Sea mussels,2011,7678.5
India (mainland),taxon,Sea mussels,2012,7347.9
India (mainland),taxon,Sea mussels,2013,7017.2
India (mainland),taxon,Sea mussels,2014,11410.5
India (mainland),taxon,Sea mussels,2015,7756.5
India (mainland),taxon,Sea mussels,2016,7083.2
India (mainland),taxon,Sea mussels,2017,8689.3
India (mainland),taxon,Sea mussels,2018,11111.7
India (mainland),taxon,Sea mussels,2019,8182.8
India (mainland),taxon,Flatfishes,1950,30580.1
India (mainland),taxon,Flatfishes,1951,2014.9
India (mainland),taxon,Flatfishes,1952,6576.8
India (mainland),taxon,Flatfishes,1953,4884.0
India (mainland),taxon,Flatfishes,1954,1739.1
India (mainland),taxon,Flatfishes,1955,5699.4
India (mainland),taxon,Flatfishes,1956,9278.7
India (mainland),taxon,Flatfishes,1957,3764.1
India (mainland),taxon,Flatfishes,1958,13042.6
India (mainland),taxon,Flatfishes,1959,10516.9
India (mainland),taxon,Flatfishes,1960,14298.1
India (mainland),taxon,Flatfishes,1961,7853.9
India (mainland),taxon,Flatfishes,1962,17892.9
India (mainland),taxon,Flatfishes,1963,8916.8
India (mainland),taxon,Flatfishes,1964,6247.4
India (mainland),taxon,Flatfishes,1965,9977.0
India (mainland),taxon,Flatfishes,1966,7547.6
India (mainland),taxon,Flatfishes,1967,6199.0
India (mainland),taxon,Flatfishes,1968,11359.1
India (mainland),taxon,Flatfishes,1969,12151.7
India (mainland),taxon,Flatfishes,1970,13544.1
India (mainland),taxon,Flatfishes,1971,11552.3
India (mainland),taxon,Flatfishes,1972,9879.7
India (mainland),taxon,Flatfishes,1973,14866.8
India (mainland),taxon,Flatfishes,1974,19214.3
India (mainland),taxon,Flatfishes,1975,12265.8
India (mainland),taxon,Flatfishes,1976,10291.9
India (mainland),taxon,Flatfishes,1977,11022.8
India (mainland),taxon,Flatfishes,1978,13872.0
India (mainland),taxon,Flatfishes,1979,12451.4
India (mainland),taxon,Flatfishes,1980,13912.5
India (mainland),taxon,Flatfishes,1981,1920.0
India (mainland),taxon,Flatfishes,1982,117.5
India (mainland),taxon,Flatfishes,1983,310.4
India (mainland),taxon,Flatfishes,1984,92.3
India (mainland),taxon,Flatfishes,1985,146.6
India (mainland),taxon,Flatfishes,1986,184.5
India (mainland),taxon,Flatfishes,1987,546.4
India (mainland),taxon,Flatfishes,1988,57.1
India (mainland),taxon,Flatfishes,1989,169.4
India (mainland),taxon,Flatfishes,1990,580.9
India (mainland),taxon,Flatfishes,1991,1690.4
India (mainland),taxon,Flatfishes,1992,1015.4
India (mainland),taxon,Flatfishes,1993,266.2
India (mainland),taxon,Flatfishes,1994,368.1
India (mainland),taxon,Flatfishes,1995,281.9
India (mainland),taxon,Flatfishes,1996,125.0
India (mainland),taxon,Flatfishes,1997,186.8
India (mainland),taxon,Flatfishes,1998,387.2
India (mainland),taxon,Flatfishes,1999,131.5
India (mainland),taxon,Flatfishes,2000,204.8
India (mainland),taxon,Flatfishes,2001,288.6
India (mainland),taxon,Flatfishes,2002,175.6
India (mainland),taxon,Flatfishes,2003,67.9
India (mainland),taxon,Flatfishes,2004,147.0
India (mainland),taxon,Flatfishes,2005,142.3
India (mainland),taxon,Flatfishes,2006,46.9
India (mainland),taxon,Flatfishes,2007,176.4
India (mainland),taxon,Flatfishes,2008,184.4
India (mainland),taxon,Flatfishes,2009,165.7
India (mainland),taxon,Flatfishes,2010,223.0
India (mainland),taxon,Flatfishes,2011,246.5
India (mainland),taxon,Flatfishes,2012,247.8
India (mainland),taxon,Flatfishes,2013,327.0
India (mainland),taxon,Flatfishes,2014,268.5
India (mainland),taxon,Flatfishes,2015,100.7
India (mainland),taxon,Flatfishes,2016,115.0
India (mainland),taxon,Flatfishes,2017,105.5
India (mainland),taxon,Flatfishes,2018,95.0
India (mainland),taxon,Flatfishes,2019,140.8
India (mainland),taxon,Cutlassfishes,1950,58.3
India (mainland),taxon,Cutlassfishes,1951,59.6
India (mainland),taxon,Cutlassfishes,1952,60.9
India (mainland),taxon,Cutlassfishes,1953,62.2
India (mainland),taxon,Cutlassfishes,1954,63.4
India (mainland),taxon,Cutlassfishes,1955,64.7
India (mainland),taxon,Cutlassfishes,1956,66.0
India (mainland),taxon,Cutlassfishes,1957,67.3
India (mainland),taxon,Cutlassfishes,1958,68.6
India (mainland),taxon,Cutlassfishes,1959,69.9
India (mainland),taxon,Cutlassfishes,1960,71.2
India (mainland),taxon,Cutlassfishes,1961,72.5
India (mainland),taxon,Cutlassfishes,1962,40.9
India (mainland),taxon,Cutlassfishes,1963,269.3
India (mainland),taxon,Cutlassfishes,1964,497.7
India (mainland),taxon,Cutlassfishes,1965,277.4
India (mainland),taxon,Cutlassfishes,1966,145.8
India (mainland),taxon,Cutlassfishes,1967,345.8
India (mainland),taxon,Cutlassfishes,1968,386.0
India (mainland),taxon,Cutlassfishes,1969,251.0
India (mainland),taxon,Cutlassfishes,1970,459.7
India (mainland),taxon,Cutlassfishes,1971,720.9
India (mainland),taxon,Cutlassfishes,1972,1035.7
India (mainland),taxon,Cutlassfishes,1973,1404.1
India (mainland),taxon,Cutlassfishes,1974,1826.2
India (mainland),taxon,Cutlassfishes,1975,2065.2
India (mainland),taxon,Cutlassfishes,1976,2314.0
India (mainland),taxon,Cutlassfishes,1977,2572.4
India (mainland),taxon,Cutlassfishes,1978,2840.4
India (mainland),taxon,Cutlassfishes,1979,3118.2
India (mainland),taxon,Cutlassfishes,1980,3405.6
India (mainland),taxon,Cutlassfishes,1981,3702.7
India (mainland),taxon,Cutlassfishes,1982,4009.5
India (mainland),taxon,Cutlassfishes,1983,4325.9
India (mainland),taxon,Cutlassfishes,1984,4652.0
India (mainland),taxon,Cutlassfishes,1985,1423.1
India (mainland),taxon,Cutlassfishes,1986,1399.7
India (mainland),taxon,Cutlassfishes,1987,2403.1
India (mainland),taxon,Cutlassfishes,1988,3660.1
India (mainland),taxon,Cutlassfishes,1989,3842.9
India (mainland),taxon,Cutlassfishes,1990,1795.9
India (mainland),taxon,Cutlassfishes,1991,2078.8
India (mainland),taxon,Cutlassfishes,1992,4311.9
India (mainland),taxon,Cutlassfishes,1993,2701.7
India (mainland),taxon,Cutlassfishes,1994,5009.2
India (mainland),taxon,Cutlassfishes,1995,9112.4
India (mainland),taxon,Cutlassfishes,1996,12107.3
India (mainland),taxon,Cutlassfishes,1997,8946.8
India (mainland),taxon,Cutlassfishes,1998,8078.6
India (mainland),taxon,Cutlassfishes,1999,11946.8
India (mainland),taxon,Cutlassfishes,2000,10642.9
India (mainland),taxon,Cutlassfishes,2001,10642.9
India (mainland),taxon,Cutlassfishes,2002,10642.9
India (mainland),taxon,Cutlassfishes,2003,10642.9
India (mainland),taxon,Cutlassfishes,2004,10642.9
India (mainland),taxon,Cutlassfishes,2005,10642.9
India (mainland),taxon,Cutlassfishes,2006,10642.9
India (mainland),taxon,Cutlassfishes,2007,10642.9
India (mainland),taxon,Cutlassfishes,2008,10642.9
India (mainland),taxon,Cutlassfishes,2009,10642.9
India (mainland),taxon,Cutlassfishes,2010,10642.9
India (mainland),taxon,Cutlassfishes,2011,10642.9
India (mainland),taxon,Cutlassfishes,2012,10642.9
India (mainland),taxon,Cutlassfishes,2013,10642.9
India (mainland),taxon,Cutlassfishes,2014,10642.9
India (mainland),taxon,Cutlassfishes,2015,10642.9
India (mainland),taxon,Cutlassfishes,2016,10642.9
India (mainland),taxon,Cutlassfishes,2017,10642.9
India (mainland),taxon,Cutlassfishes,2018,10642.9
India (mainland),taxon,Cutlassfishes,2019,10840.4
India (mainland),taxon,Skipjack tuna,1950,390.4
India (mainland),taxon,Skipjack tuna,1951,390.4
India (mainland),taxon,Skipjack tuna,1952,390.4
India (mainland),taxon,Skipjack tuna,1953,390.4
India (mainland),taxon,Skipjack tuna,1954,392.0
India (mainland),taxon,Skipjack tuna,1955,399.2
India (mainland),taxon,Skipjack tuna,1956,402.0
India (mainland),taxon,Skipjack tuna,1957,394.6
India (mainland),taxon,Skipjack tuna,1958,399.3
India (mainland),taxon,Skipjack tuna,1959,399.0
India (mainland),taxon,Skipjack tuna,1960,397.4
India (mainland),taxon,Skipjack tuna,1961,729.9
India (mainland),taxon,Skipjack tuna,1962,113.5
India (mainland),taxon,Skipjack tuna,1963,364.3
India (mainland),taxon,Skipjack tuna,1964,53.7
India (mainland),taxon,Skipjack tuna,1965,274.4
India (mainland),taxon,Skipjack tuna,1966,371.7
India (mainland),taxon,Skipjack tuna,1967,470.9
India (mainland),taxon,Skipjack tuna,1968,611.4
India (mainland),taxon,Skipjack tuna,1969,578.5
India (mainland),taxon,Skipjack tuna,1970,492.8
India (mainland),taxon,Skipjack tuna,1971,668.4
India (mainland),taxon,Skipjack tuna,1972,445.0
India (mainland),taxon,Skipjack tuna,1973,879.3
India (mainland),taxon,Skipjack tuna,1974,1080.5
India (mainland),taxon,Skipjack tuna,1975,1678.6
India (mainland),taxon,Skipjack tuna,1976,1112.1
India (mainland),taxon,Skipjack tuna,1977,1003.8
India (mainland),taxon,Skipjack tuna,1978,1615.4
India (mainland),taxon,Skipjack tuna,1979,2404.3
India (mainland),taxon,Skipjack tuna,1980,1513.5
India (mainland),taxon,Skipjack tuna,1981,1936.3
India (mainland),taxon,Skipjack tuna,1982,2567.6
India (mainland),taxon,Skipjack tuna,1983,2832.6
India (mainland),taxon,Skipjack tuna,1984,3729.8
India (mainland),taxon,Skipjack tuna,1985,3272.5
India (mainland),taxon,Skipjack tuna,1986,4191.1
India (mainland),taxon,Skipjack tuna,1987,5496.4
India (mainland),taxon,Skipjack tuna,1988,5136.1
India (mainland),taxon,Skipjack tuna,1989,5903.8
India (mainland),taxon,Skipjack tuna,1990,5490.1
India (mainland),taxon,Skipjack tuna,1991,5447.8
India (mainland),taxon,Skipjack tuna,1992,5044.7
India (mainland),taxon,Skipjack tuna,1993,8038.3
India (mainland),taxon,Skipjack tuna,1994,9372.3
India (mainland),taxon,Skipjack tuna,1995,7104.9
India (mainland),taxon,Skipjack tuna,1996,7733.9
India (mainland),taxon,Skipjack tuna,1997,7241.4
India (mainland),taxon,Skipjack tuna,1998,10649.0
India (mainland),taxon,Skipjack tuna,1999,6888.2
India (mainland),taxon,Skipjack tuna,2000,7554.0
India (mainland),taxon,Skipjack tuna,2001,8228.0
India (mainland),taxon,Skipjack tuna,2002,6411.1
India (mainland),taxon,Skipjack tuna,2003,7555.5
India (mainland),taxon,Skipjack tuna,2004,7890.0
India (mainland),taxon,Skipjack tuna,2005,8312.3
India (mainland),taxon,Skipjack tuna,2006,8582.1
India (mainland),taxon,Skipjack tuna,2007,7787.3
India (mainland),taxon,Skipjack tuna,2008,10556.4
India (mainland),taxon,Skipjack tuna,2009,9068.2
India (mainland),taxon,Skipjack tuna,2010,7612.1
India (mainland),taxon,Skipjack tuna,2011,3904.7
India (mainland),taxon,Skipjack tuna,2012,3642.6
India (mainland),taxon,Skipjack tuna,2013,5523.0
India (mainland),taxon,Skipjack tuna,2014,10195.6
India (mainland),taxon,Skipjack tuna,2015,9471.1
India (mainland),taxon,Skipjack tuna,2016,12623.3
India (mainland),taxon,Skipjack tuna,2017,10866.8
India (mainland),taxon,Skipjack tuna,2018,16248.3
India (mainland),taxon,Skipjack tuna,2019,18604.7
India (mainland),taxon,Kawakawa,1950,6.8
India (mainland),taxon,Kawakawa,1951,6.8
India (mainland),taxon,Kawakawa,1952,6.8
India (mainland),taxon,Kawakawa,1953,6.8
India (mainland),taxon,Kawakawa,1954,6.8
India (mainland),taxon,Kawakawa,1955,6.8
India (mainland),taxon,Kawakawa,1956,6.8
India (mainland),taxon,Kawakawa,1957,6.8
India (mainland),taxon,Kawakawa,1958,6.8
India (mainland),taxon,Kawakawa,1959,6.8
India (mainland),taxon,Kawakawa,1960,6.8
India (mainland),taxon,Kawakawa,1961,12.6
India (mainland),taxon,Kawakawa,1962,2.0
India (mainland),taxon,Kawakawa,1963,6.3
India (mainland),taxon,Kawakawa,1964,0.8
India (mainland),taxon,Kawakawa,1965,4.7
India (mainland),taxon,Kawakawa,1966,6.3
India (mainland),taxon,Kawakawa,1967,8.1
India (mainland),taxon,Kawakawa,1968,10.4
India (mainland),taxon,Kawakawa,1969,10.0
India (mainland),taxon,Kawakawa,1970,8.6
India (mainland),taxon,Kawakawa,1971,11.6
India (mainland),taxon,Kawakawa,1972,7.7
India (mainland),taxon,Kawakawa,1973,15.3
India (mainland),taxon,Kawakawa,1974,18.8
India (mainland),taxon,Kawakawa,1975,29.2
India (mainland),taxon,Kawakawa,1976,19.4
India (mainland),taxon,Kawakawa,1977,17.5
India (mainland),taxon,Kawakawa,1978,684.0
India (mainland),taxon,Kawakawa,1979,1480.6
India (mainland),taxon,Kawakawa,1980,2213.5
India (mainland),taxon,Kawakawa,1981,6507.1
India (mainland),taxon,Kawakawa,1982,6208.1
India (mainland),taxon,Kawakawa,1983,5038.0
India (mainland),taxon,Kawakawa,1984,5165.9
India (mainland),taxon,Kawakawa,1985,6415.4
India (mainland),taxon,Kawakawa,1986,5077.8
India (mainland),taxon,Kawakawa,1987,4150.4
India (mainland),taxon,Kawakawa,1988,5063.2
India (mainland),taxon,Kawakawa,1989,9655.3
India (mainland),taxon,Kawakawa,1990,11824.8
India (mainland),taxon,Kawakawa,1991,6745.0
India (mainland),taxon,Kawakawa,1992,7194.8
India (mainland),taxon,Kawakawa,1993,4708.4
India (mainland),taxon,Kawakawa,1994,4488.3
India (mainland),taxon,Kawakawa,1995,4860.6
India (mainland),taxon,Kawakawa,1996,6471.8
India (mainland),taxon,Kawakawa,1997,7846.6
India (mainland),taxon,Kawakawa,1998,6277.6
India (mainland),taxon,Kawakawa,1999,7767.8
India (mainland),taxon,Kawakawa,2000,8148.2
India (mainland),taxon,Kawakawa,2001,7810.6
India (mainland),taxon,Kawakawa,2002,8154.5
India (mainland),taxon,Kawakawa,2003,5992.5
India (mainland),taxon,Kawakawa,2004,5545.4
India (mainland),taxon,Kawakawa,2005,6740.2
India (mainland),taxon,Kawakawa,2006,8753.8
India (mainland),taxon,Kawakawa,2007,8744.9
India (mainland),taxon,Kawakawa,2008,8380.7
India (mainland),taxon,Kawakawa,2009,6823.6
India (mainland),taxon,Kawakawa,2010,5716.8
India (mainland),taxon,Kawakawa,2011,7072.7
India (mainland),taxon,Kawakawa,2012,7246.6
India (mainland),taxon,Kawakawa,2013,8373.7
India (mainland),taxon,Kawakawa,2014,10592.5
India (mainland),taxon,Kawakawa,2015,9018.1
India (mainland),taxon,Kawakawa,2016,6936.8
India (mainland),taxon,Kawakawa,2017,4126.3
India (mainland),taxon,Kawakawa,2018,5819.4
India (mainland),taxon,Kawakawa,2019,8914.0
India (mainland),taxon,Yellowfin tuna,1950,54.5
India (mainland),taxon,Yellowfin tuna,1951,54.5
India (mainland),taxon,Yellowfin tuna,1952,65.7
India (mainland),taxon,Yellowfin tuna,1953,75.7
India (mainland),taxon,Yellowfin tuna,1954,357.8
India (mainland),taxon,Yellowfin tuna,1955,1588.8
India (mainland),taxon,Yellowfin tuna,1956,2213.2
India (mainland),taxon,Yellowfin tuna,1957,63.8
India (mainland),taxon,Yellowfin tuna,1958,181.8
India (mainland),taxon,Yellowfin tuna,1959,801.0
India (mainland),taxon,Yellowfin tuna,1960,1112.9
India (mainland),taxon,Yellowfin tuna,1961,1548.0
India (mainland),taxon,Yellowfin tuna,1962,24.9
India (mainland),taxon,Yellowfin tuna,1963,223.4
India (mainland),taxon,Yellowfin tuna,1964,816.9
India (mainland),taxon,Yellowfin tuna,1965,41.3
India (mainland),taxon,Yellowfin tuna,1966,395.0
India (mainland),taxon,Yellowfin tuna,1967,70.1
India (mainland),taxon,Yellowfin tuna,1968,1037.7
India (mainland),taxon,Yellowfin tuna,1969,2532.6
India (mainland),taxon,Yellowfin tuna,1970,581.6
India (mainland),taxon,Yellowfin tuna,1971,1987.3
India (mainland),taxon,Yellowfin tuna,1972,623.2
India (mainland),taxon,Yellowfin tuna,1973,272.8
India (mainland),taxon,Yellowfin tuna,1974,151.5
India (mainland),taxon,Yellowfin tuna,1975,681.8
India (mainland),taxon,Yellowfin tuna,1976,498.0
India (mainland),taxon,Yellowfin tuna,1977,443.6
India (mainland),taxon,Yellowfin tuna,1978,460.1
India (mainland),taxon,Yellowfin tuna,1979,408.5
India (mainland),taxon,Yellowfin tuna,1980,299.5
India (mainland),taxon,Yellowfin tuna,1981,387.5
India (mainland),taxon,Yellowfin tuna,1982,418.2
India (mainland),taxon,Yellowfin tuna,1983,544.8
India (mainland),taxon,Yellowfin tuna,1984,987.2
India (mainland),taxon,Yellowfin tuna,1985,638.8
India (mainland),taxon,Yellowfin tuna,1986,4107.1
India (mainland),taxon,Yellowfin tuna,1987,2753.6
India (mainland),taxon,Yellowfin tuna,1988,3880.1
India (mainland),taxon,Yellowfin tuna,1989,7958.7
India (mainland),taxon,Yellowfin tuna,1990,6349.4
India (mainland),taxon,Yellowfin tuna,1991,7813.7
India (mainland),taxon,Yellowfin tuna,1992,1094.5
India (mainland),taxon,Yellowfin tuna,1993,1724.9
India (mainland),taxon,Yellowfin tuna,1994,3349.5
India (mainland),taxon,Yellowfin tuna,1995,7737.6
India (mainland),taxon,Yellowfin tuna,1996,5024.9
India (mainland),taxon,Yellowfin tuna,1997,3827.3
India (mainland),taxon,Yellowfin tuna,1998,13526.3
India (mainland),taxon,Yellowfin tuna,1999,9545.2
India (mainland),taxon,Yellowfin tuna,2000,6029.3
India (mainland),taxon,Yellowfin tuna,2001,6054.9
India (mainland),taxon,Yellowfin tuna,2002,6683.6
India (mainland),taxon,Yellowfin tuna,2003,9108.9
India (mainland),taxon,Yellowfin tuna,2004,13127.5
India (mainland),taxon,Yellowfin tuna,2005,25601.2
India (mainland),taxon,Yellowfin tuna,2006,10573.5
India (mainland),taxon,Yellowfin tuna,2007,14303.7
India (mainland),taxon,Yellowfin tuna,2008,10042.0
India (mainland),taxon,Yellowfin tuna,2009,3490.4
India (mainland),taxon,Yellowfin tuna,2010,3882.4
India (mainland),taxon,Yellowfin tuna,2011,4831.4
India (mainland),taxon,Yellowfin tuna,2012,4268.5
India (mainland),taxon,Yellowfin tuna,2013,3446.0
India (mainland),taxon,Yellowfin tuna,2014,2870.0
India (mainland),taxon,Yellowfin tuna,2015,3632.0
India (mainland),taxon,Yellowfin tuna,2016,2911.5
India (mainland),taxon,Yellowfin tuna,2017,3763.6
India (mainland),taxon,Yellowfin tuna,2018,5389.8
India (mainland),taxon,Yellowfin tuna,2019,11768.3
India (mainland),taxon,Snappers,1965,161.4
India (mainland),taxon,Snappers,1966,46.1
India (mainland),taxon,Snappers,1967,23.2
India (mainland),taxon,Snappers,1968,0.1
India (mainland),taxon,Snappers,1969,46.4
India (mainland),taxon,Snappers,1970,70.4
India (mainland),taxon,Snappers,1971,24.5
India (mainland),taxon,Snappers,1972,54.2
India (mainland),taxon,Snappers,1973,559.3
India (mainland),taxon,Snappers,1974,652.2
India (mainland),taxon,Snappers,1975,71.2
India (mainland),taxon,Snappers,1976,105.1
India (mainland),taxon,Snappers,1977,30.6
India (mainland),taxon,Snappers,1978,14.7
India (mainland),taxon,Snappers,1979,42.5
India (mainland),taxon,Snappers,1980,29.0
India (mainland),taxon,Snappers,1981,1422.1
India (mainland),taxon,Snappers,1982,2199.1
India (mainland),taxon,Snappers,1983,3642.7
India (mainland),taxon,Snappers,1984,4232.8
India (mainland),taxon,Snappers,1985,4313.0
India (mainland),taxon,Snappers,1986,2965.4
India (mainland),taxon,Snappers,1987,4212.6
India (mainland),taxon,Snappers,1988,4813.6
India (mainland),taxon,Snappers,1989,4463.2
India (mainland),taxon,Snappers,1990,3836.5
India (mainland),taxon,Snappers,1991,3119.7
India (mainland),taxon,Snappers,1992,3374.6
India (mainland),taxon,Snappers,1993,3907.1
India (mainland),taxon,Snappers,1994,4364.7
India (mainland),taxon,Snappers,1995,4535.7
India (mainland),taxon,Snappers,1996,5120.7
India (mainland),taxon,Snappers,1997,6108.7
India (mainland),taxon,Snappers,1998,6504.6
India (mainland),taxon,Snappers,1999,7337.6
India (mainland),taxon,Snappers,2000,7031.7
India (mainland),taxon,Snappers,2001,4545.1
India (mainland),taxon,Snappers,2002,5619.7
India (mainland),taxon,Snappers,2003,6775.8
India (mainland),taxon,Snappers,2004,7879.4
India (mainland),taxon,Snappers,2005,6487.1
India (mainland),taxon,Snappers,2006,5012.5
India (mainland),taxon,Snappers,2007,5500.4
India (mainland),taxon,Snappers,2008,9274.4
India (mainland),taxon,Snappers,2009,8403.0
India (mainland),taxon,Snappers,2010,8464.2
India (mainland),taxon,Snappers,2011,8034.5
India (mainland),taxon,Snappers,2012,8522.6
India (mainland),taxon,Snappers,2013,7122.8
India (mainland),taxon,Snappers,2014,8878.0
India (mainland),taxon,Snappers,2015,10526.7
India (mainland),taxon,Snappers,2016,11353.6
India (mainland),taxon,Snappers,2017,11396.6
India (mainland),taxon,Snappers,2018,12509.0
India (mainland),taxon,Snappers,2019,11847.7
India (mainland),taxon,Smelt-whitings,1950,12.2
India (mainland),taxon,Smelt-whitings,1951,12.5
India (mainland),taxon,Smelt-whitings,1952,12.8
India (mainland),taxon,Smelt-whitings,1953,13.0
India (mainland),taxon,Smelt-whitings,1954,13.3
India (mainland),taxon,Smelt-whitings,1955,13.6
India (mainland),taxon,Smelt-whitings,1956,13.9
India (mainland),taxon,Smelt-whitings,1957,14.1
India (mainland),taxon,Smelt-whitings,1958,14.4
India (mainland),taxon,Smelt-whitings,1959,14.7
India (mainland),taxon,Smelt-whitings,1960,14.9
India (mainland),taxon,Smelt-whitings,1961,15.2
India (mainland),taxon,Smelt-whitings,1962,26.1
India (mainland),taxon,Smelt-whitings,1963,27.2
India (mainland),taxon,Smelt-whitings,1964,28.3
India (mainland),taxon,Smelt-whitings,1965,15.8
India (mainland),taxon,Smelt-whitings,1966,8.2
India (mainland),taxon,Smelt-whitings,1967,12.0
India (mainland),taxon,Smelt-whitings,1968,21.2
India (mainland),taxon,Smelt-whitings,1969,18.5
India (mainland),taxon,Smelt-whitings,1970,30.3
India (mainland),taxon,Smelt-whitings,1971,38.0
India (mainland),taxon,Smelt-whitings,1972,44.6
India (mainland),taxon,Smelt-whitings,1973,50.0
India (mainland),taxon,Smelt-whitings,1974,54.1
India (mainland),taxon,Smelt-whitings,1975,51.2
India (mainland),taxon,Smelt-whitings,1976,48.1
India (mainland),taxon,Smelt-whitings,1977,44.7
India (mainland),taxon,Smelt-whitings,1978,41.1
India (mainland),taxon,Smelt-whitings,1979,37.3
India (mainland),taxon,Smelt-whitings,1980,33.3
India (mainland),taxon,Smelt-whitings,1981,29.1
India (mainland),taxon,Smelt-whitings,1982,24.7
India (mainland),taxon,Smelt-whitings,1983,20.0
India (mainland),taxon,Smelt-whitings,1984,15.1
India (mainland),taxon,Smelt-whitings,1985,32.4
India (mainland),taxon,Smelt-whitings,1986,17.1
India (mainland),taxon,Smelt-whitings,1987,42.7
India (mainland),taxon,Smelt-whitings,1988,16.1
India (mainland),taxon,Smelt-whitings,1989,12.8
India (mainland),taxon,Smelt-whitings,1990,40.2
India (mainland),taxon,Smelt-whitings,1991,86.8
India (mainland),taxon,Smelt-whitings,1992,17.8
India (mainland),taxon,Smelt-whitings,1993,76.8
India (mainland),taxon,Smelt-whitings,1994,2513.6
India (mainland),taxon,Smelt-whitings,1995,4304.6
India (mainland),taxon,Smelt-whitings,1996,9941.7
India (mainland),taxon,Smelt-whitings,1997,10278.3
India (mainland),taxon,Smelt-whitings,1998,11246.7
India (mainland),taxon,Smelt-whitings,1999,6350.7
India (mainland),taxon,Smelt-whitings,2000,8688.1
India (mainland),taxon,Smelt-whitings,2001,8688.1
India (mainland),taxon,Smelt-whitings,2002,8688.1
India (mainland),taxon,Smelt-whitings,2003,8688.1
India (mainland),taxon,Smelt-whitings,2004,8688.1
India (mainland),taxon,Smelt-whitings,2005,8688.1
India (mainland),taxon,Smelt-whitings,2006,8688.1
India (mainland),taxon,Smelt-whitings,2007,8688.1
India (mainland),taxon,Smelt-whitings,2008,8688.1
India (mainland),taxon,Smelt-whitings,2009,8688.1
India (mainland),taxon,Smelt-whitings,2010,8688.1
India (mainland),taxon,Smelt-whitings,2011,8688.1
India (mainland),taxon,Smelt-whitings,2012,8688.1
India (mainland),taxon,Smelt-whitings,2013,8688.1
India (mainland),taxon,Smelt-whitings,2014,8688.1
India (mainland),taxon,Smelt-whitings,2015,8688.1
India (mainland),taxon,Smelt-whitings,2016,8688.1
India (mainland),taxon,Smelt-whitings,2017,8688.1
India (mainland),taxon,Smelt-whitings,2018,8688.1
India (mainland),taxon,Smelt-whitings,2019,8849.4
India (mainland),taxon,Halfbeaks,1950,577.3
India (mainland),taxon,Halfbeaks,1951,551.1
India (mainland),taxon,Halfbeaks,1952,551.8
India (mainland),taxon,Halfbeaks,1953,591.4
India (mainland),taxon,Halfbeaks,1954,600.4
India (mainland),taxon,Halfbeaks,1955,609.0
India (mainland),taxon,Halfbeaks,1956,853.7
India (mainland),taxon,Halfbeaks,1957,606.4
India (mainland),taxon,Halfbeaks,1958,579.1
India (mainland),taxon,Halfbeaks,1959,618.7
India (mainland),taxon,Halfbeaks,1960,451.1
India (mainland),taxon,Halfbeaks,1961,735.6
India (mainland),taxon,Halfbeaks,1962,347.9
India (mainland),taxon,Halfbeaks,1963,3687.8
India (mainland),taxon,Halfbeaks,1964,1753.4
India (mainland),taxon,Halfbeaks,1965,1411.3
India (mainland),taxon,Halfbeaks,1966,2050.6
India (mainland),taxon,Halfbeaks,1967,1707.7
India (mainland),taxon,Halfbeaks,1968,1295.4
India (mainland),taxon,Halfbeaks,1969,1201.3
India (mainland),taxon,Halfbeaks,1970,2043.8
India (mainland),taxon,Halfbeaks,1971,1235.0
India (mainland),taxon,Halfbeaks,1972,889.5
India (mainland),taxon,Halfbeaks,1973,1235.9
India (mainland),taxon,Halfbeaks,1974,4813.5
India (mainland),taxon,Halfbeaks,1975,2175.1
India (mainland),taxon,Halfbeaks,1976,1326.7
India (mainland),taxon,Halfbeaks,1977,2431.3
India (mainland),taxon,Halfbeaks,1978,1489.0
India (mainland),taxon,Halfbeaks,1979,1616.3
India (mainland),taxon,Halfbeaks,1980,1731.2
India (mainland),taxon,Halfbeaks,1981,1884.9
India (mainland),taxon,Halfbeaks,1982,2743.7
India (mainland),taxon,Halfbeaks,1983,2946.7
India (mainland),taxon,Halfbeaks,1984,1765.9
India (mainland),taxon,Halfbeaks,1985,2197.1
India (mainland),taxon,Halfbeaks,1986,1976.6
India (mainland),taxon,Halfbeaks,1987,2007.4
India (mainland),taxon,Halfbeaks,1988,3780.4
India (mainland),taxon,Halfbeaks,1989,2343.9
India (mainland),taxon,Halfbeaks,1990,2380.4
India (mainland),taxon,Halfbeaks,1991,2439.9
India (mainland),taxon,Halfbeaks,1992,2283.8
India (mainland),taxon,Halfbeaks,1993,2202.5
India (mainland),taxon,Halfbeaks,1994,2590.8
India (mainland),taxon,Halfbeaks,1995,5925.7
India (mainland),taxon,Halfbeaks,1996,3748.1
India (mainland),taxon,Halfbeaks,1997,4030.5
India (mainland),taxon,Halfbeaks,1998,6182.9
India (mainland),taxon,Halfbeaks,1999,5918.2
India (mainland),taxon,Halfbeaks,2000,7330.2
India (mainland),taxon,Halfbeaks,2001,4413.1
India (mainland),taxon,Halfbeaks,2002,6092.5
India (mainland),taxon,Halfbeaks,2003,5768.3
India (mainland),taxon,Halfbeaks,2004,3761.1
India (mainland),taxon,Halfbeaks,2005,2910.3
India (mainland),taxon,Halfbeaks,2006,4465.5
India (mainland),taxon,Halfbeaks,2007,6784.2
India (mainland),taxon,Halfbeaks,2008,7073.4
India (mainland),taxon,Halfbeaks,2009,6936.8
India (mainland),taxon,Halfbeaks,2010,4406.7
India (mainland),taxon,Halfbeaks,2011,5995.4
India (mainland),taxon,Halfbeaks,2012,4477.8
India (mainland),taxon,Halfbeaks,2013,4666.8
India (mainland),taxon,Halfbeaks,2014,7084.2
India (mainland),taxon,Halfbeaks,2015,5605.8
India (mainland),taxon,Halfbeaks,2016,6063.0
India (mainland),taxon,Halfbeaks,2017,8552.8
India (mainland),taxon,Halfbeaks,2018,7573.7
India (mainland),taxon,Halfbeaks,2019,7187.4
India (mainland),taxon,Barramundi,1950,212.0
India (mainland),taxon,Barramundi,1951,185.7
India (mainland),taxon,Barramundi,1952,264.0
India (mainland),taxon,Barramundi,1953,261.5
India (mainland),taxon,Barramundi,1954,258.3
India (mainland),taxon,Barramundi,1955,254.5
India (mainland),taxon,Barramundi,1956,250.0
India (mainland),taxon,Barramundi,1957,244.8
India (mainland),taxon,Barramundi,1958,212.3
India (mainland),taxon,Barramundi,1959,227.0
India (mainland),taxon,Barramundi,1960,185.8
India (mainland),taxon,Barramundi,1961,520.9
India (mainland),taxon,Barramundi,1962,606.8
India (mainland),taxon,Barramundi,1963,701.3
India (mainland),taxon,Barramundi,1964,835.1
India (mainland),taxon,Barramundi,1965,958.9
India (mainland),taxon,Barramundi,1966,1108.2
India (mainland),taxon,Barramundi,1967,1180.3
India (mainland),taxon,Barramundi,1968,1256.4
India (mainland),taxon,Barramundi,1969,1340.8
India (mainland),taxon,Barramundi,1970,1423.6
India (mainland),taxon,Barramundi,1971,1508.0
India (mainland),taxon,Barramundi,1972,1590.9
India (mainland),taxon,Barramundi,1973,1672.1
India (mainland),taxon,Barramundi,1974,1751.8
India (mainland),taxon,Barramundi,1975,1823.5
India (mainland),taxon,Barramundi,1976,1894.9
India (mainland),taxon,Barramundi,1977,1966.0
India (mainland),taxon,Barramundi,1978,2036.8
India (mainland),taxon,Barramundi,1979,2107.4
India (mainland),taxon,Barramundi,1980,2177.6
India (mainland),taxon,Barramundi,1981,2233.6
India (mainland),taxon,Barramundi,1982,2289.2
India (mainland),taxon,Barramundi,1983,2344.6
India (mainland),taxon,Barramundi,1984,2399.7
India (mainland),taxon,Barramundi,1985,2460.7
India (mainland),taxon,Barramundi,1986,2521.9
India (mainland),taxon,Barramundi,1987,2583.2
India (mainland),taxon,Barramundi,1988,2646.8
India (mainland),taxon,Barramundi,1989,2703.6
India (mainland),taxon,Barramundi,1990,2774.1
India (mainland),taxon,Barramundi,1991,3037.0
India (mainland),taxon,Barramundi,1992,2903.2
India (mainland),taxon,Barramundi,1993,3021.6
India (mainland),taxon,Barramundi,1994,3190.0
India (mainland),taxon,Barramundi,1995,3280.4
India (mainland),taxon,Barramundi,1996,3197.6
India (mainland),taxon,Barramundi,1997,3442.3
India (mainland),taxon,Barramundi,1998,3396.5
India (mainland),taxon,Barramundi,1999,3382.5
India (mainland),taxon,Barramundi,2000,3516.9
India (mainland),taxon,Barramundi,2001,3517.7
India (mainland),taxon,Barramundi,2002,3518.3
India (mainland),taxon,Barramundi,2003,3518.1
India (mainland),taxon,Barramundi,2004,3520.1
India (mainland),taxon,Barramundi,2005,3514.9
India (mainland),taxon,Barramundi,2006,3528.0
India (mainland),taxon,Barramundi,2007,3516.8
India (mainland),taxon,Barramundi,2008,3515.0
India (mainland),taxon,Barramundi,2009,3515.4
India (mainland),taxon,Barramundi,2010,3514.0
India (mainland),taxon,Barramundi,2011,3514.3
India (mainland),taxon,Barramundi,2012,3514.3
India (mainland),taxon,Barramundi,2013,3514.0
India (mainland),taxon,Barramundi,2014,3513.9
India (mainland),taxon,Barramundi,2015,3514.2
India (mainland),taxon,Barramundi,2016,3513.6
India (mainland),taxon,Barramundi,2017,3513.7
India (mainland),taxon,Barramundi,2018,3515.0
India (mainland),taxon,Barramundi,2019,3581.3
India (mainland),taxon,Butterfishes,1963,40.3
India (mainland),taxon,Butterfishes,1964,80.5
India (mainland),taxon,Butterfishes,1965,44.9
India (mainland),taxon,Butterfishes,1966,9.2
India (mainland),taxon,Butterfishes,1967,56.8
India (mainland),taxon,Butterfishes,1968,75.3
India (mainland),taxon,Butterfishes,1969,36.3
India (mainland),taxon,Butterfishes,1970,79.4
India (mainland),taxon,Butterfishes,1971,107.0
India (mainland),taxon,Butterfishes,1972,135.0
India (mainland),taxon,Butterfishes,1973,163.5
India (mainland),taxon,Butterfishes,1974,192.4
India (mainland),taxon,Butterfishes,1975,204.8
India (mainland),taxon,Butterfishes,1976,250.5
India (mainland),taxon,Butterfishes,1977,212.4
India (mainland),taxon,Butterfishes,1978,219.2
India (mainland),taxon,Butterfishes,1979,226.1
India (mainland),taxon,Butterfishes,1980,233.1
India (mainland),taxon,Butterfishes,1981,240.1
India (mainland),taxon,Butterfishes,1982,247.3
India (mainland),taxon,Butterfishes,1983,254.5
India (mainland),taxon,Butterfishes,1984,261.8
India (mainland),taxon,Butterfishes,1985,243.0
India (mainland),taxon,Butterfishes,1986,451.6
India (mainland),taxon,Butterfishes,1987,650.4
India (mainland),taxon,Butterfishes,1988,862.8
India (mainland),taxon,Butterfishes,1989,156.7
India (mainland),taxon,Butterfishes,1990,1872.3
India (mainland),taxon,Butterfishes,1991,813.4
India (mainland),taxon,Butterfishes,1992,963.0
India (mainland),taxon,Butterfishes,1993,988.5
India (mainland),taxon,Butterfishes,1994,1848.2
India (mainland),taxon,Butterfishes,1995,4489.5
India (mainland),taxon,Butterfishes,1996,8114.4
India (mainland),taxon,Butterfishes,1997,3561.4
India (mainland),taxon,Butterfishes,1998,5068.9
India (mainland),taxon,Butterfishes,1999,3549.6
India (mainland),taxon,Butterfishes,2000,5179.0
India (mainland),taxon,Butterfishes,2001,5178.4
India (mainland),taxon,Butterfishes,2002,5178.4
India (mainland),taxon,Butterfishes,2003,5178.4
India (mainland),taxon,Butterfishes,2004,5178.4
India (mainland),taxon,Butterfishes,2005,5178.4
India (mainland),taxon,Butterfishes,2006,5178.4
India (mainland),taxon,Butterfishes,2007,5178.4
India (mainland),taxon,Butterfishes,2008,5178.4
India (mainland),taxon,Butterfishes,2009,5178.4
India (mainland),taxon,Butterfishes,2010,5178.4
India (mainland),taxon,Butterfishes,2011,5178.4
India (mainland),taxon,Butterfishes,2012,5178.4
India (mainland),taxon,Butterfishes,2013,5178.4
India (mainland),taxon,Butterfishes,2014,5178.4
India (mainland),taxon,Butterfishes,2015,5178.4
India (mainland),taxon,Butterfishes,2016,5178.4
India (mainland),taxon,Butterfishes,2017,5178.4
India (mainland),taxon,Butterfishes,2018,5178.4
India (mainland),taxon,Butterfishes,2019,5274.5
India (mainland),taxon,Unicorn cod,1950,2228.1
India (mainland),taxon,Unicorn cod,1951,4889.5
India (mainland),taxon,Unicorn cod,1952,3243.7
India (mainland),taxon,Unicorn cod,1953,14747.0
India (mainland),taxon,Unicorn cod,1954,9901.9
India (mainland),taxon,Unicorn cod,1955,3232.5
India (mainland),taxon,Unicorn cod,1956,1327.9
India (mainland),taxon,Unicorn cod,1957,1151.7
India (mainland),taxon,Unicorn cod,1958,3929.0
India (mainland),taxon,Unicorn cod,1959,3866.0
India (mainland),taxon,Unicorn cod,1960,6163.0
India (mainland),taxon,Unicorn cod,1961,3945.2
India (mainland),taxon,Unicorn cod,1962,3205.3
India (mainland),taxon,Unicorn cod,1963,5472.0
India (mainland),taxon,Unicorn cod,1964,3763.4
India (mainland),taxon,Unicorn cod,1965,5560.7
India (mainland),taxon,Unicorn cod,1966,2689.3
India (mainland),taxon,Unicorn cod,1967,2131.1
India (mainland),taxon,Unicorn cod,1968,1846.0
India (mainland),taxon,Unicorn cod,1969,1701.8
India (mainland),taxon,Unicorn cod,1970,2219.9
India (mainland),taxon,Unicorn cod,1971,4397.9
India (mainland),taxon,Unicorn cod,1972,5554.7
India (mainland),taxon,Unicorn cod,1973,4266.3
India (mainland),taxon,Unicorn cod,1974,1897.0
India (mainland),taxon,Unicorn cod,1975,1057.9
India (mainland),taxon,Unicorn cod,1976,385.4
India (mainland),taxon,Unicorn cod,1977,30.4
India (mainland),taxon,Unicorn cod,1978,186.5
India (mainland),taxon,Unicorn cod,1979,647.1
India (mainland),taxon,Unicorn cod,1980,929.8
India (mainland),taxon,Unicorn cod,1981,470.8
India (mainland),taxon,Unicorn cod,1982,70.1
India (mainland),taxon,Unicorn cod,1983,150.3
India (mainland),taxon,Unicorn cod,1984,2691.0
India (mainland),taxon,Unicorn cod,1985,748.0
India (mainland),taxon,Unicorn cod,1986,603.5
India (mainland),taxon,Unicorn cod,1987,963.9
India (mainland),taxon,Unicorn cod,1988,897.1
India (mainland),taxon,Unicorn cod,1989,572.7
India (mainland),taxon,Unicorn cod,1990,262.8
India (mainland),taxon,Unicorn cod,1991,1577.6
India (mainland),taxon,Unicorn cod,1992,1266.5
India (mainland),taxon,Unicorn cod,1993,998.5
India (mainland),taxon,Unicorn cod,1994,470.0
India (mainland),taxon,Unicorn cod,1995,151.9
India (mainland),taxon,Unicorn cod,1996,328.2
India (mainland),taxon,Unicorn cod,1997,545.9
India (mainland),taxon,Unicorn cod,1998,441.9
India (mainland),taxon,Unicorn cod,1999,349.3
India (mainland),taxon,Unicorn cod,2000,547.9
India (mainland),taxon,Unicorn cod,2001,536.9
India (mainland),taxon,Unicorn cod,2002,982.0
India (mainland),taxon,Unicorn cod,2003,978.3
India (mainland),taxon,Unicorn cod,2004,880.1
India (mainland),taxon,Unicorn cod,2005,774.4
India (mainland),taxon,Unicorn cod,2006,682.6
India (mainland),taxon,Unicorn cod,2007,569.4
India (mainland),taxon,Unicorn cod,2008,852.4
India (mainland),taxon,Unicorn cod,2009,791.4
India (mainland),taxon,Unicorn cod,2010,365.8
India (mainland),taxon,Unicorn cod,2011,441.7
India (mainland),taxon,Unicorn cod,2012,1148.3
India (mainland),taxon,Unicorn cod,2013,957.8
India (mainland),taxon,Unicorn cod,2014,428.3
India (mainland),taxon,Unicorn cod,2015,279.3
India (mainland),taxon,Unicorn cod,2016,117.5
India (mainland),taxon,Unicorn cod,2017,350.6
India (mainland),taxon,Unicorn cod,2018,90.7
India (mainland),taxon,Unicorn cod,2019,228.4
India (mainland),taxon,"Clams, cockles, arkshells",1950,379.5
India (mainland),taxon,"Clams, cockles, arkshells",1951,387.9
India (mainland),taxon,"Clams, cockles, arkshells",1952,396.3
India (mainland),taxon,"Clams, cockles, arkshells",1953,404.7
India (mainland),taxon,"Clams, cockles, arkshells",1954,413.1
India (mainland),taxon,"Clams, cockles, arkshells",1955,421.5
India (mainland),taxon,"Clams, cockles, arkshells",1956,429.9
India (mainland),taxon,"Clams, cockles, arkshells",1957,438.3
India (mainland),taxon,"Clams, cockles, arkshells",1958,446.7
India (mainland),taxon,"Clams, cockles, arkshells",1959,455.1
India (mainland),taxon,"Clams, cockles, arkshells",1960,463.5
India (mainland),taxon,"Clams, cockles, arkshells",1961,471.9
India (mainland),taxon,"Clams, cockles, arkshells",1962,395.5
India (mainland),taxon,"Clams, cockles, arkshells",1963,404.0
India (mainland),taxon,"Clams, cockles, arkshells",1964,412.4
India (mainland),taxon,"Clams, cockles, arkshells",1965,420.9
India (mainland),taxon,"Clams, cockles, arkshells",1966,429.4
India (mainland),taxon,"Clams, cockles, arkshells",1967,437.8
India (mainland),taxon,"Clams, cockles, arkshells",1968,416.7
India (mainland),taxon,"Clams, cockles, arkshells",1969,436.3
India (mainland),taxon,"Clams, cockles, arkshells",1970,455.9
India (mainland),taxon,"Clams, cockles, arkshells",1971,475.5
India (mainland),taxon,"Clams, cockles, arkshells",1972,495.1
India (mainland),taxon,"Clams, cockles, arkshells",1973,514.7
India (mainland),taxon,"Clams, cockles, arkshells",1974,534.3
India (mainland),taxon,"Clams, cockles, arkshells",1975,553.9
India (mainland),taxon,"Clams, cockles, arkshells",1976,573.5
India (mainland),taxon,"Clams, cockles, arkshells",1977,593.1
India (mainland),taxon,"Clams, cockles, arkshells",1978,612.7
India (mainland),taxon,"Clams, cockles, arkshells",1979,632.4
India (mainland),taxon,"Clams, cockles, arkshells",1980,652.0
India (mainland),taxon,"Clams, cockles, arkshells",1981,671.6
India (mainland),taxon,"Clams, cockles, arkshells",1982,691.2
India (mainland),taxon,"Clams, cockles, arkshells",1983,710.8
India (mainland),taxon,"Clams, cockles, arkshells",1984,730.4
India (mainland),taxon,"Clams, cockles, arkshells",1985,750.0
India (mainland),taxon,"Clams, cockles, arkshells",1986,890.9
India (mainland),taxon,"Clams, cockles, arkshells",1987,1031.8
India (mainland),taxon,"Clams, cockles, arkshells",1988,1172.7
India (mainland),taxon,"Clams, cockles, arkshells",1989,1313.6
India (mainland),taxon,"Clams, cockles, arkshells",1990,1454.5
India (mainland),taxon,"Clams, cockles, arkshells",1991,1595.5
India (mainland),taxon,"Clams, cockles, arkshells",1992,1736.4
India (mainland),taxon,"Clams, cockles, arkshells",1993,1877.3
India (mainland),taxon,"Clams, cockles, arkshells",1994,2018.2
India (mainland),taxon,"Clams, cockles, arkshells",1995,2159.1
India (mainland),taxon,"Clams, cockles, arkshells",1996,2300.0
India (mainland),taxon,"Clams, cockles, arkshells",1997,2300.0
India (mainland),taxon,"Clams, cockles, arkshells",1998,2300.0
India (mainland),taxon,"Clams, cockles, arkshells",1999,2300.0
India (mainland),taxon,"Clams, cockles, arkshells",2000,2300.0
India (mainland),taxon,"Clams, cockles, arkshells",2001,2145.1
India (mainland),taxon,"Clams, cockles, arkshells",2002,1990.3
India (mainland),taxon,"Clams, cockles, arkshells",2003,1835.4
India (mainland),taxon,"Clams, cockles, arkshells",2004,1680.6
India (mainland),taxon,"Clams, cockles, arkshells",2005,1525.7
India (mainland),taxon,"Clams, cockles, arkshells",2006,1370.9
India (mainland),taxon,"Clams, cockles, arkshells",2007,1216.0
India (mainland),taxon,"Clams, cockles, arkshells",2008,1061.2
India (mainland),taxon,"Clams, cockles, arkshells",2009,906.3
India (mainland),taxon,"Clams, cockles, arkshells",2010,751.5
India (mainland),taxon,"Clams, cockles, arkshells",2011,596.6
India (mainland),taxon,"Clams, cockles, arkshells",2012,441.8
India (mainland),taxon,"Clams, cockles, arkshells",2013,286.9
India (mainland),taxon,"Clams, cockles, arkshells",2014,15018.0
India (mainland),taxon,"Clams, cockles, arkshells",2015,10208.7
India (mainland),taxon,"Clams, cockles, arkshells",2016,9322.6
India (mainland),taxon,"Clams, cockles, arkshells",2017,11436.5
India (mainland),taxon,"Clams, cockles, arkshells",2018,14624.7
India (mainland),taxon,"Clams, cockles, arkshells",2019,9988.3
India (mainland),taxon,"Octopuses, pikas",1969,10.0
India (mainland),taxon,"Octopuses, pikas",1970,9.0
India (mainland),taxon,"Octopuses, pikas",1971,13.0
India (mainland),taxon,"Octopuses, pikas",1972,17.1
India (mainland),taxon,"Octopuses, pikas",1973,20.0
India (mainland),taxon,"Octopuses, pikas",1974,15.8
India (mainland),taxon,"Octopuses, pikas",1975,19.1
India (mainland),taxon,"Octopuses, pikas",1976,39.8
India (mainland),taxon,"Octopuses, pikas",1977,23.3
India (mainland),taxon,"Octopuses, pikas",1978,19.7
India (mainland),taxon,"Octopuses, pikas",1979,15.6
India (mainland),taxon,"Octopuses, pikas",1980,11.0
India (mainland),taxon,"Octopuses, pikas",1981,14.3
India (mainland),taxon,"Octopuses, pikas",1982,22.3
India (mainland),taxon,"Octopuses, pikas",1983,13.3
India (mainland),taxon,"Octopuses, pikas",1984,13.6
India (mainland),taxon,"Octopuses, pikas",1985,11.1
India (mainland),taxon,"Octopuses, pikas",1986,10.9
India (mainland),taxon,"Octopuses, pikas",1987,14.8
India (mainland),taxon,"Octopuses, pikas",1988,13.3
India (mainland),taxon,"Octopuses, pikas",1989,14.7
India (mainland),taxon,"Octopuses, pikas",1990,14.3
India (mainland),taxon,"Octopuses, pikas",1991,13.6
India (mainland),taxon,"Octopuses, pikas",1992,13.2
India (mainland),taxon,"Octopuses, pikas",1993,13.3
India (mainland),taxon,"Octopuses, pikas",1994,23.0
India (mainland),taxon,"Octopuses, pikas",1995,18.1
India (mainland),taxon,"Octopuses, pikas",1996,18.7
India (mainland),taxon,"Octopuses, pikas",1997,18.8
India (mainland),taxon,"Octopuses, pikas",1998,26.2
India (mainland),taxon,"Octopuses, pikas",1999,23.2
India (mainland),taxon,"Octopuses, pikas",2000,17.7
India (mainland),taxon,"Octopuses, pikas",2001,22.5
India (mainland),taxon,"Octopuses, pikas",2002,15.8
India (mainland),taxon,"Octopuses, pikas",2003,17.2
India (mainland),taxon,"Octopuses, pikas",2004,18.1
India (mainland),taxon,"Octopuses, pikas",2005,19.5
India (mainland),taxon,"Octopuses, pikas",2006,6674.6
India (mainland),taxon,"Octopuses, pikas",2007,3606.6
India (mainland),taxon,"Octopuses, pikas",2008,5349.8
India (mainland),taxon,"Octopuses, pikas",2009,5680.6
India (mainland),taxon,"Octopuses, pikas",2010,4030.6
India (mainland),taxon,"Octopuses, pikas",2011,7671.3
India (mainland),taxon,"Octopuses, pikas",2012,9773.2
India (mainland),taxon,"Octopuses, pikas",2013,6464.7
India (mainland),taxon,"Octopuses, pikas",2014,5929.2
India (mainland),taxon,"Octopuses, pikas",2015,11426.5
India (mainland),taxon,"Octopuses, pikas",2016,14609.9
India (mainland),taxon,"Octopuses, pikas",2017,10840.9
India (mainland),taxon,"Octopuses, pikas",2018,15914.9
India (mainland),taxon,"Octopuses, pikas",2019,12063.4
India (mainland),taxon,Silky shark,1990,1431.7
India (mainland),taxon,Silky shark,1991,1850.7
India (mainland),taxon,Silky shark,1992,2699.6
India (mainland),taxon,Silky shark,1993,4049.4
India (mainland),taxon,Silky shark,1994,6516.1
India (mainland),taxon,Silky shark,1995,6857.3
India (mainland),taxon,Silky shark,1996,6313.7
India (mainland),taxon,Silky shark,1997,10277.7
India (mainland),taxon,Silky shark,1998,9104.3
India (mainland),taxon,Silky shark,1999,13818.3
India (mainland),taxon,Silky shark,2000,11820.0
India (mainland),taxon,Silky shark,2001,2837.5
India (mainland),taxon,Silky shark,2002,2773.9
India (mainland),taxon,Silky shark,2003,8865.3
India (mainland),taxon,Silky shark,2004,4783.0
India (mainland),taxon,Silky shark,2005,2024.4
India (mainland),taxon,Silky shark,2006,1633.6
India (mainland),taxon,Silky shark,2007,1210.3
India (mainland),taxon,Silky shark,2008,1140.0
India (mainland),taxon,Silky shark,2009,1310.0
India (mainland),taxon,Silky shark,2010,3668.3
India (mainland),taxon,Silky shark,2011,4025.1
India (mainland),taxon,Silky shark,2012,1137.3
India (mainland),taxon,Silky shark,2013,1250.0
India (mainland),taxon,Silky shark,2014,1122.0
India (mainland),taxon,Silky shark,2015,765.1
India (mainland),taxon,Silky shark,2016,648.0
India (mainland),taxon,Silky shark,2017,634.6
India (mainland),taxon,Silky shark,2018,707.1
India (mainland),taxon,Silky shark,2019,650.1
India (mainland),taxon,Oral arm jellyfishes,1984,908.6
India (mainland),taxon,Oral arm jellyfishes,1985,19.6
India (mainland),taxon,Oral arm jellyfishes,1988,14.0
India (mainland),taxon,Oral arm jellyfishes,1989,14.3
India (mainland),taxon,Oral arm jellyfishes,1995,21.0
India (mainland),taxon,Oral arm jellyfishes,1996,185.9
India (mainland),taxon,Oral arm jellyfishes,1997,153.7
India (mainland),taxon,Oral arm jellyfishes,1999,42.0
India (mainland),taxon,Oral arm jellyfishes,2000,10812.2
India (mainland),taxon,Oral arm jellyfishes,2001,14393.4
India (mainland),taxon,Oral arm jellyfishes,2002,1275.4
India (mainland),taxon,Oral arm jellyfishes,2003,8490.0
India (mainland),taxon,Oral arm jellyfishes,2004,2860.2
India (mainland),taxon,Oral arm jellyfishes,2005,2387.0
India (mainland),taxon,Oral arm jellyfishes,2006,499.8
India (mainland),taxon,Oral arm jellyfishes,2007,2154.6
India (mainland),taxon,Oral arm jellyfishes,2008,292.6
India (mainland),taxon,Oral arm jellyfishes,2009,2688.0
India (mainland),taxon,Oral arm jellyfishes,2010,635.6
India (mainland),taxon,Oral arm jellyfishes,2011,9950.9
India (mainland),taxon,Oral arm jellyfishes,2012,1649.2
India (mainland),taxon,Oral arm jellyfishes,2013,5744.2
India (mainland),taxon,Oral arm jellyfishes,2014,3269.0
India (mainland),taxon,Oral arm jellyfishes,2015,1198.4
India (mainland),taxon,Oral arm jellyfishes,2016,463.4
India (mainland),taxon,Oral arm jellyfishes,2017,4133.4
India (mainland),taxon,Oral arm jellyfishes,2018,6654.6
India (mainland),taxon,Oral arm jellyfishes,2019,13309.2
India (mainland),taxon,Blue shark,1967,9.3
India (mainland),taxon,Blue shark,1968,10.7
India (mainland),taxon,Blue shark,1969,9.1
India (mainland),taxon,Blue shark,1970,2.7
India (mainland),taxon,Blue shark,1971,1.9
India (mainland),taxon,Blue shark,1972,1.8
India (mainland),taxon,Blue shark,1973,0.7
India (mainland),taxon,Blue shark,1974,1.2
India (mainland),taxon,Blue shark,1975,1.4
India (mainland),taxon,Blue shark,1976,0.4
India (mainland),taxon,Blue shark,1977,0.3
India (mainland),taxon,Blue shark,1978,0.5
India (mainland),taxon,Blue shark,1979,0.4
India (mainland),taxon,Blue shark,1980,0.4
India (mainland),taxon,Blue shark,1981,501.5
India (mainland),taxon,Blue shark,1982,744.3
India (mainland),taxon,Blue shark,1983,927.2
India (mainland),taxon,Blue shark,1984,1476.0
India (mainland),taxon,Blue shark,1985,1340.4
India (mainland),taxon,Blue shark,1986,1778.7
India (mainland),taxon,Blue shark,1987,2119.5
India (mainland),taxon,Blue shark,1988,2674.6
India (mainland),taxon,Blue shark,1989,4011.6
India (mainland),taxon,Blue shark,1990,2460.3
India (mainland),taxon,Blue shark,1991,2920.4
India (mainland),taxon,Blue shark,1992,2648.7
India (mainland),taxon,Blue shark,1993,4288.0
India (mainland),taxon,Blue shark,1994,4458.1
India (mainland),taxon,Blue shark,1995,3347.5
India (mainland),taxon,Blue shark,1996,3519.2
India (mainland),taxon,Blue shark,1997,2357.0
India (mainland),taxon,Blue shark,1998,3288.5
India (mainland),taxon,Blue shark,1999,2833.1
India (mainland),taxon,Blue shark,2000,2492.5
India (mainland),taxon,Blue shark,2001,966.8
India (mainland),taxon,Blue shark,2002,2592.6
India (mainland),taxon,Blue shark,2003,2932.5
India (mainland),taxon,Blue shark,2004,4207.5
India (mainland),taxon,Blue shark,2005,1608.6
India (mainland),taxon,Blue shark,2006,1842.5
India (mainland),taxon,Blue shark,2007,916.9
India (mainland),taxon,Blue shark,2008,1028.6
India (mainland),taxon,Blue shark,2009,1231.6
India (mainland),taxon,Blue shark,2010,1390.4
India (mainland),taxon,Blue shark,2011,1494.8
India (mainland),taxon,Blue shark,2012,1883.8
India (mainland),taxon,Blue shark,2013,1882.9
India (mainland),taxon,Blue shark,2014,2393.7
India (mainland),taxon,Blue shark,2015,2162.0
India (mainland),taxon,Blue shark,2016,3467.3
India (mainland),taxon,Blue shark,2017,2714.6
India (mainland),taxon,Blue shark,2018,1040.5
India (mainland),taxon,Blue shark,2019,2482.6
India (mainland),taxon,Chinese silver pomfret,1981,762.0
India (mainland),taxon,Chinese silver pomfret,1982,450.0
India (mainland),taxon,Chinese silver pomfret,1983,214.0
India (mainland),taxon,Chinese silver pomfret,1984,479.0
India (mainland),taxon,Chinese silver pomfret,1985,99.0
India (mainland),taxon,Chinese silver pomfret,1986,315.0
India (mainland),taxon,Chinese silver pomfret,1987,268.0
India (mainland),taxon,Chinese silver pomfret,1988,194.0
India (mainland),taxon,Chinese silver pomfret,1989,447.0
India (mainland),taxon,Chinese silver pomfret,1990,404.0
India (mainland),taxon,Chinese silver pomfret,1991,119.0
India (mainland),taxon,Chinese silver pomfret,1992,245.0
India (mainland),taxon,Chinese silver pomfret,1993,940.0
India (mainland),taxon,Chinese silver pomfret,1994,1131.0
India (mainland),taxon,Chinese silver pomfret,1995,539.0
India (mainland),taxon,Chinese silver pomfret,1996,515.0
India (mainland),taxon,Chinese silver pomfret,1997,846.0
India (mainland),taxon,Chinese silver pomfret,1998,578.0
India (mainland),taxon,Chinese silver pomfret,1999,906.0
India (mainland),taxon,Chinese silver pomfret,2000,853.0
India (mainland),taxon,Chinese silver pomfret,2001,1147.0
India (mainland),taxon,Chinese silver pomfret,2002,2042.0
India (mainland),taxon,Chinese silver pomfret,2003,1988.0
India (mainland),taxon,Chinese silver pomfret,2004,2024.0
India (mainland),taxon,Chinese silver pomfret,2005,4001.0
India (mainland),taxon,Chinese silver pomfret,2006,3379.0
India (mainland),taxon,Chinese silver pomfret,2007,3030.0
India (mainland),taxon,Chinese silver pomfret,2008,3842.0
India (mainland),taxon,Chinese silver pomfret,2009,3487.0
India (mainland),taxon,Chinese silver pomfret,2010,5158.0
India (mainland),taxon,Chinese silver pomfret,2011,5420.0
India (mainland),taxon,Chinese silver pomfret,2012,1990.0
India (mainland),taxon,Chinese silver pomfret,2013,4794.0
India (mainland),taxon,Chinese silver pomfret,2014,1870.0
India (mainland),taxon,Chinese silver pomfret,2015,3317.0
India (mainland),taxon,Chinese silver pomfret,2016,4227.0
India (mainland),taxon,Chinese silver pomfret,2017,5466.0
India (mainland),taxon,Chinese silver pomfret,2018,5051.0
India (mainland),taxon,Chinese silver pomfret,2019,4256.0
India (mainland),taxon,Mako sharks,1981,405.5
India (mainland),taxon,Mako sharks,1982,601.8
India (mainland),taxon,Mako sharks,1983,749.7
India (mainland),taxon,Mako sharks,1984,1193.5
India (mainland),taxon,Mako sharks,1985,1083.8
India (mainland),taxon,Mako sharks,1986,1438.3
India (mainland),taxon,Mako sharks,1987,1713.7
India (mainland),taxon,Mako sharks,1988,2162.5
India (mainland),taxon,Mako sharks,1989,3243.8
India (mainland),taxon,Mako sharks,1990,1834.1
India (mainland),taxon,Mako sharks,1991,2160.3
India (mainland),taxon,Mako sharks,1992,1848.3
India (mainland),taxon,Mako sharks,1993,3027.7
India (mainland),taxon,Mako sharks,1994,2897.0
India (mainland),taxon,Mako sharks,1995,1961.8
India (mainland),taxon,Mako sharks,1996,2159.5
India (mainland),taxon,Mako sharks,1997,789.2
India (mainland),taxon,Mako sharks,1998,1669.6
India (mainland),taxon,Mako sharks,1999,789.5
India (mainland),taxon,Mako sharks,2000,731.4
India (mainland),taxon,Mako sharks,2001,635.7
India (mainland),taxon,Mako sharks,2002,1829.7
India (mainland),taxon,Mako sharks,2003,1505.7
India (mainland),taxon,Mako sharks,2004,2876.1
India (mainland),taxon,Mako sharks,2005,1088.1
India (mainland),taxon,Mako sharks,2006,1309.8
India (mainland),taxon,Mako sharks,2007,615.7
India (mainland),taxon,Mako sharks,2008,715.9
India (mainland),taxon,Mako sharks,2009,788.8
India (mainland),taxon,Mako sharks,2010,723.2
India (mainland),taxon,Mako sharks,2011,780.8
India (mainland),taxon,Mako sharks,2012,1269.7
India (mainland),taxon,Mako sharks,2013,1343.1
India (mainland),taxon,Mako sharks,2014,1741.7
India (mainland),taxon,Mako sharks,2015,1565.1
India (mainland),taxon,Mako sharks,2016,2301.0
India (mainland),taxon,Mako sharks,2017,1567.9
India (mainland),taxon,Mako sharks,2018,0.0
India (mainland),taxon,Mako sharks,2019,1425.4
India (mainland),taxon,Billfishes,1954,0.2
India (mainland),taxon,Billfishes,1955,2.2
India (mainland),taxon,Billfishes,1956,4.1
India (mainland),taxon,Billfishes,1958,1.1
India (mainland),taxon,Billfishes,1959,7.7
India (mainland),taxon,Billfishes,1960,6.5
India (mainland),taxon,Billfishes,1961,4.9
India (mainland),taxon,Billfishes,1963,3.6
India (mainland),taxon,Billfishes,1964,8.4
India (mainland),taxon,Billfishes,1966,2.5
India (mainland),taxon,Billfishes,1968,6.5
India (mainland),taxon,Billfishes,1969,14.6
India (mainland),taxon,Billfishes,1970,46.4
India (mainland),taxon,Billfishes,1971,58.8
India (mainland),taxon,Billfishes,1972,28.2
India (mainland),taxon,Billfishes,1973,8.1
India (mainland),taxon,Billfishes,1974,0.0
India (mainland),taxon,Billfishes,1975,107.6
India (mainland),taxon,Billfishes,1976,46.1
India (mainland),taxon,Billfishes,1977,0.0
India (mainland),taxon,Billfishes,1978,5.0
India (mainland),taxon,Billfishes,1979,1.3
India (mainland),taxon,Billfishes,1980,2.8
India (mainland),taxon,Billfishes,1981,281.0
India (mainland),taxon,Billfishes,1982,697.0
India (mainland),taxon,Billfishes,1983,347.6
India (mainland),taxon,Billfishes,1984,309.3
India (mainland),taxon,Billfishes,1985,286.3
India (mainland),taxon,Billfishes,1986,405.8
India (mainland),taxon,Billfishes,1987,232.3
India (mainland),taxon,Billfishes,1988,300.6
India (mainland),taxon,Billfishes,1989,397.2
India (mainland),taxon,Billfishes,1990,378.5
India (mainland),taxon,Billfishes,1991,354.6
India (mainland),taxon,Billfishes,1992,484.5
India (mainland),taxon,Billfishes,1993,532.2
India (mainland),taxon,Billfishes,1994,384.9
India (mainland),taxon,Billfishes,1995,460.2
India (mainland),taxon,Billfishes,1996,1008.8
India (mainland),taxon,Billfishes,1997,1100.5
India (mainland),taxon,Billfishes,1998,1330.2
India (mainland),taxon,Billfishes,1999,1174.8
India (mainland),taxon,Billfishes,2000,1541.2
India (mainland),taxon,Billfishes,2001,1731.5
India (mainland),taxon,Billfishes,2002,1454.7
India (mainland),taxon,Billfishes,2003,1606.4
India (mainland),taxon,Billfishes,2004,2743.4
India (mainland),taxon,Billfishes,2005,1212.3
India (mainland),taxon,Billfishes,2006,1659.2
India (mainland),taxon,Billfishes,2007,2083.8
India (mainland),taxon,Billfishes,2008,1968.2
India (mainland),taxon,Billfishes,2009,2814.4
India (mainland),taxon,Billfishes,2010,2670.1
India (mainland),taxon,Billfishes,2011,2439.4
India (mainland),taxon,Billfishes,2012,1484.3
India (mainland),taxon,Billfishes,2013,2100.6
India (mainland),taxon,Billfishes,2014,2332.4
India (mainland),taxon,Billfishes,2015,3162.2
India (mainland),taxon,Billfishes,2016,3380.3
India (mainland),taxon,Billfishes,2017,1676.0
India (mainland),taxon,Billfishes,2018,3530.2
India (mainland),taxon,Billfishes,2019,2990.9
India (mainland),taxon,Sea snails,1985,81.6
India (mainland),taxon,Sea snails,1986,168.2
India (mainland),taxon,Sea snails,1987,313.1
India (mainland),taxon,Sea snails,1988,31.5
India (mainland),taxon,Sea snails,1989,115.2
India (mainland),taxon,Sea snails,1990,210.3
India (mainland),taxon,Sea snails,1991,972.8
India (mainland),taxon,Sea snails,1992,952.8
India (mainland),taxon,Sea snails,1993,522.6
India (mainland),taxon,Sea snails,1994,1695.9
India (mainland),taxon,Sea snails,1995,1237.8
India (mainland),taxon,Sea snails,1996,3514.8
India (mainland),taxon,Sea snails,1997,988.9
India (mainland),taxon,Sea snails,1998,1332.7
India (mainland),taxon,Sea snails,1999,1001.2
India (mainland),taxon,Sea snails,2000,583.3
India (mainland),taxon,Sea snails,2001,678.0
India (mainland),taxon,Sea snails,2002,1760.9
India (mainland),taxon,Sea snails,2003,1532.0
India (mainland),taxon,Sea snails,2004,2096.0
India (mainland),taxon,Sea snails,2005,1382.7
India (mainland),taxon,Sea snails,2006,2553.5
India (mainland),taxon,Sea snails,2007,1614.4
India (mainland),taxon,Sea snails,2008,1981.0
India (mainland),taxon,Sea snails,2009,1766.2
India (mainland),taxon,Sea snails,2010,1818.8
India (mainland),taxon,Sea snails,2011,2020.8
India (mainland),taxon,Sea snails,2012,3059.5
India (mainland),taxon,Sea snails,2013,1045.9
India (mainland),taxon,Sea snails,2014,2088.7
India (mainland),taxon,Sea snails,2015,2413.5
India (mainland),taxon,Sea snails,2016,2966.2
India (mainland),taxon,Sea snails,2017,2242.4
India (mainland),taxon,Sea snails,2018,2972.1
India (mainland),taxon,Sea snails,2019,2669.8
India (mainland),taxon,Longtail tuna,1978,18.3
India (mainland),taxon,Longtail tuna,1979,32.1
India (mainland),taxon,Longtail tuna,1980,26.1
India (mainland),taxon,Longtail tuna,1981,50.3
India (mainland),taxon,Longtail tuna,1982,43.0
India (mainland),taxon,Longtail tuna,1983,36.0
India (mainland),taxon,Longtail tuna,1984,152.6
India (mainland),taxon,Longtail tuna,1985,408.8
India (mainland),taxon,Longtail tuna,1986,26.4
India (mainland),taxon,Longtail tuna,1987,108.5
India (mainland),taxon,Longtail tuna,1988,406.7
India (mainland),taxon,Longtail tuna,1989,315.5
India (mainland),taxon,Longtail tuna,1990,308.3
India (mainland),taxon,Longtail tuna,1991,1273.9
India (mainland),taxon,Longtail tuna,1992,677.4
India (mainland),taxon,Longtail tuna,1993,945.1
India (mainland),taxon,Longtail tuna,1994,1098.9
India (mainland),taxon,Longtail tuna,1995,1685.8
India (mainland),taxon,Longtail tuna,1996,1692.5
India (mainland),taxon,Longtail tuna,1997,1683.5
India (mainland),taxon,Longtail tuna,1998,1459.3
India (mainland),taxon,Longtail tuna,1999,2435.6
India (mainland),taxon,Longtail tuna,2000,2553.9
India (mainland),taxon,Longtail tuna,2001,2818.2
India (mainland),taxon,Longtail tuna,2002,1949.9
India (mainland),taxon,Longtail tuna,2003,1085.7
India (mainland),taxon,Longtail tuna,2004,2024.8
India (mainland),taxon,Longtail tuna,2005,1453.1
India (mainland),taxon,Longtail tuna,2006,1821.8
India (mainland),taxon,Longtail tuna,2007,2769.5
India (mainland),taxon,Longtail tuna,2008,1484.9
India (mainland),taxon,Longtail tuna,2009,794.7
India (mainland),taxon,Longtail tuna,2010,1280.4
India (mainland),taxon,Longtail tuna,2011,1946.4
India (mainland),taxon,Longtail tuna,2012,2282.0
India (mainland),taxon,Longtail tuna,2013,1909.6
India (mainland),taxon,Longtail tuna,2014,2374.7
India (mainland),taxon,Longtail tuna,2015,1558.5
India (mainland),taxon,Longtail tuna,2016,1141.8
India (mainland),taxon,Longtail tuna,2017,898.3
India (mainland),taxon,Longtail tuna,2018,1082.8
India (mainland),taxon,Longtail tuna,2019,1866.8
India (mainland),taxon,Flatheads,1965,63.0
India (mainland),taxon,Flatheads,1966,92.3
India (mainland),taxon,Flatheads,1967,156.5
India (mainland),taxon,Flatheads,1968,230.4
India (mainland),taxon,Flatheads,1969,321.5
India (mainland),taxon,Flatheads,1970,363.6
India (mainland),taxon,Flatheads,1971,400.7
India (mainland),taxon,Flatheads,1972,538.1
India (mainland),taxon,Flatheads,1973,269.1
India (mainland),taxon,Flatheads,1974,311.0
India (mainland),taxon,Flatheads,1975,313.7
India (mainland),taxon,Flatheads,1976,235.7
India (mainland),taxon,Flatheads,1977,654.2
India (mainland),taxon,Flatheads,1978,676.6
India (mainland),taxon,Flatheads,1979,655.8
India (mainland),taxon,Flatheads,1980,679.7
India (mainland),taxon,Flatheads,1981,737.8
India (mainland),taxon,Flatheads,1982,776.4
India (mainland),taxon,Flatheads,1983,818.0
India (mainland),taxon,Flatheads,1984,877.0
India (mainland),taxon,Flatheads,1985,882.9
India (mainland),taxon,Flatheads,1986,1169.0
India (mainland),taxon,Flatheads,1987,1330.1
India (mainland),taxon,Flatheads,1988,1110.8
India (mainland),taxon,Flatheads,1989,1275.7
India (mainland),taxon,Flatheads,1990,1404.0
India (mainland),taxon,Flatheads,1991,1788.4
India (mainland),taxon,Flatheads,1992,1963.3
India (mainland),taxon,Flatheads,1993,2263.5
India (mainland),taxon,Flatheads,1994,1898.3
India (mainland),taxon,Flatheads,1995,1938.6
India (mainland),taxon,Flatheads,1996,1837.1
India (mainland),taxon,Flatheads,1997,1762.6
India (mainland),taxon,Flatheads,1998,1969.5
India (mainland),taxon,Flatheads,1999,1529.0
India (mainland),taxon,Flatheads,2000,1220.6
India (mainland),taxon,Flatheads,2001,1133.5
India (mainland),taxon,Flatheads,2002,1239.6
India (mainland),taxon,Flatheads,2003,1392.7
India (mainland),taxon,Flatheads,2004,1794.4
India (mainland),taxon,Flatheads,2005,1676.5
India (mainland),taxon,Flatheads,2006,1315.9
India (mainland),taxon,Flatheads,2007,1199.8
India (mainland),taxon,Flatheads,2008,618.4
India (mainland),taxon,Flatheads,2009,650.0
India (mainland),taxon,Flatheads,2010,346.8
India (mainland),taxon,Flatheads,2011,326.7
India (mainland),taxon,Flatheads,2012,186.7
India (mainland),taxon,Flatheads,2013,220.0
India (mainland),taxon,Flatheads,2014,114.6
India (mainland),taxon,Flatheads,2015,130.9
India (mainland),taxon,Flatheads,2016,184.7
India (mainland),taxon,Flatheads,2017,149.0
India (mainland),taxon,Flatheads,2018,197.8
India (mainland),taxon,Flatheads,2019,190.3
India (mainland),taxon,Sardinellas,1963,0.0
India (mainland),taxon,Sardinellas,1964,36.7
India (mainland),taxon,Sardinellas,1965,128.4
India (mainland),taxon,Sardinellas,1966,91.7
India (mainland),taxon,Sardinellas,1967,18.4
India (mainland),taxon,Sardinellas,1972,41.2
India (mainland),taxon,Sardinellas,1973,0.1
India (mainland),taxon,Sardinellas,1974,91.6
India (mainland),taxon,Sardinellas,1975,41.3
India (mainland),taxon,Sardinellas,1976,157.0
India (mainland),taxon,Sardinellas,1977,38.3
India (mainland),taxon,Sardinellas,1978,45.0
India (mainland),taxon,Sardinellas,1979,179.6
India (mainland),taxon,Sardinellas,1980,43.3
India (mainland),taxon,Sardinellas,1981,40.8
India (mainland),taxon,Sardinellas,1982,584.0
India (mainland),taxon,Sardinellas,1983,577.3
India (mainland),taxon,Sardinellas,1984,771.7
India (mainland),taxon,Sardinellas,1985,754.8
India (mainland),taxon,Sardinellas,1986,784.1
India (mainland),taxon,Sardinellas,1987,1312.4
India (mainland),taxon,Sardinellas,1988,1100.4
India (mainland),taxon,Sardinellas,1989,1056.8
India (mainland),taxon,Sardinellas,1990,1075.2
India (mainland),taxon,Sardinellas,1991,1017.6
India (mainland),taxon,Sardinellas,1992,890.5
India (mainland),taxon,Sardinellas,1993,1728.3
India (mainland),taxon,Sardinellas,1994,1396.6
India (mainland),taxon,Sardinellas,1995,2736.8
India (mainland),taxon,Sardinellas,1996,2783.1
India (mainland),taxon,Sardinellas,1997,2809.8
India (mainland),taxon,Sardinellas,1998,3539.3
India (mainland),taxon,Sardinellas,1999,2778.9
India (mainland),taxon,Sardinellas,2000,1787.1
India (mainland),taxon,Sardinellas,2001,1285.1
India (mainland),taxon,Sardinellas,2002,839.3
India (mainland),taxon,Sardinellas,2003,663.5
India (mainland),taxon,Sardinellas,2004,899.9
India (mainland),taxon,Sardinellas,2005,885.7
India (mainland),taxon,Sardinellas,2006,911.2
India (mainland),taxon,Sardinellas,2007,859.8
India (mainland),taxon,Sardinellas,2008,565.3
India (mainland),taxon,Sardinellas,2009,526.0
India (mainland),taxon,Sardinellas,2010,370.1
India (mainland),taxon,Sardinellas,2011,409.7
India (mainland),taxon,Sardinellas,2012,226.6
India (mainland),taxon,Sardinellas,2013,235.8
India (mainland),taxon,Sardinellas,2014,128.2
India (mainland),taxon,Sardinellas,2015,180.4
India (mainland),taxon,Sardinellas,2016,196.1
India (mainland),taxon,Sardinellas,2017,137.1
India (mainland),taxon,Sardinellas,2018,171.8
India (mainland),taxon,Sardinellas,2019,226.3
India (mainland),taxon,Cepheid jellyfishes,1978,42.0
India (mainland),taxon,Cepheid jellyfishes,1979,59.9
India (mainland),taxon,Cepheid jellyfishes,1980,1.9
India (mainland),taxon,Cepheid jellyfishes,1981,339.9
India (mainland),taxon,Cepheid jellyfishes,1982,1573.3
India (mainland),taxon,Cepheid jellyfishes,1983,770.7
India (mainland),taxon,Cepheid jellyfishes,1984,129.6
India (mainland),taxon,Cepheid jellyfishes,1985,618.1
India (mainland),taxon,Cepheid jellyfishes,1986,1735.6
India (mainland),taxon,Cepheid jellyfishes,1987,836.0
India (mainland),taxon,Cepheid jellyfishes,1991,2.0
India (mainland),taxon,Cepheid jellyfishes,1992,43.1
India (mainland),taxon,Cepheid jellyfishes,1993,259.8
India (mainland),taxon,Cepheid jellyfishes,1994,370.0
India (mainland),taxon,Cepheid jellyfishes,1995,851.2
India (mainland),taxon,Cepheid jellyfishes,1996,657.4
India (mainland),taxon,Cepheid jellyfishes,1997,1098.3
India (mainland),taxon,Cepheid jellyfishes,1998,348.6
India (mainland),taxon,Cepheid jellyfishes,1999,2.5
India (mainland),taxon,Cepheid jellyfishes,2000,41.7
India (mainland),taxon,Cepheid jellyfishes,2001,30.3
India (mainland),taxon,Cepheid jellyfishes,2005,1560.2
India (mainland),taxon,Cepheid jellyfishes,2006,6369.3
India (mainland),taxon,Cepheid jellyfishes,2007,1.7
India (mainland),taxon,Cepheid jellyfishes,2008,4726.4
India (mainland),taxon,Cepheid jellyfishes,2009,3668.8
India (mainland),taxon,Cepheid jellyfishes,2010,807.3
India (mainland),taxon,Cepheid jellyfishes,2011,2606.2
India (mainland),taxon,Cepheid jellyfishes,2012,646.1
India (mainland),taxon,Cepheid jellyfishes,2013,2554.6
India (mainland),taxon,Cepheid jellyfishes,2014,573.7
India (mainland),taxon,Cepheid jellyfishes,2015,1161.2
India (mainland),taxon,Cepheid jellyfishes,2016,1099.4
India (mainland),taxon,Cepheid jellyfishes,2017,1160.3
India (mainland),taxon,Cepheid jellyfishes,2018,988.8
India (mainland),taxon,Cepheid jellyfishes,2019,372.5
India (mainland),taxon,Sea cucumbers,1976,47.5
India (mainland),taxon,Sea cucumbers,1977,39.0
India (mainland),taxon,Sea cucumbers,1978,52.8
India (mainland),taxon,Sea cucumbers,1979,46.7
India (mainland),taxon,Sea cucumbers,1980,60.4
India (mainland),taxon,Sea cucumbers,1981,55.8
India (mainland),taxon,Sea cucumbers,1982,60.4
India (mainland),taxon,Sea cucumbers,1983,42.8
India (mainland),taxon,Sea cucumbers,1984,27.5
India (mainland),taxon,Sea cucumbers,1985,86.4
India (mainland),taxon,Sea cucumbers,1986,69.6
India (mainland),taxon,Sea cucumbers,1987,63.5
India (mainland),taxon,Sea cucumbers,1988,64.3
India (mainland),taxon,Sea cucumbers,1989,36.0
India (mainland),taxon,Sea cucumbers,1990,47.4
India (mainland),taxon,Sea cucumbers,1991,49.7
India (mainland),taxon,Sea cucumbers,1992,49.7
India (mainland),taxon,Sea cucumbers,1993,49.7
India (mainland),taxon,Sea cucumbers,1994,70.4
India (mainland),taxon,Sea cucumbers,1995,76.5
India (mainland),taxon,Sea cucumbers,1996,114.8
India (mainland),taxon,Sea cucumbers,1997,208.1
India (mainland),taxon,Sea cucumbers,1998,155.3
India (mainland),taxon,Sea cucumbers,1999,130.1
India (mainland),taxon,Sea cucumbers,2000,110.9
India (mainland),taxon,Sea cucumbers,2001,68.8
India (mainland),taxon,Sea cucumbers,2002,114.8
India (mainland),taxon,Sea cucumbers,2003,130.1
India (mainland),taxon,Sea cucumbers,2004,214.2
India (mainland),taxon,Sea cucumbers,2005,1790.1
India (mainland),taxon,Sea cucumbers,2006,1032.8
India (mainland),taxon,Sea cucumbers,2007,2203.2
India (mainland),taxon,Sea cucumbers,2008,3235.9
India (mainland),taxon,Sea cucumbers,2009,2701.7
India (mainland),taxon,Sea cucumbers,2010,2979.8
India (mainland),taxon,Sea cucumbers,2011,3077.0
India (mainland),taxon,Sea cucumbers,2012,2958.0
India (mainland),taxon,Sea cucumbers,2013,3034.5
India (mainland),taxon,Sea cucumbers,2014,2856.0
India (mainland),taxon,Sea cucumbers,2015,2176.0
India (mainland),taxon,Sea cucumbers,2016,1011.5
India (mainland),taxon,Sea cucumbers,2017,926.5
India (mainland),taxon,Sea cucumbers,2018,935.0
India (mainland),taxon,Sea cucumbers,2019,1997.5
India (mainland),taxon,Indian scad,1976,1.5
India (mainland),taxon,Indian scad,1977,18.6
India (mainland),taxon,Indian scad,1978,12.9
India (mainland),taxon,Indian scad,1979,16.9
India (mainland),taxon,Indian scad,1980,16.1
India (mainland),taxon,Indian scad,1981,46.8
India (mainland),taxon,Indian scad,1982,81.1
India (mainland),taxon,Indian scad,1983,225.0
India (mainland),taxon,Indian scad,1984,426.3
India (mainland),taxon,Indian scad,1985,219.9
India (mainland),taxon,Indian scad,1986,72.5
India (mainland),taxon,Indian scad,1987,450.5
India (mainland),taxon,Indian scad,1988,597.2
India (mainland),taxon,Indian scad,1989,799.8
India (mainland),taxon,Indian scad,1990,858.1
India (mainland),taxon,Indian scad,1991,965.7
India (mainland),taxon,Indian scad,1992,359.5
India (mainland),taxon,Indian scad,1993,403.9
India (mainland),taxon,Indian scad,1994,1706.6
India (mainland),taxon,Indian scad,1995,1146.7
India (mainland),taxon,Indian scad,1996,1706.8
India (mainland),taxon,Indian scad,1997,1686.3
India (mainland),taxon,Indian scad,1998,1761.2
India (mainland),taxon,Indian scad,1999,1436.2
India (mainland),taxon,Indian scad,2000,1070.8
India (mainland),taxon,Indian scad,2001,957.9
India (mainland),taxon,Indian scad,2002,1324.2
India (mainland),taxon,Indian scad,2003,1287.7
India (mainland),taxon,Indian scad,2004,1726.0
India (mainland),taxon,Indian scad,2005,1757.6
India (mainland),taxon,Indian scad,2006,1366.4
India (mainland),taxon,Indian scad,2007,1259.1
India (mainland),taxon,Indian scad,2008,723.4
India (mainland),taxon,Indian scad,2009,778.9
India (mainland),taxon,Indian scad,2010,406.2
India (mainland),taxon,Indian scad,2011,374.8
India (mainland),taxon,Indian scad,2012,274.1
India (mainland),taxon,Indian scad,2013,266.9
India (mainland),taxon,Indian scad,2014,141.4
India (mainland),taxon,Indian scad,2015,447.2
India (mainland),taxon,Indian scad,2016,883.2
India (mainland),taxon,Indian scad,2017,696.4
India (mainland),taxon,Indian scad,2018,872.5
India (mainland),taxon,Indian scad,2019,861.3
India (mainland),taxon,Swordfish,1952,0.0
India (mainland),taxon,Swordfish,1953,0.1
India (mainland),taxon,Swordfish,1954,2.5
India (mainland),taxon,Swordfish,1955,10.1
India (mainland),taxon,Swordfish,1956,27.3
India (mainland),taxon,Swordfish,1958,4.0
India (mainland),taxon,Swordfish,1959,10.1
India (mainland),taxon,Swordfish,1960,31.7
India (mainland),taxon,Swordfish,1961,47.5
India (mainland),taxon,Swordfish,1963,8.0
India (mainland),taxon,Swordfish,1964,26.9
India (mainland),taxon,Swordfish,1966,16.9
India (mainland),taxon,Swordfish,1968,30.4
India (mainland),taxon,Swordfish,1969,73.5
India (mainland),taxon,Swordfish,1970,213.7
India (mainland),taxon,Swordfish,1971,187.1
India (mainland),taxon,Swordfish,1972,111.3
India (mainland),taxon,Swordfish,1973,28.8
India (mainland),taxon,Swordfish,1974,0.1
India (mainland),taxon,Swordfish,1975,42.6
India (mainland),taxon,Swordfish,1976,95.0
India (mainland),taxon,Swordfish,1977,17.6
India (mainland),taxon,Swordfish,1978,36.0
India (mainland),taxon,Swordfish,1979,16.9
India (mainland),taxon,Swordfish,1980,14.5
India (mainland),taxon,Swordfish,1981,30.0
India (mainland),taxon,Swordfish,1982,10.4
India (mainland),taxon,Swordfish,1983,51.7
India (mainland),taxon,Swordfish,1984,66.7
India (mainland),taxon,Swordfish,1985,38.9
India (mainland),taxon,Swordfish,1986,597.3
India (mainland),taxon,Swordfish,1987,194.1
India (mainland),taxon,Swordfish,1988,711.3
India (mainland),taxon,Swordfish,1989,829.6
India (mainland),taxon,Swordfish,1990,272.2
India (mainland),taxon,Swordfish,1991,350.5
India (mainland),taxon,Swordfish,1992,12.1
India (mainland),taxon,Swordfish,1993,15.8
India (mainland),taxon,Swordfish,1994,290.3
India (mainland),taxon,Swordfish,1995,2799.6
India (mainland),taxon,Swordfish,1996,1871.0
India (mainland),taxon,Swordfish,1997,1194.4
India (mainland),taxon,Swordfish,1998,3415.2
India (mainland),taxon,Swordfish,1999,2460.6
India (mainland),taxon,Swordfish,2000,591.8
India (mainland),taxon,Swordfish,2001,1646.3
India (mainland),taxon,Swordfish,2002,837.2
India (mainland),taxon,Swordfish,2003,1632.1
India (mainland),taxon,Swordfish,2004,775.6
India (mainland),taxon,Swordfish,2005,787.8
India (mainland),taxon,Swordfish,2006,459.1
India (mainland),taxon,Swordfish,2007,924.2
India (mainland),taxon,Swordfish,2008,1400.3
India (mainland),taxon,Swordfish,2009,546.1
India (mainland),taxon,Swordfish,2010,573.8
India (mainland),taxon,Swordfish,2011,304.5
India (mainland),taxon,Swordfish,2012,89.3
India (mainland),taxon,Swordfish,2013,91.6
India (mainland),taxon,Swordfish,2014,54.8
India (mainland),taxon,Swordfish,2015,459.6
India (mainland),taxon,Swordfish,2016,261.5
India (mainland),taxon,Swordfish,2017,280.1
India (mainland),taxon,Swordfish,2018,315.0
India (mainland),taxon,Swordfish,2019,516.1
India (mainland),taxon,"Sharks, rays, chimaeras",1950,294.7
India (mainland),taxon,"Sharks, rays, chimaeras",1951,301.2
India (mainland),taxon,"Sharks, rays, chimaeras",1952,307.7
India (mainland),taxon,"Sharks, rays, chimaeras",1953,314.2
India (mainland),taxon,"Sharks, rays, chimaeras",1954,320.7
India (mainland),taxon,"Sharks, rays, chimaeras",1955,327.3
India (mainland),taxon,"Sharks, rays, chimaeras",1956,333.8
India (mainland),taxon,"Sharks, rays, chimaeras",1957,340.3
India (mainland),taxon,"Sharks, rays, chimaeras",1958,346.8
India (mainland),taxon,"Sharks, rays, chimaeras",1959,353.3
India (mainland),taxon,"Sharks, rays, chimaeras",1960,359.9
India (mainland),taxon,"Sharks, rays, chimaeras",1961,366.4
India (mainland),taxon,"Sharks, rays, chimaeras",1962,307.1
India (mainland),taxon,"Sharks, rays, chimaeras",1963,313.7
India (mainland),taxon,"Sharks, rays, chimaeras",1964,252.8
India (mainland),taxon,"Sharks, rays, chimaeras",1965,283.4
India (mainland),taxon,"Sharks, rays, chimaeras",1966,300.8
India (mainland),taxon,"Sharks, rays, chimaeras",1967,301.8
India (mainland),taxon,"Sharks, rays, chimaeras",1968,273.2
India (mainland),taxon,"Sharks, rays, chimaeras",1969,277.5
India (mainland),taxon,"Sharks, rays, chimaeras",1970,367.4
India (mainland),taxon,"Sharks, rays, chimaeras",1971,360.2
India (mainland),taxon,"Sharks, rays, chimaeras",1972,473.9
India (mainland),taxon,"Sharks, rays, chimaeras",1973,386.6
India (mainland),taxon,"Sharks, rays, chimaeras",1974,437.4
India (mainland),taxon,"Sharks, rays, chimaeras",1975,379.8
India (mainland),taxon,"Sharks, rays, chimaeras",1976,366.6
India (mainland),taxon,"Sharks, rays, chimaeras",1977,336.9
India (mainland),taxon,"Sharks, rays, chimaeras",1978,335.2
India (mainland),taxon,"Sharks, rays, chimaeras",1979,336.9
India (mainland),taxon,"Sharks, rays, chimaeras",1980,346.6
India (mainland),taxon,"Sharks, rays, chimaeras",1981,341.4
India (mainland),taxon,"Sharks, rays, chimaeras",1982,349.7
India (mainland),taxon,"Sharks, rays, chimaeras",1983,335.5
India (mainland),taxon,"Sharks, rays, chimaeras",1984,328.9
India (mainland),taxon,"Sharks, rays, chimaeras",1985,380.7
India (mainland),taxon,"Sharks, rays, chimaeras",1986,363.8
India (mainland),taxon,"Sharks, rays, chimaeras",1987,415.4
India (mainland),taxon,"Sharks, rays, chimaeras",1988,365.8
India (mainland),taxon,"Sharks, rays, chimaeras",1989,342.3
India (mainland),taxon,"Sharks, rays, chimaeras",1990,369.4
India (mainland),taxon,"Sharks, rays, chimaeras",1991,339.1
India (mainland),taxon,"Sharks, rays, chimaeras",1992,341.1
India (mainland),taxon,"Sharks, rays, chimaeras",1993,353.5
India (mainland),taxon,"Sharks, rays, chimaeras",1994,358.6
India (mainland),taxon,"Sharks, rays, chimaeras",1995,477.7
India (mainland),taxon,"Sharks, rays, chimaeras",1996,492.6
India (mainland),taxon,"Sharks, rays, chimaeras",1997,512.6
India (mainland),taxon,"Sharks, rays, chimaeras",1998,430.6
India (mainland),taxon,"Sharks, rays, chimaeras",1999,424.3
India (mainland),taxon,"Sharks, rays, chimaeras",2000,526.8
India (mainland),taxon,"Sharks, rays, chimaeras",2001,400.5
India (mainland),taxon,"Sharks, rays, chimaeras",2002,400.5
India (mainland),taxon,"Sharks, rays, chimaeras",2003,400.5
India (mainland),taxon,"Sharks, rays, chimaeras",2004,400.5
India (mainland),taxon,"Sharks, rays, chimaeras",2005,400.5
India (mainland),taxon,"Sharks, rays, chimaeras",2006,400.5
India (mainland),taxon,"Sharks, rays, chimaeras",2007,400.5
India (mainland),taxon,"Sharks, rays, chimaeras",2008,400.5
India (mainland),taxon,"Sharks, rays, chimaeras",2009,400.5
India (mainland),taxon,"Sharks, rays, chimaeras",2010,400.5
India (mainland),taxon,"Sharks, rays, chimaeras",2011,400.5
India (mainland),taxon,"Sharks, rays, chimaeras",2012,400.5
India (mainland),taxon,"Sharks, rays, chimaeras",2013,400.5
India (mainland),taxon,"Sharks, rays, chimaeras",2014,400.5
India (mainland),taxon,"Sharks, rays, chimaeras",2015,400.5
India (mainland),taxon,"Sharks, rays, chimaeras",2016,400.5
India (mainland),taxon,"Sharks, rays, chimaeras",2017,400.5
India (mainland),taxon,"Sharks, rays, chimaeras",2018,400.5
India (mainland),taxon,"Sharks, rays, chimaeras",2019,407.9
India (mainland),taxon,Bigeye tuna,1952,0.9
India (mainland),taxon,Bigeye tuna,1953,5.5
India (mainland),taxon,Bigeye tuna,1954,22.0
India (mainland),taxon,Bigeye tuna,1955,36.6
India (mainland),taxon,Bigeye tuna,1956,53.5
India (mainland),taxon,Bigeye tuna,1957,5.0
India (mainland),taxon,Bigeye tuna,1958,64.9
India (mainland),taxon,Bigeye tuna,1959,51.7
India (mainland),taxon,Bigeye tuna,1960,70.7
India (mainland),taxon,Bigeye tuna,1961,59.4
India (mainland),taxon,Bigeye tuna,1962,6.4
India (mainland),taxon,Bigeye tuna,1963,71.8
India (mainland),taxon,Bigeye tuna,1964,91.9
India (mainland),taxon,Bigeye tuna,1965,6.0
India (mainland),taxon,Bigeye tuna,1966,189.2
India (mainland),taxon,Bigeye tuna,1967,6.8
India (mainland),taxon,Bigeye tuna,1968,458.3
India (mainland),taxon,Bigeye tuna,1969,134.3
India (mainland),taxon,Bigeye tuna,1970,127.6
India (mainland),taxon,Bigeye tuna,1971,70.0
India (mainland),taxon,Bigeye tuna,1972,56.2
India (mainland),taxon,Bigeye tuna,1973,47.9
India (mainland),taxon,Bigeye tuna,1974,0.1
India (mainland),taxon,Bigeye tuna,1975,199.1
India (mainland),taxon,Bigeye tuna,1976,96.8
India (mainland),taxon,Bigeye tuna,1977,55.1
India (mainland),taxon,Bigeye tuna,1978,96.1
India (mainland),taxon,Bigeye tuna,1979,108.2
India (mainland),taxon,Bigeye tuna,1980,77.5
India (mainland),taxon,Bigeye tuna,1981,4.6
India (mainland),taxon,Bigeye tuna,1982,31.7
India (mainland),taxon,Bigeye tuna,1983,98.9
India (mainland),taxon,Bigeye tuna,1984,60.2
India (mainland),taxon,Bigeye tuna,1985,66.9
India (mainland),taxon,Bigeye tuna,1986,188.8
India (mainland),taxon,Bigeye tuna,1987,141.2
India (mainland),taxon,Bigeye tuna,1988,71.0
India (mainland),taxon,Bigeye tuna,1989,63.3
India (mainland),taxon,Bigeye tuna,1990,24.7
India (mainland),taxon,Bigeye tuna,1991,11.7
India (mainland),taxon,Bigeye tuna,1992,48.8
India (mainland),taxon,Bigeye tuna,1993,80.4
India (mainland),taxon,Bigeye tuna,1994,30.2
India (mainland),taxon,Bigeye tuna,1995,137.5
India (mainland),taxon,Bigeye tuna,1996,148.8
India (mainland),taxon,Bigeye tuna,1997,238.8
India (mainland),taxon,Bigeye tuna,1998,349.9
India (mainland),taxon,Bigeye tuna,1999,407.2
India (mainland),taxon,Bigeye tuna,2000,354.4
India (mainland),taxon,Bigeye tuna,2001,195.4
India (mainland),taxon,Bigeye tuna,2002,148.6
India (mainland),taxon,Bigeye tuna,2003,92.7
India (mainland),taxon,Bigeye tuna,2004,1720.6
India (mainland),taxon,Bigeye tuna,2005,1245.4
India (mainland),taxon,Bigeye tuna,2006,1885.6
India (mainland),taxon,Bigeye tuna,2007,1727.4
India (mainland),taxon,Bigeye tuna,2008,974.0
India (mainland),taxon,Bigeye tuna,2009,2189.0
India (mainland),taxon,Bigeye tuna,2010,1467.3
India (mainland),taxon,Bigeye tuna,2011,1404.8
India (mainland),taxon,Bigeye tuna,2012,189.6
India (mainland),taxon,Bigeye tuna,2013,168.2
India (mainland),taxon,Bigeye tuna,2014,32.8
India (mainland),taxon,Bigeye tuna,2015,117.0
India (mainland),taxon,Bigeye tuna,2016,55.1
India (mainland),taxon,Bigeye tuna,2017,53.8
India (mainland),taxon,Bigeye tuna,2018,138.4
India (mainland),taxon,Bigeye tuna,2019,1539.7
India (mainland),taxon,Bigeyes,1973,0.8
India (mainland),taxon,Bigeyes,1974,45.7
India (mainland),taxon,Bigeyes,1975,23.2
India (mainland),taxon,Bigeyes,1976,18.7
India (mainland),taxon,Bigeyes,1977,52.6
India (mainland),taxon,Bigeyes,1978,24.8
India (mainland),taxon,Bigeyes,1979,26.6
India (mainland),taxon,Bigeyes,1980,39.4
India (mainland),taxon,Bigeyes,1981,40.4
India (mainland),taxon,Bigeyes,1982,26.9
India (mainland),taxon,Bigeyes,1983,20.5
India (mainland),taxon,Bigeyes,1984,24.0
India (mainland),taxon,Bigeyes,1985,60.3
India (mainland),taxon,Bigeyes,1986,34.0
India (mainland),taxon,Bigeyes,1987,35.8
India (mainland),taxon,Bigeyes,1988,29.6
India (mainland),taxon,Bigeyes,1989,25.9
India (mainland),taxon,Bigeyes,1990,76.1
India (mainland),taxon,Bigeyes,1991,316.0
India (mainland),taxon,Bigeyes,1992,325.0
India (mainland),taxon,Bigeyes,1993,399.3
India (mainland),taxon,Bigeyes,1994,321.6
India (mainland),taxon,Bigeyes,1995,484.2
India (mainland),taxon,Bigeyes,1996,617.8
India (mainland),taxon,Bigeyes,1997,661.3
India (mainland),taxon,Bigeyes,1998,719.5
India (mainland),taxon,Bigeyes,1999,478.9
India (mainland),taxon,Bigeyes,2000,381.7
India (mainland),taxon,Bigeyes,2001,1143.5
India (mainland),taxon,Bigeyes,2002,1414.3
India (mainland),taxon,Bigeyes,2003,1481.0
India (mainland),taxon,Bigeyes,2004,2037.8
India (mainland),taxon,Bigeyes,2005,1570.0
India (mainland),taxon,Bigeyes,2006,1475.9
India (mainland),taxon,Bigeyes,2007,1501.1
India (mainland),taxon,Bigeyes,2008,359.5
India (mainland),taxon,Bigeyes,2009,341.0
India (mainland),taxon,Bigeyes,2010,256.6
India (mainland),taxon,Bigeyes,2011,218.6
India (mainland),taxon,Bigeyes,2012,131.8
India (mainland),taxon,Bigeyes,2013,201.2
India (mainland),taxon,Bigeyes,2014,62.3
India (mainland),taxon,Bigeyes,2015,62.6
India (mainland),taxon,Bigeyes,2016,95.2
India (mainland),taxon,Bigeyes,2017,79.9
India (mainland),taxon,Bigeyes,2018,58.5
India (mainland),taxon,Bigeyes,2019,72.3
India (mainland),taxon,Common pencil squids,1970,5.1
India (mainland),taxon,Common pencil squids,1971,4.9
India (mainland),taxon,Common pencil squids,1972,5.1
India (mainland),taxon,Common pencil squids,1973,11.9
India (mainland),taxon,Common pencil squids,1974,26.1
India (mainland),taxon,Common pencil squids,1975,39.7
India (mainland),taxon,Common pencil squids,1976,28.9
India (mainland),taxon,Common pencil squids,1977,133.3
India (mainland),taxon,Common pencil squids,1978,144.8
India (mainland),taxon,Common pencil squids,1979,140.0
India (mainland),taxon,Common pencil squids,1980,126.7
India (mainland),taxon,Common pencil squids,1981,133.6
India (mainland),taxon,Common pencil squids,1982,154.7
India (mainland),taxon,Common pencil squids,1983,146.7
India (mainland),taxon,Common pencil squids,1984,216.9
India (mainland),taxon,Common pencil squids,1985,172.6
India (mainland),taxon,Common pencil squids,1986,222.6
India (mainland),taxon,Common pencil squids,1987,289.5
India (mainland),taxon,Common pencil squids,1988,265.3
India (mainland),taxon,Common pencil squids,1989,283.1
India (mainland),taxon,Common pencil squids,1990,281.2
India (mainland),taxon,Common pencil squids,1991,468.5
India (mainland),taxon,Common pencil squids,1992,524.8
India (mainland),taxon,Common pencil squids,1993,642.3
India (mainland),taxon,Common pencil squids,1994,695.3
India (mainland),taxon,Common pencil squids,1995,781.2
India (mainland),taxon,Common pencil squids,1996,975.6
India (mainland),taxon,Common pencil squids,1997,1013.1
India (mainland),taxon,Common pencil squids,1998,1129.7
India (mainland),taxon,Common pencil squids,1999,846.7
India (mainland),taxon,Common pencil squids,2000,781.2
India (mainland),taxon,Common pencil squids,2001,573.5
India (mainland),taxon,Common pencil squids,2002,692.3
India (mainland),taxon,Common pencil squids,2003,547.3
India (mainland),taxon,Common pencil squids,2004,724.5
India (mainland),taxon,Common pencil squids,2005,514.6
India (mainland),taxon,Common pencil squids,2006,501.4
India (mainland),taxon,Common pencil squids,2007,596.5
India (mainland),taxon,Common pencil squids,2008,404.6
India (mainland),taxon,Common pencil squids,2009,426.2
India (mainland),taxon,Common pencil squids,2010,279.1
India (mainland),taxon,Common pencil squids,2011,244.7
India (mainland),taxon,Common pencil squids,2012,133.2
India (mainland),taxon,Common pencil squids,2013,156.7
India (mainland),taxon,Common pencil squids,2014,75.3
India (mainland),taxon,Common pencil squids,2015,103.1
India (mainland),taxon,Common pencil squids,2016,187.0
India (mainland),taxon,Common pencil squids,2017,177.1
India (mainland),taxon,Common pencil squids,2018,197.3
India (mainland),taxon,Common pencil squids,2019,243.3
India (mainland),taxon,Torpedo scad,1953,0.0
India (mainland),taxon,Torpedo scad,1966,1.7
India (mainland),taxon,Torpedo scad,1970,5.2
India (mainland),taxon,Torpedo scad,1971,2.7
India (mainland),taxon,Torpedo scad,1972,0.6
India (mainland),taxon,Torpedo scad,1973,2.1
India (mainland),taxon,Torpedo scad,1974,15.1
India (mainland),taxon,Torpedo scad,1975,18.1
India (mainland),taxon,Torpedo scad,1976,13.9
India (mainland),taxon,Torpedo scad,1977,10.4
India (mainland),taxon,Torpedo scad,1978,9.1
India (mainland),taxon,Torpedo scad,1979,34.3
India (mainland),taxon,Torpedo scad,1980,9.4
India (mainland),taxon,Torpedo scad,1981,13.7
India (mainland),taxon,Torpedo scad,1982,40.0
India (mainland),taxon,Torpedo scad,1983,83.3
India (mainland),taxon,Torpedo scad,1984,129.6
India (mainland),taxon,Torpedo scad,1985,87.6
India (mainland),taxon,Torpedo scad,1986,51.1
India (mainland),taxon,Torpedo scad,1987,147.1
India (mainland),taxon,Torpedo scad,1988,167.4
India (mainland),taxon,Torpedo scad,1989,301.9
India (mainland),taxon,Torpedo scad,1990,334.7
India (mainland),taxon,Torpedo scad,1991,444.0
India (mainland),taxon,Torpedo scad,1992,192.5
India (mainland),taxon,Torpedo scad,1993,212.0
India (mainland),taxon,Torpedo scad,1994,670.6
India (mainland),taxon,Torpedo scad,1995,366.6
India (mainland),taxon,Torpedo scad,1996,757.9
India (mainland),taxon,Torpedo scad,1997,882.1
India (mainland),taxon,Torpedo scad,1998,1009.7
India (mainland),taxon,Torpedo scad,1999,753.2
India (mainland),taxon,Torpedo scad,2000,572.7
India (mainland),taxon,Torpedo scad,2001,582.2
India (mainland),taxon,Torpedo scad,2002,671.1
India (mainland),taxon,Torpedo scad,2003,420.6
India (mainland),taxon,Torpedo scad,2004,544.1
India (mainland),taxon,Torpedo scad,2005,1083.9
India (mainland),taxon,Torpedo scad,2006,716.7
India (mainland),taxon,Torpedo scad,2007,658.6
India (mainland),taxon,Torpedo scad,2008,374.5
India (mainland),taxon,Torpedo scad,2009,407.7
India (mainland),taxon,Torpedo scad,2010,183.9
India (mainland),taxon,Torpedo scad,2011,301.4
India (mainland),taxon,Torpedo scad,2012,141.9
India (mainland),taxon,Torpedo scad,2013,148.7
India (mainland),taxon,Torpedo scad,2014,76.4
India (mainland),taxon,Torpedo scad,2015,88.2
India (mainland),taxon,Torpedo scad,2016,214.8
India (mainland),taxon,Torpedo scad,2017,246.7
India (mainland),taxon,Torpedo scad,2018,210.6
India (mainland),taxon,Torpedo scad,2019,244.6
India (mainland),taxon,Tiger prawns,1965,76.2
India (mainland),taxon,Tiger prawns,1966,109.0
India (mainland),taxon,Tiger prawns,1967,165.0
India (mainland),taxon,Tiger prawns,1968,179.5
India (mainland),taxon,Tiger prawns,1969,180.9
India (mainland),taxon,Tiger prawns,1970,80.9
India (mainland),taxon,Tiger prawns,1971,83.2
India (mainland),taxon,Tiger prawns,1972,113.0
India (mainland),taxon,Tiger prawns,1973,406.3
India (mainland),taxon,Tiger prawns,1974,19.6
India (mainland),taxon,Tiger prawns,1975,67.9
India (mainland),taxon,Tiger prawns,1976,54.3
India (mainland),taxon,Tiger prawns,1977,248.4
India (mainland),taxon,Tiger prawns,1978,248.2
India (mainland),taxon,Tiger prawns,1979,222.9
India (mainland),taxon,Tiger prawns,1980,110.4
India (mainland),taxon,Tiger prawns,1981,261.5
India (mainland),taxon,Tiger prawns,1982,279.0
India (mainland),taxon,Tiger prawns,1983,272.9
India (mainland),taxon,Tiger prawns,1984,240.1
India (mainland),taxon,Tiger prawns,1985,245.5
India (mainland),taxon,Tiger prawns,1986,282.0
India (mainland),taxon,Tiger prawns,1987,266.2
India (mainland),taxon,Tiger prawns,1988,256.1
India (mainland),taxon,Tiger prawns,1989,249.1
India (mainland),taxon,Tiger prawns,1990,235.2
India (mainland),taxon,Tiger prawns,1991,592.4
India (mainland),taxon,Tiger prawns,1992,428.4
India (mainland),taxon,Tiger prawns,1993,434.0
India (mainland),taxon,Tiger prawns,1994,468.2
India (mainland),taxon,Tiger prawns,1995,430.4
India (mainland),taxon,Tiger prawns,1996,495.9
India (mainland),taxon,Tiger prawns,1997,535.7
India (mainland),taxon,Tiger prawns,1998,442.7
India (mainland),taxon,Tiger prawns,1999,452.4
India (mainland),taxon,Tiger prawns,2000,326.0
India (mainland),taxon,Tiger prawns,2001,477.4
India (mainland),taxon,Tiger prawns,2002,268.9
India (mainland),taxon,Tiger prawns,2003,288.8
India (mainland),taxon,Tiger prawns,2004,331.8
India (mainland),taxon,Tiger prawns,2005,296.2
India (mainland),taxon,Tiger prawns,2006,248.7
India (mainland),taxon,Tiger prawns,2007,244.1
India (mainland),taxon,Tiger prawns,2008,119.9
India (mainland),taxon,Tiger prawns,2009,151.4
India (mainland),taxon,Tiger prawns,2010,65.2
India (mainland),taxon,Tiger prawns,2011,67.9
India (mainland),taxon,Tiger prawns,2012,36.5
India (mainland),taxon,Tiger prawns,2013,25.7
India (mainland),taxon,Tiger prawns,2014,14.0
India (mainland),taxon,Tiger prawns,2015,5.9
India (mainland),taxon,Tiger prawns,2016,13.4
India (mainland),taxon,Tiger prawns,2017,26.2
India (mainland),taxon,Tiger prawns,2018,13.0
India (mainland),taxon,Tiger prawns,2019,22.5
India (mainland),taxon,Wahoo,1980,0.9
India (mainland),taxon,Wahoo,1981,27.9
India (mainland),taxon,Wahoo,1982,37.3
India (mainland),taxon,Wahoo,1983,144.9
India (mainland),taxon,Wahoo,1984,100.7
India (mainland),taxon,Wahoo,1985,63.1
India (mainland),taxon,Wahoo,1986,77.5
India (mainland),taxon,Wahoo,1987,90.6
India (mainland),taxon,Wahoo,1988,105.9
India (mainland),taxon,Wahoo,1989,390.3
India (mainland),taxon,Wahoo,1990,160.4
India (mainland),taxon,Wahoo,1991,666.0
India (mainland),taxon,Wahoo,1992,197.9
India (mainland),taxon,Wahoo,1993,267.1
India (mainland),taxon,Wahoo,1994,246.9
India (mainland),taxon,Wahoo,1995,197.3
India (mainland),taxon,Wahoo,1996,155.1
India (mainland),taxon,Wahoo,1997,138.6
India (mainland),taxon,Wahoo,1998,132.1
India (mainland),taxon,Wahoo,1999,188.8
India (mainland),taxon,Wahoo,2000,261.4
India (mainland),taxon,Wahoo,2001,305.1
India (mainland),taxon,Wahoo,2002,111.9
India (mainland),taxon,Wahoo,2003,247.0
India (mainland),taxon,Wahoo,2004,310.3
India (mainland),taxon,Wahoo,2005,354.4
India (mainland),taxon,Wahoo,2006,368.0
India (mainland),taxon,Wahoo,2007,188.3
India (mainland),taxon,Wahoo,2008,211.5
India (mainland),taxon,Wahoo,2009,250.5
India (mainland),taxon,Wahoo,2010,131.6
India (mainland),taxon,Wahoo,2011,182.4
India (mainland),taxon,Wahoo,2012,950.5
India (mainland),taxon,Wahoo,2013,540.1
India (mainland),taxon,Wahoo,2014,1048.0
India (mainland),taxon,Wahoo,2015,1026.4
India (mainland),taxon,Wahoo,2016,509.4
India (mainland),taxon,Wahoo,2017,420.4
India (mainland),taxon,Wahoo,2018,473.1
India (mainland),taxon,Wahoo,2019,779.6
India (mainland),taxon,Lizardfishes,1970,1.3
India (mainland),taxon,Lizardfishes,1971,34.3
India (mainland),taxon,Lizardfishes,1972,41.1
India (mainland),taxon,Lizardfishes,1973,107.5
India (mainland),taxon,Lizardfishes,1974,91.7
India (mainland),taxon,Lizardfishes,1975,23.7
India (mainland),taxon,Lizardfishes,1976,110.7
India (mainland),taxon,Lizardfishes,1977,81.8
India (mainland),taxon,Lizardfishes,1978,19.6
India (mainland),taxon,Lizardfishes,1979,22.3
India (mainland),taxon,Lizardfishes,1980,15.6
India (mainland),taxon,Lizardfishes,1981,35.0
India (mainland),taxon,Lizardfishes,1982,31.1
India (mainland),taxon,Lizardfishes,1983,28.9
India (mainland),taxon,Lizardfishes,1984,33.9
India (mainland),taxon,Lizardfishes,1985,54.6
India (mainland),taxon,Lizardfishes,1986,60.6
India (mainland),taxon,Lizardfishes,1987,44.3
India (mainland),taxon,Lizardfishes,1988,46.1
India (mainland),taxon,Lizardfishes,1989,69.3
India (mainland),taxon,Lizardfishes,1990,136.6
India (mainland),taxon,Lizardfishes,1991,143.5
India (mainland),taxon,Lizardfishes,1992,250.4
India (mainland),taxon,Lizardfishes,1993,436.3
India (mainland),taxon,Lizardfishes,1994,561.8
India (mainland),taxon,Lizardfishes,1995,505.2
India (mainland),taxon,Lizardfishes,1996,448.5
India (mainland),taxon,Lizardfishes,1997,389.3
India (mainland),taxon,Lizardfishes,1998,1928.7
India (mainland),taxon,Lizardfishes,1999,527.0
India (mainland),taxon,Lizardfishes,2000,623.7
India (mainland),taxon,Lizardfishes,2001,206.4
India (mainland),taxon,Lizardfishes,2002,203.8
India (mainland),taxon,Lizardfishes,2003,232.2
India (mainland),taxon,Lizardfishes,2004,425.2
India (mainland),taxon,Lizardfishes,2005,158.3
India (mainland),taxon,Lizardfishes,2006,130.2
India (mainland),taxon,Lizardfishes,2007,230.9
India (mainland),taxon,Lizardfishes,2008,377.1
India (mainland),taxon,Lizardfishes,2009,372.9
India (mainland),taxon,Lizardfishes,2010,244.6
India (mainland),taxon,Lizardfishes,2011,167.4
India (mainland),taxon,Lizardfishes,2012,118.1
India (mainland),taxon,Lizardfishes,2013,179.7
India (mainland),taxon,Lizardfishes,2014,79.4
India (mainland),taxon,Lizardfishes,2015,133.3
India (mainland),taxon,Lizardfishes,2016,192.7
India (mainland),taxon,Lizardfishes,2017,173.1
India (mainland),taxon,Lizardfishes,2018,124.8
India (mainland),taxon,Lizardfishes,2019,175.9
India (mainland),taxon,Striped marlin,1952,0.5
India (mainland),taxon,Striped marlin,1953,1.7
India (mainland),taxon,Striped marlin,1954,19.9
India (mainland),taxon,Striped marlin,1955,58.9
India (mainland),taxon,Striped marlin,1956,147.0
India (mainland),taxon,Striped marlin,1958,10.7
India (mainland),taxon,Striped marlin,1959,70.2
India (mainland),taxon,Striped marlin,1960,97.2
India (mainland),taxon,Striped marlin,1961,118.3
India (mainland),taxon,Striped marlin,1963,16.5
India (mainland),taxon,Striped marlin,1964,71.1
India (mainland),taxon,Striped marlin,1966,76.5
India (mainland),taxon,Striped marlin,1968,93.7
India (mainland),taxon,Striped marlin,1969,229.3
India (mainland),taxon,Striped marlin,1970,377.8
India (mainland),taxon,Striped marlin,1971,309.6
India (mainland),taxon,Striped marlin,1972,171.7
India (mainland),taxon,Striped marlin,1973,95.3
India (mainland),taxon,Striped marlin,1974,1.1
India (mainland),taxon,Striped marlin,1975,192.9
India (mainland),taxon,Striped marlin,1976,204.8
India (mainland),taxon,Striped marlin,1977,122.2
India (mainland),taxon,Striped marlin,1978,187.9
India (mainland),taxon,Striped marlin,1979,223.2
India (mainland),taxon,Striped marlin,1980,89.8
India (mainland),taxon,Striped marlin,1981,151.8
India (mainland),taxon,Striped marlin,1982,45.7
India (mainland),taxon,Striped marlin,1983,87.7
India (mainland),taxon,Striped marlin,1984,182.3
India (mainland),taxon,Striped marlin,1985,40.9
India (mainland),taxon,Striped marlin,1986,679.4
India (mainland),taxon,Striped marlin,1987,456.7
India (mainland),taxon,Striped marlin,1988,357.8
India (mainland),taxon,Striped marlin,1989,677.4
India (mainland),taxon,Striped marlin,1990,93.4
India (mainland),taxon,Striped marlin,1991,237.2
India (mainland),taxon,Striped marlin,1992,17.4
India (mainland),taxon,Striped marlin,1993,20.4
India (mainland),taxon,Striped marlin,1994,278.1
India (mainland),taxon,Striped marlin,1995,435.0
India (mainland),taxon,Striped marlin,1996,291.5
India (mainland),taxon,Striped marlin,1997,222.6
India (mainland),taxon,Striped marlin,1998,557.0
India (mainland),taxon,Striped marlin,1999,611.7
India (mainland),taxon,Striped marlin,2000,162.0
India (mainland),taxon,Striped marlin,2001,119.3
India (mainland),taxon,Striped marlin,2002,146.8
India (mainland),taxon,Striped marlin,2003,142.4
India (mainland),taxon,Striped marlin,2004,109.4
India (mainland),taxon,Striped marlin,2005,124.6
India (mainland),taxon,Striped marlin,2006,60.6
India (mainland),taxon,Striped marlin,2007,91.6
India (mainland),taxon,Striped marlin,2008,159.3
India (mainland),taxon,Striped marlin,2009,79.4
India (mainland),taxon,Striped marlin,2010,102.8
India (mainland),taxon,Striped marlin,2011,109.9
India (mainland),taxon,Striped marlin,2012,0.3
India (mainland),taxon,Striped marlin,2013,0.2
India (mainland),taxon,Striped marlin,2014,5.5
India (mainland),taxon,Striped marlin,2015,278.8
India (mainland),taxon,Striped marlin,2016,1.0
India (mainland),taxon,Striped marlin,2017,0.6
India (mainland),taxon,Striped marlin,2018,2.0
India (mainland),taxon,Striped marlin,2019,6.6
India (mainland),taxon,Common dolphinfish,2004,0.0
India (mainland),taxon,Common dolphinfish,2007,0.1
India (mainland),taxon,Common dolphinfish,2008,1.0
India (mainland),taxon,Common dolphinfish,2009,0.2
India (mainland),taxon,Common dolphinfish,2010,0.3
India (mainland),taxon,Common dolphinfish,2011,0.0
India (mainland),taxon,Common dolphinfish,2012,0.2
India (mainland),taxon,Common dolphinfish,2013,1206.1
India (mainland),taxon,Common dolphinfish,2014,2532.1
India (mainland),taxon,Common dolphinfish,2015,2249.2
India (mainland),taxon,Common dolphinfish,2016,1680.3
India (mainland),taxon,Common dolphinfish,2017,1066.8
India (mainland),taxon,Common dolphinfish,2018,502.2
India (mainland),taxon,Common dolphinfish,2019,478.1
India (mainland),taxon,Blue swimming crab,1961,0.0
India (mainland),taxon,Blue swimming crab,1962,0.0
India (mainland),taxon,Blue swimming crab,1963,0.8
India (mainland),taxon,Blue swimming crab,1964,0.4
India (mainland),taxon,Blue swimming crab,1965,0.8
India (mainland),taxon,Blue swimming crab,1966,1.0
India (mainland),taxon,Blue swimming crab,1967,0.6
India (mainland),taxon,Blue swimming crab,1968,0.4
India (mainland),taxon,Blue swimming crab,1969,0.5
India (mainland),taxon,Blue swimming crab,1970,1.9
India (mainland),taxon,Blue swimming crab,1971,1.9
India (mainland),taxon,Blue swimming crab,1972,2.6
India (mainland),taxon,Blue swimming crab,1973,3.3
India (mainland),taxon,Blue swimming crab,1974,0.8
India (mainland),taxon,Blue swimming crab,1975,2.6
India (mainland),taxon,Blue swimming crab,1976,2.1
India (mainland),taxon,Blue swimming crab,1977,26.0
India (mainland),taxon,Blue swimming crab,1978,62.1
India (mainland),taxon,Blue swimming crab,1979,60.7
India (mainland),taxon,Blue swimming crab,1980,90.3
India (mainland),taxon,Blue swimming crab,1981,103.5
India (mainland),taxon,Blue swimming crab,1982,88.2
India (mainland),taxon,Blue swimming crab,1983,72.8
India (mainland),taxon,Blue swimming crab,1984,95.2
India (mainland),taxon,Blue swimming crab,1985,96.7
India (mainland),taxon,Blue swimming crab,1986,185.7
India (mainland),taxon,Blue swimming crab,1987,167.2
India (mainland),taxon,Blue swimming crab,1988,167.3
India (mainland),taxon,Blue swimming crab,1989,196.7
India (mainland),taxon,Blue swimming crab,1990,166.1
India (mainland),taxon,Blue swimming crab,1991,196.4
India (mainland),taxon,Blue swimming crab,1992,190.5
India (mainland),taxon,Blue swimming crab,1993,275.1
India (mainland),taxon,Blue swimming crab,1994,233.8
India (mainland),taxon,Blue swimming crab,1995,288.4
India (mainland),taxon,Blue swimming crab,1996,298.6
India (mainland),taxon,Blue swimming crab,1997,284.5
India (mainland),taxon,Blue swimming crab,1998,585.4
India (mainland),taxon,Blue swimming crab,1999,377.3
India (mainland),taxon,Blue swimming crab,2000,281.2
India (mainland),taxon,Blue swimming crab,2001,271.9
India (mainland),taxon,Blue swimming crab,2002,303.5
India (mainland),taxon,Blue swimming crab,2003,408.3
India (mainland),taxon,Blue swimming crab,2004,401.8
India (mainland),taxon,Blue swimming crab,2005,485.8
India (mainland),taxon,Blue swimming crab,2006,377.2
India (mainland),taxon,Blue swimming crab,2007,410.4
India (mainland),taxon,Blue swimming crab,2008,238.3
India (mainland),taxon,Blue swimming crab,2009,276.6
India (mainland),taxon,Blue swimming crab,2010,212.7
India (mainland),taxon,Blue swimming crab,2011,269.3
India (mainland),taxon,Blue swimming crab,2012,142.2
India (mainland),taxon,Blue swimming crab,2013,133.7
India (mainland),taxon,Blue swimming crab,2014,51.8
India (mainland),taxon,Blue swimming crab,2015,87.2
India (mainland),taxon,Blue swimming crab,2016,72.3
India (mainland),taxon,Blue swimming crab,2017,99.1
India (mainland),taxon,Blue swimming crab,2018,99.8
India (mainland),taxon,Blue swimming crab,2019,147.7
India (mainland),taxon,Hammerhead sharks,1981,59.9
India (mainland),taxon,Hammerhead sharks,1982,88.9
India (mainland),taxon,Hammerhead sharks,1983,110.8
India (mainland),taxon,Hammerhead sharks,1984,176.4
India (mainland),taxon,Hammerhead sharks,1985,160.2
India (mainland),taxon,Hammerhead sharks,1986,212.5
India (mainland),taxon,Hammerhead sharks,1987,253.2
India (mainland),taxon,Hammerhead sharks,1988,319.6
India (mainland),taxon,Hammerhead sharks,1989,479.3
India (mainland),taxon,Hammerhead sharks,1990,271.0
India (mainland),taxon,Hammerhead sharks,1991,319.2
India (mainland),taxon,Hammerhead sharks,1992,273.1
India (mainland),taxon,Hammerhead sharks,1993,447.4
India (mainland),taxon,Hammerhead sharks,1994,428.1
India (mainland),taxon,Hammerhead sharks,1995,289.9
India (mainland),taxon,Hammerhead sharks,1996,319.1
India (mainland),taxon,Hammerhead sharks,1997,116.6
India (mainland),taxon,Hammerhead sharks,1998,246.7
India (mainland),taxon,Hammerhead sharks,1999,116.7
India (mainland),taxon,Hammerhead sharks,2000,108.1
India (mainland),taxon,Hammerhead sharks,2001,81.2
India (mainland),taxon,Hammerhead sharks,2002,281.8
India (mainland),taxon,Hammerhead sharks,2003,225.9
India (mainland),taxon,Hammerhead sharks,2004,431.5
India (mainland),taxon,Hammerhead sharks,2005,163.2
India (mainland),taxon,Hammerhead sharks,2006,196.5
India (mainland),taxon,Hammerhead sharks,2007,91.5
India (mainland),taxon,Hammerhead sharks,2008,105.3
India (mainland),taxon,Hammerhead sharks,2009,116.9
India (mainland),taxon,Hammerhead sharks,2010,107.4
India (mainland),taxon,Hammerhead sharks,2011,115.8
India (mainland),taxon,Hammerhead sharks,2012,190.6
India (mainland),taxon,Hammerhead sharks,2013,201.5
India (mainland),taxon,Hammerhead sharks,2014,261.3
India (mainland),taxon,Hammerhead sharks,2015,234.8
India (mainland),taxon,Hammerhead sharks,2016,345.2
India (mainland),taxon,Hammerhead sharks,2017,235.4
India (mainland),taxon,Hammerhead sharks,2019,214.0
India (mainland),taxon,Striped bonito,1978,0.7
India (mainland),taxon,Striped bonito,1979,0.8
India (mainland),taxon,Striped bonito,1980,0.7
India (mainland),taxon,Striped bonito,1981,28.0
India (mainland),taxon,Striped bonito,1982,49.9
India (mainland),taxon,Striped bonito,1983,68.4
India (mainland),taxon,Striped bonito,1984,71.1
India (mainland),taxon,Striped bonito,1985,97.8
India (mainland),taxon,Striped bonito,1986,108.0
India (mainland),taxon,Striped bonito,1987,129.8
India (mainland),taxon,Striped bonito,1988,154.1
India (mainland),taxon,Striped bonito,1989,176.6
India (mainland),taxon,Striped bonito,1990,221.4
India (mainland),taxon,Striped bonito,1991,246.6
India (mainland),taxon,Striped bonito,1992,271.8
India (mainland),taxon,Striped bonito,1993,297.0
India (mainland),taxon,Striped bonito,1994,320.8
India (mainland),taxon,Striped bonito,1995,378.1
India (mainland),taxon,Striped bonito,1996,385.6
India (mainland),taxon,Striped bonito,1997,467.6
India (mainland),taxon,Striped bonito,1998,463.1
India (mainland),taxon,Striped bonito,1999,458.9
India (mainland),taxon,Striped bonito,2000,420.5
India (mainland),taxon,Striped bonito,2001,356.8
India (mainland),taxon,Striped bonito,2002,332.4
India (mainland),taxon,Striped bonito,2003,532.8
India (mainland),taxon,Striped bonito,2004,534.6
India (mainland),taxon,Striped bonito,2005,417.6
India (mainland),taxon,Striped bonito,2006,414.0
India (mainland),taxon,Striped bonito,2007,379.8
India (mainland),taxon,Striped bonito,2008,408.6
India (mainland),taxon,Striped bonito,2011,0.0
India (mainland),taxon,Striped bonito,2019,5.6
India (mainland),taxon,Largehead hairtail,1963,21.3
India (mainland),taxon,Largehead hairtail,1965,63.8
India (mainland),taxon,Largehead hairtail,1966,191.5
India (mainland),taxon,Largehead hairtail,1967,149.9
India (mainland),taxon,Largehead hairtail,1969,128.5
India (mainland),taxon,Largehead hairtail,1970,170.9
India (mainland),taxon,Largehead hairtail,1971,0.1
India (mainland),taxon,Largehead hairtail,1972,21.7
India (mainland),taxon,Largehead hairtail,1973,119.6
India (mainland),taxon,Largehead hairtail,1974,198.8
India (mainland),taxon,Largehead hairtail,1975,36.5
India (mainland),taxon,Largehead hairtail,1976,8.4
India (mainland),taxon,Largehead hairtail,1977,39.7
India (mainland),taxon,Largehead hairtail,1978,31.4
India (mainland),taxon,Largehead hairtail,1979,25.1
India (mainland),taxon,Largehead hairtail,1980,20.8
India (mainland),taxon,Largehead hairtail,1981,29.2
India (mainland),taxon,Largehead hairtail,1982,19.2
India (mainland),taxon,Largehead hairtail,1983,18.9
India (mainland),taxon,Largehead hairtail,1984,26.2
India (mainland),taxon,Largehead hairtail,1985,58.1
India (mainland),taxon,Largehead hairtail,1986,51.7
India (mainland),taxon,Largehead hairtail,1987,50.6
India (mainland),taxon,Largehead hairtail,1988,68.5
India (mainland),taxon,Largehead hairtail,1989,76.9
India (mainland),taxon,Largehead hairtail,1990,109.6
India (mainland),taxon,Largehead hairtail,1991,98.5
India (mainland),taxon,Largehead hairtail,1992,48.1
India (mainland),taxon,Largehead hairtail,1993,117.2
India (mainland),taxon,Largehead hairtail,1994,222.9
India (mainland),taxon,Largehead hairtail,1995,423.3
India (mainland),taxon,Largehead hairtail,1996,491.9
India (mainland),taxon,Largehead hairtail,1997,568.9
India (mainland),taxon,Largehead hairtail,1998,759.8
India (mainland),taxon,Largehead hairtail,1999,392.3
India (mainland),taxon,Largehead hairtail,2000,317.0
India (mainland),taxon,Largehead hairtail,2001,279.8
India (mainland),taxon,Largehead hairtail,2002,346.0
India (mainland),taxon,Largehead hairtail,2003,298.7
India (mainland),taxon,Largehead hairtail,2004,318.5
India (mainland),taxon,Largehead hairtail,2005,295.0
India (mainland),taxon,Largehead hairtail,2006,288.2
India (mainland),taxon,Largehead hairtail,2007,269.8
India (mainland),taxon,Largehead hairtail,2008,90.9
India (mainland),taxon,Largehead hairtail,2009,101.0
India (mainland),taxon,Largehead hairtail,2010,42.9
India (mainland),taxon,Largehead hairtail,2011,48.3
India (mainland),taxon,Largehead hairtail,2012,30.7
India (mainland),taxon,Largehead hairtail,2013,10.9
India (mainland),taxon,Largehead hairtail,2014,3.5
India (mainland),taxon,Largehead hairtail,2015,25.6
India (mainland),taxon,Largehead hairtail,2016,33.9
India (mainland),taxon,Largehead hairtail,2017,28.6
India (mainland),taxon,Largehead hairtail,2018,149.7
India (mainland),taxon,Largehead hairtail,2019,134.5
India (mainland),taxon,"Sea catfishes, coblers",1965,323.7
India (mainland),taxon,"Sea catfishes, coblers",1966,1248.4
India (mainland),taxon,"Sea catfishes, coblers",1967,1647.8
India (mainland),taxon,"Sea catfishes, coblers",1970,50.5
India (mainland),taxon,"Sea catfishes, coblers",1971,48.9
India (mainland),taxon,"Sea catfishes, coblers",1972,51.4
India (mainland),taxon,"Sea catfishes, coblers",1973,1229.0
India (mainland),taxon,"Sea catfishes, coblers",1974,774.9
India (mainland),taxon,"Sea catfishes, coblers",1975,126.1
India (mainland),taxon,"Sea catfishes, coblers",1976,170.9
India (mainland),taxon,"Sea catfishes, coblers",1977,91.7
India (mainland),taxon,"Sea catfishes, coblers",1978,8.5
India (mainland),taxon,"Sea catfishes, coblers",1979,10.4
India (mainland),taxon,"Sea catfishes, coblers",1980,19.3
India (mainland),taxon,"Sea catfishes, coblers",1981,37.7
India (mainland),taxon,"Sea catfishes, coblers",1982,11.9
India (mainland),taxon,"Sea catfishes, coblers",1983,20.4
India (mainland),taxon,"Sea catfishes, coblers",1984,17.1
India (mainland),taxon,"Sea catfishes, coblers",1985,11.3
India (mainland),taxon,"Sea catfishes, coblers",1986,3.6
India (mainland),taxon,"Sea catfishes, coblers",1987,1.3
India (mainland),taxon,"Sea catfishes, coblers",1988,2.3
India (mainland),taxon,"Sea catfishes, coblers",1989,2.5
India (mainland),taxon,"Sea catfishes, coblers",1990,2.9
India (mainland),taxon,"Sea catfishes, coblers",1991,3.1
India (mainland),taxon,"Sea catfishes, coblers",1992,3.5
India (mainland),taxon,"Sea catfishes, coblers",1993,37.5
India (mainland),taxon,"Sea catfishes, coblers",1994,2.5
India (mainland),taxon,"Sea catfishes, coblers",1995,2.5
India (mainland),taxon,"Sea catfishes, coblers",1996,84.2
India (mainland),taxon,"Sea catfishes, coblers",1997,84.0
India (mainland),taxon,"Sea catfishes, coblers",1998,197.0
India (mainland),taxon,"Sea catfishes, coblers",1999,175.3
India (mainland),taxon,"Sea catfishes, coblers",2000,73.8
India (mainland),taxon,"Sea catfishes, coblers",2001,157.2
India (mainland),taxon,"Sea catfishes, coblers",2002,204.8
India (mainland),taxon,"Sea catfishes, coblers",2003,237.9
India (mainland),taxon,"Sea catfishes, coblers",2004,276.1
India (mainland),taxon,"Sea catfishes, coblers",2005,119.2
India (mainland),taxon,"Sea catfishes, coblers",2006,100.9
India (mainland),taxon,"Sea catfishes, coblers",2007,70.8
India (mainland),taxon,"Sea catfishes, coblers",2008,64.7
India (mainland),taxon,"Sea catfishes, coblers",2009,54.2
India (mainland),taxon,"Sea catfishes, coblers",2010,17.3
India (mainland),taxon,"Sea catfishes, coblers",2011,20.2
India (mainland),taxon,"Sea catfishes, coblers",2012,13.3
India (mainland),taxon,"Sea catfishes, coblers",2013,2.5
India (mainland),taxon,"Sea catfishes, coblers",2014,2.4
India (mainland),taxon,"Sea catfishes, coblers",2015,1.7
India (mainland),taxon,"Sea catfishes, coblers",2016,3.6
India (mainland),taxon,"Sea catfishes, coblers",2017,4.5
India (mainland),taxon,"Sea catfishes, coblers",2018,9.2
India (mainland),taxon,"Sea catfishes, coblers",2019,5.3
India (mainland),taxon,Frigate tuna,1978,139.2
India (mainland),taxon,Frigate tuna,1979,312.8
India (mainland),taxon,Frigate tuna,1980,341.8
India (mainland),taxon,Frigate tuna,1981,190.3
India (mainland),taxon,Frigate tuna,1982,291.8
India (mainland),taxon,Frigate tuna,1983,261.7
India (mainland),taxon,Frigate tuna,1984,285.5
India (mainland),taxon,Frigate tuna,1985,462.0
India (mainland),taxon,Frigate tuna,1986,4.2
India (mainland),taxon,Frigate tuna,1987,2.3
India (mainland),taxon,Frigate tuna,1988,3.1
India (mainland),taxon,Frigate tuna,1989,3.8
India (mainland),taxon,Frigate tuna,1990,3.6
India (mainland),taxon,Frigate tuna,1991,2.4
India (mainland),taxon,Frigate tuna,1992,3.3
India (mainland),taxon,Frigate tuna,1993,11.5
India (mainland),taxon,Frigate tuna,1994,129.8
India (mainland),taxon,Frigate tuna,1995,30.5
India (mainland),taxon,Frigate tuna,1996,1056.7
India (mainland),taxon,Frigate tuna,1997,510.8
India (mainland),taxon,Frigate tuna,1998,584.9
India (mainland),taxon,Frigate tuna,1999,640.1
India (mainland),taxon,Frigate tuna,2000,274.2
India (mainland),taxon,Frigate tuna,2001,576.9
India (mainland),taxon,Frigate tuna,2002,485.4
India (mainland),taxon,Frigate tuna,2003,10.5
India (mainland),taxon,Frigate tuna,2004,9.2
India (mainland),taxon,Frigate tuna,2005,334.5
India (mainland),taxon,Frigate tuna,2006,19.4
India (mainland),taxon,Frigate tuna,2007,13.7
India (mainland),taxon,Frigate tuna,2008,7.6
India (mainland),taxon,Frigate tuna,2009,7.1
India (mainland),taxon,Frigate tuna,2010,18.7
India (mainland),taxon,Frigate tuna,2011,15.0
India (mainland),taxon,Frigate tuna,2012,11.4
India (mainland),taxon,Frigate tuna,2013,0.0
India (mainland),taxon,Frigate tuna,2015,0.1
India (mainland),taxon,Frigate tuna,2016,8.8
India (mainland),taxon,Frigate tuna,2017,0.3
India (mainland),taxon,Frigate tuna,2018,1.5
India (mainland),taxon,Frigate tuna,2019,218.5
India (mainland),taxon,Requiem sharks,1981,52.0
India (mainland),taxon,Requiem sharks,1982,77.1
India (mainland),taxon,Requiem sharks,1983,96.1
India (mainland),taxon,Requiem sharks,1984,153.0
India (mainland),taxon,Requiem sharks,1985,138.9
India (mainland),taxon,Requiem sharks,1986,184.3
India (mainland),taxon,Requiem sharks,1987,219.6
India (mainland),taxon,Requiem sharks,1988,277.2
India (mainland),taxon,Requiem sharks,1989,415.8
India (mainland),taxon,Requiem sharks,1990,235.1
India (mainland),taxon,Requiem sharks,1991,276.9
India (mainland),taxon,Requiem sharks,1992,236.9
India (mainland),taxon,Requiem sharks,1993,388.1
India (mainland),taxon,Requiem sharks,1994,371.3
India (mainland),taxon,Requiem sharks,1995,251.4
India (mainland),taxon,Requiem sharks,1996,276.8
India (mainland),taxon,Requiem sharks,1997,101.1
India (mainland),taxon,Requiem sharks,1998,214.0
India (mainland),taxon,Requiem sharks,1999,101.2
India (mainland),taxon,Requiem sharks,2000,93.7
India (mainland),taxon,Requiem sharks,2001,63.8
India (mainland),taxon,Requiem sharks,2002,241.2
India (mainland),taxon,Requiem sharks,2003,195.7
India (mainland),taxon,Requiem sharks,2004,374.0
India (mainland),taxon,Requiem sharks,2005,141.4
India (mainland),taxon,Requiem sharks,2006,170.3
India (mainland),taxon,Requiem sharks,2007,79.3
India (mainland),taxon,Requiem sharks,2008,91.3
India (mainland),taxon,Requiem sharks,2009,101.3
India (mainland),taxon,Requiem sharks,2010,94.1
India (mainland),taxon,Requiem sharks,2011,101.6
India (mainland),taxon,Requiem sharks,2012,165.5
India (mainland),taxon,Requiem sharks,2013,174.9
India (mainland),taxon,Requiem sharks,2014,226.8
India (mainland),taxon,Requiem sharks,2015,204.0
India (mainland),taxon,Requiem sharks,2016,299.5
India (mainland),taxon,Requiem sharks,2017,204.3
India (mainland),taxon,Requiem sharks,2018,0.4
India (mainland),taxon,Requiem sharks,2019,185.9
India (mainland),taxon,Octopuses,1979,0.5
India (mainland),taxon,Octopuses,1981,5.1
India (mainland),taxon,Octopuses,1982,1.7
India (mainland),taxon,Octopuses,1983,4.1
India (mainland),taxon,Octopuses,1984,6.9
India (mainland),taxon,Octopuses,1985,10.6
India (mainland),taxon,Octopuses,1986,37.8
India (mainland),taxon,Octopuses,1987,17.6
India (mainland),taxon,Octopuses,1988,20.2
India (mainland),taxon,Octopuses,1989,56.9
India (mainland),taxon,Octopuses,1990,112.5
India (mainland),taxon,Octopuses,1991,232.2
India (mainland),taxon,Octopuses,1992,228.2
India (mainland),taxon,Octopuses,1993,277.0
India (mainland),taxon,Octopuses,1994,194.6
India (mainland),taxon,Octopuses,1995,234.2
India (mainland),taxon,Octopuses,1996,449.5
India (mainland),taxon,Octopuses,1997,476.6
India (mainland),taxon,Octopuses,1998,702.0
India (mainland),taxon,Octopuses,1999,531.4
India (mainland),taxon,Octopuses,2000,474.3
India (mainland),taxon,Octopuses,2001,483.1
India (mainland),taxon,Octopuses,2002,485.8
India (mainland),taxon,Octopuses,2003,376.8
India (mainland),taxon,Octopuses,2004,477.4
India (mainland),taxon,Octopuses,2005,258.6
India (mainland),taxon,Octopuses,2006,194.8
India (mainland),taxon,Octopuses,2007,211.5
India (mainland),taxon,Octopuses,2008,135.8
India (mainland),taxon,Octopuses,2009,116.0
India (mainland),taxon,Octopuses,2010,42.7
India (mainland),taxon,Octopuses,2011,38.1
India (mainland),taxon,Octopuses,2012,23.1
India (mainland),taxon,Octopuses,2013,21.2
India (mainland),taxon,Octopuses,2014,8.9
India (mainland),taxon,Octopuses,2015,7.1
India (mainland),taxon,Octopuses,2016,11.2
India (mainland),taxon,Octopuses,2017,15.1
India (mainland),taxon,Octopuses,2018,7.5
India (mainland),taxon,Octopuses,2019,13.6
India (mainland),taxon,Banana prawn,1974,1.0
India (mainland),taxon,Banana prawn,1975,49.2
India (mainland),taxon,Banana prawn,1976,73.8
India (mainland),taxon,Banana prawn,1977,83.2
India (mainland),taxon,Banana prawn,1978,244.1
India (mainland),taxon,Banana prawn,1979,231.6
India (mainland),taxon,Banana prawn,1980,164.1
India (mainland),taxon,Banana prawn,1981,107.4
India (mainland),taxon,Banana prawn,1982,120.0
India (mainland),taxon,Banana prawn,1983,90.8
India (mainland),taxon,Banana prawn,1984,125.1
India (mainland),taxon,Banana prawn,1985,88.9
India (mainland),taxon,Banana prawn,1986,111.2
India (mainland),taxon,Banana prawn,1987,131.8
India (mainland),taxon,Banana prawn,1988,123.5
India (mainland),taxon,Banana prawn,1989,128.2
India (mainland),taxon,Banana prawn,1990,121.1
India (mainland),taxon,Banana prawn,1991,118.3
India (mainland),taxon,Banana prawn,1992,149.6
India (mainland),taxon,Banana prawn,1993,176.5
India (mainland),taxon,Banana prawn,1994,138.6
India (mainland),taxon,Banana prawn,1995,257.8
India (mainland),taxon,Banana prawn,1996,273.5
India (mainland),taxon,Banana prawn,1997,238.5
India (mainland),taxon,Banana prawn,1998,227.2
India (mainland),taxon,Banana prawn,1999,188.7
India (mainland),taxon,Banana prawn,2000,167.5
India (mainland),taxon,Banana prawn,2001,219.4
India (mainland),taxon,Banana prawn,2002,330.7
India (mainland),taxon,Banana prawn,2003,433.6
India (mainland),taxon,Banana prawn,2004,265.6
India (mainland),taxon,Banana prawn,2005,249.4
India (mainland),taxon,Banana prawn,2006,215.9
India (mainland),taxon,Banana prawn,2007,150.6
India (mainland),taxon,Banana prawn,2008,89.1
India (mainland),taxon,Banana prawn,2009,89.6
India (mainland),taxon,Banana prawn,2010,49.0
India (mainland),taxon,Banana prawn,2011,49.1
India (mainland),taxon,Banana prawn,2012,54.7
India (mainland),taxon,Banana prawn,2013,46.7
India (mainland),taxon,Banana prawn,2014,13.7
India (mainland),taxon,Banana prawn,2015,20.3
India (mainland),taxon,Banana prawn,2016,10.0
India (mainland),taxon,Banana prawn,2017,8.2
India (mainland),taxon,Banana prawn,2018,16.5
India (mainland),taxon,Banana prawn,2019,21.5
India (mainland),taxon,Venus clams,1982,13.1
India (mainland),taxon,Venus clams,1983,111.9
India (mainland),taxon,Venus clams,1984,0.0
India (mainland),taxon,Venus clams,1985,34.9
India (mainland),taxon,Venus clams,1986,176.7
India (mainland),taxon,Venus clams,1987,87.8
India (mainland),taxon,Venus clams,1988,349.7
India (mainland),taxon,Venus clams,1989,135.9
India (mainland),taxon,Venus clams,1990,52.2
India (mainland),taxon,Venus clams,1991,4.8
India (mainland),taxon,Venus clams,1992,160.0
India (mainland),taxon,Venus clams,1993,107.9
India (mainland),taxon,Venus clams,1994,214.1
India (mainland),taxon,Venus clams,1995,456.4
India (mainland),taxon,Venus clams,1996,769.8
India (mainland),taxon,Venus clams,1997,507.5
India (mainland),taxon,Venus clams,1998,290.6
India (mainland),taxon,Venus clams,1999,1129.1
India (mainland),taxon,Venus clams,2000,839.2
India (mainland),taxon,Venus clams,2001,636.2
India (mainland),taxon,Venus clams,2003,9.9
India (mainland),taxon,Venus clams,2004,10.0
India (mainland),taxon,Venus clams,2008,51.3
India (mainland),taxon,Venus clams,2009,58.6
India (mainland),taxon,Venus clams,2010,30.5
India (mainland),taxon,Venus clams,2011,0.0
India (mainland),taxon,Venus clams,2012,0.0
India (mainland),taxon,Venus clams,2014,0.4
India (mainland),taxon,Venus clams,2017,0.0
India (mainland),taxon,"Bigeyes, catalufas",1985,119.9
India (mainland),taxon,"Bigeyes, catalufas",1986,239.9
India (mainland),taxon,"Bigeyes, catalufas",1987,359.8
India (mainland),taxon,"Bigeyes, catalufas",1988,479.8
India (mainland),taxon,"Bigeyes, catalufas",1989,599.7
India (mainland),taxon,"Bigeyes, catalufas",1990,611.9
India (mainland),taxon,"Bigeyes, catalufas",1991,713.1
India (mainland),taxon,"Bigeyes, catalufas",1992,502.5
India (mainland),taxon,"Bigeyes, catalufas",1993,384.5
India (mainland),taxon,"Bigeyes, catalufas",1994,604.0
India (mainland),taxon,"Bigeyes, catalufas",1995,992.2
India (mainland),taxon,"Bigeyes, catalufas",1996,384.1
India (mainland),taxon,"Bigeyes, catalufas",1997,42.4
India (mainland),taxon,Dorab wolf-herring,1976,2.6
India (mainland),taxon,Dorab wolf-herring,1977,13.7
India (mainland),taxon,Dorab wolf-herring,1978,17.0
India (mainland),taxon,Dorab wolf-herring,1979,26.2
India (mainland),taxon,Dorab wolf-herring,1980,20.8
India (mainland),taxon,Dorab wolf-herring,1981,24.4
India (mainland),taxon,Dorab wolf-herring,1982,15.8
India (mainland),taxon,Dorab wolf-herring,1983,22.2
India (mainland),taxon,Dorab wolf-herring,1984,15.4
India (mainland),taxon,Dorab wolf-herring,1985,13.5
India (mainland),taxon,Dorab wolf-herring,1986,19.6
India (mainland),taxon,Dorab wolf-herring,1987,31.7
India (mainland),taxon,Dorab wolf-herring,1988,27.2
India (mainland),taxon,Dorab wolf-herring,1989,40.5
India (mainland),taxon,Dorab wolf-herring,1990,88.9
India (mainland),taxon,Dorab wolf-herring,1991,131.6
India (mainland),taxon,Dorab wolf-herring,1992,94.4
India (mainland),taxon,Dorab wolf-herring,1993,140.5
India (mainland),taxon,Dorab wolf-herring,1994,179.9
India (mainland),taxon,Dorab wolf-herring,1995,303.9
India (mainland),taxon,Dorab wolf-herring,1996,395.9
India (mainland),taxon,Dorab wolf-herring,1997,425.9
India (mainland),taxon,Dorab wolf-herring,1998,476.5
India (mainland),taxon,Dorab wolf-herring,1999,482.2
India (mainland),taxon,Dorab wolf-herring,2000,283.9
India (mainland),taxon,Dorab wolf-herring,2001,252.6
India (mainland),taxon,Dorab wolf-herring,2002,319.7
India (mainland),taxon,Dorab wolf-herring,2003,267.6
India (mainland),taxon,Dorab wolf-herring,2004,363.6
India (mainland),taxon,Dorab wolf-herring,2005,265.3
India (mainland),taxon,Dorab wolf-herring,2006,227.4
India (mainland),taxon,Dorab wolf-herring,2007,221.8
India (mainland),taxon,Dorab wolf-herring,2008,79.0
India (mainland),taxon,Dorab wolf-herring,2009,80.9
India (mainland),taxon,Dorab wolf-herring,2010,59.4
India (mainland),taxon,Dorab wolf-herring,2011,50.7
India (mainland),taxon,Dorab wolf-herring,2012,35.5
India (mainland),taxon,Dorab wolf-herring,2013,16.7
India (mainland),taxon,Dorab wolf-herring,2014,7.3
India (mainland),taxon,Dorab wolf-herring,2015,14.0
India (mainland),taxon,Dorab wolf-herring,2016,27.6
India (mainland),taxon,Dorab wolf-herring,2017,27.7
India (mainland),taxon,Dorab wolf-herring,2018,34.1
India (mainland),taxon,Dorab wolf-herring,2019,31.0
India (mainland),taxon,Oceanic whitetip shark,1981,4.0
India (mainland),taxon,Oceanic whitetip shark,1982,6.0
India (mainland),taxon,Oceanic whitetip shark,1983,7.5
India (mainland),taxon,Oceanic whitetip shark,1984,11.9
India (mainland),taxon,Oceanic whitetip shark,1985,10.8
India (mainland),taxon,Oceanic whitetip shark,1986,14.4
India (mainland),taxon,Oceanic whitetip shark,1987,17.1
India (mainland),taxon,Oceanic whitetip shark,1988,21.6
India (mainland),taxon,Oceanic whitetip shark,1989,32.4
India (mainland),taxon,Oceanic whitetip shark,1990,82.1
India (mainland),taxon,Oceanic whitetip shark,1991,104.8
India (mainland),taxon,Oceanic whitetip shark,1992,139.3
India (mainland),taxon,Oceanic whitetip shark,1993,211.8
India (mainland),taxon,Oceanic whitetip shark,1994,321.6
India (mainland),taxon,Oceanic whitetip shark,1995,327.4
India (mainland),taxon,Oceanic whitetip shark,1996,304.8
India (mainland),taxon,Oceanic whitetip shark,1997,469.5
India (mainland),taxon,Oceanic whitetip shark,1998,425.7
India (mainland),taxon,Oceanic whitetip shark,1999,628.6
India (mainland),taxon,Oceanic whitetip shark,2000,538.1
India (mainland),taxon,Oceanic whitetip shark,2001,171.1
India (mainland),taxon,Oceanic whitetip shark,2002,117.4
India (mainland),taxon,Oceanic whitetip shark,2003,354.4
India (mainland),taxon,Oceanic whitetip shark,2004,211.9
India (mainland),taxon,Oceanic whitetip shark,2005,88.5
India (mainland),taxon,Oceanic whitetip shark,2006,75.8
India (mainland),taxon,Oceanic whitetip shark,2007,52.5
India (mainland),taxon,Oceanic whitetip shark,2008,51.0
India (mainland),taxon,Oceanic whitetip shark,2009,58.5
India (mainland),taxon,Oceanic whitetip shark,2010,149.1
India (mainland),taxon,Oceanic whitetip shark,2011,163.3
India (mainland),taxon,Oceanic whitetip shark,2012,162.6
India (mainland),taxon,Oceanic whitetip shark,2013,55.2
India (mainland),taxon,Oceanic whitetip shark,2014,97.9
India (mainland),taxon,Oceanic whitetip shark,2015,106.0
India (mainland),taxon,Oceanic whitetip shark,2016,24.0
India (mainland),taxon,Oceanic whitetip shark,2017,15.7
India (mainland),taxon,Oceanic whitetip shark,2018,3.5
India (mainland),taxon,Oceanic whitetip shark,2019,18.6
India (mainland),taxon,Streaked seerfish,1980,42.0
India (mainland),taxon,Streaked seerfish,1981,330.6
India (mainland),taxon,Streaked seerfish,1982,192.9
India (mainland),taxon,Streaked seerfish,1983,278.7
India (mainland),taxon,Streaked seerfish,1984,256.6
India (mainland),taxon,Streaked seerfish,1985,46.8
India (mainland),taxon,Streaked seerfish,1986,163.5
India (mainland),taxon,Streaked seerfish,1987,76.3
India (mainland),taxon,Streaked seerfish,1988,558.0
India (mainland),taxon,Streaked seerfish,1989,65.4
India (mainland),taxon,Streaked seerfish,1990,4.4
India (mainland),taxon,Streaked seerfish,1991,50.1
India (mainland),taxon,Streaked seerfish,1992,1119.3
India (mainland),taxon,Streaked seerfish,1993,81.9
India (mainland),taxon,Streaked seerfish,1994,50.0
India (mainland),taxon,Streaked seerfish,1995,92.9
India (mainland),taxon,Streaked seerfish,1996,109.3
India (mainland),taxon,Streaked seerfish,1997,1022.5
India (mainland),taxon,Streaked seerfish,1998,123.1
India (mainland),taxon,Streaked seerfish,1999,140.7
India (mainland),taxon,Streaked seerfish,2000,61.2
India (mainland),taxon,Streaked seerfish,2001,42.7
India (mainland),taxon,Streaked seerfish,2002,15.4
India (mainland),taxon,Streaked seerfish,2004,3.0
India (mainland),taxon,Streaked seerfish,2006,6.7
India (mainland),taxon,Streaked seerfish,2007,226.3
India (mainland),taxon,Streaked seerfish,2008,13.0
India (mainland),taxon,Streaked seerfish,2009,18.9
India (mainland),taxon,Streaked seerfish,2010,17.9
India (mainland),taxon,Streaked seerfish,2011,11.2
India (mainland),taxon,Streaked seerfish,2014,12.0
India (mainland),taxon,Streaked seerfish,2016,4.0
India (mainland),taxon,Streaked seerfish,2017,74.0
India (mainland),taxon,Streaked seerfish,2019,32.2
India (mainland),taxon,Jacks,1950,1.2
India (mainland),taxon,Jacks,1951,1.2
India (mainland),taxon,Jacks,1952,1.2
India (mainland),taxon,Jacks,1953,1.2
India (mainland),taxon,Jacks,1954,1.2
India (mainland),taxon,Jacks,1955,1.2
India (mainland),taxon,Jacks,1956,1.2
India (mainland),taxon,Jacks,1957,1.2
India (mainland),taxon,Jacks,1958,1.2
India (mainland),taxon,Jacks,1959,1.2
India (mainland),taxon,Jacks,1960,1.2
India (mainland),taxon,Jacks,1961,2.0
India (mainland),taxon,Jacks,1962,6.0
India (mainland),taxon,Jacks,1963,20.3
India (mainland),taxon,Jacks,1964,2.8
India (mainland),taxon,Jacks,1965,16.9
India (mainland),taxon,Jacks,1966,24.1
India (mainland),taxon,Jacks,1967,32.8
India (mainland),taxon,Jacks,1968,45.2
India (mainland),taxon,Jacks,1969,46.0
India (mainland),taxon,Jacks,1970,32.0
India (mainland),taxon,Jacks,1971,20.0
India (mainland),taxon,Jacks,1972,29.7
India (mainland),taxon,Jacks,1973,63.1
India (mainland),taxon,Jacks,1974,60.9
India (mainland),taxon,Jacks,1975,61.5
India (mainland),taxon,Jacks,1976,94.3
India (mainland),taxon,Jacks,1977,65.2
India (mainland),taxon,Jacks,1978,59.6
India (mainland),taxon,Jacks,1979,57.9
India (mainland),taxon,Jacks,1980,77.9
India (mainland),taxon,Jacks,1981,104.9
India (mainland),taxon,Jacks,1982,88.6
India (mainland),taxon,Jacks,1983,62.5
India (mainland),taxon,Jacks,1984,45.2
India (mainland),taxon,Jacks,1985,49.6
India (mainland),taxon,Jacks,1986,51.1
India (mainland),taxon,Jacks,1987,50.6
India (mainland),taxon,Jacks,1988,36.1
India (mainland),taxon,Jacks,1989,47.9
India (mainland),taxon,Jacks,1990,43.2
India (mainland),taxon,Jacks,1991,54.4
India (mainland),taxon,Jacks,1992,37.9
India (mainland),taxon,Jacks,1993,32.5
India (mainland),taxon,Jacks,1994,67.9
India (mainland),taxon,Jacks,1995,63.0
India (mainland),taxon,Jacks,1996,74.7
India (mainland),taxon,Jacks,1997,85.4
India (mainland),taxon,Jacks,1998,133.4
India (mainland),taxon,Jacks,1999,131.3
India (mainland),taxon,Jacks,2000,110.4
India (mainland),taxon,Jacks,2001,152.8
India (mainland),taxon,Jacks,2002,117.0
India (mainland),taxon,Jacks,2003,106.0
India (mainland),taxon,Jacks,2004,206.0
India (mainland),taxon,Jacks,2005,202.5
India (mainland),taxon,Jacks,2006,213.0
India (mainland),taxon,Jacks,2007,243.6
India (mainland),taxon,Jacks,2008,200.1
India (mainland),taxon,Jacks,2009,149.6
India (mainland),taxon,Jacks,2010,121.0
India (mainland),taxon,Jacks,2011,73.9
India (mainland),taxon,Jacks,2012,95.5
India (mainland),taxon,Jacks,2013,98.6
India (mainland),taxon,Jacks,2014,154.2
India (mainland),taxon,Jacks,2015,134.1
India (mainland),taxon,Jacks,2016,190.4
India (mainland),taxon,Jacks,2017,190.4
India (mainland),taxon,Jacks,2018,190.4
India (mainland),taxon,Jacks,2019,163.0
India (mainland),taxon,Bigeye scad,1996,104.0
India (mainland),taxon,Bigeye scad,1997,104.7
India (mainland),taxon,Bigeye scad,1998,238.6
India (mainland),taxon,Bigeye scad,1999,175.8
India (mainland),taxon,Bigeye scad,2000,134.4
India (mainland),taxon,Bigeye scad,2001,57.1
India (mainland),taxon,Bigeye scad,2002,121.3
India (mainland),taxon,Bigeye scad,2003,339.4
India (mainland),taxon,Bigeye scad,2004,201.7
India (mainland),taxon,Bigeye scad,2005,417.2
India (mainland),taxon,Bigeye scad,2006,392.1
India (mainland),taxon,Bigeye scad,2007,374.7
India (mainland),taxon,Bigeye scad,2008,197.2
India (mainland),taxon,Bigeye scad,2009,201.7
India (mainland),taxon,Bigeye scad,2010,197.6
India (mainland),taxon,Bigeye scad,2011,139.1
India (mainland),taxon,Bigeye scad,2012,95.3
India (mainland),taxon,Bigeye scad,2013,89.0
India (mainland),taxon,Bigeye scad,2014,43.6
India (mainland),taxon,Bigeye scad,2015,110.9
India (mainland),taxon,Bigeye scad,2016,203.1
India (mainland),taxon,Bigeye scad,2017,284.1
India (mainland),taxon,Bigeye scad,2018,280.8
India (mainland),taxon,Bigeye scad,2019,382.0
India (mainland),taxon,Shortfin mako,1967,0.3
India (mainland),taxon,Shortfin mako,1968,0.3
India (mainland),taxon,Shortfin mako,1969,0.3
India (mainland),taxon,Shortfin mako,1970,0.1
India (mainland),taxon,Shortfin mako,1971,0.1
India (mainland),taxon,Shortfin mako,1972,0.1
India (mainland),taxon,Shortfin mako,1973,0.0
India (mainland),taxon,Shortfin mako,1974,0.0
India (mainland),taxon,Shortfin mako,1975,0.1
India (mainland),taxon,Shortfin mako,1976,0.0
India (mainland),taxon,Shortfin mako,1977,0.0
India (mainland),taxon,Shortfin mako,1978,0.0
India (mainland),taxon,Shortfin mako,1979,0.0
India (mainland),taxon,Shortfin mako,1980,0.0
India (mainland),taxon,Shortfin mako,1981,0.0
India (mainland),taxon,Shortfin mako,1982,0.0
India (mainland),taxon,Shortfin mako,1983,0.0
India (mainland),taxon,Shortfin mako,1984,0.0
India (mainland),taxon,Shortfin mako,1985,0.0
India (mainland),taxon,Shortfin mako,1986,0.0
India (mainland),taxon,Shortfin mako,1987,0.0
India (mainland),taxon,Shortfin mako,1988,0.0
India (mainland),taxon,Shortfin mako,1989,0.0
India (mainland),taxon,Shortfin mako,1990,52.7
India (mainland),taxon,Shortfin mako,1991,67.9
India (mainland),taxon,Shortfin mako,1992,98.8
India (mainland),taxon,Shortfin mako,1993,148.5
India (mainland),taxon,Shortfin mako,1994,239.4
India (mainland),taxon,Shortfin mako,1995,251.5
India (mainland),taxon,Shortfin mako,1996,232.0
India (mainland),taxon,Shortfin mako,1997,377.5
India (mainland),taxon,Shortfin mako,1998,334.9
India (mainland),taxon,Shortfin mako,1999,507.4
India (mainland),taxon,Shortfin mako,2000,434.1
India (mainland),taxon,Shortfin mako,2001,76.0
India (mainland),taxon,Shortfin mako,2002,88.6
India (mainland),taxon,Shortfin mako,2003,278.5
India (mainland),taxon,Shortfin mako,2004,153.0
India (mainland),taxon,Shortfin mako,2005,63.2
India (mainland),taxon,Shortfin mako,2006,52.0
India (mainland),taxon,Shortfin mako,2007,38.6
India (mainland),taxon,Shortfin mako,2008,36.1
India (mainland),taxon,Shortfin mako,2009,41.7
India (mainland),taxon,Shortfin mako,2010,115.9
India (mainland),taxon,Shortfin mako,2011,127.0
India (mainland),taxon,Shortfin mako,2012,62.8
India (mainland),taxon,Shortfin mako,2013,60.1
India (mainland),taxon,Shortfin mako,2014,37.0
India (mainland),taxon,Shortfin mako,2015,41.0
India (mainland),taxon,Shortfin mako,2016,53.0
India (mainland),taxon,Shortfin mako,2017,48.0
India (mainland),taxon,Shortfin mako,2018,10.0
India (mainland),taxon,Shortfin mako,2019,16.6
India (mainland),taxon,Smelt-whitings,1973,0.4
India (mainland),taxon,Smelt-whitings,1974,14.0
India (mainland),taxon,Smelt-whitings,1975,29.0
India (mainland),taxon,Smelt-whitings,1976,6.6
India (mainland),taxon,Smelt-whitings,1977,12.6
India (mainland),taxon,Smelt-whitings,1978,23.9
India (mainland),taxon,Smelt-whitings,1979,12.3
India (mainland),taxon,Smelt-whitings,1980,13.0
India (mainland),taxon,Smelt-whitings,1981,15.9
India (mainland),taxon,Smelt-whitings,1982,5.4
India (mainland),taxon,Smelt-whitings,1983,8.3
India (mainland),taxon,Smelt-whitings,1984,9.6
India (mainland),taxon,Smelt-whitings,1985,31.0
India (mainland),taxon,Smelt-whitings,1986,37.0
India (mainland),taxon,Smelt-whitings,1987,34.5
India (mainland),taxon,Smelt-whitings,1988,44.5
India (mainland),taxon,Smelt-whitings,1989,38.2
India (mainland),taxon,Smelt-whitings,1990,57.5
India (mainland),taxon,Smelt-whitings,1991,49.7
India (mainland),taxon,Smelt-whitings,1992,47.5
India (mainland),taxon,Smelt-whitings,1993,56.9
India (mainland),taxon,Smelt-whitings,1994,67.3
India (mainland),taxon,Smelt-whitings,1995,117.5
India (mainland),taxon,Smelt-whitings,1996,106.3
India (mainland),taxon,Smelt-whitings,1997,137.2
India (mainland),taxon,Smelt-whitings,1998,156.7
India (mainland),taxon,Smelt-whitings,1999,257.4
India (mainland),taxon,Smelt-whitings,2000,205.3
India (mainland),taxon,Smelt-whitings,2001,238.9
India (mainland),taxon,Smelt-whitings,2002,311.7
India (mainland),taxon,Smelt-whitings,2003,396.8
India (mainland),taxon,Smelt-whitings,2004,335.8
India (mainland),taxon,Smelt-whitings,2005,356.6
India (mainland),taxon,Smelt-whitings,2006,379.0
India (mainland),taxon,Smelt-whitings,2007,287.5
India (mainland),taxon,Smelt-whitings,2008,58.0
India (mainland),taxon,Smelt-whitings,2009,53.8
India (mainland),taxon,Smelt-whitings,2010,20.9
India (mainland),taxon,Smelt-whitings,2011,30.5
India (mainland),taxon,Smelt-whitings,2012,14.9
India (mainland),taxon,Smelt-whitings,2013,13.5
India (mainland),taxon,Smelt-whitings,2014,6.2
India (mainland),taxon,Smelt-whitings,2015,6.1
India (mainland),taxon,Smelt-whitings,2016,5.9
India (mainland),taxon,Smelt-whitings,2017,7.4
India (mainland),taxon,Smelt-whitings,2018,4.9
India (mainland),taxon,Smelt-whitings,2019,7.4
India (mainland),taxon,"Hammer, bonnet, scoophead sharks",1990,44.9
India (mainland),taxon,"Hammer, bonnet, scoophead sharks",1991,58.7
India (mainland),taxon,"Hammer, bonnet, scoophead sharks",1992,84.4
India (mainland),taxon,"Hammer, bonnet, scoophead sharks",1993,127.6
India (mainland),taxon,"Hammer, bonnet, scoophead sharks",1994,204.8
India (mainland),taxon,"Hammer, bonnet, scoophead sharks",1995,215.6
India (mainland),taxon,"Hammer, bonnet, scoophead sharks",1996,198.1
India (mainland),taxon,"Hammer, bonnet, scoophead sharks",1997,322.5
India (mainland),taxon,"Hammer, bonnet, scoophead sharks",1998,286.3
India (mainland),taxon,"Hammer, bonnet, scoophead sharks",1999,434.6
India (mainland),taxon,"Hammer, bonnet, scoophead sharks",2000,371.5
India (mainland),taxon,"Hammer, bonnet, scoophead sharks",2001,58.9
India (mainland),taxon,"Hammer, bonnet, scoophead sharks",2002,75.2
India (mainland),taxon,"Hammer, bonnet, scoophead sharks",2003,241.0
India (mainland),taxon,"Hammer, bonnet, scoophead sharks",2004,129.4
India (mainland),taxon,"Hammer, bonnet, scoophead sharks",2005,55.5
India (mainland),taxon,"Hammer, bonnet, scoophead sharks",2006,44.1
India (mainland),taxon,"Hammer, bonnet, scoophead sharks",2007,33.1
India (mainland),taxon,"Hammer, bonnet, scoophead sharks",2008,31.2
India (mainland),taxon,"Hammer, bonnet, scoophead sharks",2009,36.0
India (mainland),taxon,"Hammer, bonnet, scoophead sharks",2010,99.8
India (mainland),taxon,"Hammer, bonnet, scoophead sharks",2011,110.0
India (mainland),taxon,"Hammer, bonnet, scoophead sharks",2012,70.8
India (mainland),taxon,"Hammer, bonnet, scoophead sharks",2013,190.0
India (mainland),taxon,"Hammer, bonnet, scoophead sharks",2014,43.0
India (mainland),taxon,"Hammer, bonnet, scoophead sharks",2015,87.0
India (mainland),taxon,"Hammer, bonnet, scoophead sharks",2016,90.0
India (mainland),taxon,"Hammer, bonnet, scoophead sharks",2017,128.6
India (mainland),taxon,"Hammer, bonnet, scoophead sharks",2018,17.9
India (mainland),taxon,"Hammer, bonnet, scoophead sharks",2019,7.3
India (mainland),taxon,Black marlin,1952,0.6
India (mainland),taxon,Black marlin,1953,2.1
India (mainland),taxon,Black marlin,1954,4.2
India (mainland),taxon,Black marlin,1955,9.5
India (mainland),taxon,Black marlin,1956,14.6
India (mainland),taxon,Black marlin,1957,8.1
India (mainland),taxon,Black marlin,1958,3.1
India (mainland),taxon,Black marlin,1959,7.7
India (mainland),taxon,Black marlin,1960,12.5
India (mainland),taxon,Black marlin,1961,16.1
India (mainland),taxon,Black marlin,1962,8.2
India (mainland),taxon,Black marlin,1963,2.6
India (mainland),taxon,Black marlin,1964,8.6
India (mainland),taxon,Black marlin,1965,5.7
India (mainland),taxon,Black marlin,1966,2.8
India (mainland),taxon,Black marlin,1967,5.0
India (mainland),taxon,Black marlin,1968,4.9
India (mainland),taxon,Black marlin,1969,22.1
India (mainland),taxon,Black marlin,1970,44.8
India (mainland),taxon,Black marlin,1971,25.5
India (mainland),taxon,Black marlin,1972,16.0
India (mainland),taxon,Black marlin,1973,24.0
India (mainland),taxon,Black marlin,1974,0.0
India (mainland),taxon,Black marlin,1975,35.0
India (mainland),taxon,Black marlin,1976,9.2
India (mainland),taxon,Black marlin,1977,10.1
India (mainland),taxon,Black marlin,1978,16.8
India (mainland),taxon,Black marlin,1979,4.7
India (mainland),taxon,Black marlin,1980,3.9
India (mainland),taxon,Black marlin,1981,4.9
India (mainland),taxon,Black marlin,1982,2.9
India (mainland),taxon,Black marlin,1983,9.9
India (mainland),taxon,Black marlin,1984,23.1
India (mainland),taxon,Black marlin,1985,6.0
India (mainland),taxon,Black marlin,1986,96.2
India (mainland),taxon,Black marlin,1987,100.9
India (mainland),taxon,Black marlin,1988,62.9
India (mainland),taxon,Black marlin,1989,142.9
India (mainland),taxon,Black marlin,1990,51.2
India (mainland),taxon,Black marlin,1991,54.0
India (mainland),taxon,Black marlin,1992,0.4
India (mainland),taxon,Black marlin,1993,4.4
India (mainland),taxon,Black marlin,1994,0.5
India (mainland),taxon,Black marlin,1995,141.1
India (mainland),taxon,Black marlin,1996,20.5
India (mainland),taxon,Black marlin,1997,45.8
India (mainland),taxon,Black marlin,1998,198.6
India (mainland),taxon,Black marlin,1999,152.6
India (mainland),taxon,Black marlin,2000,157.2
India (mainland),taxon,Black marlin,2001,34.7
India (mainland),taxon,Black marlin,2002,58.9
India (mainland),taxon,Black marlin,2003,59.8
India (mainland),taxon,Black marlin,2004,72.7
India (mainland),taxon,Black marlin,2005,101.2
India (mainland),taxon,Black marlin,2006,69.0
India (mainland),taxon,Black marlin,2007,169.1
India (mainland),taxon,Black marlin,2008,113.6
India (mainland),taxon,Black marlin,2009,67.7
India (mainland),taxon,Black marlin,2010,65.5
India (mainland),taxon,Black marlin,2011,49.9
India (mainland),taxon,Black marlin,2012,17.6
India (mainland),taxon,Black marlin,2013,13.9
India (mainland),taxon,Black marlin,2014,56.0
India (mainland),taxon,Black marlin,2015,141.6
India (mainland),taxon,Black marlin,2016,688.5
India (mainland),taxon,Black marlin,2017,156.6
India (mainland),taxon,Black marlin,2018,141.0
India (mainland),taxon,Black marlin,2019,163.5
India (mainland),taxon,Albacore,1952,0.0
India (mainland),taxon,Albacore,1953,0.0
India (mainland),taxon,Albacore,1954,0.1
India (mainland),taxon,Albacore,1955,0.1
India (mainland),taxon,Albacore,1956,0.2
India (mainland),taxon,Albacore,1958,0.8
India (mainland),taxon,Albacore,1959,1.9
India (mainland),taxon,Albacore,1960,0.3
India (mainland),taxon,Albacore,1961,0.4
India (mainland),taxon,Albacore,1963,1.5
India (mainland),taxon,Albacore,1964,4.5
India (mainland),taxon,Albacore,1966,1.9
India (mainland),taxon,Albacore,1968,3.8
India (mainland),taxon,Albacore,1969,12.4
India (mainland),taxon,Albacore,1972,2.8
India (mainland),taxon,Albacore,1974,2.4
India (mainland),taxon,Albacore,1975,0.0
India (mainland),taxon,Albacore,1976,0.0
India (mainland),taxon,Albacore,1977,0.4
India (mainland),taxon,Albacore,1978,0.1
India (mainland),taxon,Albacore,1979,0.1
India (mainland),taxon,Albacore,1980,0.0
India (mainland),taxon,Albacore,1981,0.0
India (mainland),taxon,Albacore,1982,11.3
India (mainland),taxon,Albacore,1983,2.2
India (mainland),taxon,Albacore,1985,69.0
India (mainland),taxon,Albacore,1986,300.6
India (mainland),taxon,Albacore,1987,1319.0
India (mainland),taxon,Albacore,1989,0.0
India (mainland),taxon,Albacore,1992,429.8
India (mainland),taxon,Albacore,1993,14.5
India (mainland),taxon,Albacore,1994,0.1
India (mainland),taxon,Albacore,1995,1.9
India (mainland),taxon,Albacore,1996,0.0
India (mainland),taxon,Albacore,1997,0.0
India (mainland),taxon,Albacore,1998,0.0
India (mainland),taxon,Albacore,1999,0.4
India (mainland),taxon,Albacore,2000,0.0
India (mainland),taxon,Albacore,2001,0.5
India (mainland),taxon,Albacore,2002,0.0
India (mainland),taxon,Albacore,2003,0.5
India (mainland),taxon,Albacore,2004,85.3
India (mainland),taxon,Albacore,2005,80.9
India (mainland),taxon,Albacore,2006,97.5
India (mainland),taxon,Albacore,2007,177.8
India (mainland),taxon,Albacore,2008,70.8
India (mainland),taxon,Albacore,2009,132.8
India (mainland),taxon,Albacore,2010,124.1
India (mainland),taxon,Albacore,2011,190.3
India (mainland),taxon,Albacore,2012,0.4
India (mainland),taxon,Albacore,2013,0.0
India (mainland),taxon,Albacore,2014,30.7
India (mainland),taxon,Albacore,2015,4.0
India (mainland),taxon,Albacore,2016,0.4
India (mainland),taxon,Albacore,2017,4.9
India (mainland),taxon,Albacore,2018,57.1
India (mainland),taxon,Albacore,2019,303.6
India (mainland),taxon,Indo-Pacific prawns,1970,0.2
India (mainland),taxon,Indo-Pacific prawns,1971,4.9
India (mainland),taxon,Indo-Pacific prawns,1972,5.1
India (mainland),taxon,Indo-Pacific prawns,1973,11.9
India (mainland),taxon,Indo-Pacific prawns,1974,13.1
India (mainland),taxon,Indo-Pacific prawns,1975,40.1
India (mainland),taxon,Indo-Pacific prawns,1976,419.7
India (mainland),taxon,Indo-Pacific prawns,1977,87.2
India (mainland),taxon,Indo-Pacific prawns,1978,55.1
India (mainland),taxon,Indo-Pacific prawns,1979,42.9
India (mainland),taxon,Indo-Pacific prawns,1980,0.0
India (mainland),taxon,Indo-Pacific prawns,1981,35.4
India (mainland),taxon,Indo-Pacific prawns,1982,14.9
India (mainland),taxon,Indo-Pacific prawns,1983,17.0
India (mainland),taxon,Indo-Pacific prawns,1984,24.1
India (mainland),taxon,Indo-Pacific prawns,1985,28.6
India (mainland),taxon,Indo-Pacific prawns,1986,44.8
India (mainland),taxon,Indo-Pacific prawns,1987,47.6
India (mainland),taxon,Indo-Pacific prawns,1988,52.6
India (mainland),taxon,Indo-Pacific prawns,1989,50.8
India (mainland),taxon,Indo-Pacific prawns,1990,51.7
India (mainland),taxon,Indo-Pacific prawns,1991,82.4
India (mainland),taxon,Indo-Pacific prawns,1992,54.2
India (mainland),taxon,Indo-Pacific prawns,1993,54.6
India (mainland),taxon,Indo-Pacific prawns,1994,69.0
India (mainland),taxon,Indo-Pacific prawns,1995,168.1
India (mainland),taxon,Indo-Pacific prawns,1996,150.6
India (mainland),taxon,Indo-Pacific prawns,1997,157.7
India (mainland),taxon,Indo-Pacific prawns,1998,127.7
India (mainland),taxon,Indo-Pacific prawns,1999,105.6
India (mainland),taxon,Indo-Pacific prawns,2000,42.2
India (mainland),taxon,Indo-Pacific prawns,2001,68.1
India (mainland),taxon,Indo-Pacific prawns,2002,61.2
India (mainland),taxon,Indo-Pacific prawns,2003,112.5
India (mainland),taxon,Indo-Pacific prawns,2004,138.8
India (mainland),taxon,Indo-Pacific prawns,2005,164.1
India (mainland),taxon,Indo-Pacific prawns,2006,169.4
India (mainland),taxon,Indo-Pacific prawns,2007,132.2
India (mainland),taxon,Indo-Pacific prawns,2008,63.4
India (mainland),taxon,Indo-Pacific prawns,2009,71.4
India (mainland),taxon,Indo-Pacific prawns,2010,50.5
India (mainland),taxon,Indo-Pacific prawns,2011,39.6
India (mainland),taxon,Indo-Pacific prawns,2012,19.5
India (mainland),taxon,Indo-Pacific prawns,2013,12.3
India (mainland),taxon,Indo-Pacific prawns,2014,4.6
India (mainland),taxon,Indo-Pacific prawns,2015,5.7
India (mainland),taxon,Indo-Pacific prawns,2016,11.1
India (mainland),taxon,Indo-Pacific prawns,2017,8.6
India (mainland),taxon,Indo-Pacific prawns,2018,4.1
India (mainland),taxon,Indo-Pacific prawns,2019,5.2
India (mainland),taxon,"Grunts, sweetlips, bonnetmouths",1964,369.0
India (mainland),taxon,"Grunts, sweetlips, bonnetmouths",1965,138.4
India (mainland),taxon,"Grunts, sweetlips, bonnetmouths",1966,2629.1
India (mainland),taxon,Sailfishes,1972,41.8
India (mainland),taxon,Sailfishes,1973,51.5
India (mainland),taxon,Sailfishes,1974,58.3
India (mainland),taxon,Sailfishes,1975,43.3
India (mainland),taxon,Sailfishes,1976,29.0
India (mainland),taxon,Sailfishes,1977,24.5
India (mainland),taxon,Sailfishes,1978,13.9
India (mainland),taxon,Sailfishes,1979,15.9
India (mainland),taxon,Sailfishes,1980,13.3
India (mainland),taxon,Sailfishes,1981,17.2
India (mainland),taxon,Sailfishes,1982,42.3
India (mainland),taxon,Sailfishes,1983,39.4
India (mainland),taxon,Sailfishes,1984,41.5
India (mainland),taxon,Sailfishes,1985,73.5
India (mainland),taxon,Sailfishes,1986,45.3
India (mainland),taxon,Sailfishes,1987,17.8
India (mainland),taxon,Sailfishes,1988,16.2
India (mainland),taxon,Sailfishes,1989,20.1
India (mainland),taxon,Sailfishes,1990,11.8
India (mainland),taxon,Sailfishes,1991,21.0
India (mainland),taxon,Sailfishes,1992,12.6
India (mainland),taxon,Sailfishes,1993,13.2
India (mainland),taxon,Sailfishes,1994,22.6
India (mainland),taxon,Sailfishes,1995,33.6
India (mainland),taxon,Sailfishes,1996,50.9
India (mainland),taxon,Sailfishes,1997,68.2
India (mainland),taxon,Sailfishes,1998,118.8
India (mainland),taxon,Sailfishes,1999,126.9
India (mainland),taxon,Sailfishes,2000,113.7
India (mainland),taxon,Sailfishes,2001,165.4
India (mainland),taxon,Sailfishes,2002,132.0
India (mainland),taxon,Sailfishes,2003,121.0
India (mainland),taxon,Sailfishes,2004,74.0
India (mainland),taxon,Sailfishes,2005,91.6
India (mainland),taxon,Sailfishes,2006,110.0
India (mainland),taxon,Sailfishes,2007,108.9
India (mainland),taxon,Sailfishes,2008,104.7
India (mainland),taxon,Sailfishes,2009,95.8
India (mainland),taxon,Sailfishes,2010,68.9
India (mainland),taxon,Sailfishes,2011,42.1
India (mainland),taxon,Sailfishes,2012,54.4
India (mainland),taxon,Sailfishes,2013,59.4
India (mainland),taxon,Sailfishes,2014,89.5
India (mainland),taxon,Sailfishes,2015,77.8
India (mainland),taxon,Sailfishes,2016,110.5
India (mainland),taxon,Sailfishes,2017,110.5
India (mainland),taxon,Sailfishes,2018,110.5
India (mainland),taxon,Sailfishes,2019,94.6
India (mainland),taxon,Spiny lobsters,1967,121.1
India (mainland),taxon,Spiny lobsters,1968,37.0
India (mainland),taxon,Spiny lobsters,1970,12.4
India (mainland),taxon,Spiny lobsters,1971,10.7
India (mainland),taxon,Spiny lobsters,1972,6.5
India (mainland),taxon,Spiny lobsters,1973,385.3
India (mainland),taxon,Spiny lobsters,1974,367.2
India (mainland),taxon,Spiny lobsters,1975,593.1
India (mainland),taxon,Spiny lobsters,1976,1266.5
India (mainland),taxon,"Mullets, grey mullets",1965,0.1
India (mainland),taxon,"Mullets, grey mullets",1966,0.2
India (mainland),taxon,"Mullets, grey mullets",1967,0.1
India (mainland),taxon,"Mullets, grey mullets",1968,1.0
India (mainland),taxon,"Mullets, grey mullets",1969,1.7
India (mainland),taxon,"Mullets, grey mullets",1976,0.1
India (mainland),taxon,"Mullets, grey mullets",1977,4.7
India (mainland),taxon,"Mullets, grey mullets",1978,21.9
India (mainland),taxon,"Mullets, grey mullets",1979,12.8
India (mainland),taxon,"Mullets, grey mullets",1980,11.5
India (mainland),taxon,"Mullets, grey mullets",1981,11.2
India (mainland),taxon,"Mullets, grey mullets",1982,35.2
India (mainland),taxon,"Mullets, grey mullets",1983,42.6
India (mainland),taxon,"Mullets, grey mullets",1984,35.2
India (mainland),taxon,"Mullets, grey mullets",1985,44.5
India (mainland),taxon,"Mullets, grey mullets",1986,31.7
India (mainland),taxon,"Mullets, grey mullets",1987,34.8
India (mainland),taxon,"Mullets, grey mullets",1988,54.1
India (mainland),taxon,"Mullets, grey mullets",1989,58.8
India (mainland),taxon,"Mullets, grey mullets",1990,47.6
India (mainland),taxon,"Mullets, grey mullets",1991,38.5
India (mainland),taxon,"Mullets, grey mullets",1992,35.4
India (mainland),taxon,"Mullets, grey mullets",1993,33.1
India (mainland),taxon,"Mullets, grey mullets",1994,53.3
India (mainland),taxon,"Mullets, grey mullets",1995,39.6
India (mainland),taxon,"Mullets, grey mullets",1996,59.5
India (mainland),taxon,"Mullets, grey mullets",1997,72.7
India (mainland),taxon,"Mullets, grey mullets",1998,102.4
India (mainland),taxon,"Mullets, grey mullets",1999,142.9
India (mainland),taxon,"Mullets, grey mullets",2000,222.7
India (mainland),taxon,"Mullets, grey mullets",2001,183.0
India (mainland),taxon,"Mullets, grey mullets",2002,168.0
India (mainland),taxon,"Mullets, grey mullets",2003,173.8
India (mainland),taxon,"Mullets, grey mullets",2004,102.0
India (mainland),taxon,"Mullets, grey mullets",2005,84.8
India (mainland),taxon,"Mullets, grey mullets",2006,81.3
India (mainland),taxon,"Mullets, grey mullets",2007,123.1
India (mainland),taxon,"Mullets, grey mullets",2008,95.3
India (mainland),taxon,"Mullets, grey mullets",2009,141.0
India (mainland),taxon,"Mullets, grey mullets",2010,102.2
India (mainland),taxon,"Mullets, grey mullets",2011,74.4
India (mainland),taxon,"Mullets, grey mullets",2012,47.9
India (mainland),taxon,"Mullets, grey mullets",2013,38.3
India (mainland),taxon,"Mullets, grey mullets",2014,12.5
India (mainland),taxon,"Mullets, grey mullets",2015,19.7
India (mainland),taxon,"Mullets, grey mullets",2016,2.5
India (mainland),taxon,"Mullets, grey mullets",2017,5.5
India (mainland),taxon,"Mullets, grey mullets",2018,3.5
India (mainland),taxon,"Mullets, grey mullets",2019,6.5
India (mainland),taxon,Sergestid shrimp,1979,29.0
India (mainland),taxon,Sergestid shrimp,1980,110.3
India (mainland),taxon,Sergestid shrimp,1981,89.4
India (mainland),taxon,Sergestid shrimp,1982,100.9
India (mainland),taxon,Sergestid shrimp,1983,164.9
India (mainland),taxon,Sergestid shrimp,1984,104.4
India (mainland),taxon,Sergestid shrimp,1985,113.9
India (mainland),taxon,Sergestid shrimp,1986,124.7
India (mainland),taxon,Sergestid shrimp,1987,128.1
India (mainland),taxon,Sergestid shrimp,1988,133.7
India (mainland),taxon,Sergestid shrimp,1989,120.2
India (mainland),taxon,Sergestid shrimp,1990,124.9
India (mainland),taxon,Sergestid shrimp,1991,101.0
India (mainland),taxon,Sergestid shrimp,1992,125.0
India (mainland),taxon,Sergestid shrimp,1993,104.6
India (mainland),taxon,Sergestid shrimp,1994,103.7
India (mainland),taxon,Sergestid shrimp,1995,177.2
India (mainland),taxon,Sergestid shrimp,1996,157.1
India (mainland),taxon,Sergestid shrimp,1997,104.2
India (mainland),taxon,Sergestid shrimp,1998,49.5
India (mainland),taxon,Sergestid shrimp,1999,52.8
India (mainland),taxon,Sergestid shrimp,2000,23.9
India (mainland),taxon,Sergestid shrimp,2001,21.4
India (mainland),taxon,Sergestid shrimp,2002,30.8
India (mainland),taxon,Sergestid shrimp,2003,25.4
India (mainland),taxon,Sergestid shrimp,2004,25.3
India (mainland),taxon,Sergestid shrimp,2005,50.1
India (mainland),taxon,Sergestid shrimp,2006,3.7
India (mainland),taxon,Sergestid shrimp,2007,2.8
India (mainland),taxon,Sergestid shrimp,2008,4.4
India (mainland),taxon,Sergestid shrimp,2009,59.6
India (mainland),taxon,Sergestid shrimp,2010,26.3
India (mainland),taxon,Sergestid shrimp,2011,2.3
India (mainland),taxon,Sergestid shrimp,2012,0.9
India (mainland),taxon,Sergestid shrimp,2013,0.7
India (mainland),taxon,Sergestid shrimp,2014,0.4
India (mainland),taxon,Sergestid shrimp,2015,0.5
India (mainland),taxon,Sergestid shrimp,2016,0.0
India (mainland),taxon,Sergestid shrimp,2017,0.0
India (mainland),taxon,Sergestid shrimp,2019,0.1
India (mainland),taxon,Indo-Pacific swamp crab,1976,0.7
India (mainland),taxon,Indo-Pacific swamp crab,1977,16.6
India (mainland),taxon,Indo-Pacific swamp crab,1978,114.7
India (mainland),taxon,Indo-Pacific swamp crab,1979,54.7
India (mainland),taxon,Indo-Pacific swamp crab,1980,87.2
India (mainland),taxon,Indo-Pacific swamp crab,1981,65.8
India (mainland),taxon,Indo-Pacific swamp crab,1982,70.6
India (mainland),taxon,Indo-Pacific swamp crab,1983,38.3
India (mainland),taxon,Indo-Pacific swamp crab,1984,60.9
India (mainland),taxon,Indo-Pacific swamp crab,1985,60.6
India (mainland),taxon,Indo-Pacific swamp crab,1986,58.1
India (mainland),taxon,Indo-Pacific swamp crab,1987,71.4
India (mainland),taxon,Indo-Pacific swamp crab,1988,81.3
India (mainland),taxon,Indo-Pacific swamp crab,1989,82.1
India (mainland),taxon,Indo-Pacific swamp crab,1990,77.1
India (mainland),taxon,Indo-Pacific swamp crab,1991,65.7
India (mainland),taxon,Indo-Pacific swamp crab,1992,88.8
India (mainland),taxon,Indo-Pacific swamp crab,1993,71.6
India (mainland),taxon,Indo-Pacific swamp crab,1994,154.3
India (mainland),taxon,Indo-Pacific swamp crab,1995,148.3
India (mainland),taxon,Indo-Pacific swamp crab,1996,106.1
India (mainland),taxon,Indo-Pacific swamp crab,1997,105.7
India (mainland),taxon,Indo-Pacific swamp crab,1998,88.2
India (mainland),taxon,Indo-Pacific swamp crab,1999,81.4
India (mainland),taxon,Indo-Pacific swamp crab,2000,126.8
India (mainland),taxon,Indo-Pacific swamp crab,2001,83.4
India (mainland),taxon,Indo-Pacific swamp crab,2002,111.1
India (mainland),taxon,Indo-Pacific swamp crab,2003,24.4
India (mainland),taxon,Indo-Pacific swamp crab,2004,35.0
India (mainland),taxon,Indo-Pacific swamp crab,2005,19.4
India (mainland),taxon,Indo-Pacific swamp crab,2006,105.2
India (mainland),taxon,Indo-Pacific swamp crab,2007,62.8
India (mainland),taxon,Indo-Pacific swamp crab,2008,15.4
India (mainland),taxon,Indo-Pacific swamp crab,2009,26.6
India (mainland),taxon,Indo-Pacific swamp crab,2010,16.7
India (mainland),taxon,Indo-Pacific swamp crab,2011,24.3
India (mainland),taxon,Indo-Pacific swamp crab,2012,7.3
India (mainland),taxon,Indo-Pacific swamp crab,2013,16.0
India (mainland),taxon,Indo-Pacific swamp crab,2014,6.1
India (mainland),taxon,Indo-Pacific swamp crab,2015,7.0
India (mainland),taxon,Indo-Pacific swamp crab,2016,4.1
India (mainland),taxon,Indo-Pacific swamp crab,2017,3.3
India (mainland),taxon,Indo-Pacific swamp crab,2018,1.7
India (mainland),taxon,Indo-Pacific swamp crab,2019,4.8
India (mainland),taxon,"Tunas, bonitos, billfishes",1986,33.5
India (mainland),taxon,"Tunas, bonitos, billfishes",1987,34.1
India (mainland),taxon,"Tunas, bonitos, billfishes",1988,29.0
India (mainland),taxon,"Tunas, bonitos, billfishes",1989,15.6
India (mainland),taxon,"Tunas, bonitos, billfishes",1990,32.1
India (mainland),taxon,"Tunas, bonitos, billfishes",1991,12.2
India (mainland),taxon,"Tunas, bonitos, billfishes",1992,47.2
India (mainland),taxon,"Tunas, bonitos, billfishes",1993,35.5
India (mainland),taxon,"Tunas, bonitos, billfishes",1994,7.7
India (mainland),taxon,"Tunas, bonitos, billfishes",1995,19.9
India (mainland),taxon,"Tunas, bonitos, billfishes",1996,3.9
India (mainland),taxon,"Tunas, bonitos, billfishes",1997,5.3
India (mainland),taxon,"Tunas, bonitos, billfishes",1998,42.1
India (mainland),taxon,"Tunas, bonitos, billfishes",1999,22.3
India (mainland),taxon,"Tunas, bonitos, billfishes",2000,7.1
India (mainland),taxon,"Tunas, bonitos, billfishes",2001,0.5
India (mainland),taxon,"Tunas, bonitos, billfishes",2002,2.5
India (mainland),taxon,"Tunas, bonitos, billfishes",2003,0.9
India (mainland),taxon,"Tunas, bonitos, billfishes",2004,51.6
India (mainland),taxon,"Tunas, bonitos, billfishes",2005,82.1
India (mainland),taxon,"Tunas, bonitos, billfishes",2006,164.6
India (mainland),taxon,"Tunas, bonitos, billfishes",2007,301.7
India (mainland),taxon,"Tunas, bonitos, billfishes",2008,346.1
India (mainland),taxon,"Tunas, bonitos, billfishes",2009,304.5
India (mainland),taxon,"Tunas, bonitos, billfishes",2010,332.4
India (mainland),taxon,"Tunas, bonitos, billfishes",2011,230.2
India (mainland),taxon,"Tunas, bonitos, billfishes",2012,0.3
India (mainland),taxon,"Tunas, bonitos, billfishes",2013,3.6
India (mainland),taxon,"Tunas, bonitos, billfishes",2014,0.6
India (mainland),taxon,"Tunas, bonitos, billfishes",2015,0.6
India (mainland),taxon,"Tunas, bonitos, billfishes",2016,12.7
India (mainland),taxon,"Tunas, bonitos, billfishes",2017,26.7
India (mainland),taxon,"Tunas, bonitos, billfishes",2018,30.5
India (mainland),taxon,"Tunas, bonitos, billfishes",2019,70.0
India (mainland),taxon,Chalky cucumber,1976,0.5
India (mainland),taxon,Chalky cucumber,1977,0.5
India (mainland),taxon,Chalky cucumber,1978,0.7
India (mainland),taxon,Chalky cucumber,1979,0.9
India (mainland),taxon,Chalky cucumber,1980,2.6
India (mainland),taxon,Chalky cucumber,1981,2.7
India (mainland),taxon,Chalky cucumber,1982,2.9
India (mainland),taxon,Chalky cucumber,1983,2.1
India (mainland),taxon,Chalky cucumber,1984,1.3
India (mainland),taxon,Chalky cucumber,1985,4.2
India (mainland),taxon,Chalky cucumber,1986,3.3
India (mainland),taxon,Chalky cucumber,1987,3.1
India (mainland),taxon,Chalky cucumber,1988,3.1
India (mainland),taxon,Chalky cucumber,1989,1.7
India (mainland),taxon,Chalky cucumber,1990,2.3
India (mainland),taxon,Chalky cucumber,1991,2.4
India (mainland),taxon,Chalky cucumber,1992,2.4
India (mainland),taxon,Chalky cucumber,1993,2.4
India (mainland),taxon,Chalky cucumber,1994,3.4
India (mainland),taxon,Chalky cucumber,1995,3.7
India (mainland),taxon,Chalky cucumber,1996,5.5
India (mainland),taxon,Chalky cucumber,1997,10.0
India (mainland),taxon,Chalky cucumber,1998,7.5
India (mainland),taxon,Chalky cucumber,1999,6.2
India (mainland),taxon,Chalky cucumber,2000,5.3
India (mainland),taxon,Chalky cucumber,2001,3.3
India (mainland),taxon,Chalky cucumber,2002,3.6
India (mainland),taxon,Chalky cucumber,2003,7.7
India (mainland),taxon,Chalky cucumber,2004,12.6
India (mainland),taxon,Chalky cucumber,2005,105.3
India (mainland),taxon,Chalky cucumber,2006,60.8
India (mainland),taxon,Chalky cucumber,2007,129.6
India (mainland),taxon,Chalky cucumber,2008,190.3
India (mainland),taxon,Chalky cucumber,2009,158.9
India (mainland),taxon,Chalky cucumber,2010,175.3
India (mainland),taxon,Chalky cucumber,2011,181.0
India (mainland),taxon,Chalky cucumber,2012,174.0
India (mainland),taxon,Chalky cucumber,2013,178.5
India (mainland),taxon,Chalky cucumber,2014,168.0
India (mainland),taxon,Chalky cucumber,2015,128.0
India (mainland),taxon,Chalky cucumber,2016,59.5
India (mainland),taxon,Chalky cucumber,2017,54.5
India (mainland),taxon,Chalky cucumber,2018,55.0
India (mainland),taxon,Chalky cucumber,2019,117.5
India (mainland),taxon,Pinkfish,1976,0.5
India (mainland),taxon,Pinkfish,1977,0.5
India (mainland),taxon,Pinkfish,1978,0.7
India (mainland),taxon,Pinkfish,1979,0.9
India (mainland),taxon,Pinkfish,1980,2.6
India (mainland),taxon,Pinkfish,1981,2.7
India (mainland),taxon,Pinkfish,1982,2.9
India (mainland),taxon,Pinkfish,1983,2.0
India (mainland),taxon,Pinkfish,1984,1.3
India (mainland),taxon,Pinkfish,1985,4.1
India (mainland),taxon,Pinkfish,1986,3.3
India (mainland),taxon,Pinkfish,1987,3.0
India (mainland),taxon,Pinkfish,1988,3.1
India (mainland),taxon,Pinkfish,1989,1.7
India (mainland),taxon,Pinkfish,1990,2.3
India (mainland),taxon,Pinkfish,1991,2.4
India (mainland),taxon,Pinkfish,1992,2.4
India (mainland),taxon,Pinkfish,1993,2.4
India (mainland),taxon,Pinkfish,1994,3.4
India (mainland),taxon,Pinkfish,1995,3.6
India (mainland),taxon,Pinkfish,1996,5.5
India (mainland),taxon,Pinkfish,1997,9.9
India (mainland),taxon,Pinkfish,1998,7.4
India (mainland),taxon,Pinkfish,1999,6.2
India (mainland),taxon,Pinkfish,2000,5.3
India (mainland),taxon,Pinkfish,2001,3.3
India (mainland),taxon,Pinkfish,2002,3.6
India (mainland),taxon,Pinkfish,2003,7.7
India (mainland),taxon,Pinkfish,2004,12.6
India (mainland),taxon,Pinkfish,2005,105.3
India (mainland),taxon,Pinkfish,2006,60.8
India (mainland),taxon,Pinkfish,2007,129.6
India (mainland),taxon,Pinkfish,2008,190.3
India (mainland),taxon,Pinkfish,2009,158.9
India (mainland),taxon,Pinkfish,2010,175.3
India (mainland),taxon,Pinkfish,2011,181.0
India (mainland),taxon,Pinkfish,2012,174.0
India (mainland),taxon,Pinkfish,2013,178.5
India (mainland),taxon,Pinkfish,2014,168.0
India (mainland),taxon,Pinkfish,2015,128.0
India (mainland),taxon,Pinkfish,2016,59.5
India (mainland),taxon,Pinkfish,2017,54.5
India (mainland),taxon,Pinkfish,2018,55.0
India (mainland),taxon,Pinkfish,2019,117.5
India (mainland),taxon,Lollyfish,1976,0.2
India (mainland),taxon,Lollyfish,1977,0.3
India (mainland),taxon,Lollyfish,1978,0.3
India (mainland),taxon,Lollyfish,1979,0.4
India (mainland),taxon,Lollyfish,1980,2.4
India (mainland),taxon,Lollyfish,1981,2.2
India (mainland),taxon,Lollyfish,1982,2.4
India (mainland),taxon,Lollyfish,1983,1.7
India (mainland),taxon,Lollyfish,1984,1.1
India (mainland),taxon,Lollyfish,1985,3.4
India (mainland),taxon,Lollyfish,1986,2.7
India (mainland),taxon,Lollyfish,1987,2.5
India (mainland),taxon,Lollyfish,1988,2.5
India (mainland),taxon,Lollyfish,1989,1.4
India (mainland),taxon,Lollyfish,1990,1.9
India (mainland),taxon,Lollyfish,1991,2.0
India (mainland),taxon,Lollyfish,1992,2.0
India (mainland),taxon,Lollyfish,1993,2.0
India (mainland),taxon,Lollyfish,1994,2.8
India (mainland),taxon,Lollyfish,1995,3.0
India (mainland),taxon,Lollyfish,1996,4.5
India (mainland),taxon,Lollyfish,1997,8.2
India (mainland),taxon,Lollyfish,1998,6.1
India (mainland),taxon,Lollyfish,1999,5.1
India (mainland),taxon,Lollyfish,2000,4.4
India (mainland),taxon,Lollyfish,2001,2.7
India (mainland),taxon,Lollyfish,2002,2.5
India (mainland),taxon,Lollyfish,2003,7.7
India (mainland),taxon,Lollyfish,2004,12.6
India (mainland),taxon,Lollyfish,2005,105.3
India (mainland),taxon,Lollyfish,2006,60.8
India (mainland),taxon,Lollyfish,2007,129.6
India (mainland),taxon,Lollyfish,2008,190.3
India (mainland),taxon,Lollyfish,2009,158.9
India (mainland),taxon,Lollyfish,2010,175.3
India (mainland),taxon,Lollyfish,2011,181.0
India (mainland),taxon,Lollyfish,2012,174.0
India (mainland),taxon,Lollyfish,2013,178.5
India (mainland),taxon,Lollyfish,2014,168.0
India (mainland),taxon,Lollyfish,2015,128.0
India (mainland),taxon,Lollyfish,2016,59.5
India (mainland),taxon,Lollyfish,2017,54.5
India (mainland),taxon,Lollyfish,2018,55.0
India (mainland),taxon,Lollyfish,2019,117.5
India (mainland),taxon,Indo-Pacific sailfish,1952,0.2
India (mainland),taxon,Indo-Pacific sailfish,1953,0.7
India (mainland),taxon,Indo-Pacific sailfish,1954,1.0
India (mainland),taxon,Indo-Pacific sailfish,1955,61.7
India (mainland),taxon,Indo-Pacific sailfish,1956,10.0
India (mainland),taxon,Indo-Pacific sailfish,1957,7.0
India (mainland),taxon,Indo-Pacific sailfish,1958,6.3
India (mainland),taxon,Indo-Pacific sailfish,1959,11.9
India (mainland),taxon,Indo-Pacific sailfish,1960,17.2
India (mainland),taxon,Indo-Pacific sailfish,1961,16.7
India (mainland),taxon,Indo-Pacific sailfish,1962,0.4
India (mainland),taxon,Indo-Pacific sailfish,1963,6.8
India (mainland),taxon,Indo-Pacific sailfish,1964,19.4
India (mainland),taxon,Indo-Pacific sailfish,1965,0.3
India (mainland),taxon,Indo-Pacific sailfish,1966,8.5
India (mainland),taxon,Indo-Pacific sailfish,1967,0.3
India (mainland),taxon,Indo-Pacific sailfish,1968,13.9
India (mainland),taxon,Indo-Pacific sailfish,1969,28.9
India (mainland),taxon,Indo-Pacific sailfish,1970,34.2
India (mainland),taxon,Indo-Pacific sailfish,1971,64.1
India (mainland),taxon,Indo-Pacific sailfish,1972,20.5
India (mainland),taxon,Indo-Pacific sailfish,1973,12.8
India (mainland),taxon,Indo-Pacific sailfish,1974,0.0
India (mainland),taxon,Indo-Pacific sailfish,1975,45.5
India (mainland),taxon,Indo-Pacific sailfish,1976,28.4
India (mainland),taxon,Indo-Pacific sailfish,1977,3.5
India (mainland),taxon,Indo-Pacific sailfish,1978,5.5
India (mainland),taxon,Indo-Pacific sailfish,1979,3.9
India (mainland),taxon,Indo-Pacific sailfish,1980,0.8
India (mainland),taxon,Indo-Pacific sailfish,1981,0.0
India (mainland),taxon,Indo-Pacific sailfish,1983,0.5
India (mainland),taxon,Indo-Pacific sailfish,1984,1.6
India (mainland),taxon,Indo-Pacific sailfish,1985,0.9
India (mainland),taxon,Indo-Pacific sailfish,1986,7.9
India (mainland),taxon,Indo-Pacific sailfish,1987,1.0
India (mainland),taxon,Indo-Pacific sailfish,1988,0.9
India (mainland),taxon,Indo-Pacific sailfish,1989,0.3
India (mainland),taxon,Indo-Pacific sailfish,1990,0.2
India (mainland),taxon,Indo-Pacific sailfish,1991,0.4
India (mainland),taxon,Indo-Pacific sailfish,1992,0.3
India (mainland),taxon,Indo-Pacific sailfish,1993,2.3
India (mainland),taxon,Indo-Pacific sailfish,1994,0.1
India (mainland),taxon,Indo-Pacific sailfish,1995,17.6
India (mainland),taxon,Indo-Pacific sailfish,1996,2.7
India (mainland),taxon,Indo-Pacific sailfish,1997,10.1
India (mainland),taxon,Indo-Pacific sailfish,1998,28.9
India (mainland),taxon,Indo-Pacific sailfish,1999,25.6
India (mainland),taxon,Indo-Pacific sailfish,2000,14.5
India (mainland),taxon,Indo-Pacific sailfish,2001,2.1
India (mainland),taxon,Indo-Pacific sailfish,2002,3.6
India (mainland),taxon,Indo-Pacific sailfish,2003,6.5
India (mainland),taxon,Indo-Pacific sailfish,2004,0.4
India (mainland),taxon,Indo-Pacific sailfish,2006,2.6
India (mainland),taxon,Indo-Pacific sailfish,2007,0.5
India (mainland),taxon,Indo-Pacific sailfish,2009,0.4
India (mainland),taxon,Indo-Pacific sailfish,2010,4.0
India (mainland),taxon,Indo-Pacific sailfish,2011,0.2
India (mainland),taxon,Indo-Pacific sailfish,2012,214.7
India (mainland),taxon,Indo-Pacific sailfish,2013,26.4
India (mainland),taxon,Indo-Pacific sailfish,2014,48.9
India (mainland),taxon,Indo-Pacific sailfish,2015,194.3
India (mainland),taxon,Indo-Pacific sailfish,2016,639.3
India (mainland),taxon,Indo-Pacific sailfish,2017,34.0
India (mainland),taxon,Indo-Pacific sailfish,2018,136.7
India (mainland),taxon,Indo-Pacific sailfish,2019,159.5
India (mainland),taxon,Bigfin reef squid,1996,148.4
India (mainland),taxon,Bigfin reef squid,1997,143.8
India (mainland),taxon,Bigfin reef squid,1998,20.6
India (mainland),taxon,Bigfin reef squid,1999,168.4
India (mainland),taxon,Bigfin reef squid,2000,150.6
India (mainland),taxon,Bigfin reef squid,2001,126.8
India (mainland),taxon,Bigfin reef squid,2002,206.2
India (mainland),taxon,Bigfin reef squid,2003,99.8
India (mainland),taxon,Bigfin reef squid,2004,117.8
India (mainland),taxon,Bigfin reef squid,2005,121.7
India (mainland),taxon,Bigfin reef squid,2006,102.7
India (mainland),taxon,Bigfin reef squid,2007,133.4
India (mainland),taxon,Bigfin reef squid,2008,105.1
India (mainland),taxon,Bigfin reef squid,2009,77.9
India (mainland),taxon,Bigfin reef squid,2010,43.9
India (mainland),taxon,Bigfin reef squid,2011,32.5
India (mainland),taxon,Bigfin reef squid,2012,20.7
India (mainland),taxon,Bigfin reef squid,2013,25.7
India (mainland),taxon,Bigfin reef squid,2014,7.9
India (mainland),taxon,Bigfin reef squid,2015,14.6
India (mainland),taxon,Bigfin reef squid,2016,23.2
India (mainland),taxon,Bigfin reef squid,2017,30.7
India (mainland),taxon,Bigfin reef squid,2018,23.6
India (mainland),taxon,Bigfin reef squid,2019,24.2
India (mainland),taxon,Blackbanded trevally,1994,65.1
India (mainland),taxon,Blackbanded trevally,1995,143.8
India (mainland),taxon,Blackbanded trevally,1996,192.2
India (mainland),taxon,Blackbanded trevally,1997,196.0
India (mainland),taxon,Blackbanded trevally,1998,184.0
India (mainland),taxon,Blackbanded trevally,1999,137.9
India (mainland),taxon,Blackbanded trevally,2000,94.1
India (mainland),taxon,Blackbanded trevally,2001,74.7
India (mainland),taxon,Blackbanded trevally,2002,115.9
India (mainland),taxon,Blackbanded trevally,2003,92.8
India (mainland),taxon,Blackbanded trevally,2004,159.2
India (mainland),taxon,Blackbanded trevally,2005,93.7
India (mainland),taxon,Blackbanded trevally,2006,114.7
India (mainland),taxon,Blackbanded trevally,2007,89.5
India (mainland),taxon,Blackbanded trevally,2008,44.8
India (mainland),taxon,Blackbanded trevally,2009,47.5
India (mainland),taxon,Blackbanded trevally,2010,13.4
India (mainland),taxon,Blackbanded trevally,2011,14.2
India (mainland),taxon,Blackbanded trevally,2012,12.4
India (mainland),taxon,Blackbanded trevally,2013,4.4
India (mainland),taxon,Blackbanded trevally,2014,1.0
India (mainland),taxon,Blackbanded trevally,2015,0.7
India (mainland),taxon,Blackbanded trevally,2016,1.0
India (mainland),taxon,Blackbanded trevally,2017,3.6
India (mainland),taxon,Blackbanded trevally,2018,2.1
India (mainland),taxon,Blackbanded trevally,2019,2.3
India (mainland),taxon,Rainbow runner,1970,0.3
India (mainland),taxon,Rainbow runner,1971,0.3
India (mainland),taxon,Rainbow runner,1973,0.3
India (mainland),taxon,Rainbow runner,1974,0.7
India (mainland),taxon,Rainbow runner,1975,0.5
India (mainland),taxon,Rainbow runner,1976,0.5
India (mainland),taxon,Rainbow runner,2017,0.0
India (mainland),taxon,Rainbow runner,2019,1757.2
India (mainland),taxon,"Porgies, seabreams",1967,455.0
India (mainland),taxon,"Porgies, seabreams",1968,86.6
India (mainland),taxon,"Porgies, seabreams",1969,308.4
India (mainland),taxon,"Porgies, seabreams",1970,484.1
India (mainland),taxon,"Porgies, seabreams",1971,1.9
India (mainland),taxon,"Porgies, seabreams",1972,107.4
India (mainland),taxon,"Porgies, seabreams",1973,121.0
India (mainland),taxon,"Porgies, seabreams",1974,86.4
India (mainland),taxon,"Porgies, seabreams",1975,14.5
India (mainland),taxon,"Porgies, seabreams",1976,52.8
India (mainland),taxon,Indian halibut,1974,6.5
India (mainland),taxon,Indian halibut,1975,4.9
India (mainland),taxon,Indian halibut,1976,14.1
India (mainland),taxon,Indian halibut,1977,38.9
India (mainland),taxon,Indian halibut,1978,22.1
India (mainland),taxon,Indian halibut,1979,13.8
India (mainland),taxon,Indian halibut,1980,8.6
India (mainland),taxon,Indian halibut,1981,10.0
India (mainland),taxon,Indian halibut,1982,8.2
India (mainland),taxon,Indian halibut,1983,5.2
India (mainland),taxon,Indian halibut,1984,7.1
India (mainland),taxon,Indian halibut,1985,15.7
India (mainland),taxon,Indian halibut,1986,21.4
India (mainland),taxon,Indian halibut,1987,11.2
India (mainland),taxon,Indian halibut,1988,9.6
India (mainland),taxon,Indian halibut,1989,8.3
India (mainland),taxon,Indian halibut,1990,17.5
India (mainland),taxon,Indian halibut,1991,13.8
India (mainland),taxon,Indian halibut,1992,10.1
India (mainland),taxon,Indian halibut,1993,36.0
India (mainland),taxon,Indian halibut,1994,113.6
India (mainland),taxon,Indian halibut,1995,115.8
India (mainland),taxon,Indian halibut,1996,248.9
India (mainland),taxon,Indian halibut,1997,266.7
India (mainland),taxon,Indian halibut,1998,75.5
India (mainland),taxon,Indian halibut,1999,21.4
India (mainland),taxon,Indian halibut,2000,12.0
India (mainland),taxon,Indian halibut,2001,13.4
India (mainland),taxon,Indian halibut,2002,14.7
India (mainland),taxon,Indian halibut,2003,51.7
India (mainland),taxon,Indian halibut,2004,56.4
India (mainland),taxon,Indian halibut,2005,110.0
India (mainland),taxon,Indian halibut,2006,107.9
India (mainland),taxon,Indian halibut,2007,78.6
India (mainland),taxon,Indian halibut,2008,34.8
India (mainland),taxon,Indian halibut,2009,36.4
India (mainland),taxon,Indian halibut,2010,11.0
India (mainland),taxon,Indian halibut,2011,9.3
India (mainland),taxon,Indian halibut,2012,7.4
India (mainland),taxon,Indian halibut,2013,1.6
India (mainland),taxon,Indian halibut,2014,0.8
India (mainland),taxon,Indian halibut,2015,0.7
India (mainland),taxon,Indian halibut,2016,1.6
India (mainland),taxon,Indian halibut,2017,1.3
India (mainland),taxon,Indian halibut,2018,1.0
India (mainland),taxon,Indian halibut,2019,1.3
India (mainland),taxon,Bullet tuna,1978,30.8
India (mainland),taxon,Bullet tuna,1979,69.2
India (mainland),taxon,Bullet tuna,1980,50.6
India (mainland),taxon,Bullet tuna,1981,28.2
India (mainland),taxon,Bullet tuna,1982,43.2
India (mainland),taxon,Bullet tuna,1983,38.8
India (mainland),taxon,Bullet tuna,1984,42.3
India (mainland),taxon,Bullet tuna,1985,68.4
India (mainland),taxon,Bullet tuna,1986,0.9
India (mainland),taxon,Bullet tuna,1987,0.5
India (mainland),taxon,Bullet tuna,1988,0.6
India (mainland),taxon,Bullet tuna,1989,0.8
India (mainland),taxon,Bullet tuna,1990,0.7
India (mainland),taxon,Bullet tuna,1991,0.5
India (mainland),taxon,Bullet tuna,1992,0.7
India (mainland),taxon,Bullet tuna,1993,1.7
India (mainland),taxon,Bullet tuna,1994,19.2
India (mainland),taxon,Bullet tuna,1995,4.5
India (mainland),taxon,Bullet tuna,1996,156.6
India (mainland),taxon,Bullet tuna,1997,76.2
India (mainland),taxon,Bullet tuna,1998,87.0
India (mainland),taxon,Bullet tuna,1999,54.6
India (mainland),taxon,Bullet tuna,2000,29.5
India (mainland),taxon,Bullet tuna,2001,63.0
India (mainland),taxon,Bullet tuna,2002,51.9
India (mainland),taxon,Bullet tuna,2015,1.4
India (mainland),taxon,Bullet tuna,2016,567.2
India (mainland),taxon,Bullet tuna,2017,0.6
India (mainland),taxon,Bullet tuna,2018,0.5
India (mainland),taxon,Bullet tuna,2019,131.4
India (mainland),taxon,Green tiger prawn,1970,0.2
India (mainland),taxon,Green tiger prawn,1971,4.9
India (mainland),taxon,Green tiger prawn,1972,5.1
India (mainland),taxon,Green tiger prawn,1973,11.9
India (mainland),taxon,Green tiger prawn,1974,6.5
India (mainland),taxon,Green tiger prawn,1975,17.5
India (mainland),taxon,Green tiger prawn,1976,26.0
India (mainland),taxon,Green tiger prawn,1977,32.0
India (mainland),taxon,Green tiger prawn,1978,62.9
India (mainland),taxon,Green tiger prawn,1979,85.1
India (mainland),taxon,Green tiger prawn,1980,22.9
India (mainland),taxon,Green tiger prawn,1981,22.0
India (mainland),taxon,Green tiger prawn,1982,16.2
India (mainland),taxon,Green tiger prawn,1983,26.9
India (mainland),taxon,Green tiger prawn,1984,24.4
India (mainland),taxon,Green tiger prawn,1985,22.0
India (mainland),taxon,Green tiger prawn,1986,27.6
India (mainland),taxon,Green tiger prawn,1987,26.1
India (mainland),taxon,Green tiger prawn,1988,31.3
India (mainland),taxon,Green tiger prawn,1989,29.5
India (mainland),taxon,Green tiger prawn,1990,19.4
India (mainland),taxon,Green tiger prawn,1991,24.3
India (mainland),taxon,Green tiger prawn,1992,17.1
India (mainland),taxon,Green tiger prawn,1993,26.5
India (mainland),taxon,Green tiger prawn,1994,32.1
India (mainland),taxon,Green tiger prawn,1995,80.7
India (mainland),taxon,Green tiger prawn,1996,101.9
India (mainland),taxon,Green tiger prawn,1997,106.9
India (mainland),taxon,Green tiger prawn,1998,102.1
India (mainland),taxon,Green tiger prawn,1999,91.3
India (mainland),taxon,Green tiger prawn,2000,57.5
India (mainland),taxon,Green tiger prawn,2001,47.5
India (mainland),taxon,Green tiger prawn,2002,25.0
India (mainland),taxon,Green tiger prawn,2003,29.3
India (mainland),taxon,Green tiger prawn,2004,34.8
India (mainland),taxon,Green tiger prawn,2005,42.0
India (mainland),taxon,Green tiger prawn,2006,32.9
India (mainland),taxon,Green tiger prawn,2007,29.6
India (mainland),taxon,Green tiger prawn,2008,22.0
India (mainland),taxon,Green tiger prawn,2009,18.4
India (mainland),taxon,Green tiger prawn,2010,13.9
India (mainland),taxon,Green tiger prawn,2011,18.8
India (mainland),taxon,Green tiger prawn,2012,8.0
India (mainland),taxon,Green tiger prawn,2013,2.7
India (mainland),taxon,Green tiger prawn,2014,1.6
India (mainland),taxon,Green tiger prawn,2015,7.1
India (mainland),taxon,Green tiger prawn,2016,10.2
India (mainland),taxon,Green tiger prawn,2017,12.8
India (mainland),taxon,Green tiger prawn,2018,6.7
India (mainland),taxon,Green tiger prawn,2019,7.8
India (mainland),taxon,Horse mussels,1977,5.9
India (mainland),taxon,Horse mussels,1978,6.1
India (mainland),taxon,Horse mussels,1979,43.6
India (mainland),taxon,Horse mussels,1980,28.9
India (mainland),taxon,Horse mussels,1981,37.7
India (mainland),taxon,Horse mussels,1982,60.9
India (mainland),taxon,Horse mussels,1983,109.6
India (mainland),taxon,Horse mussels,1984,69.8
India (mainland),taxon,Horse mussels,1985,55.4
India (mainland),taxon,Horse mussels,1986,92.0
India (mainland),taxon,Horse mussels,1987,179.8
India (mainland),taxon,Horse mussels,1988,338.8
India (mainland),taxon,Horse mussels,1989,263.2
India (mainland),taxon,Horse mussels,1990,146.9
India (mainland),taxon,Horse mussels,2000,0.8
India (mainland),taxon,Horse mussels,2001,9.9
India (mainland),taxon,Horse mussels,2002,9.5
India (mainland),taxon,Horse mussels,2003,0.9
India (mainland),taxon,Horse mussels,2004,0.0
India (mainland),taxon,Horse mussels,2005,1.3
India (mainland),taxon,Granular ark,1975,84.1
India (mainland),taxon,Granular ark,1976,217.3
India (mainland),taxon,Granular ark,1977,1.3
India (mainland),taxon,Granular ark,1978,7.4
India (mainland),taxon,Granular ark,1979,125.6
India (mainland),taxon,Granular ark,1980,71.5
India (mainland),taxon,Granular ark,1981,58.6
India (mainland),taxon,Granular ark,1982,44.3
India (mainland),taxon,Granular ark,1983,46.3
India (mainland),taxon,Granular ark,1984,132.1
India (mainland),taxon,Granular ark,1985,265.0
India (mainland),taxon,Granular ark,1986,37.8
India (mainland),taxon,Granular ark,1987,88.5
India (mainland),taxon,Granular ark,1989,97.6
India (mainland),taxon,Granular ark,1990,113.0
India (mainland),taxon,Granular ark,1998,0.9
India (mainland),taxon,Granular ark,1999,0.3
India (mainland),taxon,Granular ark,2000,0.9
India (mainland),taxon,Granular ark,2001,1.2
India (mainland),taxon,Granular ark,2002,1.1
India (mainland),taxon,Granular ark,2003,1.3
India (mainland),taxon,Granular ark,2004,1.9
India (mainland),taxon,Granular ark,2005,0.6
India (mainland),taxon,Daggertooth pike conger,1973,1.2
India (mainland),taxon,Daggertooth pike conger,1974,58.7
India (mainland),taxon,Daggertooth pike conger,1975,83.2
India (mainland),taxon,Daggertooth pike conger,1976,46.3
India (mainland),taxon,Daggertooth pike conger,1977,41.1
India (mainland),taxon,Daggertooth pike conger,1978,39.7
India (mainland),taxon,Daggertooth pike conger,1979,55.1
India (mainland),taxon,Daggertooth pike conger,1980,18.0
India (mainland),taxon,Daggertooth pike conger,1981,20.2
India (mainland),taxon,Daggertooth pike conger,1982,4.2
India (mainland),taxon,Daggertooth pike conger,1983,2.0
India (mainland),taxon,Daggertooth pike conger,1984,4.4
India (mainland),taxon,Daggertooth pike conger,1985,2.1
India (mainland),taxon,Daggertooth pike conger,1986,14.4
India (mainland),taxon,Daggertooth pike conger,1987,6.2
India (mainland),taxon,Daggertooth pike conger,1988,6.2
India (mainland),taxon,Daggertooth pike conger,1989,11.8
India (mainland),taxon,Daggertooth pike conger,1990,16.5
India (mainland),taxon,Daggertooth pike conger,1991,42.1
India (mainland),taxon,Daggertooth pike conger,1992,58.3
India (mainland),taxon,Daggertooth pike conger,1993,40.8
India (mainland),taxon,Daggertooth pike conger,1994,33.3
India (mainland),taxon,Daggertooth pike conger,1995,55.8
India (mainland),taxon,Daggertooth pike conger,1996,29.1
India (mainland),taxon,Daggertooth pike conger,1997,32.0
India (mainland),taxon,Daggertooth pike conger,1998,21.8
India (mainland),taxon,Daggertooth pike conger,1999,48.6
India (mainland),taxon,Daggertooth pike conger,2000,20.0
India (mainland),taxon,Daggertooth pike conger,2001,31.5
India (mainland),taxon,Daggertooth pike conger,2002,33.4
India (mainland),taxon,Daggertooth pike conger,2003,37.2
India (mainland),taxon,Daggertooth pike conger,2004,39.8
India (mainland),taxon,Daggertooth pike conger,2005,49.6
India (mainland),taxon,Daggertooth pike conger,2006,37.8
India (mainland),taxon,Daggertooth pike conger,2007,38.6
India (mainland),taxon,Daggertooth pike conger,2008,20.2
India (mainland),taxon,Daggertooth pike conger,2009,27.1
India (mainland),taxon,Daggertooth pike conger,2010,12.8
India (mainland),taxon,Daggertooth pike conger,2011,8.2
India (mainland),taxon,Daggertooth pike conger,2012,4.6
India (mainland),taxon,Daggertooth pike conger,2013,4.5
India (mainland),taxon,Daggertooth pike conger,2014,2.0
India (mainland),taxon,Daggertooth pike conger,2015,3.2
India (mainland),taxon,Daggertooth pike conger,2016,5.6
India (mainland),taxon,Daggertooth pike conger,2017,6.7
India (mainland),taxon,Daggertooth pike conger,2018,5.7
India (mainland),taxon,Daggertooth pike conger,2019,3.4
India (mainland),taxon,"Conger, garden eels",1965,0.1
India (mainland),taxon,"Conger, garden eels",1966,73.8
India (mainland),taxon,"Conger, garden eels",1967,0.1
India (mainland),taxon,"Conger, garden eels",1969,24.8
India (mainland),taxon,"Conger, garden eels",1970,77.2
India (mainland),taxon,"Conger, garden eels",1972,50.1
India (mainland),taxon,"Conger, garden eels",1973,624.1
India (mainland),taxon,"Conger, garden eels",1975,55.6
India (mainland),taxon,"Conger, garden eels",1976,158.8
India (mainland),taxon,"Clams, seasnails, squids, octopuses",1979,16.0
India (mainland),taxon,"Clams, seasnails, squids, octopuses",1980,4.4
India (mainland),taxon,"Clams, seasnails, squids, octopuses",1981,72.8
India (mainland),taxon,"Clams, seasnails, squids, octopuses",1982,15.9
India (mainland),taxon,"Clams, seasnails, squids, octopuses",1983,59.1
India (mainland),taxon,"Clams, seasnails, squids, octopuses",1984,50.2
India (mainland),taxon,"Clams, seasnails, squids, octopuses",1985,77.2
India (mainland),taxon,"Clams, seasnails, squids, octopuses",1986,202.9
India (mainland),taxon,"Clams, seasnails, squids, octopuses",1987,288.6
India (mainland),taxon,"Clams, seasnails, squids, octopuses",1988,120.0
India (mainland),taxon,"Clams, seasnails, squids, octopuses",1989,82.9
India (mainland),taxon,"Clams, seasnails, squids, octopuses",1991,0.5
India (mainland),taxon,"Clams, seasnails, squids, octopuses",1992,1.0
India (mainland),taxon,"Clams, seasnails, squids, octopuses",1993,0.5
India (mainland),taxon,"Clams, seasnails, squids, octopuses",1995,0.2
India (mainland),taxon,"Clams, seasnails, squids, octopuses",1998,1.3
India (mainland),taxon,"Clams, seasnails, squids, octopuses",1999,1.0
India (mainland),taxon,"Clams, seasnails, squids, octopuses",2000,0.4
India (mainland),taxon,"Clams, seasnails, squids, octopuses",2001,1.6
India (mainland),taxon,"Clams, seasnails, squids, octopuses",2003,0.3
India (mainland),taxon,"Clams, seasnails, squids, octopuses",2004,1.9
India (mainland),taxon,"Clams, seasnails, squids, octopuses",2006,2.7
India (mainland),taxon,"Clams, seasnails, squids, octopuses",2007,0.0
India (mainland),taxon,"Clams, seasnails, squids, octopuses",2008,0.0
India (mainland),taxon,"Clams, seasnails, squids, octopuses",2010,0.0
India (mainland),taxon,"Clams, seasnails, squids, octopuses",2011,0.3
India (mainland),taxon,"Clams, seasnails, squids, octopuses",2012,0.1
India (mainland),taxon,"Clams, seasnails, squids, octopuses",2013,0.1
India (mainland),taxon,"Clams, seasnails, squids, octopuses",2014,0.9
India (mainland),taxon,"Clams, seasnails, squids, octopuses",2015,0.2
India (mainland),taxon,"Clams, seasnails, squids, octopuses",2016,0.9
India (mainland),taxon,"Clams, seasnails, squids, octopuses",2017,0.3
India (mainland),taxon,"Clams, seasnails, squids, octopuses",2018,0.6
India (mainland),taxon,"Clams, seasnails, squids, octopuses",2019,0.2
India (mainland),taxon,"Seabasses, hinds",1962,0.0
India (mainland),taxon,"Seabasses, hinds",1963,0.1
India (mainland),taxon,"Seabasses, hinds",1964,0.2
India (mainland),taxon,"Seabasses, hinds",1965,67.3
India (mainland),taxon,"Seabasses, hinds",1966,201.4
India (mainland),taxon,"Seabasses, hinds",1967,90.2
India (mainland),taxon,"Seabasses, hinds",1970,0.1
India (mainland),taxon,"Seabasses, hinds",1971,0.2
India (mainland),taxon,"Seabasses, hinds",1972,45.7
India (mainland),taxon,"Seabasses, hinds",1973,203.7
India (mainland),taxon,"Seabasses, hinds",1974,284.5
India (mainland),taxon,"Seabasses, hinds",1975,22.1
India (mainland),taxon,"Seabasses, hinds",1976,55.4
India (mainland),taxon,"Seabasses, hinds",2018,1.5
India (mainland),taxon,"Seabasses, hinds",2019,1.1
India (mainland),taxon,Giant tiger prawn,1976,2.4
India (mainland),taxon,Giant tiger prawn,1977,2.9
India (mainland),taxon,Giant tiger prawn,1978,2.9
India (mainland),taxon,Giant tiger prawn,1979,7.2
India (mainland),taxon,Giant tiger prawn,1980,1.8
India (mainland),taxon,Giant tiger prawn,1981,5.3
India (mainland),taxon,Giant tiger prawn,1982,1.8
India (mainland),taxon,Giant tiger prawn,1983,11.9
India (mainland),taxon,Giant tiger prawn,1984,8.7
India (mainland),taxon,Giant tiger prawn,1985,7.0
India (mainland),taxon,Giant tiger prawn,1986,10.4
India (mainland),taxon,Giant tiger prawn,1987,5.8
India (mainland),taxon,Giant tiger prawn,1988,16.7
India (mainland),taxon,Giant tiger prawn,1989,15.7
India (mainland),taxon,Giant tiger prawn,1990,14.5
India (mainland),taxon,Giant tiger prawn,1991,12.1
India (mainland),taxon,Giant tiger prawn,1992,15.3
India (mainland),taxon,Giant tiger prawn,1993,21.1
India (mainland),taxon,Giant tiger prawn,1994,6.5
India (mainland),taxon,Giant tiger prawn,1995,33.8
India (mainland),taxon,Giant tiger prawn,1996,83.7
India (mainland),taxon,Giant tiger prawn,1997,80.2
India (mainland),taxon,Giant tiger prawn,1998,40.8
India (mainland),taxon,Giant tiger prawn,1999,49.9
India (mainland),taxon,Giant tiger prawn,2000,25.1
India (mainland),taxon,Giant tiger prawn,2001,24.5
India (mainland),taxon,Giant tiger prawn,2002,42.9
India (mainland),taxon,Giant tiger prawn,2003,84.5
India (mainland),taxon,Giant tiger prawn,2004,24.7
India (mainland),taxon,Giant tiger prawn,2005,47.9
India (mainland),taxon,Giant tiger prawn,2006,52.0
India (mainland),taxon,Giant tiger prawn,2007,44.3
India (mainland),taxon,Giant tiger prawn,2008,29.1
India (mainland),taxon,Giant tiger prawn,2009,25.2
India (mainland),taxon,Giant tiger prawn,2010,10.5
India (mainland),taxon,Giant tiger prawn,2011,13.6
India (mainland),taxon,Giant tiger prawn,2012,8.3
India (mainland),taxon,Giant tiger prawn,2013,1.8
India (mainland),taxon,Giant tiger prawn,2014,0.5
India (mainland),taxon,Giant tiger prawn,2015,0.9
India (mainland),taxon,Giant tiger prawn,2016,0.9
India (mainland),taxon,Giant tiger prawn,2017,1.1
India (mainland),taxon,Giant tiger prawn,2018,0.9
India (mainland),taxon,Giant tiger prawn,2019,1.4
India (mainland),taxon,Silver pomfret,1970,0.8
India (mainland),taxon,Silver pomfret,1971,1.6
India (mainland),taxon,Silver pomfret,1972,2.1
India (mainland),taxon,Silver pomfret,1973,12.1
India (mainland),taxon,Silver pomfret,1974,7.3
India (mainland),taxon,Silver pomfret,1975,8.2
India (mainland),taxon,Silver pomfret,1976,8.4
India (mainland),taxon,Silver pomfret,1977,11.2
India (mainland),taxon,Silver pomfret,1978,11.6
India (mainland),taxon,Silver pomfret,1979,17.7
India (mainland),taxon,Silver pomfret,1980,5.2
India (mainland),taxon,Silver pomfret,1981,4.5
India (mainland),taxon,Silver pomfret,1982,4.4
India (mainland),taxon,Silver pomfret,1983,9.3
India (mainland),taxon,Silver pomfret,1984,5.1
India (mainland),taxon,Silver pomfret,1985,20.3
India (mainland),taxon,Silver pomfret,1986,11.0
India (mainland),taxon,Silver pomfret,1987,5.5
India (mainland),taxon,Silver pomfret,1988,6.9
India (mainland),taxon,Silver pomfret,1989,13.4
India (mainland),taxon,Silver pomfret,1990,22.5
India (mainland),taxon,Silver pomfret,1991,33.9
India (mainland),taxon,Silver pomfret,1992,15.9
India (mainland),taxon,Silver pomfret,1993,19.5
India (mainland),taxon,Silver pomfret,1994,49.1
India (mainland),taxon,Silver pomfret,1995,68.4
India (mainland),taxon,Silver pomfret,1996,57.7
India (mainland),taxon,Silver pomfret,1997,60.3
India (mainland),taxon,Silver pomfret,1998,14.0
India (mainland),taxon,Silver pomfret,1999,19.9
India (mainland),taxon,Silver pomfret,2000,5.7
India (mainland),taxon,Silver pomfret,2001,5.1
India (mainland),taxon,Silver pomfret,2002,3.9
India (mainland),taxon,Silver pomfret,2003,16.5
India (mainland),taxon,Silver pomfret,2004,22.2
India (mainland),taxon,Silver pomfret,2005,45.9
India (mainland),taxon,Silver pomfret,2006,43.1
India (mainland),taxon,Silver pomfret,2007,31.7
India (mainland),taxon,Silver pomfret,2008,22.0
India (mainland),taxon,Silver pomfret,2009,25.7
India (mainland),taxon,Silver pomfret,2010,12.3
India (mainland),taxon,Silver pomfret,2011,11.8
India (mainland),taxon,Silver pomfret,2012,9.8
India (mainland),taxon,Silver pomfret,2013,2.2
India (mainland),taxon,Silver pomfret,2014,0.7
India (mainland),taxon,Silver pomfret,2015,0.6
India (mainland),taxon,Silver pomfret,2016,2.2
India (mainland),taxon,Silver pomfret,2017,3.8
India (mainland),taxon,Silver pomfret,2018,4.6
India (mainland),taxon,Silver pomfret,2019,2.0
India (mainland),taxon,John dory,1965,0.1
India (mainland),taxon,John dory,1966,20.2
India (mainland),taxon,John dory,1967,0.1
India (mainland),taxon,John dory,1968,0.1
India (mainland),taxon,John dory,1971,39.4
India (mainland),taxon,John dory,1972,62.6
India (mainland),taxon,John dory,1973,118.9
India (mainland),taxon,John dory,1974,199.2
India (mainland),taxon,John dory,1976,316.7
India (mainland),taxon,Blue marlins,1983,3.4
India (mainland),taxon,Blue marlins,1984,7.4
India (mainland),taxon,Blue marlins,1985,5.9
India (mainland),taxon,Blue marlins,1986,12.8
India (mainland),taxon,Blue marlins,1987,9.2
India (mainland),taxon,Blue marlins,1988,4.4
India (mainland),taxon,Blue marlins,1989,3.6
India (mainland),taxon,Blue marlins,1990,2.8
India (mainland),taxon,Blue marlins,1991,5.2
India (mainland),taxon,Blue marlins,1992,5.6
India (mainland),taxon,Blue marlins,1993,14.9
India (mainland),taxon,Blue marlins,1994,1.2
India (mainland),taxon,Blue marlins,1995,46.7
India (mainland),taxon,Blue marlins,1996,24.0
India (mainland),taxon,Blue marlins,1997,34.9
India (mainland),taxon,Blue marlins,1998,209.7
India (mainland),taxon,Blue marlins,1999,165.4
India (mainland),taxon,Blue marlins,2000,58.6
India (mainland),taxon,Blue marlins,2001,7.2
India (mainland),taxon,Blue marlins,2002,0.6
India (mainland),taxon,Blue marlins,2003,0.2
India (mainland),taxon,Blue marlins,2004,0.1
India (mainland),taxon,Blue marlins,2007,0.1
India (mainland),taxon,Blue marlins,2015,0.8
India (mainland),taxon,Blue marlins,2016,2.7
India (mainland),taxon,Blue marlins,2017,0.7
India (mainland),taxon,Blue marlins,2018,1.3
India (mainland),taxon,Blue marlins,2019,0.1
India (mainland),taxon,Triggerfishes,1969,0.1
India (mainland),taxon,Triggerfishes,1974,0.2
India (mainland),taxon,Triggerfishes,1975,0.2
India (mainland),taxon,Triggerfishes,2019,565.1
India (mainland),taxon,Cupped oysters,1977,10.5
India (mainland),taxon,Cupped oysters,1978,6.6
India (mainland),taxon,Cupped oysters,1979,15.8
India (mainland),taxon,Cupped oysters,1980,21.2
India (mainland),taxon,Cupped oysters,1981,18.0
India (mainland),taxon,Cupped oysters,1982,71.7
India (mainland),taxon,Cupped oysters,1983,56.9
India (mainland),taxon,Cupped oysters,1984,24.9
India (mainland),taxon,Cupped oysters,1985,57.1
India (mainland),taxon,Cupped oysters,1986,23.7
India (mainland),taxon,Cupped oysters,1987,36.3
India (mainland),taxon,Cupped oysters,1988,23.2
India (mainland),taxon,Cupped oysters,1989,46.8
India (mainland),taxon,Cupped oysters,1990,16.7
India (mainland),taxon,Scalloped spiny lobster,1964,23.7
India (mainland),taxon,Scalloped spiny lobster,1965,165.8
India (mainland),taxon,Scalloped spiny lobster,1966,213.2
India (mainland),taxon,Monocle breams,1973,1.3
India (mainland),taxon,Monocle breams,1974,4.1
India (mainland),taxon,Monocle breams,1975,3.5
India (mainland),taxon,Monocle breams,1977,13.3
India (mainland),taxon,Monocle breams,1978,0.5
India (mainland),taxon,Monocle breams,1979,3.0
India (mainland),taxon,Monocle breams,1980,3.5
India (mainland),taxon,Monocle breams,1981,3.6
India (mainland),taxon,Monocle breams,1982,14.5
India (mainland),taxon,Monocle breams,1983,6.1
India (mainland),taxon,Monocle breams,1984,19.0
India (mainland),taxon,Monocle breams,1985,10.3
India (mainland),taxon,Monocle breams,1986,12.4
India (mainland),taxon,Monocle breams,1987,21.4
India (mainland),taxon,Monocle breams,1988,8.7
India (mainland),taxon,Monocle breams,1989,1.1
India (mainland),taxon,Monocle breams,1993,0.0
India (mainland),taxon,Monocle breams,1994,0.0
India (mainland),taxon,Monocle breams,1995,0.0
India (mainland),taxon,Monocle breams,1996,0.0
India (mainland),taxon,Monocle breams,1997,0.0
India (mainland),taxon,Monocle breams,1998,0.0
India (mainland),taxon,Monocle breams,1999,0.0
India (mainland),taxon,Monocle breams,2001,0.0
India (mainland),taxon,Monocle breams,2010,18.5
India (mainland),taxon,Monocle breams,2011,18.0
India (mainland),taxon,Monocle breams,2012,12.9
India (mainland),taxon,Monocle breams,2013,10.4
India (mainland),taxon,Monocle breams,2014,8.3
India (mainland),taxon,Monocle breams,2015,26.9
India (mainland),taxon,Monocle breams,2016,31.5
India (mainland),taxon,Monocle breams,2017,40.9
India (mainland),taxon,Monocle breams,2018,43.7
India (mainland),taxon,Monocle breams,2019,45.8
India (mainland),taxon,Skates and rays,1951,0.0
India (mainland),taxon,Skates and rays,1952,0.0
India (mainland),taxon,Skates and rays,1953,0.0
India (mainland),taxon,Skates and rays,1954,0.0
India (mainland),taxon,Skates and rays,1955,0.0
India (mainland),taxon,Skates and rays,1956,0.0
India (mainland),taxon,Skates and rays,1957,0.0
India (mainland),taxon,Skates and rays,1958,0.0
India (mainland),taxon,Skates and rays,1963,0.1
India (mainland),taxon,Skates and rays,1964,0.1
India (mainland),taxon,Skates and rays,1966,0.0
India (mainland),taxon,Skates and rays,1973,156.0
India (mainland),taxon,Skates and rays,1974,145.2
India (mainland),taxon,Skates and rays,1975,31.6
India (mainland),taxon,Skates and rays,1976,3.8
India (mainland),taxon,Skates and rays,2012,0.0
India (mainland),taxon,Skates and rays,2015,0.0
India (mainland),taxon,Skates and rays,2017,0.3
India (mainland),taxon,Skates and rays,2018,0.5
India (mainland),taxon,Skates and rays,2019,0.0
India (mainland),taxon,Flathead lobster,1973,11.9
India (mainland),taxon,Flathead lobster,1974,6.5
India (mainland),taxon,Flathead lobster,1975,2.1
India (mainland),taxon,Flathead lobster,1976,1.9
India (mainland),taxon,Flathead lobster,1977,4.6
India (mainland),taxon,Flathead lobster,1978,5.4
India (mainland),taxon,Flathead lobster,1979,4.8
India (mainland),taxon,Flathead lobster,1980,2.7
India (mainland),taxon,Flathead lobster,1981,4.7
India (mainland),taxon,Flathead lobster,1982,3.7
India (mainland),taxon,Flathead lobster,1983,1.7
India (mainland),taxon,Flathead lobster,1984,3.6
India (mainland),taxon,Flathead lobster,1985,4.0
India (mainland),taxon,Flathead lobster,1986,4.8
India (mainland),taxon,Flathead lobster,1987,3.6
India (mainland),taxon,Flathead lobster,1988,1.3
India (mainland),taxon,Flathead lobster,1989,3.6
India (mainland),taxon,Flathead lobster,1990,5.7
India (mainland),taxon,Flathead lobster,1991,3.0
India (mainland),taxon,Flathead lobster,1992,5.2
India (mainland),taxon,Flathead lobster,1993,7.8
India (mainland),taxon,Flathead lobster,1994,9.5
India (mainland),taxon,Flathead lobster,1995,14.2
India (mainland),taxon,Flathead lobster,1996,12.6
India (mainland),taxon,Flathead lobster,1997,7.7
India (mainland),taxon,Flathead lobster,1998,25.0
India (mainland),taxon,Flathead lobster,1999,1.5
India (mainland),taxon,Flathead lobster,2000,0.8
India (mainland),taxon,Flathead lobster,2001,2.0
India (mainland),taxon,Flathead lobster,2002,10.0
India (mainland),taxon,Flathead lobster,2003,23.1
India (mainland),taxon,Flathead lobster,2004,25.5
India (mainland),taxon,Flathead lobster,2005,21.8
India (mainland),taxon,Flathead lobster,2006,24.2
India (mainland),taxon,Flathead lobster,2007,18.4
India (mainland),taxon,Flathead lobster,2008,2.8
India (mainland),taxon,Flathead lobster,2009,4.3
India (mainland),taxon,Flathead lobster,2010,4.1
India (mainland),taxon,Flathead lobster,2011,1.6
India (mainland),taxon,Flathead lobster,2012,1.3
India (mainland),taxon,Flathead lobster,2013,13.8
India (mainland),taxon,Flathead lobster,2014,2.4
India (mainland),taxon,Flathead lobster,2015,0.5
India (mainland),taxon,Flathead lobster,2016,0.6
India (mainland),taxon,Flathead lobster,2017,1.5
India (mainland),taxon,Flathead lobster,2018,1.0
India (mainland),taxon,Flathead lobster,2019,1.0
India (mainland),taxon,Kelee shad,1950,0.2
India (mainland),taxon,Kelee shad,1951,0.4
India (mainland),taxon,Kelee shad,1952,0.4
India (mainland),taxon,Kelee shad,1953,0.6
India (mainland),taxon,Kelee shad,1954,0.7
India (mainland),taxon,Kelee shad,1955,0.3
India (mainland),taxon,Kelee shad,1956,0.4
India (mainland),taxon,Kelee shad,1957,0.3
India (mainland),taxon,Kelee shad,1958,0.3
India (mainland),taxon,Kelee shad,1959,0.3
India (mainland),taxon,Kelee shad,1960,0.5
India (mainland),taxon,Kelee shad,1961,0.5
India (mainland),taxon,Kelee shad,1962,0.5
India (mainland),taxon,Kelee shad,1963,16.5
India (mainland),taxon,Kelee shad,1964,11.6
India (mainland),taxon,Kelee shad,1965,19.2
India (mainland),taxon,Kelee shad,1966,10.7
India (mainland),taxon,Kelee shad,1967,7.3
India (mainland),taxon,Kelee shad,1968,1.7
India (mainland),taxon,Kelee shad,1969,5.2
India (mainland),taxon,Kelee shad,1970,29.2
India (mainland),taxon,Kelee shad,1971,17.9
India (mainland),taxon,Kelee shad,1972,30.8
India (mainland),taxon,Kelee shad,1973,23.4
India (mainland),taxon,Kelee shad,1974,38.8
India (mainland),taxon,Kelee shad,1975,29.0
India (mainland),taxon,Kelee shad,1976,34.7
India (mainland),taxon,Shortbill spearfish,1952,0.1
India (mainland),taxon,Shortbill spearfish,1953,0.4
India (mainland),taxon,Shortbill spearfish,1954,1.5
India (mainland),taxon,Shortbill spearfish,1955,6.7
India (mainland),taxon,Shortbill spearfish,1956,11.2
India (mainland),taxon,Shortbill spearfish,1957,0.3
India (mainland),taxon,Shortbill spearfish,1958,0.9
India (mainland),taxon,Shortbill spearfish,1959,5.8
India (mainland),taxon,Shortbill spearfish,1960,14.2
India (mainland),taxon,Shortbill spearfish,1961,16.6
India (mainland),taxon,Shortbill spearfish,1962,0.2
India (mainland),taxon,Shortbill spearfish,1963,2.0
India (mainland),taxon,Shortbill spearfish,1964,6.1
India (mainland),taxon,Shortbill spearfish,1965,0.2
India (mainland),taxon,Shortbill spearfish,1966,2.6
India (mainland),taxon,Shortbill spearfish,1967,0.2
India (mainland),taxon,Shortbill spearfish,1968,4.2
India (mainland),taxon,Shortbill spearfish,1969,9.3
India (mainland),taxon,Shortbill spearfish,1970,10.4
India (mainland),taxon,Shortbill spearfish,1971,19.6
India (mainland),taxon,Shortbill spearfish,1972,6.3
India (mainland),taxon,Shortbill spearfish,1973,3.8
India (mainland),taxon,Shortbill spearfish,1974,0.0
India (mainland),taxon,Shortbill spearfish,1975,2.9
India (mainland),taxon,Shortbill spearfish,1976,7.7
India (mainland),taxon,Shortbill spearfish,1977,0.5
India (mainland),taxon,Shortbill spearfish,1978,1.1
India (mainland),taxon,Shortbill spearfish,1979,1.2
India (mainland),taxon,Shortbill spearfish,1980,0.3
India (mainland),taxon,Shortbill spearfish,1981,0.0
India (mainland),taxon,Shortbill spearfish,1983,0.0
India (mainland),taxon,Shortbill spearfish,1984,0.2
India (mainland),taxon,Shortbill spearfish,1986,2.1
India (mainland),taxon,Shortbill spearfish,1987,0.1
India (mainland),taxon,Shortbill spearfish,1988,0.2
India (mainland),taxon,Shortbill spearfish,1989,0.4
India (mainland),taxon,Shortbill spearfish,1990,0.2
India (mainland),taxon,Shortbill spearfish,1993,0.0
India (mainland),taxon,Shortbill spearfish,1994,0.1
India (mainland),taxon,Shortbill spearfish,1995,0.6
India (mainland),taxon,Shortbill spearfish,1996,0.8
India (mainland),taxon,Shortbill spearfish,1997,0.8
India (mainland),taxon,Shortbill spearfish,1998,2.7
India (mainland),taxon,Shortbill spearfish,1999,9.9
India (mainland),taxon,Shortbill spearfish,2000,1.4
India (mainland),taxon,Shortbill spearfish,2001,3.1
India (mainland),taxon,Shortbill spearfish,2002,5.8
India (mainland),taxon,Shortbill spearfish,2003,6.1
India (mainland),taxon,Shortbill spearfish,2004,4.6
India (mainland),taxon,Shortbill spearfish,2005,5.0
India (mainland),taxon,Shortbill spearfish,2006,4.8
India (mainland),taxon,Shortbill spearfish,2007,21.0
India (mainland),taxon,Shortbill spearfish,2008,50.3
India (mainland),taxon,Shortbill spearfish,2009,6.5
India (mainland),taxon,Shortbill spearfish,2010,1.1
India (mainland),taxon,Shortbill spearfish,2011,1.5
India (mainland),taxon,Shortbill spearfish,2012,0.0
India (mainland),taxon,Dogtooth tuna,2010,7.9
India (mainland),taxon,Dogtooth tuna,2011,13.3
India (mainland),taxon,Dogtooth tuna,2012,16.5
India (mainland),taxon,Dogtooth tuna,2013,21.6
India (mainland),taxon,Dogtooth tuna,2014,37.3
India (mainland),taxon,Dogtooth tuna,2015,6.5
India (mainland),taxon,Dogtooth tuna,2016,34.5
India (mainland),taxon,Dogtooth tuna,2017,29.9
India (mainland),taxon,Dogtooth tuna,2018,29.9
India (mainland),taxon,Dogtooth tuna,2019,25.9
India (mainland),taxon,"Marine crabs, shrimps, lobsters nei",1971,67.0
India (mainland),taxon,"Marine crabs, shrimps, lobsters nei",1973,17.9
India (mainland),taxon,"Marine crabs, shrimps, lobsters nei",1974,18.3
India (mainland),taxon,"Marine crabs, shrimps, lobsters nei",1975,28.7
India (mainland),taxon,"Marine crabs, shrimps, lobsters nei",1976,0.4
India (mainland),taxon,"Marine crabs, shrimps, lobsters nei",1999,4.2
India (mainland),taxon,"Marine crabs, shrimps, lobsters nei",2005,20.3
India (mainland),taxon,Yellowstripe scad,2005,128.8
India (mainland),taxon,Sepia cuttlefishes,1950,0.0
India (mainland),taxon,Sepia cuttlefishes,1951,0.1
India (mainland),taxon,Sepia cuttlefishes,1952,0.0
India (mainland),taxon,Sepia cuttlefishes,1953,0.1
India (mainland),taxon,Sepia cuttlefishes,1954,0.1
India (mainland),taxon,Sepia cuttlefishes,1955,0.0
India (mainland),taxon,Sepia cuttlefishes,1956,0.1
India (mainland),taxon,Sepia cuttlefishes,1957,0.0
India (mainland),taxon,Sepia cuttlefishes,1958,0.0
India (mainland),taxon,Sepia cuttlefishes,1959,0.0
India (mainland),taxon,Sepia cuttlefishes,1960,0.0
India (mainland),taxon,Sepia cuttlefishes,1961,0.0
India (mainland),taxon,Sepia cuttlefishes,1962,0.0
India (mainland),taxon,Sepia cuttlefishes,1963,1.3
India (mainland),taxon,Sepia cuttlefishes,1964,1.1
India (mainland),taxon,Sepia cuttlefishes,1965,0.6
India (mainland),taxon,Sepia cuttlefishes,1971,4.4
India (mainland),taxon,Sepia cuttlefishes,1999,3.4
India (mainland),taxon,Sepia cuttlefishes,2013,104.5
India (mainland),taxon,Eeltail catfishes,1994,2.5
India (mainland),taxon,Eeltail catfishes,1995,2.5
India (mainland),taxon,Eeltail catfishes,1996,3.1
India (mainland),taxon,Eeltail catfishes,1997,5.1
India (mainland),taxon,Eeltail catfishes,1998,5.1
India (mainland),taxon,Eeltail catfishes,1999,3.1
India (mainland),taxon,Eeltail catfishes,2000,2.4
India (mainland),taxon,Eeltail catfishes,2001,2.1
India (mainland),taxon,Eeltail catfishes,2002,1.5
India (mainland),taxon,Eeltail catfishes,2003,5.8
India (mainland),taxon,Eeltail catfishes,2004,2.1
India (mainland),taxon,Eeltail catfishes,2005,7.5
India (mainland),taxon,Eeltail catfishes,2006,3.9
India (mainland),taxon,Eeltail catfishes,2007,8.0
India (mainland),taxon,Eeltail catfishes,2008,1.7
India (mainland),taxon,Eeltail catfishes,2009,3.4
India (mainland),taxon,Eeltail catfishes,2010,1.9
India (mainland),taxon,Eeltail catfishes,2011,3.4
India (mainland),taxon,Eeltail catfishes,2012,0.9
India (mainland),taxon,Eeltail catfishes,2013,2.8
India (mainland),taxon,Eeltail catfishes,2014,1.2
India (mainland),taxon,Eeltail catfishes,2015,4.2
India (mainland),taxon,Eeltail catfishes,2016,5.5
India (mainland),taxon,Eeltail catfishes,2017,9.6
India (mainland),taxon,Eeltail catfishes,2018,7.9
India (mainland),taxon,Eeltail catfishes,2019,11.4
India (mainland),taxon,Aquatic invertebrates,1978,0.5
India (mainland),taxon,Aquatic invertebrates,1979,0.9
India (mainland),taxon,Aquatic invertebrates,1980,1.8
India (mainland),taxon,Aquatic invertebrates,1981,1.7
India (mainland),taxon,Aquatic invertebrates,1982,2.1
India (mainland),taxon,Aquatic invertebrates,1983,0.5
India (mainland),taxon,Aquatic invertebrates,1984,1.2
India (mainland),taxon,Aquatic invertebrates,1985,0.9
India (mainland),taxon,Aquatic invertebrates,1986,0.4
India (mainland),taxon,Aquatic invertebrates,1987,0.9
India (mainland),taxon,Aquatic invertebrates,1988,0.8
India (mainland),taxon,Aquatic invertebrates,1989,0.8
India (mainland),taxon,Aquatic invertebrates,2005,0.2
India (mainland),taxon,Aquatic invertebrates,2008,0.1
India (mainland),taxon,Aquatic invertebrates,2011,8.1
India (mainland),taxon,Aquatic invertebrates,2012,3.1
India (mainland),taxon,Aquatic invertebrates,2013,23.4
India (mainland),taxon,Aquatic invertebrates,2014,2.9
India (mainland),taxon,Aquatic invertebrates,2015,4.9
India (mainland),taxon,Aquatic invertebrates,2016,23.0
India (mainland),taxon,Aquatic invertebrates,2017,7.8
India (mainland),taxon,Aquatic invertebrates,2018,10.6
India (mainland),taxon,Aquatic invertebrates,2019,8.4
India (mainland),taxon,Barracudas,2005,0.0
India (mainland),taxon,Barracudas,2006,0.0
India (mainland),taxon,Barracudas,2007,0.0
India (mainland),taxon,Barracudas,2008,0.0
India (mainland),taxon,Barracudas,2009,0.0
India (mainland),taxon,Barracudas,2011,0.0
India (mainland),taxon,Barracudas,2012,0.0
India (mainland),taxon,Barracudas,2013,0.0
India (mainland),taxon,Barracudas,2015,0.0
India (mainland),taxon,Barracudas,2016,0.0
India (mainland),taxon,Barracudas,2017,0.0
India (mainland),taxon,Barracudas,2018,67.4
India (mainland),taxon,Barracudas,2019,0.0
India (mainland),taxon,Acetes shrimps,1970,1.4
India (mainland),taxon,Acetes shrimps,1971,1.0
India (mainland),taxon,Acetes shrimps,1973,1.4
India (mainland),taxon,Acetes shrimps,1974,5.4
India (mainland),taxon,Acetes shrimps,1975,4.0
India (mainland),taxon,Acetes shrimps,2005,39.6
India (mainland),taxon,Dusky shark,2007,5.3
India (mainland),taxon,Dusky shark,2008,12.8
India (mainland),taxon,Dusky shark,2009,8.8
India (mainland),taxon,Dusky shark,2010,7.0
India (mainland),taxon,Dusky shark,2011,7.5
India (mainland),taxon,Dusky shark,2012,0.0
India (mainland),taxon,Bluefish,1965,0.0
India (mainland),taxon,Bluefish,1967,9.9
India (mainland),taxon,Bluefish,1969,29.8
India (mainland),taxon,Pennah croakers,1950,0.2
India (mainland),taxon,Pennah croakers,1951,0.5
India (mainland),taxon,Pennah croakers,1952,0.1
India (mainland),taxon,Pennah croakers,1953,0.1
India (mainland),taxon,Pennah croakers,1954,0.1
India (mainland),taxon,Pennah croakers,1955,0.0
India (mainland),taxon,Pennah croakers,1956,0.1
India (mainland),taxon,Pennah croakers,1957,0.1
India (mainland),taxon,Pennah croakers,1958,0.1
India (mainland),taxon,Pennah croakers,1959,0.2
India (mainland),taxon,Pennah croakers,1960,0.2
India (mainland),taxon,Pennah croakers,1961,0.1
India (mainland),taxon,Pennah croakers,1962,0.2
India (mainland),taxon,Pennah croakers,1963,4.4
India (mainland),taxon,Pennah croakers,1964,3.0
India (mainland),taxon,Pennah croakers,1965,2.2
India (mainland),taxon,Pennah croakers,1966,2.8
India (mainland),taxon,Pennah croakers,1967,7.1
India (mainland),taxon,Pennah croakers,1968,1.1
India (mainland),taxon,Pennah croakers,1976,10.3
India (mainland),taxon,Spottail shark,2013,19.0
India (mainland),taxon,Spottail shark,2014,10.0
India (mainland),taxon,Spottail shark,2017,2.0
India (mainland),taxon,Chacunda gizzard shad,1963,1.3
India (mainland),taxon,Chacunda gizzard shad,1964,0.7
India (mainland),taxon,Chacunda gizzard shad,1965,1.4
India (mainland),taxon,Chacunda gizzard shad,1966,0.9
India (mainland),taxon,Chacunda gizzard shad,1967,0.9
India (mainland),taxon,Chacunda gizzard shad,1968,0.3
India (mainland),taxon,Chacunda gizzard shad,1969,0.9
India (mainland),taxon,Chacunda gizzard shad,1970,2.5
India (mainland),taxon,Chacunda gizzard shad,1971,1.5
India (mainland),taxon,Chacunda gizzard shad,1972,2.9
India (mainland),taxon,Chacunda gizzard shad,1973,2.6
India (mainland),taxon,Chacunda gizzard shad,1974,3.6
India (mainland),taxon,Chacunda gizzard shad,1975,2.6
India (mainland),taxon,Chacunda gizzard shad,1976,3.4
India (mainland),taxon,Tunas,1954,0.0
India (mainland),taxon,Tunas,1955,0.0
India (mainland),taxon,Tunas,1956,0.1
India (mainland),taxon,Tunas,1958,0.0
India (mainland),taxon,Tunas,1959,0.0
India (mainland),taxon,Tunas,1960,0.1
India (mainland),taxon,Tunas,1961,0.2
India (mainland),taxon,Tunas,1963,0.0
India (mainland),taxon,Tunas,1964,0.0
India (mainland),taxon,Tunas,1966,0.0
India (mainland),taxon,Tunas,1968,0.0
India (mainland),taxon,Tunas,1969,1.8
India (mainland),taxon,Tunas,1970,0.6
India (mainland),taxon,Tunas,1976,1.0
India (mainland),taxon,Tunas,1977,0.8
India (mainland),taxon,Tunas,1978,0.0
India (mainland),taxon,Tunas,1979,0.1
India (mainland),taxon,Tunas,1980,0.0
India (mainland),taxon,Tunas,1981,0.0
India (mainland),taxon,Tunas,1984,0.1
India (mainland),taxon,Tunas,1987,0.1
India (mainland),taxon,Tunas,1989,0.0
India (mainland),taxon,Tunas,1990,0.0
India (mainland),taxon,Tunas,1992,0.1
India (mainland),taxon,Tunas,1993,0.7
India (mainland),taxon,Tunas,1994,0.0
India (mainland),taxon,Tunas,1995,0.0
India (mainland),taxon,Tunas,2003,0.6
India (mainland),taxon,Tunas,2004,0.9
India (mainland),taxon,Tunas,2005,0.0
India (mainland),taxon,Tunas,2006,1.3
India (mainland),taxon,Tunas,2007,0.2
India (mainland),taxon,Tunas,2008,0.2
India (mainland),taxon,Tunas,2009,2.1
India (mainland),taxon,Tunas,2010,0.3
India (mainland),taxon,Tunas,2011,0.2
India (mainland),taxon,Tunas,2012,0.0
India (mainland),taxon,Tunas,2013,0.2
India (mainland),taxon,Tunas,2014,6.1
India (mainland),taxon,Tunas,2015,2.7
India (mainland),taxon,Tunas,2016,0.1
India (mainland),taxon,Queenfishes,1950,0.0
India (mainland),taxon,Queenfishes,1951,0.0
India (mainland),taxon,Queenfishes,1952,0.0
India (mainland),taxon,Queenfishes,1953,0.0
India (mainland),taxon,Queenfishes,1954,0.0
India (mainland),taxon,Queenfishes,1955,0.0
India (mainland),taxon,Queenfishes,1956,0.0
India (mainland),taxon,Queenfishes,1957,0.0
India (mainland),taxon,Queenfishes,1958,0.0
India (mainland),taxon,Queenfishes,1959,0.0
India (mainland),taxon,Queenfishes,1960,0.0
India (mainland),taxon,Queenfishes,1961,0.0
India (mainland),taxon,Queenfishes,1962,0.0
India (mainland),taxon,Queenfishes,1963,0.3
India (mainland),taxon,Queenfishes,1964,0.2
India (mainland),taxon,Queenfishes,1965,0.3
India (mainland),taxon,Queenfishes,1966,0.6
India (mainland),taxon,Queenfishes,1967,0.2
India (mainland),taxon,Queenfishes,1968,0.0
India (mainland),taxon,Queenfishes,1969,0.1
India (mainland),taxon,Queenfishes,2010,3.5
India (mainland),taxon,Queenfishes,2011,1.0
India (mainland),taxon,Queenfishes,2012,0.6
India (mainland),taxon,Queenfishes,2013,0.8
India (mainland),taxon,Queenfishes,2014,0.7
India (mainland),taxon,Queenfishes,2015,0.7
India (mainland),taxon,Queenfishes,2016,1.8
India (mainland),taxon,Queenfishes,2017,1.8
India (mainland),taxon,Queenfishes,2018,1.7
India (mainland),taxon,Queenfishes,2019,1.6
India (mainland),taxon,Threadfin breams,1962,0.0
India (mainland),taxon,Threadfin breams,1963,0.1
India (mainland),taxon,Threadfin breams,1964,0.3
India (mainland),taxon,Threadfin breams,1965,1.2
India (mainland),taxon,Threadfin breams,1966,1.3
India (mainland),taxon,Threadfin breams,1967,0.4
India (mainland),taxon,Threadfin breams,1999,12.5
India (mainland),taxon,Scalloped hammerhead,2004,0.0
India (mainland),taxon,Scalloped hammerhead,2005,0.1
India (mainland),taxon,Scalloped hammerhead,2006,0.1
India (mainland),taxon,Scalloped hammerhead,2007,0.0
India (mainland),taxon,Scalloped hammerhead,2008,0.0
India (mainland),taxon,Scalloped hammerhead,2009,0.0
India (mainland),taxon,Scalloped hammerhead,2010,0.0
India (mainland),taxon,Scalloped hammerhead,2011,0.0
India (mainland),taxon,Scalloped hammerhead,2013,0.1
India (mainland),taxon,Scalloped hammerhead,2015,0.7
India (mainland),taxon,Scalloped hammerhead,2016,0.2
India (mainland),taxon,Scalloped hammerhead,2017,0.3
India (mainland),taxon,Scalloped hammerhead,2018,0.8
India (mainland),taxon,Scalloped hammerhead,2019,12.3
India (mainland),taxon,Pike congers,2018,8.1
India (mainland),taxon,Pike congers,2019,5.6
India (mainland),taxon,Paradise fishes,1950,0.0
India (mainland),taxon,Paradise fishes,1951,0.0
India (mainland),taxon,Paradise fishes,1952,0.0
India (mainland),taxon,Paradise fishes,1953,0.0
India (mainland),taxon,Paradise fishes,1956,0.0
India (mainland),taxon,Paradise fishes,1957,0.0
India (mainland),taxon,Paradise fishes,1959,0.0
India (mainland),taxon,Paradise fishes,1964,0.2
India (mainland),taxon,Paradise fishes,1965,0.3
India (mainland),taxon,Paradise fishes,1966,1.8
India (mainland),taxon,Paradise fishes,1967,0.6
India (mainland),taxon,Paradise fishes,1969,0.6
India (mainland),taxon,Paradise fishes,1970,2.2
India (mainland),taxon,Paradise fishes,1971,0.8
India (mainland),taxon,Paradise fishes,1972,1.1
India (mainland),taxon,Paradise fishes,1973,0.4
India (mainland),taxon,Paradise fishes,1974,1.2
India (mainland),taxon,Paradise fishes,1975,1.4
India (mainland),taxon,Paradise fishes,1976,1.1
India (mainland),taxon,Cods,1965,0.0
India (mainland),taxon,Cods,1968,11.8
India (mainland),taxon,Grey mullets,1950,0.1
India (mainland),taxon,Grey mullets,1951,0.2
India (mainland),taxon,Grey mullets,1952,0.0
India (mainland),taxon,Grey mullets,1953,0.0
India (mainland),taxon,Grey mullets,1954,0.0
India (mainland),taxon,Grey mullets,1955,0.0
India (mainland),taxon,Grey mullets,1956,0.0
India (mainland),taxon,Grey mullets,1957,0.0
India (mainland),taxon,Grey mullets,1958,0.0
India (mainland),taxon,Grey mullets,1959,0.1
India (mainland),taxon,Grey mullets,1960,0.1
India (mainland),taxon,Grey mullets,1961,0.1
India (mainland),taxon,Grey mullets,1962,0.1
India (mainland),taxon,Grey mullets,1963,1.9
India (mainland),taxon,Grey mullets,1964,1.5
India (mainland),taxon,Grey mullets,1965,1.7
India (mainland),taxon,Grey mullets,1966,1.0
India (mainland),taxon,Grey mullets,1967,0.3
India (mainland),taxon,Grey mullets,1968,0.1
India (mainland),taxon,Grey mullets,1969,1.5
India (mainland),taxon,Grey mullets,1970,1.3
India (mainland),taxon,Grey mullets,1971,0.5
India (mainland),taxon,Great barracuda,2010,1.7
India (mainland),taxon,Great barracuda,2011,1.6
India (mainland),taxon,Great barracuda,2012,0.9
India (mainland),taxon,Great barracuda,2013,0.8
India (mainland),taxon,Great barracuda,2014,0.7
India (mainland),taxon,Great barracuda,2015,1.0
India (mainland),taxon,Great barracuda,2016,0.7
India (mainland),taxon,Great barracuda,2017,0.7
India (mainland),taxon,Great barracuda,2018,0.9
India (mainland),taxon,Great barracuda,2019,0.9
India (mainland),taxon,Giant catfish,1999,7.8
India (mainland),taxon,Giant catfish,2018,1.0
India (mainland),taxon,Giant catfish,2019,1.0
India (mainland),taxon,Ponyfishes,1950,0.0
India (mainland),taxon,Ponyfishes,1951,0.1
India (mainland),taxon,Ponyfishes,1952,0.0
India (mainland),taxon,Ponyfishes,1953,0.0
India (mainland),taxon,Ponyfishes,1954,0.1
India (mainland),taxon,Ponyfishes,1955,0.0
India (mainland),taxon,Ponyfishes,1956,0.0
India (mainland),taxon,Ponyfishes,1957,0.0
India (mainland),taxon,Ponyfishes,1958,0.0
India (mainland),taxon,Ponyfishes,1959,0.1
India (mainland),taxon,Ponyfishes,1960,0.0
India (mainland),taxon,Ponyfishes,1961,0.0
India (mainland),taxon,Ponyfishes,1962,0.0
India (mainland),taxon,Ponyfishes,1963,1.1
India (mainland),taxon,Ponyfishes,1964,1.1
India (mainland),taxon,Ponyfishes,1965,1.5
India (mainland),taxon,Ponyfishes,1966,1.5
India (mainland),taxon,Ponyfishes,1967,0.9
India (mainland),taxon,Ponyfishes,1968,0.3
India (mainland),taxon,Ponyfishes,1976,2.1
India (mainland),taxon,Tigertooth croaker,2018,3.5
India (mainland),taxon,Tigertooth croaker,2019,3.5
India (mainland),taxon,Hairtails,1950,0.0
India (mainland),taxon,Hairtails,1951,0.0
India (mainland),taxon,Hairtails,1952,0.0
India (mainland),taxon,Hairtails,1953,0.0
India (mainland),taxon,Hairtails,1954,0.0
India (mainland),taxon,Hairtails,1955,0.0
India (mainland),taxon,Hairtails,1956,0.0
India (mainland),taxon,Hairtails,1957,0.0
India (mainland),taxon,Hairtails,1958,0.0
India (mainland),taxon,Hairtails,1959,0.0
India (mainland),taxon,Hairtails,1960,0.0
India (mainland),taxon,Hairtails,1961,0.0
India (mainland),taxon,Hairtails,1962,0.0
India (mainland),taxon,Hairtails,1963,0.4
India (mainland),taxon,Hairtails,1964,0.2
India (mainland),taxon,Hairtails,1965,0.2
India (mainland),taxon,Hairtails,1966,0.1
India (mainland),taxon,Hairtails,1969,0.0
India (mainland),taxon,Hairtails,1974,0.1
India (mainland),taxon,Hairtails,1975,0.1
India (mainland),taxon,Hairtails,1976,1.9
India (mainland),taxon,Hairtails,1999,3.4
India (mainland),taxon,Congers,1950,0.0
India (mainland),taxon,Congers,1952,0.0
India (mainland),taxon,Congers,1959,0.0
India (mainland),taxon,Congers,1960,0.0
India (mainland),taxon,Congers,1961,0.0
India (mainland),taxon,Congers,1962,0.0
India (mainland),taxon,Congers,1963,0.7
India (mainland),taxon,Congers,1964,0.5
India (mainland),taxon,Congers,1965,0.6
India (mainland),taxon,Congers,1966,0.7
India (mainland),taxon,Congers,1970,0.4
India (mainland),taxon,Congers,1971,0.2
India (mainland),taxon,Congers,1972,0.7
India (mainland),taxon,Congers,1973,2.8
India (mainland),taxon,Thresher,2009,1.5
India (mainland),taxon,Thresher,2010,0.6
India (mainland),taxon,Thresher,2011,1.3
India (mainland),taxon,Thresher,2017,3.0
India (mainland),taxon,"Octopuses, argonauts",1976,5.1
India (mainland),taxon,Indian pellona,1970,0.6
India (mainland),taxon,Indian pellona,1971,0.5
India (mainland),taxon,Indian pellona,1973,0.8
India (mainland),taxon,Indian pellona,1974,0.9
India (mainland),taxon,Indian pellona,1975,0.7
India (mainland),taxon,Indian pellona,1976,1.3
India (mainland),taxon,Jarbua terapon,2018,2.1
India (mainland),taxon,Jarbua terapon,2019,2.1
India (mainland),taxon,Brown mussel,1984,0.5
India (mainland),taxon,Brown mussel,1985,0.7
India (mainland),taxon,Brown mussel,1986,0.3
India (mainland),taxon,Brown mussel,1987,1.0
India (mainland),taxon,Brown mussel,1988,0.6
India (mainland),taxon,Brown mussel,1989,0.4
India (mainland),taxon,Brown mussel,1990,0.5
India (mainland),taxon,Flathead grey mullet,2018,2.0
India (mainland),taxon,Flathead grey mullet,2019,2.0
India (mainland),taxon,Granulated guitarfish,2018,1.6
India (mainland),taxon,Granulated guitarfish,2019,2.1
India (mainland),taxon,Pelagic thresher,2009,1.2
India (mainland),taxon,Pelagic thresher,2010,0.8
India (mainland),taxon,Pelagic thresher,2011,0.2
India (mainland),taxon,Pelagic thresher,2018,0.9
India (mainland),taxon,Thresher sharks,2000,0.2
India (mainland),taxon,Thresher sharks,2002,0.0
India (mainland),taxon,Thresher sharks,2003,0.0
India (mainland),taxon,Thresher sharks,2004,0.7
India (mainland),taxon,Thresher sharks,2005,0.2
India (mainland),taxon,Thresher sharks,2010,0.0
India (mainland),taxon,Thresher sharks,2011,0.0
India (mainland),taxon,Thresher sharks,2017,0.3
India (mainland),taxon,Thresher sharks,2018,1.7
India (mainland),taxon,Grunters,2018,1.6
India (mainland),taxon,Grunters,2019,1.2
India (mainland),taxon,Japanese threadfin bream,2018,1.4
India (mainland),taxon,Japanese threadfin bream,2019,1.4
India (mainland),taxon,Doublespotted queenfish,2018,1.2
India (mainland),taxon,Doublespotted queenfish,2019,1.2
India (mainland),taxon,Silver sillago,2018,1.1
India (mainland),taxon,Silver sillago,2019,1.1
India (mainland),taxon,Tonguesoles,1970,0.1
India (mainland),taxon,Tonguesoles,1973,0.3
India (mainland),taxon,Tonguesoles,1974,0.9
India (mainland),taxon,Tonguesoles,1975,0.7
India (mainland),taxon,Tonguesoles,1976,0.1
India (mainland),taxon,Upeneid goatfishes,1966,0.0
India (mainland),taxon,Upeneid goatfishes,1967,0.1
India (mainland),taxon,Upeneid goatfishes,1976,1.9
India (mainland),taxon,Silver grunt,1972,0.9
India (mainland),taxon,Silver grunt,1974,0.2
India (mainland),taxon,Silver grunt,1975,0.5
India (mainland),taxon,Copper shark,2011,0.1
India (mainland),taxon,Copper shark,2012,1.5
India (mainland),taxon,Mackerel scad,2015,0.0
India (mainland),taxon,Mackerel scad,2017,0.0
India (mainland),taxon,Mackerel scad,2018,1.2
India (mainland),taxon,Mackerel scad,2019,0.2
India (mainland),taxon,Honeycomb stingray,2018,0.4
India (mainland),taxon,Honeycomb stingray,2019,0.5
India (mainland),taxon,Smooth hammerhead,2004,0.0
India (mainland),taxon,Smooth hammerhead,2013,0.0
India (mainland),taxon,Smooth hammerhead,2015,0.7
India (mainland),taxon,Greater lizardfish,2018,0.3
India (mainland),taxon,Greater lizardfish,2019,0.3
India (mainland),taxon,Sicklefishes,1976,0.5
India (mainland),taxon,Blacktip shark,2010,0.2
India (mainland),taxon,Blacktip shark,2011,0.1
India (mainland),taxon,Blacktip shark,2012,0.0
India (mainland),taxon,Blacktip shark,2018,0.1
India (mainland),taxon,Tiger shark,2010,0.3
India (mainland),taxon,Tiger shark,2011,0.0
India (mainland),taxon,Tiger shark,2012,0.0
India (mainland),taxon,Tiger shark,2017,0.1
India (mainland),taxon,Giant manta,2011,0.0
India (mainland),taxon,Giant manta,2014,0.0
India (mainland),taxon,Giant manta,2015,0.0
India (mainland),taxon,Giant manta,2016,0.0
India (mainland),taxon,Giant manta,2017,0.0
India (mainland),taxon,Giant manta,2018,0.2
India (mainland),taxon,Giant manta,2019,0.0
India (mainland),taxon,Savalai hairtail,2018,0.2
India (mainland),taxon,Savalai hairtail,2019,0.2
India (mainland),taxon,Silvertip shark,2009,0.1
India (mainland),taxon,Silvertip shark,2011,0.1
India (mainland),taxon,Escolar,2002,0.0
India (mainland),taxon,Escolar,2003,0.0
India (mainland),taxon,Escolar,2004,0.0
India (mainland),taxon,Escolar,2007,0.0
India (mainland),taxon,Escolar,2011,0.0
India (mainland),taxon,Escolar,2012,0.1
India (mainland),taxon,Sandbar shark,2011,0.0
India (mainland),taxon,Sandbar shark,2012,0.1
India (mainland),taxon,Blacktail reef shark,2009,0.1
India (mainland),taxon,Blacktail reef shark,2010,0.0
India (mainland),taxon,Blacktail reef shark,2017,0.0
India (mainland),taxon,Dolphinfishes,2004,0.0
India (mainland),taxon,Longfin mako,2004,0.0
India (mainland),taxon,Longfin mako,2013,0.0
India (mainland),taxon,Whitetip reef shark,2017,0.0
India (mainland),taxon,Hardnose shark,2017,0.0
India (mainland),taxon,Opah,2004,0.0
India (mainland),taxon,Others,1950,64124.9
India (mainland),taxon,Others,1951,55363.3
India (mainland),taxon,Others,1952,58449.6
India (mainland),taxon,Others,1953,102578.8
India (mainland),taxon,Others,1954,48527.5
India (mainland),taxon,Others,1955,63835.7
India (mainland),taxon,Others,1956,45318.1
India (mainland),taxon,Others,1957,53508.6
India (mainland),taxon,Others,1958,53580.0
India (mainland),taxon,Others,1959,55702.4
India (mainland),taxon,Others,1960,40204.7
India (mainland),taxon,Others,1961,38048.7
India (mainland),taxon,Others,1962,48124.3
India (mainland),taxon,Others,1963,44877.5
India (mainland),taxon,Others,1964,55524.8
India (mainland),taxon,Others,1965,72065.5
India (mainland),taxon,Others,1966,76895.7
India (mainland),taxon,Others,1967,61771.0
India (mainland),taxon,Others,1968,63402.8
India (mainland),taxon,Others,1969,72735.4
India (mainland),taxon,Others,1970,71928.0
India (mainland),taxon,Others,1971,98744.7
India (mainland),taxon,Others,1972,93733.1
India (mainland),taxon,Others,1973,123913.5
India (mainland),taxon,Others,1974,146164.5
India (mainland),taxon,Others,1975,167052.4
India (mainland),taxon,Others,1976,167247.7
India (mainland),taxon,Others,1977,146558.0
India (mainland),taxon,Others,1978,200785.3
India (mainland),taxon,Others,1979,176685.6
India (mainland),taxon,Others,1980,138743.8
India (mainland),taxon,Others,1981,128105.2
India (mainland),taxon,Others,1982,158629.5
India (mainland),taxon,Others,1983,137716.9
India (mainland),taxon,Others,1984,163251.9
India (mainland),taxon,Others,1985,187518.1
India (mainland),taxon,Others,1986,222822.9
India (mainland),taxon,Others,1987,266276.3
India (mainland),taxon,Others,1988,238307.6
India (mainland),taxon,Others,1989,248965.7
India (mainland),taxon,Others,1990,265894.1
India (mainland),taxon,Others,1991,291885.0
India (mainland),taxon,Others,1992,329689.8
India (mainland),taxon,Others,1993,323429.9
India (mainland),taxon,Others,1994,378539.4
India (mainland),taxon,Others,1995,289577.2
India (mainland),taxon,Others,1996,338108.4
India (mainland),taxon,Others,1997,442959.1
India (mainland),taxon,Others,1998,367932.4
India (mainland),taxon,Others,1999,332907.2
India (mainland),taxon,Others,2000,435025.2
India (mainland),taxon,Others,2001,430020.6
India (mainland),taxon,Others,2002,423795.2
India (mainland),taxon,Others,2003,378897.0
India (mainland),taxon,Others,2004,354070.6
India (mainland),taxon,Others,2005,275141.1
India (mainland),taxon,Others,2006,392494.1
India (mainland),taxon,Others,2007,329741.8
India (mainland),taxon,Others,2008,333506.4
India (mainland),taxon,Others,2009,377491.2
India (mainland),taxon,Others,2010,361659.3
India (mainland),taxon,Others,2011,492767.2
India (mainland),taxon,Others,2012,453228.0
India (mainland),taxon,Others,2013,508232.1
India (mainland),taxon,Others,2014,511809.4
India (mainland),taxon,Others,2015,421074.7
India (mainland),taxon,Others,2016,469608.8
India (mainland),taxon,Others,2017,515001.8
India (mainland),taxon,Others,2018,579252.8
India (mainland),taxon,Others,2019,542297.1
India (mainland),gear,small scale,1950,636234.9
India (mainland),gear,small scale,1951,590376.0
India (mainland),gear,small scale,1952,588223.4
India (mainland),gear,small scale,1953,643200.2
India (mainland),gear,small scale,1954,651697.6
India (mainland),gear,small scale,1955,660979.0
India (mainland),gear,small scale,1956,786455.5
India (mainland),gear,small scale,1957,941566.5
India (mainland),gear,small scale,1958,820921.4
India (mainland),gear,small scale,1959,648796.6
India (mainland),gear,small scale,1960,944099.6
India (mainland),gear,small scale,1961,746514.0
India (mainland),gear,small scale,1962,698900.8
India (mainland),gear,small scale,1963,714562.9
India (mainland),gear,small scale,1964,926745.6
India (mainland),gear,small scale,1965,892670.9
India (mainland),gear,small scale,1966,947006.9
India (mainland),gear,small scale,1967,926333.1
India (mainland),gear,small scale,1968,965886.6
India (mainland),gear,small scale,1969,806566.7
India (mainland),gear,small scale,1970,928743.8
India (mainland),gear,small scale,1971,1010739.2
India (mainland),gear,small scale,1972,697196.0
India (mainland),gear,small scale,1973,864648.6
India (mainland),gear,small scale,1974,945008.9
India (mainland),gear,small scale,1975,971949.5
India (mainland),gear,small scale,1976,890569.8
India (mainland),gear,small scale,1977,737833.2
India (mainland),gear,small scale,1978,766896.3
India (mainland),gear,small scale,1979,748584.5
India (mainland),gear,small scale,1980,618124.6
India (mainland),gear,small scale,1981,655733.2
India (mainland),gear,small scale,1982,631519.8
India (mainland),gear,small scale,1983,702192.0
India (mainland),gear,small scale,1984,596274.3
India (mainland),gear,small scale,1985,507391.4
India (mainland),gear,small scale,1986,660872.0
India (mainland),gear,small scale,1987,625133.8
India (mainland),gear,small scale,1988,735054.5
India (mainland),gear,small scale,1989,980105.5
India (mainland),gear,small scale,1990,950945.5
India (mainland),gear,small scale,1991,996059.5
India (mainland),gear,small scale,1992,899013.3
India (mainland),gear,small scale,1993,827166.1
India (mainland),gear,small scale,1994,839998.1
India (mainland),gear,small scale,1995,865467.7
India (mainland),gear,small scale,1996,933283.6
India (mainland),gear,small scale,1997,1068463.1
India (mainland),gear,small scale,1998,939104.3
India (mainland),gear,small scale,1999,971954.0
India (mainland),gear,small scale,2000,1170122.2
India (mainland),gear,small scale,2001,1040394.8
India (mainland),gear,small scale,2002,1043964.4
India (mainland),gear,small scale,2003,1126981.9
India (mainland),gear,small scale,2004,1029394.4
India (mainland),gear,small scale,2005,923637.1
India (mainland),gear,small scale,2006,987173.1
India (mainland),gear,small scale,2007,1130449.9
India (mainland),gear,small scale,2008,1029242.2
India (mainland),gear,small scale,2009,1036513.5
India (mainland),gear,small scale,2010,1094362.6
India (mainland),gear,small scale,2011,1032837.8
India (mainland),gear,small scale,2012,1066791.2
India (mainland),gear,small scale,2013,1035107.0
India (mainland),gear,small scale,2014,1208728.2
India (mainland),gear,small scale,2015,1068935.6
India (mainland),gear,small scale,2016,861996.2
India (mainland),gear,small scale,2017,851543.8
India (mainland),gear,small scale,2018,939799.1
India (mainland),gear,small scale,2019,729745.8
India (mainland),gear,bottom trawl,1950,3719.4
India (mainland),gear,bottom trawl,1951,4161.3
India (mainland),gear,bottom trawl,1952,1824.9
India (mainland),gear,bottom trawl,1953,1553.7
India (mainland),gear,bottom trawl,1954,1000.7
India (mainland),gear,bottom trawl,1955,341.5
India (mainland),gear,bottom trawl,1956,3211.4
India (mainland),gear,bottom trawl,1957,4386.8
India (mainland),gear,bottom trawl,1958,4791.2
India (mainland),gear,bottom trawl,1959,4815.2
India (mainland),gear,bottom trawl,1960,7314.5
India (mainland),gear,bottom trawl,1961,7294.9
India (mainland),gear,bottom trawl,1962,7811.9
India (mainland),gear,bottom trawl,1963,7266.4
India (mainland),gear,bottom trawl,1964,4455.6
India (mainland),gear,bottom trawl,1965,8593.5
India (mainland),gear,bottom trawl,1966,12034.7
India (mainland),gear,bottom trawl,1967,14556.0
India (mainland),gear,bottom trawl,1968,13486.2
India (mainland),gear,bottom trawl,1969,163583.7
India (mainland),gear,bottom trawl,1970,210280.3
India (mainland),gear,bottom trawl,1971,193378.8
India (mainland),gear,bottom trawl,1972,286500.3
India (mainland),gear,bottom trawl,1973,326409.0
India (mainland),gear,bottom trawl,1974,252625.6
India (mainland),gear,bottom trawl,1975,442627.5
India (mainland),gear,bottom trawl,1976,387232.7
India (mainland),gear,bottom trawl,1977,409314.5
India (mainland),gear,bottom trawl,1978,418742.6
India (mainland),gear,bottom trawl,1979,398330.5
India (mainland),gear,bottom trawl,1980,413614.0
India (mainland),gear,bottom trawl,1981,392920.7
India (mainland),gear,bottom trawl,1982,525592.3
India (mainland),gear,bottom trawl,1983,595288.8
India (mainland),gear,bottom trawl,1984,648696.4
India (mainland),gear,bottom trawl,1985,660926.4
India (mainland),gear,bottom trawl,1986,693842.8
India (mainland),gear,bottom trawl,1987,759908.5
India (mainland),gear,bottom trawl,1988,796472.0
India (mainland),gear,bottom trawl,1989,849862.0
India (mainland),gear,bottom trawl,1990,929908.6
India (mainland),gear,bottom trawl,1991,982627.9
India (mainland),gear,bottom trawl,1992,1114715.2
India (mainland),gear,bottom trawl,1993,1159358.7
India (mainland),gear,bottom trawl,1994,1312926.5
India (mainland),gear,bottom trawl,1995,1206137.8
India (mainland),gear,bottom trawl,1996,1291302.9
India (mainland),gear,bottom trawl,1997,1396252.3
India (mainland),gear,bottom trawl,1998,1459047.5
India (mainland),gear,bottom trawl,1999,1270843.8
India (mainland),gear,bottom trawl,2000,1308407.6
India (mainland),gear,bottom trawl,2001,1113543.6
India (mainland),gear,bottom trawl,2002,1236594.3
India (mainland),gear,bottom trawl,2003,1145182.1
India (mainland),gear,bottom trawl,2004,1186830.3
India (mainland),gear,bottom trawl,2005,1038484.9
India (mainland),gear,bottom trawl,2006,1210343.3
India (mainland),gear,bottom trawl,2007,1273984.1
India (mainland),gear,bottom trawl,2008,1533224.7
India (mainland),gear,bottom trawl,2009,1659300.8
India (mainland),gear,bottom trawl,2010,1766635.1
India (mainland),gear,bottom trawl,2011,2075190.6
India (mainland),gear,bottom trawl,2012,2160702.2
India (mainland),gear,bottom trawl,2013,2166704.9
India (mainland),gear,bottom trawl,2014,1963598.3
India (mainland),gear,bottom trawl,2015,1984895.2
India (mainland),gear,bottom trawl,2016,2243770.3
India (mainland),gear,bottom trawl,2017,2358912.0
India (mainland),gear,bottom trawl,2018,2163843.8
India (mainland),gear,bottom trawl,2019,188723.1
India (mainland),gear,unknown,1950,220.0
India (mainland),gear,unknown,1951,314.2
India (mainland),gear,unknown,1952,529.5
India (mainland),gear,unknown,1953,553.1
India (mainland),gear,unknown,1954,556.4
India (mainland),gear,unknown,1955,680.9
India (mainland),gear,unknown,1956,933.4
India (mainland),gear,unknown,1957,705.8
India (mainland),gear,unknown,1958,676.8
India (mainland),gear,unknown,1959,838.4
India (mainland),gear,unknown,1960,733.5
India (mainland),gear,unknown,1961,457.3
India (mainland),gear,unknown,1962,808.1
India (mainland),gear,unknown,1963,874.7
India (mainland),gear,unknown,1964,1369.8
India (mainland),gear,unknown,1965,3271.3
India (mainland),gear,unknown,1966,9163.5
India (mainland),gear,unknown,1967,1691.3
India (mainland),gear,unknown,1968,3335.1
India (mainland),gear,unknown,1969,24272.3
India (mainland),gear,unknown,1970,35127.0
India (mainland),gear,unknown,1971,50557.0
India (mainland),gear,unknown,1972,93364.6
India (mainland),gear,unknown,1973,137012.2
India (mainland),gear,unknown,1974,132112.4
India (mainland),gear,unknown,1975,121880.6
India (mainland),gear,unknown,1976,192208.4
India (mainland),gear,unknown,1977,230259.4
India (mainland),gear,unknown,1978,334434.6
India (mainland),gear,unknown,1979,349606.5
India (mainland),gear,unknown,1980,340154.7
India (mainland),gear,unknown,1981,453549.4
India (mainland),gear,unknown,1982,388663.9
India (mainland),gear,unknown,1983,381192.7
India (mainland),gear,unknown,1984,516697.7
India (mainland),gear,unknown,1985,499114.4
India (mainland),gear,unknown,1986,482949.8
India (mainland),gear,unknown,1987,441177.8
India (mainland),gear,unknown,1988,450366.8
India (mainland),gear,unknown,1989,575502.6
India (mainland),gear,unknown,1990,476174.3
India (mainland),gear,unknown,1991,498022.4
India (mainland),gear,unknown,1992,529570.1
India (mainland),gear,unknown,1993,554860.5
India (mainland),gear,unknown,1994,512395.8
India (mainland),gear,unknown,1995,494885.8
India (mainland),gear,unknown,1996,551967.2
India (mainland),gear,unknown,1997,653476.6
India (mainland),gear,unknown,1998,716036.1
India (mainland),gear,unknown,1999,577362.2
India (mainland),gear,unknown,2000,651113.1
India (mainland),gear,unknown,2001,575074.3
India (mainland),gear,unknown,2002,690518.6
India (mainland),gear,unknown,2003,726719.2
India (mainland),gear,unknown,2004,707732.2
India (mainland),gear,unknown,2005,681391.0
India (mainland),gear,unknown,2006,833481.7
India (mainland),gear,unknown,2007,801108.4
India (mainland),gear,unknown,2008,943953.7
India (mainland),gear,unknown,2009,868093.3
India (mainland),gear,unknown,2010,857671.2
India (mainland),gear,unknown,2011,1102568.6
India (mainland),gear,unknown,2012,1093685.1
India (mainland),gear,unknown,2013,1015356.4
India (mainland),gear,unknown,2014,885530.1
India (mainland),gear,unknown,2015,754190.4
India (mainland),gear,unknown,2016,931910.6
India (mainland),gear,unknown,2017,1100207.4
India (mainland),gear,unknown,2018,858389.4
India (mainland),gear,unknown,2019,3315020.7
India (mainland),gear,purse seine,1950,0.3
India (mainland),gear,purse seine,1951,0.4
India (mainland),gear,purse seine,1952,0.1
India (mainland),gear,purse seine,1953,0.2
India (mainland),gear,purse seine,1954,0.2
India (mainland),gear,purse seine,1955,0.1
India (mainland),gear,purse seine,1956,0.2
India (mainland),gear,purse seine,1957,0.1
India (mainland),gear,purse seine,1958,0.1
India (mainland),gear,purse seine,1959,0.2
India (mainland),gear,purse seine,1960,0.2
India (mainland),gear,purse seine,1961,0.2
India (mainland),gear,purse seine,1962,0.4
India (mainland),gear,purse seine,1963,6.9
India (mainland),gear,purse seine,1964,5.0
India (mainland),gear,purse seine,1965,6.1
India (mainland),gear,purse seine,1966,7.4
India (mainland),gear,purse seine,1967,18.6
India (mainland),gear,purse seine,1968,34.3
India (mainland),gear,purse seine,1969,74.0
India (mainland),gear,purse seine,1970,108.7
India (mainland),gear,purse seine,1971,171.3
India (mainland),gear,purse seine,1972,258.3
India (mainland),gear,purse seine,1973,137.8
India (mainland),gear,purse seine,1974,216.5
India (mainland),gear,purse seine,1975,278.0
India (mainland),gear,purse seine,1976,298.9
India (mainland),gear,purse seine,1977,1408.5
India (mainland),gear,purse seine,1978,2404.1
India (mainland),gear,purse seine,1979,3874.8
India (mainland),gear,purse seine,1980,4738.5
India (mainland),gear,purse seine,1981,5188.1
India (mainland),gear,purse seine,1982,7488.5
India (mainland),gear,purse seine,1983,6946.0
India (mainland),gear,purse seine,1984,7811.5
India (mainland),gear,purse seine,1985,9130.7
India (mainland),gear,purse seine,1986,7647.0
India (mainland),gear,purse seine,1987,8757.4
India (mainland),gear,purse seine,1988,7090.3
India (mainland),gear,purse seine,1989,9120.4
India (mainland),gear,purse seine,1990,10571.0
India (mainland),gear,purse seine,1991,15702.1
India (mainland),gear,purse seine,1992,16355.1
India (mainland),gear,purse seine,1993,22843.3
India (mainland),gear,purse seine,1994,24715.6
India (mainland),gear,purse seine,1995,25010.8
India (mainland),gear,purse seine,1996,30423.9
India (mainland),gear,purse seine,1997,29909.5
India (mainland),gear,purse seine,1998,35412.0
India (mainland),gear,purse seine,1999,26036.7
India (mainland),gear,purse seine,2000,19576.1
India (mainland),gear,purse seine,2001,19086.2
India (mainland),gear,purse seine,2002,20127.7
India (mainland),gear,purse seine,2003,18605.4
India (mainland),gear,purse seine,2004,24484.5
India (mainland),gear,purse seine,2005,25940.8
India (mainland),gear,purse seine,2006,27280.2
India (mainland),gear,purse seine,2007,20300.6
India (mainland),gear,purse seine,2008,14905.9
India (mainland),gear,purse seine,2009,14791.8
India (mainland),gear,purse seine,2010,9307.5
India (mainland),gear,purse seine,2011,10467.6
India (mainland),gear,purse seine,2012,5496.9
India (mainland),gear,purse seine,2013,7411.2
India (mainland),gear,purse seine,2014,2825.0
India (mainland),gear,purse seine,2015,4738.2
India (mainland),gear,purse seine,2016,7058.7
India (mainland),gear,purse seine,2017,6156.3
India (mainland),gear,purse seine,2018,8013.8
India (mainland),gear,purse seine,2019,23747.0
India (mainland),gear,longline,1950,0.0
India (mainland),gear,longline,1951,0.0
India (mainland),gear,longline,1952,19.0
India (mainland),gear,longline,1953,47.6
India (mainland),gear,longline,1954,474.7
India (mainland),gear,longline,1955,2265.1
India (mainland),gear,longline,1956,3220.6
India (mainland),gear,longline,1957,49.0
India (mainland),gear,longline,1958,327.2
India (mainland),gear,longline,1959,1273.1
India (mainland),gear,longline,1960,1763.9
India (mainland),gear,longline,1961,2316.4
India (mainland),gear,longline,1962,34.1
India (mainland),gear,longline,1963,405.8
India (mainland),gear,longline,1964,1464.9
India (mainland),gear,longline,1965,59.7
India (mainland),gear,longline,1966,921.7
India (mainland),gear,longline,1967,113.2
India (mainland),gear,longline,1968,2177.2
India (mainland),gear,longline,1969,3952.7
India (mainland),gear,longline,1970,1872.7
India (mainland),gear,longline,1971,3507.1
India (mainland),gear,longline,1972,1407.4
India (mainland),gear,longline,1973,495.7
India (mainland),gear,longline,1974,34.8
India (mainland),gear,longline,1975,1414.3
India (mainland),gear,longline,1976,1156.9
India (mainland),gear,longline,1977,788.8
India (mainland),gear,longline,1978,898.5
India (mainland),gear,longline,1979,674.1
India (mainland),gear,longline,1980,392.2
India (mainland),gear,longline,1981,423.0
India (mainland),gear,longline,1982,221.7
India (mainland),gear,longline,1983,604.3
India (mainland),gear,longline,1984,1255.9
India (mainland),gear,longline,1985,470.2
India (mainland),gear,longline,1986,7063.8
India (mainland),gear,longline,1987,4200.7
India (mainland),gear,longline,1988,5943.1
India (mainland),gear,longline,1989,11739.7
India (mainland),gear,longline,1990,7720.1
India (mainland),gear,longline,1991,10716.4
India (mainland),gear,longline,1992,1294.5
India (mainland),gear,longline,1993,1585.5
India (mainland),gear,longline,1994,3545.8
India (mainland),gear,longline,1995,16197.1
India (mainland),gear,longline,1996,8388.3
India (mainland),gear,longline,1997,6475.6
India (mainland),gear,longline,1998,23552.7
India (mainland),gear,longline,1999,17331.4
India (mainland),gear,longline,2000,9008.4
India (mainland),gear,longline,2001,8977.1
India (mainland),gear,longline,2002,9277.4
India (mainland),gear,longline,2003,12873.8
India (mainland),gear,longline,2004,18061.7
India (mainland),gear,longline,2005,33377.5
India (mainland),gear,longline,2006,14722.7
India (mainland),gear,longline,2007,20234.8
India (mainland),gear,longline,2008,15133.1
India (mainland),gear,longline,2009,6711.9
India (mainland),gear,longline,2010,6059.5
India (mainland),gear,longline,2011,5697.4
India (mainland),gear,longline,2012,1587.0
India (mainland),gear,longline,2013,585.7
India (mainland),gear,longline,2014,520.5
India (mainland),gear,longline,2015,3985.3
India (mainland),gear,longline,2016,6089.1
India (mainland),gear,longline,2017,1911.6
India (mainland),gear,longline,2018,2989.6
India (mainland),gear,longline,2019,5292.3
India (mainland),gear,other,1950,0.0
India (mainland),gear,other,1951,0.0
India (mainland),gear,other,1952,0.0
India (mainland),gear,other,1953,0.0
India (mainland),gear,other,1954,0.0
India (mainland),gear,other,1955,0.0
India (mainland),gear,other,1956,0.0
India (mainland),gear,other,1957,0.0
India (mainland),gear,other,1958,0.0
India (mainland),gear,other,1959,0.0
India (mainland),gear,other,1960,0.0
India (mainland),gear,other,1961,0.0
India (mainland),gear,other,1962,0.0
India (mainland),gear,other,1963,0.0
India (mainland),gear,other,1964,0.0
India (mainland),gear,other,1965,0.0
India (mainland),gear,other,1966,0.0
India (mainland),gear,other,1967,0.0
India (mainland),gear,other,1968,0.0
India (mainland),gear,other,1969,0.0
India (mainland),gear,other,1970,0.0
India (mainland),gear,other,1971,0.0
India (mainland),gear,other,1972,0.0
India (mainland),gear,other,1973,0.0
India (mainland),gear,other,1974,0.0
India (mainland),gear,other,1975,0.0
India (mainland),gear,other,1976,0.0
India (mainland),gear,other,1977,0.0
India (mainland),gear,other,1978,0.0
India (mainland),gear,other,1979,0.0
India (mainland),gear,other,1980,4161.6
India (mainland),gear,other,1981,4363.3
India (mainland),gear,other,1982,5349.1
India (mainland),gear,other,1983,5663.4
India (mainland),gear,other,1984,5729.3
India (mainland),gear,other,1985,5356.6
India (mainland),gear,other,1986,2682.6
India (mainland),gear,other,1987,2531.8
India (mainland),gear,other,1988,2948.1
India (mainland),gear,other,1989,3274.7
India (mainland),gear,other,1990,2391.4
India (mainland),gear,other,1991,3042.0
India (mainland),gear,other,1992,3486.9
India (mainland),gear,other,1993,3257.3
India (mainland),gear,other,1994,3070.5
India (mainland),gear,other,1995,2709.0
India (mainland),gear,other,1996,4673.2
India (mainland),gear,other,1997,3939.7
India (mainland),gear,other,1998,5947.6
India (mainland),gear,other,1999,3753.9
India (mainland),gear,other,2000,5220.9
India (mainland),gear,other,2001,5528.1
India (mainland),gear,other,2002,6258.9
India (mainland),gear,other,2003,3143.8
India (mainland),gear,other,2004,2949.5
India (mainland),gear,other,2005,2639.3
India (mainland),gear,other,2006,5413.1
India (mainland),gear,other,2007,6906.6
India (mainland),gear,other,2008,5778.3
India (mainland),gear,other,2009,6691.2
India (mainland),gear,other,2010,4759.8
India (mainland),gear,other,2011,5530.1
India (mainland),gear,other,2012,5934.1
India (mainland),gear,other,2013,259.7
India (mainland),gear,other,2014,249.7
India (mainland),gear,other,2015,258.6
India (mainland),gear,other,2016,5290.9
India (mainland),gear,other,2017,242.2
India (mainland),gear,other,2018,594.9
India (mainland),gear,other,2019,81397.3
India (mainland),gear,gillnets,1950,0.0
India (mainland),gear,gillnets,1951,0.0
India (mainland),gear,gillnets,1952,0.0
India (mainland),gear,gillnets,1953,0.0
India (mainland),gear,gillnets,1954,0.0
India (mainland),gear,gillnets,1955,0.0
India (mainland),gear,gillnets,1956,0.0
India (mainland),gear,gillnets,1957,0.0
India (mainland),gear,gillnets,1958,0.0
India (mainland),gear,gillnets,1959,0.0
India (mainland),gear,gillnets,1960,0.0
India (mainland),gear,gillnets,1961,0.0
India (mainland),gear,gillnets,1962,0.0
India (mainland),gear,gillnets,1963,0.0
India (mainland),gear,gillnets,1964,0.0
India (mainland),gear,gillnets,1965,0.0
India (mainland),gear,gillnets,1966,0.0
India (mainland),gear,gillnets,1967,0.0
India (mainland),gear,gillnets,1968,0.0
India (mainland),gear,gillnets,1969,0.0
India (mainland),gear,gillnets,1970,0.0
India (mainland),gear,gillnets,1971,0.0
India (mainland),gear,gillnets,1972,0.0
India (mainland),gear,gillnets,1973,0.0
India (mainland),gear,gillnets,1974,0.0
India (mainland),gear,gillnets,1975,0.0
India (mainland),gear,gillnets,1976,0.0
India (mainland),gear,gillnets,1977,0.0
India (mainland),gear,gillnets,1978,0.0
India (mainland),gear,gillnets,1979,0.0
India (mainland),gear,gillnets,1980,0.0
India (mainland),gear,gillnets,1981,0.0
India (mainland),gear,gillnets,1982,11.9
India (mainland),gear,gillnets,1983,2.4
India (mainland),gear,gillnets,1984,0.0
India (mainland),gear,gillnets,1985,72.6
India (mainland),gear,gillnets,1986,337.8
India (mainland),gear,gillnets,1987,3321.1
India (mainland),gear,gillnets,1988,36.2
India (mainland),gear,gillnets,1989,118.8
India (mainland),gear,gillnets,1990,84.7
India (mainland),gear,gillnets,1991,2.8
India (mainland),gear,gillnets,1992,1.2
India (mainland),gear,gillnets,1993,0.0
India (mainland),gear,gillnets,1994,0.0
India (mainland),gear,gillnets,1995,0.0
India (mainland),gear,gillnets,1996,0.0
India (mainland),gear,gillnets,1997,0.0
India (mainland),gear,gillnets,1998,0.0
India (mainland),gear,gillnets,1999,0.0
India (mainland),gear,gillnets,2000,0.0
India (mainland),gear,gillnets,2001,0.0
India (mainland),gear,gillnets,2002,0.0
India (mainland),gear,gillnets,2003,0.0
India (mainland),gear,gillnets,2004,0.0
India (mainland),gear,gillnets,2005,0.0
India (mainland),gear,gillnets,2006,0.0
India (mainland),gear,gillnets,2007,0.0
India (mainland),gear,gillnets,2008,0.0
India (mainland),gear,gillnets,2009,0.0
India (mainland),gear,gillnets,2010,0.0
India (mainland),gear,gillnets,2011,0.0
India (mainland),gear,gillnets,2012,0.0
India (mainland),gear,gillnets,2013,0.0
India (mainland),gear,gillnets,2014,0.0
India (mainland),gear,gillnets,2015,8.7
India (mainland),gear,gillnets,2016,49.5
India (mainland),gear,gillnets,2017,125.1
India (mainland),gear,gillnets,2018,278.2
India (mainland),gear,gillnets,2019,105.9
India (mainland),gear,pelagic trawl,1950,0.3
India (mainland),gear,pelagic trawl,1951,0.5
India (mainland),gear,pelagic trawl,1952,0.4
India (mainland),gear,pelagic trawl,1953,0.6
India (mainland),gear,pelagic trawl,1954,0.7
India (mainland),gear,pelagic trawl,1955,0.3
India (mainland),gear,pelagic trawl,1956,0.5
India (mainland),gear,pelagic trawl,1957,0.3
India (mainland),gear,pelagic trawl,1958,0.4
India (mainland),gear,pelagic trawl,1959,0.4
India (mainland),gear,pelagic trawl,1960,0.5
India (mainland),gear,pelagic trawl,1961,0.6
India (mainland),gear,pelagic trawl,1962,0.6
India (mainland),gear,pelagic trawl,1963,19.2
India (mainland),gear,pelagic trawl,1964,13.4
India (mainland),gear,pelagic trawl,1965,21.5
India (mainland),gear,pelagic trawl,1966,12.6
India (mainland),gear,pelagic trawl,1967,8.0
India (mainland),gear,pelagic trawl,1968,2.0
India (mainland),gear,pelagic trawl,1969,6.0
India (mainland),gear,pelagic trawl,1970,31.4
India (mainland),gear,pelagic trawl,1971,23.9
India (mainland),gear,pelagic trawl,1972,33.0
India (mainland),gear,pelagic trawl,1973,26.4
India (mainland),gear,pelagic trawl,1974,43.8
India (mainland),gear,pelagic trawl,1975,33.7
India (mainland),gear,pelagic trawl,1976,40.4
India (mainland),gear,pelagic trawl,1977,0.0
India (mainland),gear,pelagic trawl,1978,0.0
India (mainland),gear,pelagic trawl,1979,0.0
India (mainland),gear,pelagic trawl,1980,0.0
India (mainland),gear,pelagic trawl,1981,0.0
India (mainland),gear,pelagic trawl,1982,0.0
India (mainland),gear,pelagic trawl,1983,0.0
India (mainland),gear,pelagic trawl,1984,0.0
India (mainland),gear,pelagic trawl,1985,0.0
India (mainland),gear,pelagic trawl,1986,0.0
India (mainland),gear,pelagic trawl,1987,0.0
India (mainland),gear,pelagic trawl,1988,0.0
India (mainland),gear,pelagic trawl,1989,0.0
India (mainland),gear,pelagic trawl,1990,0.0
India (mainland),gear,pelagic trawl,1991,0.0
India (mainland),gear,pelagic trawl,1992,0.0
India (mainland),gear,pelagic trawl,1993,0.0
India (mainland),gear,pelagic trawl,1994,0.0
India (mainland),gear,pelagic trawl,1995,0.0
India (mainland),gear,pelagic trawl,1996,0.0
India (mainland),gear,pelagic trawl,1997,0.0
India (mainland),gear,pelagic trawl,1998,0.0
India (mainland),gear,pelagic trawl,1999,0.0
India (mainland),gear,pelagic trawl,2000,0.0
India (mainland),gear,pelagic trawl,2001,0.0
India (mainland),gear,pelagic trawl,2002,0.0
India (mainland),gear,pelagic trawl,2003,0.0
India (mainland),gear,pelagic trawl,2004,0.0
India (mainland),gear,pelagic trawl,2005,0.0
India (mainland),gear,pelagic trawl,2006,0.0
India (mainland),gear,pelagic trawl,2007,0.0
India (mainland),gear,pelagic trawl,2008,0.0
India (mainland),gear,pelagic trawl,2009,0.0
India (mainland),gear,pelagic trawl,2010,0.0
India (mainland),gear,pelagic trawl,2011,0.0
India (mainland),gear,pelagic trawl,2012,0.0
India (mainland),gear,pelagic trawl,2013,0.0
India (mainland),gear,pelagic trawl,2014,0.0
India (mainland),gear,pelagic trawl,2015,0.0
India (mainland),gear,pelagic trawl,2016,0.0
India (mainland),gear,pelagic trawl,2017,0.0
India (mainland),gear,pelagic trawl,2018,0.0
India (mainland),gear,pelagic trawl,2019,0.0
India (mainland),reporting-status,Reported,1950,580244.1
India (mainland),reporting-status,Reported,1951,534232.0
India (mainland),reporting-status,Reported,1952,528894.6
India (mainland),reporting-status,Reported,1953,582057.9
India (mainland),reporting-status,Reported,1954,589197.7
India (mainland),reporting-status,Reported,1955,598201.3
India (mainland),reporting-status,Reported,1956,725261.2
India (mainland),reporting-status,Reported,1957,876262.2
India (mainland),reporting-status,Reported,1958,756927.8
India (mainland),reporting-status,Reported,1959,586442.0
India (mainland),reporting-status,Reported,1960,882326.3
India (mainland),reporting-status,Reported,1961,685795.1
India (mainland),reporting-status,Reported,1962,644928.4
India (mainland),reporting-status,Reported,1963,656288.9
India (mainland),reporting-status,Reported,1964,861307.7
India (mainland),reporting-status,Reported,1965,834616.5
India (mainland),reporting-status,Reported,1966,897606.6
India (mainland),reporting-status,Reported,1967,868311.5
India (mainland),reporting-status,Reported,1968,908345.9
India (mainland),reporting-status,Reported,1969,919084.3
India (mainland),reporting-status,Reported,1970,1089963.6
India (mainland),reporting-status,Reported,1971,1165158.5
India (mainland),reporting-status,Reported,1972,982799.4
India (mainland),reporting-status,Reported,1973,1225579.2
India (mainland),reporting-status,Reported,1974,1221346.2
India (mainland),reporting-status,Reported,1975,1424167.2
India (mainland),reporting-status,Reported,1976,1355499.4
India (mainland),reporting-status,Reported,1977,1260528.4
India (mainland),reporting-status,Reported,1978,1400041.8
India (mainland),reporting-status,Reported,1979,1373663.5
India (mainland),reporting-status,Reported,1980,1252821.4
India (mainland),reporting-status,Reported,1981,1378603.9
India (mainland),reporting-status,Reported,1982,1419695.3
India (mainland),reporting-status,Reported,1983,1547285.4
India (mainland),reporting-status,Reported,1984,1628569.2
India (mainland),reporting-status,Reported,1985,1532194.9
India (mainland),reporting-status,Reported,1986,1693221.9
India (mainland),reporting-status,Reported,1987,1669700.7
India (mainland),reporting-status,Reported,1988,1804971.2
India (mainland),reporting-status,Reported,1989,2233810.4
India (mainland),reporting-status,Reported,1990,2158764.2
India (mainland),reporting-status,Reported,1991,2257843.8
India (mainland),reporting-status,Reported,1992,2297965.2
India (mainland),reporting-status,Reported,1993,2275567.3
India (mainland),reporting-status,Reported,1994,2372577.2
India (mainland),reporting-status,Reported,1995,2277035.4
India (mainland),reporting-status,Reported,1996,2431642.3
India (mainland),reporting-status,Reported,1997,2736668.0
India (mainland),reporting-status,Reported,1998,2737853.3
India (mainland),reporting-status,Reported,1999,2454441.4
India (mainland),reporting-status,Reported,2000,2685638.5
India (mainland),reporting-status,Reported,2001,2313375.1
India (mainland),reporting-status,Reported,2002,2611872.4
India (mainland),reporting-status,Reported,2003,2622944.5
India (mainland),reporting-status,Reported,2004,2581091.0
India (mainland),reporting-status,Reported,2005,2344072.9
India (mainland),reporting-status,Reported,2006,2731336.7
India (mainland),reporting-status,Reported,2007,2902720.4
India (mainland),reporting-status,Reported,2008,3201688.5
India (mainland),reporting-status,Reported,2009,3191775.1
India (mainland),reporting-status,Reported,2010,3337315.9
India (mainland),reporting-status,Reported,2011,3804602.0
India (mainland),reporting-status,Reported,2012,3912335.5
India (mainland),reporting-status,Reported,2013,3766284.1
India (mainland),reporting-status,Reported,2014,3593527.6
India (mainland),reporting-status,Reported,2015,3419583.5
India (mainland),reporting-status,Reported,2016,3650214.2
India (mainland),reporting-status,Reported,2017,3863781.6
India (mainland),reporting-status,Reported,2018,3512168.3
India (mainland),reporting-status,Reported,2019,3883635.0
India (mainland),reporting-status,Unreported,1950,59930.8
India (mainland),reporting-status,Unreported,1951,60620.3
India (mainland),reporting-status,Unreported,1952,61702.8
India (mainland),reporting-status,Unreported,1953,63297.5
India (mainland),reporting-status,Unreported,1954,64532.7
India (mainland),reporting-status,Unreported,1955,66065.7
India (mainland),reporting-status,Unreported,1956,68560.4
India (mainland),reporting-status,Unreported,1957,70446.3
India (mainland),reporting-status,Unreported,1958,69789.2
India (mainland),reporting-status,Unreported,1959,69281.9
India (mainland),reporting-status,Unreported,1960,71585.9
India (mainland),reporting-status,Unreported,1961,70788.3
India (mainland),reporting-status,Unreported,1962,62627.4
India (mainland),reporting-status,Unreported,1963,66847.1
India (mainland),reporting-status,Unreported,1964,72746.5
India (mainland),reporting-status,Unreported,1965,70006.7
India (mainland),reporting-status,Unreported,1966,71540.3
India (mainland),reporting-status,Unreported,1967,74408.7
India (mainland),reporting-status,Unreported,1968,76575.6
India (mainland),reporting-status,Unreported,1969,79371.1
India (mainland),reporting-status,Unreported,1970,86200.2
India (mainland),reporting-status,Unreported,1971,93218.8
India (mainland),reporting-status,Unreported,1972,95960.1
India (mainland),reporting-status,Unreported,1973,103150.5
India (mainland),reporting-status,Unreported,1974,108695.7
India (mainland),reporting-status,Unreported,1975,114016.6
India (mainland),reporting-status,Unreported,1976,116007.9
India (mainland),reporting-status,Unreported,1977,119076.0
India (mainland),reporting-status,Unreported,1978,123334.4
India (mainland),reporting-status,Unreported,1979,127406.9
India (mainland),reporting-status,Unreported,1980,128364.1
India (mainland),reporting-status,Unreported,1981,133573.8
India (mainland),reporting-status,Unreported,1982,139151.8
India (mainland),reporting-status,Unreported,1983,144604.2
India (mainland),reporting-status,Unreported,1984,147895.9
India (mainland),reporting-status,Unreported,1985,150267.4
India (mainland),reporting-status,Unreported,1986,162173.8
India (mainland),reporting-status,Unreported,1987,175330.5
India (mainland),reporting-status,Unreported,1988,192939.8
India (mainland),reporting-status,Unreported,1989,195913.3
India (mainland),reporting-status,Unreported,1990,219031.5
India (mainland),reporting-status,Unreported,1991,248329.3
India (mainland),reporting-status,Unreported,1992,266471.1
India (mainland),reporting-status,Unreported,1993,293504.2
India (mainland),reporting-status,Unreported,1994,324075.1
India (mainland),reporting-status,Unreported,1995,333372.8
India (mainland),reporting-status,Unreported,1996,388396.8
India (mainland),reporting-status,Unreported,1997,421848.7
India (mainland),reporting-status,Unreported,1998,441246.9
India (mainland),reporting-status,Unreported,1999,412840.6
India (mainland),reporting-status,Unreported,2000,477809.8
India (mainland),reporting-status,Unreported,2001,449229.0
India (mainland),reporting-status,Unreported,2002,394868.8
India (mainland),reporting-status,Unreported,2003,410561.8
India (mainland),reporting-status,Unreported,2004,388361.7
India (mainland),reporting-status,Unreported,2005,361397.7
India (mainland),reporting-status,Unreported,2006,347077.3
India (mainland),reporting-status,Unreported,2007,350264.1
India (mainland),reporting-status,Unreported,2008,340549.4
India (mainland),reporting-status,Unreported,2009,400327.4
India (mainland),reporting-status,Unreported,2010,401479.8
India (mainland),reporting-status,Unreported,2011,427690.0
India (mainland),reporting-status,Unreported,2012,421861.0
India (mainland),reporting-status,Unreported,2013,459140.8
India (mainland),reporting-status,Unreported,2014,467924.1
India (mainland),reporting-status,Unreported,2015,397428.5
India (mainland),reporting-status,Unreported,2016,405951.0
India (mainland),reporting-status,Unreported,2017,455316.8
India (mainland),reporting-status,Unreported,2018,461740.4
India (mainland),reporting-status,Unreported,2019,460397.2
Sri Lanka,taxon,"Herrings, shads, anchovies",1950,8000.0
Sri Lanka,taxon,"Herrings, shads, anchovies",1951,8000.0
Sri Lanka,taxon,"Herrings, shads, anchovies",1952,9000.0
Sri Lanka,taxon,"Herrings, shads, anchovies",1953,7100.0
Sri Lanka,taxon,"Herrings, shads, anchovies",1954,9500.0
Sri Lanka,taxon,"Herrings, shads, anchovies",1955,11600.0
Sri Lanka,taxon,"Herrings, shads, anchovies",1956,18300.0
Sri Lanka,taxon,"Herrings, shads, anchovies",1957,14100.0
Sri Lanka,taxon,"Herrings, shads, anchovies",1958,14900.0
Sri Lanka,taxon,"Herrings, shads, anchovies",1959,17000.0
Sri Lanka,taxon,"Herrings, shads, anchovies",1960,20400.0
Sri Lanka,taxon,"Herrings, shads, anchovies",1961,28400.0
Sri Lanka,taxon,"Herrings, shads, anchovies",1962,31500.0
Sri Lanka,taxon,"Herrings, shads, anchovies",1963,22400.0
Sri Lanka,taxon,"Herrings, shads, anchovies",1964,36300.0
Sri Lanka,taxon,"Herrings, shads, anchovies",1965,24200.0
Sri Lanka,taxon,"Herrings, shads, anchovies",1966,24300.0
Sri Lanka,taxon,"Herrings, shads, anchovies",1967,20000.0
Sri Lanka,taxon,"Herrings, shads, anchovies",1968,27500.0
Sri Lanka,taxon,"Herrings, shads, anchovies",1969,21700.0
Sri Lanka,taxon,"Herrings, shads, anchovies",1970,22300.0
Sri Lanka,taxon,"Herrings, shads, anchovies",1971,18400.0
Sri Lanka,taxon,"Herrings, shads, anchovies",1972,20100.0
Sri Lanka,taxon,"Herrings, shads, anchovies",1973,20600.0
Sri Lanka,taxon,"Herrings, shads, anchovies",1974,24950.0
Sri Lanka,taxon,"Herrings, shads, anchovies",1975,32671.5
Sri Lanka,taxon,"Herrings, shads, anchovies",1976,38697.0
Sri Lanka,taxon,"Herrings, shads, anchovies",1977,46436.8
Sri Lanka,taxon,"Herrings, shads, anchovies",1978,54574.6
Sri Lanka,taxon,"Herrings, shads, anchovies",1979,59541.4
Sri Lanka,taxon,"Herrings, shads, anchovies",1980,69401.1
Sri Lanka,taxon,"Herrings, shads, anchovies",1981,64848.5
Sri Lanka,taxon,"Herrings, shads, anchovies",1982,67148.3
Sri Lanka,taxon,"Herrings, shads, anchovies",1983,71606.5
Sri Lanka,taxon,"Herrings, shads, anchovies",1984,52724.9
Sri Lanka,taxon,"Herrings, shads, anchovies",1985,28294.7
Sri Lanka,taxon,"Herrings, shads, anchovies",1986,29146.1
Sri Lanka,taxon,"Herrings, shads, anchovies",1987,30423.3
Sri Lanka,taxon,"Herrings, shads, anchovies",1988,31445.8
Sri Lanka,taxon,"Herrings, shads, anchovies",1989,32008.9
Sri Lanka,taxon,"Herrings, shads, anchovies",1990,28767.9
Sri Lanka,taxon,"Herrings, shads, anchovies",1991,34204.3
Sri Lanka,taxon,"Herrings, shads, anchovies",1992,35982.1
Sri Lanka,taxon,"Herrings, shads, anchovies",1993,38372.0
Sri Lanka,taxon,"Herrings, shads, anchovies",1994,39900.4
Sri Lanka,taxon,"Herrings, shads, anchovies",1995,51187.4
Sri Lanka,taxon,"Herrings, shads, anchovies",1996,50166.6
Sri Lanka,taxon,"Herrings, shads, anchovies",1997,49194.2
Sri Lanka,taxon,"Herrings, shads, anchovies",1998,52334.9
Sri Lanka,taxon,"Herrings, shads, anchovies",1999,53642.7
Sri Lanka,taxon,"Herrings, shads, anchovies",2000,55036.3
Sri Lanka,taxon,"Herrings, shads, anchovies",2001,51088.2
Sri Lanka,taxon,"Herrings, shads, anchovies",2002,54813.1
Sri Lanka,taxon,"Herrings, shads, anchovies",2003,58661.9
Sri Lanka,taxon,"Herrings, shads, anchovies",2004,56363.7
Sri Lanka,taxon,"Herrings, shads, anchovies",2005,26313.7
Sri Lanka,taxon,"Herrings, shads, anchovies",2006,58214.8
Sri Lanka,taxon,"Herrings, shads, anchovies",2007,65790.8
Sri Lanka,taxon,"Herrings, shads, anchovies",2008,69648.7
Sri Lanka,taxon,"Herrings, shads, anchovies",2009,74709.2
Sri Lanka,taxon,"Herrings, shads, anchovies",2010,76719.1
Sri Lanka,taxon,"Herrings, shads, anchovies",2011,105277.3
Sri Lanka,taxon,"Herrings, shads, anchovies",2012,122036.2
Sri Lanka,taxon,"Herrings, shads, anchovies",2013,129782.9
Sri Lanka,taxon,"Herrings, shads, anchovies",2014,137575.3
Sri Lanka,taxon,"Herrings, shads, anchovies",2015,136471.6
Sri Lanka,taxon,"Herrings, shads, anchovies",2016,137026.5
Sri Lanka,taxon,"Herrings, shads, anchovies",2017,133889.6
Sri Lanka,taxon,"Herrings, shads, anchovies",2018,123913.4
Sri Lanka,taxon,"Herrings, shads, anchovies",2019,92506.3
Sri Lanka,taxon,"Slipmouths, ponyfishes",1950,10456.5
Sri Lanka,taxon,"Slipmouths, ponyfishes",1951,10511.5
Sri Lanka,taxon,"Slipmouths, ponyfishes",1952,11124.8
Sri Lanka,taxon,"Slipmouths, ponyfishes",1953,11747.9
Sri Lanka,taxon,"Slipmouths, ponyfishes",1954,14638.1
Sri Lanka,taxon,"Slipmouths, ponyfishes",1955,13537.2
Sri Lanka,taxon,"Slipmouths, ponyfishes",1956,16390.1
Sri Lanka,taxon,"Slipmouths, ponyfishes",1957,15303.2
Sri Lanka,taxon,"Slipmouths, ponyfishes",1958,19851.6
Sri Lanka,taxon,"Slipmouths, ponyfishes",1959,18748.7
Sri Lanka,taxon,"Slipmouths, ponyfishes",1960,19200.2
Sri Lanka,taxon,"Slipmouths, ponyfishes",1961,18094.2
Sri Lanka,taxon,"Slipmouths, ponyfishes",1962,24895.0
Sri Lanka,taxon,"Slipmouths, ponyfishes",1963,21508.6
Sri Lanka,taxon,"Slipmouths, ponyfishes",1964,35646.7
Sri Lanka,taxon,"Slipmouths, ponyfishes",1965,23202.6
Sri Lanka,taxon,"Slipmouths, ponyfishes",1966,26022.5
Sri Lanka,taxon,"Slipmouths, ponyfishes",1967,27706.0
Sri Lanka,taxon,"Slipmouths, ponyfishes",1968,22596.1
Sri Lanka,taxon,"Slipmouths, ponyfishes",1969,30482.2
Sri Lanka,taxon,"Slipmouths, ponyfishes",1970,27612.3
Sri Lanka,taxon,"Slipmouths, ponyfishes",1971,25860.8
Sri Lanka,taxon,"Slipmouths, ponyfishes",1972,28621.2
Sri Lanka,taxon,"Slipmouths, ponyfishes",1973,26280.9
Sri Lanka,taxon,"Slipmouths, ponyfishes",1974,37578.4
Sri Lanka,taxon,"Slipmouths, ponyfishes",1975,42617.0
Sri Lanka,taxon,"Slipmouths, ponyfishes",1976,48021.6
Sri Lanka,taxon,"Slipmouths, ponyfishes",1977,41897.5
Sri Lanka,taxon,"Slipmouths, ponyfishes",1978,48617.6
Sri Lanka,taxon,"Slipmouths, ponyfishes",1979,38715.3
Sri Lanka,taxon,"Slipmouths, ponyfishes",1980,34830.9
Sri Lanka,taxon,"Slipmouths, ponyfishes",1981,46476.8
Sri Lanka,taxon,"Slipmouths, ponyfishes",1982,60021.5
Sri Lanka,taxon,"Slipmouths, ponyfishes",1983,47225.7
Sri Lanka,taxon,"Slipmouths, ponyfishes",1984,44306.6
Sri Lanka,taxon,"Slipmouths, ponyfishes",1985,30363.6
Sri Lanka,taxon,"Slipmouths, ponyfishes",1986,30456.0
Sri Lanka,taxon,"Slipmouths, ponyfishes",1987,30906.6
Sri Lanka,taxon,"Slipmouths, ponyfishes",1988,31043.8
Sri Lanka,taxon,"Slipmouths, ponyfishes",1989,30299.5
Sri Lanka,taxon,"Slipmouths, ponyfishes",1990,28755.9
Sri Lanka,taxon,"Slipmouths, ponyfishes",1991,31454.7
Sri Lanka,taxon,"Slipmouths, ponyfishes",1992,37609.9
Sri Lanka,taxon,"Slipmouths, ponyfishes",1993,36544.9
Sri Lanka,taxon,"Slipmouths, ponyfishes",1994,21894.1
Sri Lanka,taxon,"Slipmouths, ponyfishes",1995,34254.3
Sri Lanka,taxon,"Slipmouths, ponyfishes",1996,30012.2
Sri Lanka,taxon,"Slipmouths, ponyfishes",1997,29327.1
Sri Lanka,taxon,"Slipmouths, ponyfishes",1998,32028.3
Sri Lanka,taxon,"Slipmouths, ponyfishes",1999,23612.6
Sri Lanka,taxon,"Slipmouths, ponyfishes",2000,33468.9
Sri Lanka,taxon,"Slipmouths, ponyfishes",2001,21998.8
Sri Lanka,taxon,"Slipmouths, ponyfishes",2002,21265.3
Sri Lanka,taxon,"Slipmouths, ponyfishes",2003,36966.8
Sri Lanka,taxon,"Slipmouths, ponyfishes",2004,37085.5
Sri Lanka,taxon,"Slipmouths, ponyfishes",2005,13423.2
Sri Lanka,taxon,"Slipmouths, ponyfishes",2006,25917.2
Sri Lanka,taxon,"Slipmouths, ponyfishes",2007,26682.9
Sri Lanka,taxon,"Slipmouths, ponyfishes",2008,28744.8
Sri Lanka,taxon,"Slipmouths, ponyfishes",2009,28950.1
Sri Lanka,taxon,"Slipmouths, ponyfishes",2010,29704.2
Sri Lanka,taxon,"Slipmouths, ponyfishes",2011,25191.2
Sri Lanka,taxon,"Slipmouths, ponyfishes",2012,27881.6
Sri Lanka,taxon,"Slipmouths, ponyfishes",2013,25687.5
Sri Lanka,taxon,"Slipmouths, ponyfishes",2014,28606.7
Sri Lanka,taxon,"Slipmouths, ponyfishes",2015,23705.9
Sri Lanka,taxon,"Slipmouths, ponyfishes",2016,25277.0
Sri Lanka,taxon,"Slipmouths, ponyfishes",2017,21747.0
Sri Lanka,taxon,"Slipmouths, ponyfishes",2018,19067.3
Sri Lanka,taxon,"Slipmouths, ponyfishes",2019,24326.1
Sri Lanka,taxon,"Jacks, pompanos",1950,2543.0
Sri Lanka,taxon,"Jacks, pompanos",1951,2561.4
Sri Lanka,taxon,"Jacks, pompanos",1952,2577.3
Sri Lanka,taxon,"Jacks, pompanos",1953,3696.5
Sri Lanka,taxon,"Jacks, pompanos",1954,4717.4
Sri Lanka,taxon,"Jacks, pompanos",1955,4027.5
Sri Lanka,taxon,"Jacks, pompanos",1956,3435.9
Sri Lanka,taxon,"Jacks, pompanos",1957,3350.6
Sri Lanka,taxon,"Jacks, pompanos",1958,4858.8
Sri Lanka,taxon,"Jacks, pompanos",1959,5968.1
Sri Lanka,taxon,"Jacks, pompanos",1960,7030.1
Sri Lanka,taxon,"Jacks, pompanos",1961,6838.5
Sri Lanka,taxon,"Jacks, pompanos",1962,8443.4
Sri Lanka,taxon,"Jacks, pompanos",1963,9845.6
Sri Lanka,taxon,"Jacks, pompanos",1964,10145.9
Sri Lanka,taxon,"Jacks, pompanos",1965,6544.8
Sri Lanka,taxon,"Jacks, pompanos",1966,6342.3
Sri Lanka,taxon,"Jacks, pompanos",1967,8638.0
Sri Lanka,taxon,"Jacks, pompanos",1968,8631.1
Sri Lanka,taxon,"Jacks, pompanos",1969,8620.9
Sri Lanka,taxon,"Jacks, pompanos",1970,9006.7
Sri Lanka,taxon,"Jacks, pompanos",1971,7588.4
Sri Lanka,taxon,"Jacks, pompanos",1972,7566.1
Sri Lanka,taxon,"Jacks, pompanos",1973,8439.9
Sri Lanka,taxon,"Jacks, pompanos",1974,11615.2
Sri Lanka,taxon,"Jacks, pompanos",1975,8649.6
Sri Lanka,taxon,"Jacks, pompanos",1976,10096.4
Sri Lanka,taxon,"Jacks, pompanos",1977,11217.0
Sri Lanka,taxon,"Jacks, pompanos",1978,12733.6
Sri Lanka,taxon,"Jacks, pompanos",1979,12479.8
Sri Lanka,taxon,"Jacks, pompanos",1980,12357.5
Sri Lanka,taxon,"Jacks, pompanos",1981,12865.6
Sri Lanka,taxon,"Jacks, pompanos",1982,10626.1
Sri Lanka,taxon,"Jacks, pompanos",1983,10788.5
Sri Lanka,taxon,"Jacks, pompanos",1984,12684.2
Sri Lanka,taxon,"Jacks, pompanos",1985,10227.0
Sri Lanka,taxon,"Jacks, pompanos",1986,10403.2
Sri Lanka,taxon,"Jacks, pompanos",1987,10738.5
Sri Lanka,taxon,"Jacks, pompanos",1988,11148.3
Sri Lanka,taxon,"Jacks, pompanos",1989,11307.6
Sri Lanka,taxon,"Jacks, pompanos",1990,10004.3
Sri Lanka,taxon,"Jacks, pompanos",1991,11275.5
Sri Lanka,taxon,"Jacks, pompanos",1992,11284.3
Sri Lanka,taxon,"Jacks, pompanos",1993,13235.8
Sri Lanka,taxon,"Jacks, pompanos",1994,10518.8
Sri Lanka,taxon,"Jacks, pompanos",1995,9482.3
Sri Lanka,taxon,"Jacks, pompanos",1996,8629.8
Sri Lanka,taxon,"Jacks, pompanos",1997,9524.1
Sri Lanka,taxon,"Jacks, pompanos",1998,11101.1
Sri Lanka,taxon,"Jacks, pompanos",1999,11325.5
Sri Lanka,taxon,"Jacks, pompanos",2000,13138.3
Sri Lanka,taxon,"Jacks, pompanos",2001,12667.8
Sri Lanka,taxon,"Jacks, pompanos",2002,13557.9
Sri Lanka,taxon,"Jacks, pompanos",2003,17759.3
Sri Lanka,taxon,"Jacks, pompanos",2004,16475.8
Sri Lanka,taxon,"Jacks, pompanos",2005,7631.9
Sri Lanka,taxon,"Jacks, pompanos",2006,12464.0
Sri Lanka,taxon,"Jacks, pompanos",2007,14400.2
Sri Lanka,taxon,"Jacks, pompanos",2008,14288.2
Sri Lanka,taxon,"Jacks, pompanos",2009,16185.9
Sri Lanka,taxon,"Jacks, pompanos",2010,19982.0
Sri Lanka,taxon,"Jacks, pompanos",2011,21562.8
Sri Lanka,taxon,"Jacks, pompanos",2012,26710.8
Sri Lanka,taxon,"Jacks, pompanos",2013,28504.6
Sri Lanka,taxon,"Jacks, pompanos",2014,21578.1
Sri Lanka,taxon,"Jacks, pompanos",2015,36496.9
Sri Lanka,taxon,"Jacks, pompanos",2016,34964.8
Sri Lanka,taxon,"Jacks, pompanos",2017,25738.3
Sri Lanka,taxon,"Jacks, pompanos",2018,24685.5
Sri Lanka,taxon,"Jacks, pompanos",2019,24397.0
Sri Lanka,taxon,"Herrings, sardines, menhadens",1950,12715.1
Sri Lanka,taxon,"Herrings, sardines, menhadens",1951,12806.8
Sri Lanka,taxon,"Herrings, sardines, menhadens",1952,12886.5
Sri Lanka,taxon,"Herrings, sardines, menhadens",1953,12982.5
Sri Lanka,taxon,"Herrings, sardines, menhadens",1954,13087.1
Sri Lanka,taxon,"Herrings, sardines, menhadens",1955,13137.3
Sri Lanka,taxon,"Herrings, sardines, menhadens",1956,13179.6
Sri Lanka,taxon,"Herrings, sardines, menhadens",1957,13253.0
Sri Lanka,taxon,"Herrings, sardines, menhadens",1958,13293.9
Sri Lanka,taxon,"Herrings, sardines, menhadens",1959,13340.7
Sri Lanka,taxon,"Herrings, sardines, menhadens",1960,13150.7
Sri Lanka,taxon,"Herrings, sardines, menhadens",1961,13192.4
Sri Lanka,taxon,"Herrings, sardines, menhadens",1962,13217.2
Sri Lanka,taxon,"Herrings, sardines, menhadens",1963,13228.2
Sri Lanka,taxon,"Herrings, sardines, menhadens",1964,13229.6
Sri Lanka,taxon,"Herrings, sardines, menhadens",1965,13224.0
Sri Lanka,taxon,"Herrings, sardines, menhadens",1966,13211.5
Sri Lanka,taxon,"Herrings, sardines, menhadens",1967,13189.9
Sri Lanka,taxon,"Herrings, sardines, menhadens",1968,13155.6
Sri Lanka,taxon,"Herrings, sardines, menhadens",1969,13104.5
Sri Lanka,taxon,"Herrings, sardines, menhadens",1970,13033.7
Sri Lanka,taxon,"Herrings, sardines, menhadens",1971,12942.0
Sri Lanka,taxon,"Herrings, sardines, menhadens",1972,12830.3
Sri Lanka,taxon,"Herrings, sardines, menhadens",1973,12699.6
Sri Lanka,taxon,"Herrings, sardines, menhadens",1974,12560.8
Sri Lanka,taxon,"Herrings, sardines, menhadens",1975,12403.6
Sri Lanka,taxon,"Herrings, sardines, menhadens",1976,12248.2
Sri Lanka,taxon,"Herrings, sardines, menhadens",1977,12065.9
Sri Lanka,taxon,"Herrings, sardines, menhadens",1978,11854.1
Sri Lanka,taxon,"Herrings, sardines, menhadens",1979,11610.5
Sri Lanka,taxon,"Herrings, sardines, menhadens",1980,11363.6
Sri Lanka,taxon,"Herrings, sardines, menhadens",1981,11247.4
Sri Lanka,taxon,"Herrings, sardines, menhadens",1982,11067.0
Sri Lanka,taxon,"Herrings, sardines, menhadens",1983,10908.4
Sri Lanka,taxon,"Herrings, sardines, menhadens",1984,10734.4
Sri Lanka,taxon,"Herrings, sardines, menhadens",1985,10365.0
Sri Lanka,taxon,"Herrings, sardines, menhadens",1986,10188.8
Sri Lanka,taxon,"Herrings, sardines, menhadens",1987,10413.4
Sri Lanka,taxon,"Herrings, sardines, menhadens",1988,10498.7
Sri Lanka,taxon,"Herrings, sardines, menhadens",1989,10572.8
Sri Lanka,taxon,"Herrings, sardines, menhadens",1990,10705.6
Sri Lanka,taxon,"Herrings, sardines, menhadens",1991,11032.3
Sri Lanka,taxon,"Herrings, sardines, menhadens",1992,11096.4
Sri Lanka,taxon,"Herrings, sardines, menhadens",1993,11210.8
Sri Lanka,taxon,"Herrings, sardines, menhadens",1994,11798.2
Sri Lanka,taxon,"Herrings, sardines, menhadens",1995,11621.8
Sri Lanka,taxon,"Herrings, sardines, menhadens",1996,11620.6
Sri Lanka,taxon,"Herrings, sardines, menhadens",1997,11771.6
Sri Lanka,taxon,"Herrings, sardines, menhadens",1998,12000.9
Sri Lanka,taxon,"Herrings, sardines, menhadens",1999,12023.1
Sri Lanka,taxon,"Herrings, sardines, menhadens",2000,12037.7
Sri Lanka,taxon,"Herrings, sardines, menhadens",2001,11930.6
Sri Lanka,taxon,"Herrings, sardines, menhadens",2002,12109.3
Sri Lanka,taxon,"Herrings, sardines, menhadens",2003,12242.2
Sri Lanka,taxon,"Herrings, sardines, menhadens",2004,12457.4
Sri Lanka,taxon,"Herrings, sardines, menhadens",2005,6836.0
Sri Lanka,taxon,"Herrings, sardines, menhadens",2006,12956.0
Sri Lanka,taxon,"Herrings, sardines, menhadens",2007,13233.6
Sri Lanka,taxon,"Herrings, sardines, menhadens",2008,13239.3
Sri Lanka,taxon,"Herrings, sardines, menhadens",2009,12501.3
Sri Lanka,taxon,"Herrings, sardines, menhadens",2010,10702.4
Sri Lanka,taxon,"Herrings, sardines, menhadens",2011,12312.5
Sri Lanka,taxon,"Herrings, sardines, menhadens",2012,8046.5
Sri Lanka,taxon,"Herrings, sardines, menhadens",2013,8002.3
Sri Lanka,taxon,"Herrings, sardines, menhadens",2014,6616.5
Sri Lanka,taxon,"Herrings, sardines, menhadens",2015,9525.8
Sri Lanka,taxon,"Herrings, sardines, menhadens",2016,8928.8
Sri Lanka,taxon,"Herrings, sardines, menhadens",2017,7476.3
Sri Lanka,taxon,"Herrings, sardines, menhadens",2018,4046.3
Sri Lanka,taxon,"Herrings, sardines, menhadens",2019,4767.0
Sri Lanka,taxon,"Drums, croakers",1950,7629.1
Sri Lanka,taxon,"Drums, croakers",1951,7684.1
Sri Lanka,taxon,"Drums, croakers",1952,7731.9
Sri Lanka,taxon,"Drums, croakers",1953,7789.5
Sri Lanka,taxon,"Drums, croakers",1954,7852.3
Sri Lanka,taxon,"Drums, croakers",1955,7882.4
Sri Lanka,taxon,"Drums, croakers",1956,7907.8
Sri Lanka,taxon,"Drums, croakers",1957,7951.8
Sri Lanka,taxon,"Drums, croakers",1958,7976.3
Sri Lanka,taxon,"Drums, croakers",1959,8004.4
Sri Lanka,taxon,"Drums, croakers",1960,7890.4
Sri Lanka,taxon,"Drums, croakers",1961,7915.4
Sri Lanka,taxon,"Drums, croakers",1962,7930.3
Sri Lanka,taxon,"Drums, croakers",1963,7936.9
Sri Lanka,taxon,"Drums, croakers",1964,7937.8
Sri Lanka,taxon,"Drums, croakers",1965,7934.4
Sri Lanka,taxon,"Drums, croakers",1966,7926.9
Sri Lanka,taxon,"Drums, croakers",1967,7913.9
Sri Lanka,taxon,"Drums, croakers",1968,7893.4
Sri Lanka,taxon,"Drums, croakers",1969,7862.7
Sri Lanka,taxon,"Drums, croakers",1970,7820.2
Sri Lanka,taxon,"Drums, croakers",1971,7765.2
Sri Lanka,taxon,"Drums, croakers",1972,7698.2
Sri Lanka,taxon,"Drums, croakers",1973,7619.8
Sri Lanka,taxon,"Drums, croakers",1974,7531.0
Sri Lanka,taxon,"Drums, croakers",1975,7432.4
Sri Lanka,taxon,"Drums, croakers",1976,7324.3
Sri Lanka,taxon,"Drums, croakers",1977,7206.3
Sri Lanka,taxon,"Drums, croakers",1978,7076.8
Sri Lanka,taxon,"Drums, croakers",1979,6934.1
Sri Lanka,taxon,"Drums, croakers",1980,6777.7
Sri Lanka,taxon,"Drums, croakers",1981,6690.4
Sri Lanka,taxon,"Drums, croakers",1982,6561.3
Sri Lanka,taxon,"Drums, croakers",1983,6423.2
Sri Lanka,taxon,"Drums, croakers",1984,6278.9
Sri Lanka,taxon,"Drums, croakers",1985,6130.3
Sri Lanka,taxon,"Drums, croakers",1986,5977.4
Sri Lanka,taxon,"Drums, croakers",1987,6064.7
Sri Lanka,taxon,"Drums, croakers",1988,6152.8
Sri Lanka,taxon,"Drums, croakers",1989,6240.2
Sri Lanka,taxon,"Drums, croakers",1990,6325.9
Sri Lanka,taxon,"Drums, croakers",1991,6409.8
Sri Lanka,taxon,"Drums, croakers",1992,6491.7
Sri Lanka,taxon,"Drums, croakers",1993,6570.6
Sri Lanka,taxon,"Drums, croakers",1994,6645.1
Sri Lanka,taxon,"Drums, croakers",1995,6714.2
Sri Lanka,taxon,"Drums, croakers",1996,6777.6
Sri Lanka,taxon,"Drums, croakers",1997,6835.6
Sri Lanka,taxon,"Drums, croakers",1998,6888.5
Sri Lanka,taxon,"Drums, croakers",1999,6937.0
Sri Lanka,taxon,"Drums, croakers",2000,6981.5
Sri Lanka,taxon,"Drums, croakers",2001,7019.0
Sri Lanka,taxon,"Drums, croakers",2002,7071.8
Sri Lanka,taxon,"Drums, croakers",2003,7172.6
Sri Lanka,taxon,"Drums, croakers",2004,7287.4
Sri Lanka,taxon,"Drums, croakers",2005,3893.5
Sri Lanka,taxon,"Drums, croakers",2006,7459.8
Sri Lanka,taxon,"Drums, croakers",2007,7514.4
Sri Lanka,taxon,"Drums, croakers",2008,7570.7
Sri Lanka,taxon,"Drums, croakers",2009,7002.1
Sri Lanka,taxon,"Drums, croakers",2010,5985.4
Sri Lanka,taxon,"Drums, croakers",2011,6725.0
Sri Lanka,taxon,"Drums, croakers",2012,4300.3
Sri Lanka,taxon,"Drums, croakers",2013,4219.3
Sri Lanka,taxon,"Drums, croakers",2014,3405.5
Sri Lanka,taxon,"Drums, croakers",2015,5007.9
Sri Lanka,taxon,"Drums, croakers",2016,4888.9
Sri Lanka,taxon,"Drums, croakers",2017,4066.4
Sri Lanka,taxon,"Drums, croakers",2018,4280.4
Sri Lanka,taxon,"Drums, croakers",2019,4280.4
Sri Lanka,taxon,Aquatic invertebrates,1950,7629.1
Sri Lanka,taxon,Aquatic invertebrates,1951,7684.1
Sri Lanka,taxon,Aquatic invertebrates,1952,7731.9
Sri Lanka,taxon,Aquatic invertebrates,1953,7789.5
Sri Lanka,taxon,Aquatic invertebrates,1954,7852.3
Sri Lanka,taxon,Aquatic invertebrates,1955,7882.4
Sri Lanka,taxon,Aquatic invertebrates,1956,7907.8
Sri Lanka,taxon,Aquatic invertebrates,1957,7951.8
Sri Lanka,taxon,Aquatic invertebrates,1958,7976.3
Sri Lanka,taxon,Aquatic invertebrates,1959,8004.4
Sri Lanka,taxon,Aquatic invertebrates,1960,7890.4
Sri Lanka,taxon,Aquatic invertebrates,1961,7915.4
Sri Lanka,taxon,Aquatic invertebrates,1962,7930.3
Sri Lanka,taxon,Aquatic invertebrates,1963,7936.9
Sri Lanka,taxon,Aquatic invertebrates,1964,7937.8
Sri Lanka,taxon,Aquatic invertebrates,1965,7934.4
Sri Lanka,taxon,Aquatic invertebrates,1966,7926.9
Sri Lanka,taxon,Aquatic invertebrates,1967,7913.9
Sri Lanka,taxon,Aquatic invertebrates,1968,7893.4
Sri Lanka,taxon,Aquatic invertebrates,1969,7862.7
Sri Lanka,taxon,Aquatic invertebrates,1970,7820.2
Sri Lanka,taxon,Aquatic invertebrates,1971,7765.2
Sri Lanka,taxon,Aquatic invertebrates,1972,7698.2
Sri Lanka,taxon,Aquatic invertebrates,1973,7619.8
Sri Lanka,taxon,Aquatic invertebrates,1974,7531.0
Sri Lanka,taxon,Aquatic invertebrates,1975,7432.4
Sri Lanka,taxon,Aquatic invertebrates,1976,7324.3
Sri Lanka,taxon,Aquatic invertebrates,1977,7206.3
Sri Lanka,taxon,Aquatic invertebrates,1978,7076.8
Sri Lanka,taxon,Aquatic invertebrates,1979,6934.1
Sri Lanka,taxon,Aquatic invertebrates,1980,6777.7
Sri Lanka,taxon,Aquatic invertebrates,1981,6690.4
Sri Lanka,taxon,Aquatic invertebrates,1982,6561.3
Sri Lanka,taxon,Aquatic invertebrates,1983,6423.2
Sri Lanka,taxon,Aquatic invertebrates,1984,6278.9
Sri Lanka,taxon,Aquatic invertebrates,1985,6130.3
Sri Lanka,taxon,Aquatic invertebrates,1986,5977.4
Sri Lanka,taxon,Aquatic invertebrates,1987,6064.7
Sri Lanka,taxon,Aquatic invertebrates,1988,6152.8
Sri Lanka,taxon,Aquatic invertebrates,1989,6240.2
Sri Lanka,taxon,Aquatic invertebrates,1990,6325.9
Sri Lanka,taxon,Aquatic invertebrates,1991,6409.8
Sri Lanka,taxon,Aquatic invertebrates,1992,6491.7
Sri Lanka,taxon,Aquatic invertebrates,1993,6570.6
Sri Lanka,taxon,Aquatic invertebrates,1994,6645.1
Sri Lanka,taxon,Aquatic invertebrates,1995,6714.2
Sri Lanka,taxon,Aquatic invertebrates,1996,6777.6
Sri Lanka,taxon,Aquatic invertebrates,1997,6835.6
Sri Lanka,taxon,Aquatic invertebrates,1998,6888.5
Sri Lanka,taxon,Aquatic invertebrates,1999,6937.0
Sri Lanka,taxon,Aquatic invertebrates,2000,6981.5
Sri Lanka,taxon,Aquatic invertebrates,2001,7019.0
Sri Lanka,taxon,Aquatic invertebrates,2002,7071.8
Sri Lanka,taxon,Aquatic invertebrates,2003,7172.6
Sri Lanka,taxon,Aquatic invertebrates,2004,7287.4
Sri Lanka,taxon,Aquatic invertebrates,2005,3893.5
Sri Lanka,taxon,Aquatic invertebrates,2006,7459.8
Sri Lanka,taxon,Aquatic invertebrates,2007,7514.4
Sri Lanka,taxon,Aquatic invertebrates,2008,7570.7
Sri Lanka,taxon,Aquatic invertebrates,2009,7002.1
Sri Lanka,taxon,Aquatic invertebrates,2010,5985.4
Sri Lanka,taxon,Aquatic invertebrates,2011,6725.0
Sri Lanka,taxon,Aquatic invertebrates,2012,4300.3
Sri Lanka,taxon,Aquatic invertebrates,2013,4219.3
Sri Lanka,taxon,Aquatic invertebrates,2014,3405.5
Sri Lanka,taxon,Aquatic invertebrates,2015,5007.9
Sri Lanka,taxon,Aquatic invertebrates,2016,4888.9
Sri Lanka,taxon,Aquatic invertebrates,2017,4066.4
Sri Lanka,taxon,Aquatic invertebrates,2018,4280.4
Sri Lanka,taxon,Aquatic invertebrates,2019,4280.4
Sri Lanka,taxon,Indian mackerel,1950,6357.6
Sri Lanka,taxon,Indian mackerel,1951,6403.4
Sri Lanka,taxon,Indian mackerel,1952,6443.3
Sri Lanka,taxon,Indian mackerel,1953,6491.3
Sri Lanka,taxon,Indian mackerel,1954,6543.6
Sri Lanka,taxon,Indian mackerel,1955,6568.6
Sri Lanka,taxon,Indian mackerel,1956,6589.8
Sri Lanka,taxon,Indian mackerel,1957,6626.5
Sri Lanka,taxon,Indian mackerel,1958,6646.9
Sri Lanka,taxon,Indian mackerel,1959,6670.4
Sri Lanka,taxon,Indian mackerel,1960,6575.3
Sri Lanka,taxon,Indian mackerel,1961,6596.2
Sri Lanka,taxon,Indian mackerel,1962,6608.6
Sri Lanka,taxon,Indian mackerel,1963,6614.1
Sri Lanka,taxon,Indian mackerel,1964,6614.8
Sri Lanka,taxon,Indian mackerel,1965,6612.0
Sri Lanka,taxon,Indian mackerel,1966,6605.8
Sri Lanka,taxon,Indian mackerel,1967,6594.9
Sri Lanka,taxon,Indian mackerel,1968,6577.8
Sri Lanka,taxon,Indian mackerel,1969,6552.3
Sri Lanka,taxon,Indian mackerel,1970,6516.8
Sri Lanka,taxon,Indian mackerel,1971,6471.0
Sri Lanka,taxon,Indian mackerel,1972,6415.1
Sri Lanka,taxon,Indian mackerel,1973,6349.8
Sri Lanka,taxon,Indian mackerel,1974,6275.8
Sri Lanka,taxon,Indian mackerel,1975,6193.7
Sri Lanka,taxon,Indian mackerel,1976,6103.6
Sri Lanka,taxon,Indian mackerel,1977,6005.2
Sri Lanka,taxon,Indian mackerel,1978,5897.3
Sri Lanka,taxon,Indian mackerel,1979,5778.5
Sri Lanka,taxon,Indian mackerel,1980,5648.1
Sri Lanka,taxon,Indian mackerel,1981,5587.6
Sri Lanka,taxon,Indian mackerel,1982,5482.0
Sri Lanka,taxon,Indian mackerel,1983,5381.0
Sri Lanka,taxon,Indian mackerel,1984,5261.6
Sri Lanka,taxon,Indian mackerel,1985,5134.2
Sri Lanka,taxon,Indian mackerel,1986,5069.2
Sri Lanka,taxon,Indian mackerel,1987,5136.5
Sri Lanka,taxon,Indian mackerel,1988,5191.9
Sri Lanka,taxon,Indian mackerel,1989,5252.1
Sri Lanka,taxon,Indian mackerel,1990,5309.4
Sri Lanka,taxon,Indian mackerel,1991,5413.8
Sri Lanka,taxon,Indian mackerel,1992,5622.1
Sri Lanka,taxon,Indian mackerel,1993,5634.6
Sri Lanka,taxon,Indian mackerel,1994,5673.3
Sri Lanka,taxon,Indian mackerel,1995,5763.8
Sri Lanka,taxon,Indian mackerel,1996,5770.8
Sri Lanka,taxon,Indian mackerel,1997,5874.5
Sri Lanka,taxon,Indian mackerel,1998,5891.1
Sri Lanka,taxon,Indian mackerel,1999,5970.6
Sri Lanka,taxon,Indian mackerel,2000,5931.1
Sri Lanka,taxon,Indian mackerel,2001,5974.2
Sri Lanka,taxon,Indian mackerel,2002,6116.2
Sri Lanka,taxon,Indian mackerel,2003,6207.2
Sri Lanka,taxon,Indian mackerel,2004,6337.0
Sri Lanka,taxon,Indian mackerel,2005,3463.7
Sri Lanka,taxon,Indian mackerel,2006,6483.1
Sri Lanka,taxon,Indian mackerel,2007,6613.2
Sri Lanka,taxon,Indian mackerel,2008,6629.3
Sri Lanka,taxon,Indian mackerel,2009,6330.9
Sri Lanka,taxon,Indian mackerel,2010,5602.4
Sri Lanka,taxon,Indian mackerel,2011,6290.0
Sri Lanka,taxon,Indian mackerel,2012,3973.2
Sri Lanka,taxon,Indian mackerel,2013,3970.7
Sri Lanka,taxon,Indian mackerel,2014,3063.6
Sri Lanka,taxon,Indian mackerel,2015,4573.6
Sri Lanka,taxon,Indian mackerel,2016,4555.7
Sri Lanka,taxon,Indian mackerel,2017,3834.7
Sri Lanka,taxon,Indian mackerel,2018,4005.7
Sri Lanka,taxon,Indian mackerel,2019,4215.8
Sri Lanka,taxon,"Mackerels, tunas, bonitos",1950,6357.6
Sri Lanka,taxon,"Mackerels, tunas, bonitos",1951,6403.4
Sri Lanka,taxon,"Mackerels, tunas, bonitos",1952,6443.3
Sri Lanka,taxon,"Mackerels, tunas, bonitos",1953,6491.3
Sri Lanka,taxon,"Mackerels, tunas, bonitos",1954,6543.6
Sri Lanka,taxon,"Mackerels, tunas, bonitos",1955,6568.6
Sri Lanka,taxon,"Mackerels, tunas, bonitos",1956,6589.8
Sri Lanka,taxon,"Mackerels, tunas, bonitos",1957,6626.5
Sri Lanka,taxon,"Mackerels, tunas, bonitos",1958,6646.9
Sri Lanka,taxon,"Mackerels, tunas, bonitos",1959,6670.4
Sri Lanka,taxon,"Mackerels, tunas, bonitos",1960,6575.3
Sri Lanka,taxon,"Mackerels, tunas, bonitos",1961,6596.2
Sri Lanka,taxon,"Mackerels, tunas, bonitos",1962,6608.6
Sri Lanka,taxon,"Mackerels, tunas, bonitos",1963,6614.1
Sri Lanka,taxon,"Mackerels, tunas, bonitos",1964,6614.8
Sri Lanka,taxon,"Mackerels, tunas, bonitos",1965,6612.0
Sri Lanka,taxon,"Mackerels, tunas, bonitos",1966,6605.8
Sri Lanka,taxon,"Mackerels, tunas, bonitos",1967,6594.9
Sri Lanka,taxon,"Mackerels, tunas, bonitos",1968,6577.8
Sri Lanka,taxon,"Mackerels, tunas, bonitos",1969,6552.3
Sri Lanka,taxon,"Mackerels, tunas, bonitos",1970,6516.8
Sri Lanka,taxon,"Mackerels, tunas, bonitos",1971,6471.0
Sri Lanka,taxon,"Mackerels, tunas, bonitos",1972,6415.1
Sri Lanka,taxon,"Mackerels, tunas, bonitos",1973,6349.8
Sri Lanka,taxon,"Mackerels, tunas, bonitos",1974,6275.8
Sri Lanka,taxon,"Mackerels, tunas, bonitos",1975,6193.7
Sri Lanka,taxon,"Mackerels, tunas, bonitos",1976,6115.0
Sri Lanka,taxon,"Mackerels, tunas, bonitos",1977,6014.1
Sri Lanka,taxon,"Mackerels, tunas, bonitos",1978,5920.2
Sri Lanka,taxon,"Mackerels, tunas, bonitos",1979,5795.5
Sri Lanka,taxon,"Mackerels, tunas, bonitos",1980,5648.1
Sri Lanka,taxon,"Mackerels, tunas, bonitos",1981,5575.4
Sri Lanka,taxon,"Mackerels, tunas, bonitos",1982,5467.7
Sri Lanka,taxon,"Mackerels, tunas, bonitos",1983,5352.6
Sri Lanka,taxon,"Mackerels, tunas, bonitos",1984,5232.4
Sri Lanka,taxon,"Mackerels, tunas, bonitos",1985,5108.6
Sri Lanka,taxon,"Mackerels, tunas, bonitos",1986,4981.1
Sri Lanka,taxon,"Mackerels, tunas, bonitos",1987,5053.9
Sri Lanka,taxon,"Mackerels, tunas, bonitos",1988,5127.3
Sri Lanka,taxon,"Mackerels, tunas, bonitos",1989,5200.1
Sri Lanka,taxon,"Mackerels, tunas, bonitos",1990,5271.6
Sri Lanka,taxon,"Mackerels, tunas, bonitos",1991,5341.5
Sri Lanka,taxon,"Mackerels, tunas, bonitos",1992,5409.8
Sri Lanka,taxon,"Mackerels, tunas, bonitos",1993,5475.5
Sri Lanka,taxon,"Mackerels, tunas, bonitos",1994,5537.6
Sri Lanka,taxon,"Mackerels, tunas, bonitos",1995,5595.2
Sri Lanka,taxon,"Mackerels, tunas, bonitos",1996,5695.5
Sri Lanka,taxon,"Mackerels, tunas, bonitos",1997,5753.7
Sri Lanka,taxon,"Mackerels, tunas, bonitos",1998,5814.4
Sri Lanka,taxon,"Mackerels, tunas, bonitos",1999,5913.7
Sri Lanka,taxon,"Mackerels, tunas, bonitos",2000,5934.8
Sri Lanka,taxon,"Mackerels, tunas, bonitos",2001,5936.0
Sri Lanka,taxon,"Mackerels, tunas, bonitos",2002,5935.2
Sri Lanka,taxon,"Mackerels, tunas, bonitos",2003,6008.3
Sri Lanka,taxon,"Mackerels, tunas, bonitos",2004,6072.8
Sri Lanka,taxon,"Mackerels, tunas, bonitos",2005,3244.6
Sri Lanka,taxon,"Mackerels, tunas, bonitos",2006,6216.5
Sri Lanka,taxon,"Mackerels, tunas, bonitos",2007,6262.0
Sri Lanka,taxon,"Mackerels, tunas, bonitos",2008,6308.9
Sri Lanka,taxon,"Mackerels, tunas, bonitos",2009,5835.1
Sri Lanka,taxon,"Mackerels, tunas, bonitos",2010,4987.8
Sri Lanka,taxon,"Mackerels, tunas, bonitos",2011,5604.2
Sri Lanka,taxon,"Mackerels, tunas, bonitos",2012,3583.6
Sri Lanka,taxon,"Mackerels, tunas, bonitos",2013,3516.0
Sri Lanka,taxon,"Mackerels, tunas, bonitos",2014,2932.9
Sri Lanka,taxon,"Mackerels, tunas, bonitos",2015,4287.3
Sri Lanka,taxon,"Mackerels, tunas, bonitos",2016,4278.1
Sri Lanka,taxon,"Mackerels, tunas, bonitos",2017,3614.7
Sri Lanka,taxon,"Mackerels, tunas, bonitos",2018,3780.0
Sri Lanka,taxon,"Mackerels, tunas, bonitos",2019,3696.0
Sri Lanka,taxon,Frigate tuna,1950,6357.6
Sri Lanka,taxon,Frigate tuna,1951,6403.4
Sri Lanka,taxon,Frigate tuna,1952,6443.3
Sri Lanka,taxon,Frigate tuna,1953,6491.3
Sri Lanka,taxon,Frigate tuna,1954,6543.6
Sri Lanka,taxon,Frigate tuna,1955,6568.6
Sri Lanka,taxon,Frigate tuna,1956,6589.8
Sri Lanka,taxon,Frigate tuna,1957,6626.5
Sri Lanka,taxon,Frigate tuna,1958,6646.9
Sri Lanka,taxon,Frigate tuna,1959,6670.4
Sri Lanka,taxon,Frigate tuna,1960,6575.3
Sri Lanka,taxon,Frigate tuna,1961,6596.2
Sri Lanka,taxon,Frigate tuna,1962,6608.6
Sri Lanka,taxon,Frigate tuna,1963,6614.1
Sri Lanka,taxon,Frigate tuna,1964,6614.8
Sri Lanka,taxon,Frigate tuna,1965,6612.0
Sri Lanka,taxon,Frigate tuna,1966,6605.8
Sri Lanka,taxon,Frigate tuna,1967,6594.9
Sri Lanka,taxon,Frigate tuna,1968,6577.8
Sri Lanka,taxon,Frigate tuna,1969,6552.3
Sri Lanka,taxon,Frigate tuna,1970,6516.8
Sri Lanka,taxon,Frigate tuna,1971,6471.0
Sri Lanka,taxon,Frigate tuna,1972,6415.1
Sri Lanka,taxon,Frigate tuna,1973,6349.8
Sri Lanka,taxon,Frigate tuna,1974,6275.8
Sri Lanka,taxon,Frigate tuna,1975,6193.7
Sri Lanka,taxon,Frigate tuna,1976,6103.6
Sri Lanka,taxon,Frigate tuna,1977,6005.2
Sri Lanka,taxon,Frigate tuna,1978,5964.8
Sri Lanka,taxon,Frigate tuna,1979,5930.0
Sri Lanka,taxon,Frigate tuna,1980,5813.7
Sri Lanka,taxon,Frigate tuna,1981,5667.6
Sri Lanka,taxon,Frigate tuna,1982,5609.1
Sri Lanka,taxon,Frigate tuna,1983,5479.5
Sri Lanka,taxon,Frigate tuna,1984,5370.8
Sri Lanka,taxon,Frigate tuna,1985,5332.5
Sri Lanka,taxon,Frigate tuna,1986,4982.7
Sri Lanka,taxon,Frigate tuna,1987,5054.8
Sri Lanka,taxon,Frigate tuna,1988,5128.4
Sri Lanka,taxon,Frigate tuna,1989,5201.5
Sri Lanka,taxon,Frigate tuna,1990,5272.8
Sri Lanka,taxon,Frigate tuna,1991,5342.3
Sri Lanka,taxon,Frigate tuna,1992,5410.9
Sri Lanka,taxon,Frigate tuna,1993,5475.7
Sri Lanka,taxon,Frigate tuna,1994,5537.6
Sri Lanka,taxon,Frigate tuna,1995,5595.2
Sri Lanka,taxon,Frigate tuna,1996,5648.0
Sri Lanka,taxon,Frigate tuna,1997,5704.0
Sri Lanka,taxon,Frigate tuna,1998,5744.7
Sri Lanka,taxon,Frigate tuna,1999,5788.1
Sri Lanka,taxon,Frigate tuna,2000,5819.8
Sri Lanka,taxon,Frigate tuna,2001,5853.3
Sri Lanka,taxon,Frigate tuna,2002,5900.3
Sri Lanka,taxon,Frigate tuna,2003,5977.2
Sri Lanka,taxon,Frigate tuna,2004,6072.8
Sri Lanka,taxon,Frigate tuna,2005,3244.6
Sri Lanka,taxon,Frigate tuna,2006,6216.5
Sri Lanka,taxon,Frigate tuna,2007,6262.0
Sri Lanka,taxon,Frigate tuna,2008,6308.9
Sri Lanka,taxon,Frigate tuna,2009,5835.1
Sri Lanka,taxon,Frigate tuna,2010,4987.8
Sri Lanka,taxon,Frigate tuna,2011,5604.2
Sri Lanka,taxon,Frigate tuna,2012,3583.6
Sri Lanka,taxon,Frigate tuna,2013,3516.0
Sri Lanka,taxon,Frigate tuna,2014,2838.0
Sri Lanka,taxon,Frigate tuna,2015,4174.0
Sri Lanka,taxon,Frigate tuna,2016,4074.2
Sri Lanka,taxon,Frigate tuna,2017,3389.5
Sri Lanka,taxon,Frigate tuna,2018,3568.5
Sri Lanka,taxon,Frigate tuna,2019,3568.1
Sri Lanka,taxon,Spotted sardinella,1950,6357.6
Sri Lanka,taxon,Spotted sardinella,1951,6403.4
Sri Lanka,taxon,Spotted sardinella,1952,6443.3
Sri Lanka,taxon,Spotted sardinella,1953,6491.3
Sri Lanka,taxon,Spotted sardinella,1954,6543.6
Sri Lanka,taxon,Spotted sardinella,1955,6568.6
Sri Lanka,taxon,Spotted sardinella,1956,6589.8
Sri Lanka,taxon,Spotted sardinella,1957,6626.5
Sri Lanka,taxon,Spotted sardinella,1958,6646.9
Sri Lanka,taxon,Spotted sardinella,1959,6670.4
Sri Lanka,taxon,Spotted sardinella,1960,6575.3
Sri Lanka,taxon,Spotted sardinella,1961,6596.2
Sri Lanka,taxon,Spotted sardinella,1962,6608.6
Sri Lanka,taxon,Spotted sardinella,1963,6614.1
Sri Lanka,taxon,Spotted sardinella,1964,6614.8
Sri Lanka,taxon,Spotted sardinella,1965,6612.0
Sri Lanka,taxon,Spotted sardinella,1966,6605.8
Sri Lanka,taxon,Spotted sardinella,1967,6594.9
Sri Lanka,taxon,Spotted sardinella,1968,6577.8
Sri Lanka,taxon,Spotted sardinella,1969,6552.3
Sri Lanka,taxon,Spotted sardinella,1970,6516.8
Sri Lanka,taxon,Spotted sardinella,1971,6471.0
Sri Lanka,taxon,Spotted sardinella,1972,6415.1
Sri Lanka,taxon,Spotted sardinella,1973,6349.8
Sri Lanka,taxon,Spotted sardinella,1974,6275.8
Sri Lanka,taxon,Spotted sardinella,1975,6193.7
Sri Lanka,taxon,Spotted sardinella,1976,6103.6
Sri Lanka,taxon,Spotted sardinella,1977,6005.2
Sri Lanka,taxon,Spotted sardinella,1978,5897.3
Sri Lanka,taxon,Spotted sardinella,1979,5778.5
Sri Lanka,taxon,Spotted sardinella,1980,5648.1
Sri Lanka,taxon,Spotted sardinella,1981,5575.4
Sri Lanka,taxon,Spotted sardinella,1982,5467.7
Sri Lanka,taxon,Spotted sardinella,1983,5352.6
Sri Lanka,taxon,Spotted sardinella,1984,5232.4
Sri Lanka,taxon,Spotted sardinella,1985,5108.6
Sri Lanka,taxon,Spotted sardinella,1986,4981.1
Sri Lanka,taxon,Spotted sardinella,1987,5053.9
Sri Lanka,taxon,Spotted sardinella,1988,5127.3
Sri Lanka,taxon,Spotted sardinella,1989,5200.1
Sri Lanka,taxon,Spotted sardinella,1990,5271.6
Sri Lanka,taxon,Spotted sardinella,1991,5341.5
Sri Lanka,taxon,Spotted sardinella,1992,5409.8
Sri Lanka,taxon,Spotted sardinella,1993,5475.5
Sri Lanka,taxon,Spotted sardinella,1994,5537.6
Sri Lanka,taxon,Spotted sardinella,1995,5595.2
Sri Lanka,taxon,Spotted sardinella,1996,5648.0
Sri Lanka,taxon,Spotted sardinella,1997,5696.4
Sri Lanka,taxon,Spotted sardinella,1998,5740.4
Sri Lanka,taxon,Spotted sardinella,1999,5780.8
Sri Lanka,taxon,Spotted sardinella,2000,5817.9
Sri Lanka,taxon,Spotted sardinella,2001,5849.2
Sri Lanka,taxon,Spotted sardinella,2002,5893.2
Sri Lanka,taxon,Spotted sardinella,2003,5977.2
Sri Lanka,taxon,Spotted sardinella,2004,6072.8
Sri Lanka,taxon,Spotted sardinella,2005,3244.6
Sri Lanka,taxon,Spotted sardinella,2006,6216.5
Sri Lanka,taxon,Spotted sardinella,2007,6262.0
Sri Lanka,taxon,Spotted sardinella,2008,6308.9
Sri Lanka,taxon,Spotted sardinella,2009,5835.1
Sri Lanka,taxon,Spotted sardinella,2010,4987.8
Sri Lanka,taxon,Spotted sardinella,2011,5604.2
Sri Lanka,taxon,Spotted sardinella,2012,3583.6
Sri Lanka,taxon,Spotted sardinella,2013,3516.0
Sri Lanka,taxon,Spotted sardinella,2014,2837.9
Sri Lanka,taxon,Spotted sardinella,2015,4173.3
Sri Lanka,taxon,Spotted sardinella,2016,4074.1
Sri Lanka,taxon,Spotted sardinella,2017,3388.7
Sri Lanka,taxon,Spotted sardinella,2018,3567.0
Sri Lanka,taxon,Spotted sardinella,2019,3567.0
Sri Lanka,taxon,Sardinellas,1950,6357.6
Sri Lanka,taxon,Sardinellas,1951,6403.4
Sri Lanka,taxon,Sardinellas,1952,6443.3
Sri Lanka,taxon,Sardinellas,1953,6491.3
Sri Lanka,taxon,Sardinellas,1954,6543.6
Sri Lanka,taxon,Sardinellas,1955,6568.6
Sri Lanka,taxon,Sardinellas,1956,6589.8
Sri Lanka,taxon,Sardinellas,1957,6626.5
Sri Lanka,taxon,Sardinellas,1958,6646.9
Sri Lanka,taxon,Sardinellas,1959,6670.4
Sri Lanka,taxon,Sardinellas,1960,6575.3
Sri Lanka,taxon,Sardinellas,1961,6596.2
Sri Lanka,taxon,Sardinellas,1962,6608.6
Sri Lanka,taxon,Sardinellas,1963,6614.1
Sri Lanka,taxon,Sardinellas,1964,6614.8
Sri Lanka,taxon,Sardinellas,1965,6612.0
Sri Lanka,taxon,Sardinellas,1966,6605.8
Sri Lanka,taxon,Sardinellas,1967,6594.9
Sri Lanka,taxon,Sardinellas,1968,6577.8
Sri Lanka,taxon,Sardinellas,1969,6552.3
Sri Lanka,taxon,Sardinellas,1970,6516.8
Sri Lanka,taxon,Sardinellas,1971,6471.0
Sri Lanka,taxon,Sardinellas,1972,6415.1
Sri Lanka,taxon,Sardinellas,1973,6349.8
Sri Lanka,taxon,Sardinellas,1974,6275.8
Sri Lanka,taxon,Sardinellas,1975,6193.7
Sri Lanka,taxon,Sardinellas,1976,6103.6
Sri Lanka,taxon,Sardinellas,1977,6005.2
Sri Lanka,taxon,Sardinellas,1978,5897.3
Sri Lanka,taxon,Sardinellas,1979,5778.5
Sri Lanka,taxon,Sardinellas,1980,5648.1
Sri Lanka,taxon,Sardinellas,1981,5575.4
Sri Lanka,taxon,Sardinellas,1982,5467.7
Sri Lanka,taxon,Sardinellas,1983,5352.6
Sri Lanka,taxon,Sardinellas,1984,5232.4
Sri Lanka,taxon,Sardinellas,1985,5108.6
Sri Lanka,taxon,Sardinellas,1986,4981.1
Sri Lanka,taxon,Sardinellas,1987,5053.9
Sri Lanka,taxon,Sardinellas,1988,5127.3
Sri Lanka,taxon,Sardinellas,1989,5200.1
Sri Lanka,taxon,Sardinellas,1990,5271.6
Sri Lanka,taxon,Sardinellas,1991,5341.5
Sri Lanka,taxon,Sardinellas,1992,5409.8
Sri Lanka,taxon,Sardinellas,1993,5475.5
Sri Lanka,taxon,Sardinellas,1994,5537.6
Sri Lanka,taxon,Sardinellas,1995,5595.2
Sri Lanka,taxon,Sardinellas,1996,5648.0
Sri Lanka,taxon,Sardinellas,1997,5696.4
Sri Lanka,taxon,Sardinellas,1998,5740.4
Sri Lanka,taxon,Sardinellas,1999,5780.8
Sri Lanka,taxon,Sardinellas,2000,5817.9
Sri Lanka,taxon,Sardinellas,2001,5849.2
Sri Lanka,taxon,Sardinellas,2002,5893.2
Sri Lanka,taxon,Sardinellas,2003,5977.2
Sri Lanka,taxon,Sardinellas,2004,6072.8
Sri Lanka,taxon,Sardinellas,2005,3244.6
Sri Lanka,taxon,Sardinellas,2006,6216.5
Sri Lanka,taxon,Sardinellas,2007,6262.0
Sri Lanka,taxon,Sardinellas,2008,6308.9
Sri Lanka,taxon,Sardinellas,2009,5835.1
Sri Lanka,taxon,Sardinellas,2010,4987.8
Sri Lanka,taxon,Sardinellas,2011,5604.2
Sri Lanka,taxon,Sardinellas,2012,3583.6
Sri Lanka,taxon,Sardinellas,2013,3516.0
Sri Lanka,taxon,Sardinellas,2014,2837.9
Sri Lanka,taxon,Sardinellas,2015,4173.3
Sri Lanka,taxon,Sardinellas,2016,4074.1
Sri Lanka,taxon,Sardinellas,2017,3388.7
Sri Lanka,taxon,Sardinellas,2018,3567.0
Sri Lanka,taxon,Sardinellas,2019,3567.0
Sri Lanka,taxon,Goldstripe sardinella,1950,6357.6
Sri Lanka,taxon,Goldstripe sardinella,1951,6403.4
Sri Lanka,taxon,Goldstripe sardinella,1952,6443.3
Sri Lanka,taxon,Goldstripe sardinella,1953,6491.3
Sri Lanka,taxon,Goldstripe sardinella,1954,6543.6
Sri Lanka,taxon,Goldstripe sardinella,1955,6568.6
Sri Lanka,taxon,Goldstripe sardinella,1956,6589.8
Sri Lanka,taxon,Goldstripe sardinella,1957,6626.5
Sri Lanka,taxon,Goldstripe sardinella,1958,6646.9
Sri Lanka,taxon,Goldstripe sardinella,1959,6670.4
Sri Lanka,taxon,Goldstripe sardinella,1960,6575.3
Sri Lanka,taxon,Goldstripe sardinella,1961,6596.2
Sri Lanka,taxon,Goldstripe sardinella,1962,6608.6
Sri Lanka,taxon,Goldstripe sardinella,1963,6614.1
Sri Lanka,taxon,Goldstripe sardinella,1964,6614.8
Sri Lanka,taxon,Goldstripe sardinella,1965,6612.0
Sri Lanka,taxon,Goldstripe sardinella,1966,6605.8
Sri Lanka,taxon,Goldstripe sardinella,1967,6594.9
Sri Lanka,taxon,Goldstripe sardinella,1968,6577.8
Sri Lanka,taxon,Goldstripe sardinella,1969,6552.3
Sri Lanka,taxon,Goldstripe sardinella,1970,6516.8
Sri Lanka,taxon,Goldstripe sardinella,1971,6471.0
Sri Lanka,taxon,Goldstripe sardinella,1972,6415.1
Sri Lanka,taxon,Goldstripe sardinella,1973,6349.8
Sri Lanka,taxon,Goldstripe sardinella,1974,6275.8
Sri Lanka,taxon,Goldstripe sardinella,1975,6193.7
Sri Lanka,taxon,Goldstripe sardinella,1976,6103.6
Sri Lanka,taxon,Goldstripe sardinella,1977,6005.2
Sri Lanka,taxon,Goldstripe sardinella,1978,5897.3
Sri Lanka,taxon,Goldstripe sardinella,1979,5778.5
Sri Lanka,taxon,Goldstripe sardinella,1980,5648.1
Sri Lanka,taxon,Goldstripe sardinella,1981,5575.4
Sri Lanka,taxon,Goldstripe sardinella,1982,5467.7
Sri Lanka,taxon,Goldstripe sardinella,1983,5352.6
Sri Lanka,taxon,Goldstripe sardinella,1984,5232.4
Sri Lanka,taxon,Goldstripe sardinella,1985,5108.6
Sri Lanka,taxon,Goldstripe sardinella,1986,4981.1
Sri Lanka,taxon,Goldstripe sardinella,1987,5053.9
Sri Lanka,taxon,Goldstripe sardinella,1988,5127.3
Sri Lanka,taxon,Goldstripe sardinella,1989,5200.1
Sri Lanka,taxon,Goldstripe sardinella,1990,5271.6
Sri Lanka,taxon,Goldstripe sardinella,1991,5341.5
Sri Lanka,taxon,Goldstripe sardinella,1992,5409.8
Sri Lanka,taxon,Goldstripe sardinella,1993,5475.5
Sri Lanka,taxon,Goldstripe sardinella,1994,5537.6
Sri Lanka,taxon,Goldstripe sardinella,1995,5595.2
Sri Lanka,taxon,Goldstripe sardinella,1996,5648.0
Sri Lanka,taxon,Goldstripe sardinella,1997,5696.4
Sri Lanka,taxon,Goldstripe sardinella,1998,5740.4
Sri Lanka,taxon,Goldstripe sardinella,1999,5780.8
Sri Lanka,taxon,Goldstripe sardinella,2000,5817.9
Sri Lanka,taxon,Goldstripe sardinella,2001,5849.2
Sri Lanka,taxon,Goldstripe sardinella,2002,5893.2
Sri Lanka,taxon,Goldstripe sardinella,2003,5977.2
Sri Lanka,taxon,Goldstripe sardinella,2004,6072.8
Sri Lanka,taxon,Goldstripe sardinella,2005,3244.6
Sri Lanka,taxon,Goldstripe sardinella,2006,6216.5
Sri Lanka,taxon,Goldstripe sardinella,2007,6262.0
Sri Lanka,taxon,Goldstripe sardinella,2008,6308.9
Sri Lanka,taxon,Goldstripe sardinella,2009,5835.1
Sri Lanka,taxon,Goldstripe sardinella,2010,4987.8
Sri Lanka,taxon,Goldstripe sardinella,2011,5604.2
Sri Lanka,taxon,Goldstripe sardinella,2012,3583.6
Sri Lanka,taxon,Goldstripe sardinella,2013,3516.0
Sri Lanka,taxon,Goldstripe sardinella,2014,2837.9
Sri Lanka,taxon,Goldstripe sardinella,2015,4173.3
Sri Lanka,taxon,Goldstripe sardinella,2016,4074.1
Sri Lanka,taxon,Goldstripe sardinella,2017,3388.7
Sri Lanka,taxon,Goldstripe sardinella,2018,3567.0
Sri Lanka,taxon,Goldstripe sardinella,2019,3567.0
Sri Lanka,taxon,"Emperors, scavengers",1950,5086.1
Sri Lanka,taxon,"Emperors, scavengers",1951,5122.7
Sri Lanka,taxon,"Emperors, scavengers",1952,5154.6
Sri Lanka,taxon,"Emperors, scavengers",1953,5193.0
Sri Lanka,taxon,"Emperors, scavengers",1954,5234.9
Sri Lanka,taxon,"Emperors, scavengers",1955,5254.9
Sri Lanka,taxon,"Emperors, scavengers",1956,5271.9
Sri Lanka,taxon,"Emperors, scavengers",1957,5301.2
Sri Lanka,taxon,"Emperors, scavengers",1958,5317.5
Sri Lanka,taxon,"Emperors, scavengers",1959,5336.3
Sri Lanka,taxon,"Emperors, scavengers",1960,5260.3
Sri Lanka,taxon,"Emperors, scavengers",1961,5277.0
Sri Lanka,taxon,"Emperors, scavengers",1962,5286.9
Sri Lanka,taxon,"Emperors, scavengers",1963,5291.3
Sri Lanka,taxon,"Emperors, scavengers",1964,5291.8
Sri Lanka,taxon,"Emperors, scavengers",1965,5289.6
Sri Lanka,taxon,"Emperors, scavengers",1966,5284.6
Sri Lanka,taxon,"Emperors, scavengers",1967,5276.0
Sri Lanka,taxon,"Emperors, scavengers",1968,5262.3
Sri Lanka,taxon,"Emperors, scavengers",1969,5241.8
Sri Lanka,taxon,"Emperors, scavengers",1970,5213.5
Sri Lanka,taxon,"Emperors, scavengers",1971,5176.8
Sri Lanka,taxon,"Emperors, scavengers",1972,5132.1
Sri Lanka,taxon,"Emperors, scavengers",1973,5079.8
Sri Lanka,taxon,"Emperors, scavengers",1974,5020.7
Sri Lanka,taxon,"Emperors, scavengers",1975,4954.9
Sri Lanka,taxon,"Emperors, scavengers",1976,4882.9
Sri Lanka,taxon,"Emperors, scavengers",1977,4804.2
Sri Lanka,taxon,"Emperors, scavengers",1978,4717.8
Sri Lanka,taxon,"Emperors, scavengers",1979,4622.8
Sri Lanka,taxon,"Emperors, scavengers",1980,4518.5
Sri Lanka,taxon,"Emperors, scavengers",1981,4466.7
Sri Lanka,taxon,"Emperors, scavengers",1982,4394.8
Sri Lanka,taxon,"Emperors, scavengers",1983,4305.7
Sri Lanka,taxon,"Emperors, scavengers",1984,4204.7
Sri Lanka,taxon,"Emperors, scavengers",1985,4111.1
Sri Lanka,taxon,"Emperors, scavengers",1986,4015.8
Sri Lanka,taxon,"Emperors, scavengers",1987,4070.2
Sri Lanka,taxon,"Emperors, scavengers",1988,4142.0
Sri Lanka,taxon,"Emperors, scavengers",1989,4187.8
Sri Lanka,taxon,"Emperors, scavengers",1990,4278.5
Sri Lanka,taxon,"Emperors, scavengers",1991,4361.8
Sri Lanka,taxon,"Emperors, scavengers",1992,4404.4
Sri Lanka,taxon,"Emperors, scavengers",1993,4513.1
Sri Lanka,taxon,"Emperors, scavengers",1994,4612.9
Sri Lanka,taxon,"Emperors, scavengers",1995,4675.5
Sri Lanka,taxon,"Emperors, scavengers",1996,4759.4
Sri Lanka,taxon,"Emperors, scavengers",1997,4832.1
Sri Lanka,taxon,"Emperors, scavengers",1998,4840.0
Sri Lanka,taxon,"Emperors, scavengers",1999,4868.6
Sri Lanka,taxon,"Emperors, scavengers",2000,4929.9
Sri Lanka,taxon,"Emperors, scavengers",2001,5034.5
Sri Lanka,taxon,"Emperors, scavengers",2002,5028.5
Sri Lanka,taxon,"Emperors, scavengers",2003,5083.4
Sri Lanka,taxon,"Emperors, scavengers",2004,5178.0
Sri Lanka,taxon,"Emperors, scavengers",2005,2879.6
Sri Lanka,taxon,"Emperors, scavengers",2006,5303.0
Sri Lanka,taxon,"Emperors, scavengers",2007,5356.3
Sri Lanka,taxon,"Emperors, scavengers",2008,5416.6
Sri Lanka,taxon,"Emperors, scavengers",2009,5282.0
Sri Lanka,taxon,"Emperors, scavengers",2010,4272.3
Sri Lanka,taxon,"Emperors, scavengers",2011,5036.6
Sri Lanka,taxon,"Emperors, scavengers",2012,3454.3
Sri Lanka,taxon,"Emperors, scavengers",2013,3150.5
Sri Lanka,taxon,"Emperors, scavengers",2014,2691.6
Sri Lanka,taxon,"Emperors, scavengers",2015,3948.4
Sri Lanka,taxon,"Emperors, scavengers",2016,3636.8
Sri Lanka,taxon,"Emperors, scavengers",2017,3245.8
Sri Lanka,taxon,"Emperors, scavengers",2018,3226.6
Sri Lanka,taxon,"Emperors, scavengers",2019,3364.4
Sri Lanka,taxon,Narrow-barred Spanish mackerel,1950,1589.0
Sri Lanka,taxon,Narrow-barred Spanish mackerel,1951,2341.0
Sri Lanka,taxon,Narrow-barred Spanish mackerel,1952,1898.0
Sri Lanka,taxon,Narrow-barred Spanish mackerel,1953,1445.0
Sri Lanka,taxon,Narrow-barred Spanish mackerel,1954,1235.0
Sri Lanka,taxon,Narrow-barred Spanish mackerel,1955,1030.0
Sri Lanka,taxon,Narrow-barred Spanish mackerel,1956,1075.0
Sri Lanka,taxon,Narrow-barred Spanish mackerel,1957,1124.0
Sri Lanka,taxon,Narrow-barred Spanish mackerel,1958,1344.0
Sri Lanka,taxon,Narrow-barred Spanish mackerel,1959,1560.0
Sri Lanka,taxon,Narrow-barred Spanish mackerel,1960,1555.0
Sri Lanka,taxon,Narrow-barred Spanish mackerel,1961,1549.0
Sri Lanka,taxon,Narrow-barred Spanish mackerel,1962,2620.0
Sri Lanka,taxon,Narrow-barred Spanish mackerel,1963,3687.0
Sri Lanka,taxon,Narrow-barred Spanish mackerel,1964,3150.0
Sri Lanka,taxon,Narrow-barred Spanish mackerel,1965,2615.0
Sri Lanka,taxon,Narrow-barred Spanish mackerel,1966,4641.0
Sri Lanka,taxon,Narrow-barred Spanish mackerel,1967,6607.0
Sri Lanka,taxon,Narrow-barred Spanish mackerel,1968,6479.0
Sri Lanka,taxon,Narrow-barred Spanish mackerel,1969,6348.0
Sri Lanka,taxon,Narrow-barred Spanish mackerel,1970,4714.0
Sri Lanka,taxon,Narrow-barred Spanish mackerel,1971,3080.0
Sri Lanka,taxon,Narrow-barred Spanish mackerel,1972,3468.0
Sri Lanka,taxon,Narrow-barred Spanish mackerel,1973,3871.0
Sri Lanka,taxon,Narrow-barred Spanish mackerel,1974,3793.0
Sri Lanka,taxon,Narrow-barred Spanish mackerel,1975,3714.0
Sri Lanka,taxon,Narrow-barred Spanish mackerel,1976,4463.0
Sri Lanka,taxon,Narrow-barred Spanish mackerel,1977,4434.0
Sri Lanka,taxon,Narrow-barred Spanish mackerel,1978,4499.0
Sri Lanka,taxon,Narrow-barred Spanish mackerel,1979,5519.0
Sri Lanka,taxon,Narrow-barred Spanish mackerel,1980,8762.1
Sri Lanka,taxon,Narrow-barred Spanish mackerel,1981,7053.1
Sri Lanka,taxon,Narrow-barred Spanish mackerel,1982,6127.8
Sri Lanka,taxon,Narrow-barred Spanish mackerel,1983,5505.2
Sri Lanka,taxon,Narrow-barred Spanish mackerel,1984,5391.4
Sri Lanka,taxon,Narrow-barred Spanish mackerel,1985,5287.3
Sri Lanka,taxon,Narrow-barred Spanish mackerel,1986,3799.7
Sri Lanka,taxon,Narrow-barred Spanish mackerel,1987,3920.9
Sri Lanka,taxon,Narrow-barred Spanish mackerel,1988,4064.3
Sri Lanka,taxon,Narrow-barred Spanish mackerel,1989,4148.8
Sri Lanka,taxon,Narrow-barred Spanish mackerel,1990,4097.8
Sri Lanka,taxon,Narrow-barred Spanish mackerel,1991,3862.4
Sri Lanka,taxon,Narrow-barred Spanish mackerel,1992,3735.6
Sri Lanka,taxon,Narrow-barred Spanish mackerel,1993,3652.2
Sri Lanka,taxon,Narrow-barred Spanish mackerel,1994,3558.0
Sri Lanka,taxon,Narrow-barred Spanish mackerel,1995,3729.0
Sri Lanka,taxon,Narrow-barred Spanish mackerel,1996,2695.0
Sri Lanka,taxon,Narrow-barred Spanish mackerel,1997,2828.0
Sri Lanka,taxon,Narrow-barred Spanish mackerel,1998,3068.1
Sri Lanka,taxon,Narrow-barred Spanish mackerel,1999,3046.9
Sri Lanka,taxon,Narrow-barred Spanish mackerel,2000,2777.4
Sri Lanka,taxon,Narrow-barred Spanish mackerel,2001,2413.8
Sri Lanka,taxon,Narrow-barred Spanish mackerel,2002,2521.4
Sri Lanka,taxon,Narrow-barred Spanish mackerel,2003,3423.0
Sri Lanka,taxon,Narrow-barred Spanish mackerel,2004,3248.0
Sri Lanka,taxon,Narrow-barred Spanish mackerel,2005,2659.0
Sri Lanka,taxon,Narrow-barred Spanish mackerel,2006,3007.0
Sri Lanka,taxon,Narrow-barred Spanish mackerel,2007,2453.0
Sri Lanka,taxon,Narrow-barred Spanish mackerel,2008,2604.0
Sri Lanka,taxon,Narrow-barred Spanish mackerel,2009,2268.0
Sri Lanka,taxon,Narrow-barred Spanish mackerel,2010,3233.0
Sri Lanka,taxon,Narrow-barred Spanish mackerel,2011,2855.0
Sri Lanka,taxon,Narrow-barred Spanish mackerel,2012,1967.0
Sri Lanka,taxon,Narrow-barred Spanish mackerel,2013,2090.0
Sri Lanka,taxon,Narrow-barred Spanish mackerel,2014,2050.0
Sri Lanka,taxon,Narrow-barred Spanish mackerel,2015,2438.1
Sri Lanka,taxon,Narrow-barred Spanish mackerel,2016,2797.0
Sri Lanka,taxon,Narrow-barred Spanish mackerel,2017,1361.8
Sri Lanka,taxon,Narrow-barred Spanish mackerel,2018,1192.9
Sri Lanka,taxon,Narrow-barred Spanish mackerel,2019,663.7
Sri Lanka,taxon,Indo-Pacific prawns,1950,205.9
Sri Lanka,taxon,Indo-Pacific prawns,1951,205.9
Sri Lanka,taxon,Indo-Pacific prawns,1952,247.1
Sri Lanka,taxon,Indo-Pacific prawns,1953,288.3
Sri Lanka,taxon,Indo-Pacific prawns,1954,494.2
Sri Lanka,taxon,Indo-Pacific prawns,1955,411.8
Sri Lanka,taxon,Indo-Pacific prawns,1956,617.8
Sri Lanka,taxon,Indo-Pacific prawns,1957,535.4
Sri Lanka,taxon,Indo-Pacific prawns,1958,864.9
Sri Lanka,taxon,Indo-Pacific prawns,1959,782.5
Sri Lanka,taxon,Indo-Pacific prawns,1960,823.7
Sri Lanka,taxon,Indo-Pacific prawns,1961,741.3
Sri Lanka,taxon,Indo-Pacific prawns,1962,1235.5
Sri Lanka,taxon,Indo-Pacific prawns,1963,988.4
Sri Lanka,taxon,Indo-Pacific prawns,1964,2018.0
Sri Lanka,taxon,Indo-Pacific prawns,1965,1112.0
Sri Lanka,taxon,Indo-Pacific prawns,1966,1317.9
Sri Lanka,taxon,Indo-Pacific prawns,1967,1441.4
Sri Lanka,taxon,Indo-Pacific prawns,1968,1070.8
Sri Lanka,taxon,Indo-Pacific prawns,1969,1647.4
Sri Lanka,taxon,Indo-Pacific prawns,1970,1441.4
Sri Lanka,taxon,Indo-Pacific prawns,1971,1317.9
Sri Lanka,taxon,Indo-Pacific prawns,1972,1523.8
Sri Lanka,taxon,Indo-Pacific prawns,1973,1359.1
Sri Lanka,taxon,Indo-Pacific prawns,1974,2182.8
Sri Lanka,taxon,Indo-Pacific prawns,1975,2550.1
Sri Lanka,taxon,Indo-Pacific prawns,1976,2944.2
Sri Lanka,taxon,Indo-Pacific prawns,1977,2508.1
Sri Lanka,taxon,Indo-Pacific prawns,1978,2993.7
Sri Lanka,taxon,Indo-Pacific prawns,1979,2259.4
Sri Lanka,taxon,Indo-Pacific prawns,1980,2038.6
Sri Lanka,taxon,Indo-Pacific prawns,1981,2957.0
Sri Lanka,taxon,Indo-Pacific prawns,1982,4113.9
Sri Lanka,taxon,Indo-Pacific prawns,1983,3163.8
Sri Lanka,taxon,Indo-Pacific prawns,1984,3073.6
Sri Lanka,taxon,Indo-Pacific prawns,1985,1970.2
Sri Lanka,taxon,Indo-Pacific prawns,1986,2025.8
Sri Lanka,taxon,Indo-Pacific prawns,1987,2096.3
Sri Lanka,taxon,Indo-Pacific prawns,1988,2178.2
Sri Lanka,taxon,Indo-Pacific prawns,1989,2210.3
Sri Lanka,taxon,Indo-Pacific prawns,1990,2099.6
Sri Lanka,taxon,Indo-Pacific prawns,1991,2456.6
Sri Lanka,taxon,Indo-Pacific prawns,1992,3205.4
Sri Lanka,taxon,Indo-Pacific prawns,1993,3129.6
Sri Lanka,taxon,Indo-Pacific prawns,1994,1429.8
Sri Lanka,taxon,Indo-Pacific prawns,1995,3043.0
Sri Lanka,taxon,Indo-Pacific prawns,1996,2633.7
Sri Lanka,taxon,Indo-Pacific prawns,1997,2610.6
Sri Lanka,taxon,Indo-Pacific prawns,1998,3199.8
Sri Lanka,taxon,Indo-Pacific prawns,1999,2105.0
Sri Lanka,taxon,Indo-Pacific prawns,2000,3817.0
Sri Lanka,taxon,Indo-Pacific prawns,2001,2071.4
Sri Lanka,taxon,Indo-Pacific prawns,2002,1944.3
Sri Lanka,taxon,Indo-Pacific prawns,2003,5298.8
Sri Lanka,taxon,Indo-Pacific prawns,2004,5579.6
Sri Lanka,taxon,Indo-Pacific prawns,2005,1291.0
Sri Lanka,taxon,Indo-Pacific prawns,2006,3478.3
Sri Lanka,taxon,Indo-Pacific prawns,2007,3806.4
Sri Lanka,taxon,Indo-Pacific prawns,2008,4804.8
Sri Lanka,taxon,Indo-Pacific prawns,2009,5384.0
Sri Lanka,taxon,Indo-Pacific prawns,2010,6468.9
Sri Lanka,taxon,Indo-Pacific prawns,2011,4939.4
Sri Lanka,taxon,Indo-Pacific prawns,2012,5979.5
Sri Lanka,taxon,Indo-Pacific prawns,2013,7562.1
Sri Lanka,taxon,Indo-Pacific prawns,2014,12999.1
Sri Lanka,taxon,Indo-Pacific prawns,2015,12395.4
Sri Lanka,taxon,Indo-Pacific prawns,2016,15197.5
Sri Lanka,taxon,Indo-Pacific prawns,2017,12101.7
Sri Lanka,taxon,Indo-Pacific prawns,2018,12387.2
Sri Lanka,taxon,Indo-Pacific prawns,2019,12644.2
Sri Lanka,taxon,"Sharks, rays, chimaeras",1950,438.3
Sri Lanka,taxon,"Sharks, rays, chimaeras",1951,460.1
Sri Lanka,taxon,"Sharks, rays, chimaeras",1952,526.3
Sri Lanka,taxon,"Sharks, rays, chimaeras",1953,592.6
Sri Lanka,taxon,"Sharks, rays, chimaeras",1954,1021.4
Sri Lanka,taxon,"Sharks, rays, chimaeras",1955,849.8
Sri Lanka,taxon,"Sharks, rays, chimaeras",1956,1262.1
Sri Lanka,taxon,"Sharks, rays, chimaeras",1957,1115.6
Sri Lanka,taxon,"Sharks, rays, chimaeras",1958,1768.6
Sri Lanka,taxon,"Sharks, rays, chimaeras",1959,1607.0
Sri Lanka,taxon,"Sharks, rays, chimaeras",1960,1699.6
Sri Lanka,taxon,"Sharks, rays, chimaeras",1961,1538.0
Sri Lanka,taxon,"Sharks, rays, chimaeras",1962,2557.7
Sri Lanka,taxon,"Sharks, rays, chimaeras",1963,2073.0
Sri Lanka,taxon,"Sharks, rays, chimaeras",1964,4109.4
Sri Lanka,taxon,"Sharks, rays, chimaeras",1965,2315.4
Sri Lanka,taxon,"Sharks, rays, chimaeras",1966,2719.3
Sri Lanka,taxon,"Sharks, rays, chimaeras",1967,2988.5
Sri Lanka,taxon,"Sharks, rays, chimaeras",1968,2262.1
Sri Lanka,taxon,"Sharks, rays, chimaeras",1969,3410.3
Sri Lanka,taxon,"Sharks, rays, chimaeras",1970,3046.2
Sri Lanka,taxon,"Sharks, rays, chimaeras",1971,2780.5
Sri Lanka,taxon,"Sharks, rays, chimaeras",1972,3219.0
Sri Lanka,taxon,"Sharks, rays, chimaeras",1973,2941.6
Sri Lanka,taxon,"Sharks, rays, chimaeras",1974,4561.1
Sri Lanka,taxon,"Sharks, rays, chimaeras",1975,5237.9
Sri Lanka,taxon,"Sharks, rays, chimaeras",1976,6042.9
Sri Lanka,taxon,"Sharks, rays, chimaeras",1977,5062.4
Sri Lanka,taxon,"Sharks, rays, chimaeras",1978,6029.9
Sri Lanka,taxon,"Sharks, rays, chimaeras",1979,4592.9
Sri Lanka,taxon,"Sharks, rays, chimaeras",1980,4072.4
Sri Lanka,taxon,"Sharks, rays, chimaeras",1981,5764.6
Sri Lanka,taxon,"Sharks, rays, chimaeras",1982,7636.2
Sri Lanka,taxon,"Sharks, rays, chimaeras",1983,5723.0
Sri Lanka,taxon,"Sharks, rays, chimaeras",1984,5439.2
Sri Lanka,taxon,"Sharks, rays, chimaeras",1985,3402.7
Sri Lanka,taxon,"Sharks, rays, chimaeras",1986,3406.1
Sri Lanka,taxon,"Sharks, rays, chimaeras",1987,3415.2
Sri Lanka,taxon,"Sharks, rays, chimaeras",1988,3447.8
Sri Lanka,taxon,"Sharks, rays, chimaeras",1989,3471.9
Sri Lanka,taxon,"Sharks, rays, chimaeras",1990,3087.9
Sri Lanka,taxon,"Sharks, rays, chimaeras",1991,3488.6
Sri Lanka,taxon,"Sharks, rays, chimaeras",1992,4308.1
Sri Lanka,taxon,"Sharks, rays, chimaeras",1993,4146.8
Sri Lanka,taxon,"Sharks, rays, chimaeras",1994,1945.8
Sri Lanka,taxon,"Sharks, rays, chimaeras",1995,3640.0
Sri Lanka,taxon,"Sharks, rays, chimaeras",1996,3050.0
Sri Lanka,taxon,"Sharks, rays, chimaeras",1997,2779.6
Sri Lanka,taxon,"Sharks, rays, chimaeras",1998,3296.1
Sri Lanka,taxon,"Sharks, rays, chimaeras",1999,2035.6
Sri Lanka,taxon,"Sharks, rays, chimaeras",2000,3441.8
Sri Lanka,taxon,"Sharks, rays, chimaeras",2001,1882.6
Sri Lanka,taxon,"Sharks, rays, chimaeras",2002,1788.7
Sri Lanka,taxon,"Sharks, rays, chimaeras",2003,3991.6
Sri Lanka,taxon,"Sharks, rays, chimaeras",2004,4002.2
Sri Lanka,taxon,"Sharks, rays, chimaeras",2005,887.0
Sri Lanka,taxon,"Sharks, rays, chimaeras",2006,2103.9
Sri Lanka,taxon,"Sharks, rays, chimaeras",2007,2053.8
Sri Lanka,taxon,"Sharks, rays, chimaeras",2008,2341.7
Sri Lanka,taxon,"Sharks, rays, chimaeras",2009,2313.7
Sri Lanka,taxon,"Sharks, rays, chimaeras",2010,2444.6
Sri Lanka,taxon,"Sharks, rays, chimaeras",2011,1609.8
Sri Lanka,taxon,"Sharks, rays, chimaeras",2012,1645.4
Sri Lanka,taxon,"Sharks, rays, chimaeras",2013,1692.1
Sri Lanka,taxon,"Sharks, rays, chimaeras",2014,2239.7
Sri Lanka,taxon,"Sharks, rays, chimaeras",2015,1501.0
Sri Lanka,taxon,"Sharks, rays, chimaeras",2016,1843.1
Sri Lanka,taxon,"Sharks, rays, chimaeras",2017,1476.4
Sri Lanka,taxon,"Sharks, rays, chimaeras",2018,1207.5
Sri Lanka,taxon,"Sharks, rays, chimaeras",2019,1598.2
Sri Lanka,taxon,Eagle/manta rays,1950,2543.0
Sri Lanka,taxon,Eagle/manta rays,1951,2561.4
Sri Lanka,taxon,Eagle/manta rays,1952,2577.3
Sri Lanka,taxon,Eagle/manta rays,1953,2596.5
Sri Lanka,taxon,Eagle/manta rays,1954,2617.4
Sri Lanka,taxon,Eagle/manta rays,1955,2627.5
Sri Lanka,taxon,Eagle/manta rays,1956,2635.9
Sri Lanka,taxon,Eagle/manta rays,1957,2650.6
Sri Lanka,taxon,Eagle/manta rays,1958,2658.8
Sri Lanka,taxon,Eagle/manta rays,1959,2668.1
Sri Lanka,taxon,Eagle/manta rays,1960,2630.1
Sri Lanka,taxon,Eagle/manta rays,1961,2638.5
Sri Lanka,taxon,Eagle/manta rays,1962,2643.4
Sri Lanka,taxon,Eagle/manta rays,1963,2645.6
Sri Lanka,taxon,Eagle/manta rays,1964,2645.9
Sri Lanka,taxon,Eagle/manta rays,1965,2644.8
Sri Lanka,taxon,Eagle/manta rays,1966,2642.3
Sri Lanka,taxon,Eagle/manta rays,1967,2638.0
Sri Lanka,taxon,Eagle/manta rays,1968,2631.1
Sri Lanka,taxon,Eagle/manta rays,1969,2620.9
Sri Lanka,taxon,Eagle/manta rays,1970,2606.7
Sri Lanka,taxon,Eagle/manta rays,1971,2588.4
Sri Lanka,taxon,Eagle/manta rays,1972,2566.1
Sri Lanka,taxon,Eagle/manta rays,1973,2539.9
Sri Lanka,taxon,Eagle/manta rays,1974,2510.3
Sri Lanka,taxon,Eagle/manta rays,1975,2477.5
Sri Lanka,taxon,Eagle/manta rays,1976,2441.4
Sri Lanka,taxon,Eagle/manta rays,1977,2402.1
Sri Lanka,taxon,Eagle/manta rays,1978,2358.9
Sri Lanka,taxon,Eagle/manta rays,1979,2311.4
Sri Lanka,taxon,Eagle/manta rays,1980,2259.2
Sri Lanka,taxon,Eagle/manta rays,1981,2230.1
Sri Lanka,taxon,Eagle/manta rays,1982,2187.1
Sri Lanka,taxon,Eagle/manta rays,1983,2141.1
Sri Lanka,taxon,Eagle/manta rays,1984,2093.0
Sri Lanka,taxon,Eagle/manta rays,1985,2043.4
Sri Lanka,taxon,Eagle/manta rays,1986,1992.5
Sri Lanka,taxon,Eagle/manta rays,1987,2021.6
Sri Lanka,taxon,Eagle/manta rays,1988,2050.9
Sri Lanka,taxon,Eagle/manta rays,1989,2080.1
Sri Lanka,taxon,Eagle/manta rays,1990,2108.6
Sri Lanka,taxon,Eagle/manta rays,1991,2136.6
Sri Lanka,taxon,Eagle/manta rays,1992,2163.9
Sri Lanka,taxon,Eagle/manta rays,1993,2190.2
Sri Lanka,taxon,Eagle/manta rays,1994,2215.0
Sri Lanka,taxon,Eagle/manta rays,1995,2238.1
Sri Lanka,taxon,Eagle/manta rays,1996,2259.2
Sri Lanka,taxon,Eagle/manta rays,1997,2278.5
Sri Lanka,taxon,Eagle/manta rays,1998,2296.2
Sri Lanka,taxon,Eagle/manta rays,1999,2312.3
Sri Lanka,taxon,Eagle/manta rays,2000,2327.2
Sri Lanka,taxon,Eagle/manta rays,2001,2339.7
Sri Lanka,taxon,Eagle/manta rays,2002,2357.3
Sri Lanka,taxon,Eagle/manta rays,2003,2390.9
Sri Lanka,taxon,Eagle/manta rays,2004,2429.1
Sri Lanka,taxon,Eagle/manta rays,2005,1297.8
Sri Lanka,taxon,Eagle/manta rays,2006,2486.6
Sri Lanka,taxon,Eagle/manta rays,2007,2504.8
Sri Lanka,taxon,Eagle/manta rays,2008,2523.6
Sri Lanka,taxon,Eagle/manta rays,2009,2334.0
Sri Lanka,taxon,Eagle/manta rays,2010,1995.1
Sri Lanka,taxon,Eagle/manta rays,2011,2241.7
Sri Lanka,taxon,Eagle/manta rays,2012,2177.4
Sri Lanka,taxon,Eagle/manta rays,2013,2075.4
Sri Lanka,taxon,Eagle/manta rays,2014,1743.2
Sri Lanka,taxon,Eagle/manta rays,2015,2351.3
Sri Lanka,taxon,Eagle/manta rays,2016,2396.6
Sri Lanka,taxon,Eagle/manta rays,2017,2624.5
Sri Lanka,taxon,Eagle/manta rays,2018,2417.8
Sri Lanka,taxon,Eagle/manta rays,2019,2223.3
Sri Lanka,taxon,"Seabasses, hinds",1950,2543.0
Sri Lanka,taxon,"Seabasses, hinds",1951,2561.4
Sri Lanka,taxon,"Seabasses, hinds",1952,2577.3
Sri Lanka,taxon,"Seabasses, hinds",1953,2596.5
Sri Lanka,taxon,"Seabasses, hinds",1954,2617.4
Sri Lanka,taxon,"Seabasses, hinds",1955,2627.5
Sri Lanka,taxon,"Seabasses, hinds",1956,2635.9
Sri Lanka,taxon,"Seabasses, hinds",1957,2650.6
Sri Lanka,taxon,"Seabasses, hinds",1958,2658.8
Sri Lanka,taxon,"Seabasses, hinds",1959,2668.1
Sri Lanka,taxon,"Seabasses, hinds",1960,2630.1
Sri Lanka,taxon,"Seabasses, hinds",1961,2638.5
Sri Lanka,taxon,"Seabasses, hinds",1962,2643.4
Sri Lanka,taxon,"Seabasses, hinds",1963,2645.7
Sri Lanka,taxon,"Seabasses, hinds",1964,2646.1
Sri Lanka,taxon,"Seabasses, hinds",1965,2645.0
Sri Lanka,taxon,"Seabasses, hinds",1966,2642.5
Sri Lanka,taxon,"Seabasses, hinds",1967,2638.1
Sri Lanka,taxon,"Seabasses, hinds",1968,2631.1
Sri Lanka,taxon,"Seabasses, hinds",1969,2620.9
Sri Lanka,taxon,"Seabasses, hinds",1970,2606.8
Sri Lanka,taxon,"Seabasses, hinds",1971,2588.5
Sri Lanka,taxon,"Seabasses, hinds",1972,2566.6
Sri Lanka,taxon,"Seabasses, hinds",1973,2540.1
Sri Lanka,taxon,"Seabasses, hinds",1974,2510.5
Sri Lanka,taxon,"Seabasses, hinds",1975,2477.8
Sri Lanka,taxon,"Seabasses, hinds",1976,2441.4
Sri Lanka,taxon,"Seabasses, hinds",1977,2402.1
Sri Lanka,taxon,"Seabasses, hinds",1978,2358.9
Sri Lanka,taxon,"Seabasses, hinds",1979,2311.4
Sri Lanka,taxon,"Seabasses, hinds",1980,2259.2
Sri Lanka,taxon,"Seabasses, hinds",1981,2230.1
Sri Lanka,taxon,"Seabasses, hinds",1982,2187.1
Sri Lanka,taxon,"Seabasses, hinds",1983,2141.1
Sri Lanka,taxon,"Seabasses, hinds",1984,2093.0
Sri Lanka,taxon,"Seabasses, hinds",1985,2043.4
Sri Lanka,taxon,"Seabasses, hinds",1986,1992.5
Sri Lanka,taxon,"Seabasses, hinds",1987,2021.6
Sri Lanka,taxon,"Seabasses, hinds",1988,2050.9
Sri Lanka,taxon,"Seabasses, hinds",1989,2080.1
Sri Lanka,taxon,"Seabasses, hinds",1990,2108.6
Sri Lanka,taxon,"Seabasses, hinds",1991,2136.6
Sri Lanka,taxon,"Seabasses, hinds",1992,2163.9
Sri Lanka,taxon,"Seabasses, hinds",1993,2190.2
Sri Lanka,taxon,"Seabasses, hinds",1994,2215.0
Sri Lanka,taxon,"Seabasses, hinds",1995,2238.1
Sri Lanka,taxon,"Seabasses, hinds",1996,2259.2
Sri Lanka,taxon,"Seabasses, hinds",1997,2278.5
Sri Lanka,taxon,"Seabasses, hinds",1998,2296.2
Sri Lanka,taxon,"Seabasses, hinds",1999,2312.3
Sri Lanka,taxon,"Seabasses, hinds",2000,2327.2
Sri Lanka,taxon,"Seabasses, hinds",2001,2339.7
Sri Lanka,taxon,"Seabasses, hinds",2002,2357.3
Sri Lanka,taxon,"Seabasses, hinds",2003,2390.9
Sri Lanka,taxon,"Seabasses, hinds",2004,2429.1
Sri Lanka,taxon,"Seabasses, hinds",2005,1297.8
Sri Lanka,taxon,"Seabasses, hinds",2006,2486.6
Sri Lanka,taxon,"Seabasses, hinds",2007,2504.8
Sri Lanka,taxon,"Seabasses, hinds",2008,2523.6
Sri Lanka,taxon,"Seabasses, hinds",2009,2334.0
Sri Lanka,taxon,"Seabasses, hinds",2010,1995.1
Sri Lanka,taxon,"Seabasses, hinds",2011,2241.7
Sri Lanka,taxon,"Seabasses, hinds",2012,1433.4
Sri Lanka,taxon,"Seabasses, hinds",2013,1406.4
Sri Lanka,taxon,"Seabasses, hinds",2014,1135.2
Sri Lanka,taxon,"Seabasses, hinds",2015,1669.3
Sri Lanka,taxon,"Seabasses, hinds",2016,1629.6
Sri Lanka,taxon,"Seabasses, hinds",2017,1355.5
Sri Lanka,taxon,"Seabasses, hinds",2018,1426.8
Sri Lanka,taxon,"Seabasses, hinds",2019,1426.8
Sri Lanka,taxon,Spangled emperor,1950,2543.0
Sri Lanka,taxon,Spangled emperor,1951,2561.4
Sri Lanka,taxon,Spangled emperor,1952,2577.3
Sri Lanka,taxon,Spangled emperor,1953,2596.5
Sri Lanka,taxon,Spangled emperor,1954,2617.4
Sri Lanka,taxon,Spangled emperor,1955,2627.5
Sri Lanka,taxon,Spangled emperor,1956,2635.9
Sri Lanka,taxon,Spangled emperor,1957,2650.6
Sri Lanka,taxon,Spangled emperor,1958,2658.8
Sri Lanka,taxon,Spangled emperor,1959,2668.1
Sri Lanka,taxon,Spangled emperor,1960,2630.1
Sri Lanka,taxon,Spangled emperor,1961,2638.5
Sri Lanka,taxon,Spangled emperor,1962,2643.4
Sri Lanka,taxon,Spangled emperor,1963,2645.6
Sri Lanka,taxon,Spangled emperor,1964,2645.9
Sri Lanka,taxon,Spangled emperor,1965,2644.8
Sri Lanka,taxon,Spangled emperor,1966,2642.3
Sri Lanka,taxon,Spangled emperor,1967,2638.0
Sri Lanka,taxon,Spangled emperor,1968,2631.1
Sri Lanka,taxon,Spangled emperor,1969,2620.9
Sri Lanka,taxon,Spangled emperor,1970,2606.7
Sri Lanka,taxon,Spangled emperor,1971,2588.4
Sri Lanka,taxon,Spangled emperor,1972,2566.1
Sri Lanka,taxon,Spangled emperor,1973,2539.9
Sri Lanka,taxon,Spangled emperor,1974,2510.3
Sri Lanka,taxon,Spangled emperor,1975,2477.5
Sri Lanka,taxon,Spangled emperor,1976,2441.4
Sri Lanka,taxon,Spangled emperor,1977,2402.1
Sri Lanka,taxon,Spangled emperor,1978,2358.9
Sri Lanka,taxon,Spangled emperor,1979,2311.4
Sri Lanka,taxon,Spangled emperor,1980,2259.2
Sri Lanka,taxon,Spangled emperor,1981,2230.1
Sri Lanka,taxon,Spangled emperor,1982,2187.1
Sri Lanka,taxon,Spangled emperor,1983,2141.1
Sri Lanka,taxon,Spangled emperor,1984,2093.0
Sri Lanka,taxon,Spangled emperor,1985,2043.4
Sri Lanka,taxon,Spangled emperor,1986,1992.5
Sri Lanka,taxon,Spangled emperor,1987,2021.6
Sri Lanka,taxon,Spangled emperor,1988,2050.9
Sri Lanka,taxon,Spangled emperor,1989,2080.1
Sri Lanka,taxon,Spangled emperor,1990,2108.6
Sri Lanka,taxon,Spangled emperor,1991,2136.6
Sri Lanka,taxon,Spangled emperor,1992,2163.9
Sri Lanka,taxon,Spangled emperor,1993,2190.2
Sri Lanka,taxon,Spangled emperor,1994,2215.0
Sri Lanka,taxon,Spangled emperor,1995,2238.1
Sri Lanka,taxon,Spangled emperor,1996,2259.2
Sri Lanka,taxon,Spangled emperor,1997,2278.5
Sri Lanka,taxon,Spangled emperor,1998,2296.2
Sri Lanka,taxon,Spangled emperor,1999,2312.3
Sri Lanka,taxon,Spangled emperor,2000,2327.2
Sri Lanka,taxon,Spangled emperor,2001,2339.7
Sri Lanka,taxon,Spangled emperor,2002,2357.3
Sri Lanka,taxon,Spangled emperor,2003,2390.9
Sri Lanka,taxon,Spangled emperor,2004,2429.1
Sri Lanka,taxon,Spangled emperor,2005,1297.8
Sri Lanka,taxon,Spangled emperor,2006,2486.6
Sri Lanka,taxon,Spangled emperor,2007,2504.8
Sri Lanka,taxon,Spangled emperor,2008,2523.6
Sri Lanka,taxon,Spangled emperor,2009,2334.0
Sri Lanka,taxon,Spangled emperor,2010,1995.1
Sri Lanka,taxon,Spangled emperor,2011,2241.7
Sri Lanka,taxon,Spangled emperor,2012,1433.4
Sri Lanka,taxon,Spangled emperor,2013,1406.4
Sri Lanka,taxon,Spangled emperor,2014,1135.2
Sri Lanka,taxon,Spangled emperor,2015,1669.3
Sri Lanka,taxon,Spangled emperor,2016,1629.6
Sri Lanka,taxon,Spangled emperor,2017,1355.5
Sri Lanka,taxon,Spangled emperor,2018,1426.8
Sri Lanka,taxon,Spangled emperor,2019,1426.8
Sri Lanka,taxon,Giant trevally,1950,2543.0
Sri Lanka,taxon,Giant trevally,1951,2561.4
Sri Lanka,taxon,Giant trevally,1952,2577.3
Sri Lanka,taxon,Giant trevally,1953,2596.5
Sri Lanka,taxon,Giant trevally,1954,2617.4
Sri Lanka,taxon,Giant trevally,1955,2627.5
Sri Lanka,taxon,Giant trevally,1956,2635.9
Sri Lanka,taxon,Giant trevally,1957,2650.6
Sri Lanka,taxon,Giant trevally,1958,2658.8
Sri Lanka,taxon,Giant trevally,1959,2668.1
Sri Lanka,taxon,Giant trevally,1960,2630.1
Sri Lanka,taxon,Giant trevally,1961,2638.5
Sri Lanka,taxon,Giant trevally,1962,2643.4
Sri Lanka,taxon,Giant trevally,1963,2645.6
Sri Lanka,taxon,Giant trevally,1964,2645.9
Sri Lanka,taxon,Giant trevally,1965,2644.8
Sri Lanka,taxon,Giant trevally,1966,2642.3
Sri Lanka,taxon,Giant trevally,1967,2638.0
Sri Lanka,taxon,Giant trevally,1968,2631.1
Sri Lanka,taxon,Giant trevally,1969,2620.9
Sri Lanka,taxon,Giant trevally,1970,2606.7
Sri Lanka,taxon,Giant trevally,1971,2588.4
Sri Lanka,taxon,Giant trevally,1972,2566.1
Sri Lanka,taxon,Giant trevally,1973,2539.9
Sri Lanka,taxon,Giant trevally,1974,2510.3
Sri Lanka,taxon,Giant trevally,1975,2477.5
Sri Lanka,taxon,Giant trevally,1976,2441.4
Sri Lanka,taxon,Giant trevally,1977,2402.1
Sri Lanka,taxon,Giant trevally,1978,2358.9
Sri Lanka,taxon,Giant trevally,1979,2311.4
Sri Lanka,taxon,Giant trevally,1980,2259.2
Sri Lanka,taxon,Giant trevally,1981,2230.1
Sri Lanka,taxon,Giant trevally,1982,2187.1
Sri Lanka,taxon,Giant trevally,1983,2141.1
Sri Lanka,taxon,Giant trevally,1984,2093.0
Sri Lanka,taxon,Giant trevally,1985,2043.4
Sri Lanka,taxon,Giant trevally,1986,1992.5
Sri Lanka,taxon,Giant trevally,1987,2021.6
Sri Lanka,taxon,Giant trevally,1988,2050.9
Sri Lanka,taxon,Giant trevally,1989,2080.1
Sri Lanka,taxon,Giant trevally,1990,2108.6
Sri Lanka,taxon,Giant trevally,1991,2136.6
Sri Lanka,taxon,Giant trevally,1992,2163.9
Sri Lanka,taxon,Giant trevally,1993,2190.2
Sri Lanka,taxon,Giant trevally,1994,2215.0
Sri Lanka,taxon,Giant trevally,1995,2238.1
Sri Lanka,taxon,Giant trevally,1996,2259.2
Sri Lanka,taxon,Giant trevally,1997,2278.5
Sri Lanka,taxon,Giant trevally,1998,2296.2
Sri Lanka,taxon,Giant trevally,1999,2312.3
Sri Lanka,taxon,Giant trevally,2000,2327.2
Sri Lanka,taxon,Giant trevally,2001,2339.7
Sri Lanka,taxon,Giant trevally,2002,2357.3
Sri Lanka,taxon,Giant trevally,2003,2390.9
Sri Lanka,taxon,Giant trevally,2004,2429.1
Sri Lanka,taxon,Giant trevally,2005,1297.8
Sri Lanka,taxon,Giant trevally,2006,2486.6
Sri Lanka,taxon,Giant trevally,2007,2504.8
Sri Lanka,taxon,Giant trevally,2008,2523.6
Sri Lanka,taxon,Giant trevally,2009,2334.0
Sri Lanka,taxon,Giant trevally,2010,1995.1
Sri Lanka,taxon,Giant trevally,2011,2241.7
Sri Lanka,taxon,Giant trevally,2012,1433.4
Sri Lanka,taxon,Giant trevally,2013,1406.4
Sri Lanka,taxon,Giant trevally,2014,1135.2
Sri Lanka,taxon,Giant trevally,2015,1669.3
Sri Lanka,taxon,Giant trevally,2016,1629.6
Sri Lanka,taxon,Giant trevally,2017,1355.5
Sri Lanka,taxon,Giant trevally,2018,1426.8
Sri Lanka,taxon,Giant trevally,2019,1426.8
Sri Lanka,taxon,"Surgeons, tangs, unicornfishes",1950,2543.0
Sri Lanka,taxon,"Surgeons, tangs, unicornfishes",1951,2561.4
Sri Lanka,taxon,"Surgeons, tangs, unicornfishes",1952,2577.3
Sri Lanka,taxon,"Surgeons, tangs, unicornfishes",1953,2596.5
Sri Lanka,taxon,"Surgeons, tangs, unicornfishes",1954,2617.4
Sri Lanka,taxon,"Surgeons, tangs, unicornfishes",1955,2627.5
Sri Lanka,taxon,"Surgeons, tangs, unicornfishes",1956,2635.9
Sri Lanka,taxon,"Surgeons, tangs, unicornfishes",1957,2650.6
Sri Lanka,taxon,"Surgeons, tangs, unicornfishes",1958,2658.8
Sri Lanka,taxon,"Surgeons, tangs, unicornfishes",1959,2668.1
Sri Lanka,taxon,"Surgeons, tangs, unicornfishes",1960,2630.1
Sri Lanka,taxon,"Surgeons, tangs, unicornfishes",1961,2638.5
Sri Lanka,taxon,"Surgeons, tangs, unicornfishes",1962,2643.4
Sri Lanka,taxon,"Surgeons, tangs, unicornfishes",1963,2645.6
Sri Lanka,taxon,"Surgeons, tangs, unicornfishes",1964,2645.9
Sri Lanka,taxon,"Surgeons, tangs, unicornfishes",1965,2644.8
Sri Lanka,taxon,"Surgeons, tangs, unicornfishes",1966,2642.3
Sri Lanka,taxon,"Surgeons, tangs, unicornfishes",1967,2638.0
Sri Lanka,taxon,"Surgeons, tangs, unicornfishes",1968,2631.1
Sri Lanka,taxon,"Surgeons, tangs, unicornfishes",1969,2620.9
Sri Lanka,taxon,"Surgeons, tangs, unicornfishes",1970,2606.7
Sri Lanka,taxon,"Surgeons, tangs, unicornfishes",1971,2588.4
Sri Lanka,taxon,"Surgeons, tangs, unicornfishes",1972,2566.1
Sri Lanka,taxon,"Surgeons, tangs, unicornfishes",1973,2539.9
Sri Lanka,taxon,"Surgeons, tangs, unicornfishes",1974,2510.3
Sri Lanka,taxon,"Surgeons, tangs, unicornfishes",1975,2477.5
Sri Lanka,taxon,"Surgeons, tangs, unicornfishes",1976,2441.4
Sri Lanka,taxon,"Surgeons, tangs, unicornfishes",1977,2402.1
Sri Lanka,taxon,"Surgeons, tangs, unicornfishes",1978,2358.9
Sri Lanka,taxon,"Surgeons, tangs, unicornfishes",1979,2311.4
Sri Lanka,taxon,"Surgeons, tangs, unicornfishes",1980,2259.2
Sri Lanka,taxon,"Surgeons, tangs, unicornfishes",1981,2230.1
Sri Lanka,taxon,"Surgeons, tangs, unicornfishes",1982,2187.1
Sri Lanka,taxon,"Surgeons, tangs, unicornfishes",1983,2141.1
Sri Lanka,taxon,"Surgeons, tangs, unicornfishes",1984,2093.0
Sri Lanka,taxon,"Surgeons, tangs, unicornfishes",1985,2043.4
Sri Lanka,taxon,"Surgeons, tangs, unicornfishes",1986,1992.5
Sri Lanka,taxon,"Surgeons, tangs, unicornfishes",1987,2021.6
Sri Lanka,taxon,"Surgeons, tangs, unicornfishes",1988,2050.9
Sri Lanka,taxon,"Surgeons, tangs, unicornfishes",1989,2080.1
Sri Lanka,taxon,"Surgeons, tangs, unicornfishes",1990,2108.6
Sri Lanka,taxon,"Surgeons, tangs, unicornfishes",1991,2136.6
Sri Lanka,taxon,"Surgeons, tangs, unicornfishes",1992,2163.9
Sri Lanka,taxon,"Surgeons, tangs, unicornfishes",1993,2190.2
Sri Lanka,taxon,"Surgeons, tangs, unicornfishes",1994,2215.0
Sri Lanka,taxon,"Surgeons, tangs, unicornfishes",1995,2238.1
Sri Lanka,taxon,"Surgeons, tangs, unicornfishes",1996,2259.2
Sri Lanka,taxon,"Surgeons, tangs, unicornfishes",1997,2278.5
Sri Lanka,taxon,"Surgeons, tangs, unicornfishes",1998,2296.2
Sri Lanka,taxon,"Surgeons, tangs, unicornfishes",1999,2312.3
Sri Lanka,taxon,"Surgeons, tangs, unicornfishes",2000,2327.2
Sri Lanka,taxon,"Surgeons, tangs, unicornfishes",2001,2339.7
Sri Lanka,taxon,"Surgeons, tangs, unicornfishes",2002,2357.3
Sri Lanka,taxon,"Surgeons, tangs, unicornfishes",2003,2390.9
Sri Lanka,taxon,"Surgeons, tangs, unicornfishes",2004,2429.1
Sri Lanka,taxon,"Surgeons, tangs, unicornfishes",2005,1297.8
Sri Lanka,taxon,"Surgeons, tangs, unicornfishes",2006,2486.6
Sri Lanka,taxon,"Surgeons, tangs, unicornfishes",2007,2504.8
Sri Lanka,taxon,"Surgeons, tangs, unicornfishes",2008,2523.6
Sri Lanka,taxon,"Surgeons, tangs, unicornfishes",2009,2334.0
Sri Lanka,taxon,"Surgeons, tangs, unicornfishes",2010,1995.1
Sri Lanka,taxon,"Surgeons, tangs, unicornfishes",2011,2241.7
Sri Lanka,taxon,"Surgeons, tangs, unicornfishes",2012,1433.4
Sri Lanka,taxon,"Surgeons, tangs, unicornfishes",2013,1406.4
Sri Lanka,taxon,"Surgeons, tangs, unicornfishes",2014,1135.2
Sri Lanka,taxon,"Surgeons, tangs, unicornfishes",2015,1669.3
Sri Lanka,taxon,"Surgeons, tangs, unicornfishes",2016,1629.6
Sri Lanka,taxon,"Surgeons, tangs, unicornfishes",2017,1355.5
Sri Lanka,taxon,"Surgeons, tangs, unicornfishes",2018,1426.8
Sri Lanka,taxon,"Surgeons, tangs, unicornfishes",2019,1426.8
Sri Lanka,taxon,"Grunts, sweetlips, bonnetmouths",1950,2543.0
Sri Lanka,taxon,"Grunts, sweetlips, bonnetmouths",1951,2561.4
Sri Lanka,taxon,"Grunts, sweetlips, bonnetmouths",1952,2577.3
Sri Lanka,taxon,"Grunts, sweetlips, bonnetmouths",1953,2596.5
Sri Lanka,taxon,"Grunts, sweetlips, bonnetmouths",1954,2617.4
Sri Lanka,taxon,"Grunts, sweetlips, bonnetmouths",1955,2627.5
Sri Lanka,taxon,"Grunts, sweetlips, bonnetmouths",1956,2635.9
Sri Lanka,taxon,"Grunts, sweetlips, bonnetmouths",1957,2650.6
Sri Lanka,taxon,"Grunts, sweetlips, bonnetmouths",1958,2658.8
Sri Lanka,taxon,"Grunts, sweetlips, bonnetmouths",1959,2668.1
Sri Lanka,taxon,"Grunts, sweetlips, bonnetmouths",1960,2630.1
Sri Lanka,taxon,"Grunts, sweetlips, bonnetmouths",1961,2638.5
Sri Lanka,taxon,"Grunts, sweetlips, bonnetmouths",1962,2643.4
Sri Lanka,taxon,"Grunts, sweetlips, bonnetmouths",1963,2645.6
Sri Lanka,taxon,"Grunts, sweetlips, bonnetmouths",1964,2645.9
Sri Lanka,taxon,"Grunts, sweetlips, bonnetmouths",1965,2644.8
Sri Lanka,taxon,"Grunts, sweetlips, bonnetmouths",1966,2642.3
Sri Lanka,taxon,"Grunts, sweetlips, bonnetmouths",1967,2638.0
Sri Lanka,taxon,"Grunts, sweetlips, bonnetmouths",1968,2631.1
Sri Lanka,taxon,"Grunts, sweetlips, bonnetmouths",1969,2620.9
Sri Lanka,taxon,"Grunts, sweetlips, bonnetmouths",1970,2606.7
Sri Lanka,taxon,"Grunts, sweetlips, bonnetmouths",1971,2588.4
Sri Lanka,taxon,"Grunts, sweetlips, bonnetmouths",1972,2566.1
Sri Lanka,taxon,"Grunts, sweetlips, bonnetmouths",1973,2539.9
Sri Lanka,taxon,"Grunts, sweetlips, bonnetmouths",1974,2510.3
Sri Lanka,taxon,"Grunts, sweetlips, bonnetmouths",1975,2477.5
Sri Lanka,taxon,"Grunts, sweetlips, bonnetmouths",1976,2441.4
Sri Lanka,taxon,"Grunts, sweetlips, bonnetmouths",1977,2402.1
Sri Lanka,taxon,"Grunts, sweetlips, bonnetmouths",1978,2358.9
Sri Lanka,taxon,"Grunts, sweetlips, bonnetmouths",1979,2311.4
Sri Lanka,taxon,"Grunts, sweetlips, bonnetmouths",1980,2259.2
Sri Lanka,taxon,"Grunts, sweetlips, bonnetmouths",1981,2230.1
Sri Lanka,taxon,"Grunts, sweetlips, bonnetmouths",1982,2187.1
Sri Lanka,taxon,"Grunts, sweetlips, bonnetmouths",1983,2141.1
Sri Lanka,taxon,"Grunts, sweetlips, bonnetmouths",1984,2093.0
Sri Lanka,taxon,"Grunts, sweetlips, bonnetmouths",1985,2043.4
Sri Lanka,taxon,"Grunts, sweetlips, bonnetmouths",1986,1992.5
Sri Lanka,taxon,"Grunts, sweetlips, bonnetmouths",1987,2021.6
Sri Lanka,taxon,"Grunts, sweetlips, bonnetmouths",1988,2050.9
Sri Lanka,taxon,"Grunts, sweetlips, bonnetmouths",1989,2080.1
Sri Lanka,taxon,"Grunts, sweetlips, bonnetmouths",1990,2108.6
Sri Lanka,taxon,"Grunts, sweetlips, bonnetmouths",1991,2136.6
Sri Lanka,taxon,"Grunts, sweetlips, bonnetmouths",1992,2163.9
Sri Lanka,taxon,"Grunts, sweetlips, bonnetmouths",1993,2190.2
Sri Lanka,taxon,"Grunts, sweetlips, bonnetmouths",1994,2215.0
Sri Lanka,taxon,"Grunts, sweetlips, bonnetmouths",1995,2238.1
Sri Lanka,taxon,"Grunts, sweetlips, bonnetmouths",1996,2259.2
Sri Lanka,taxon,"Grunts, sweetlips, bonnetmouths",1997,2278.5
Sri Lanka,taxon,"Grunts, sweetlips, bonnetmouths",1998,2296.2
Sri Lanka,taxon,"Grunts, sweetlips, bonnetmouths",1999,2312.3
Sri Lanka,taxon,"Grunts, sweetlips, bonnetmouths",2000,2327.2
Sri Lanka,taxon,"Grunts, sweetlips, bonnetmouths",2001,2339.7
Sri Lanka,taxon,"Grunts, sweetlips, bonnetmouths",2002,2357.3
Sri Lanka,taxon,"Grunts, sweetlips, bonnetmouths",2003,2390.9
Sri Lanka,taxon,"Grunts, sweetlips, bonnetmouths",2004,2429.1
Sri Lanka,taxon,"Grunts, sweetlips, bonnetmouths",2005,1297.8
Sri Lanka,taxon,"Grunts, sweetlips, bonnetmouths",2006,2486.6
Sri Lanka,taxon,"Grunts, sweetlips, bonnetmouths",2007,2504.8
Sri Lanka,taxon,"Grunts, sweetlips, bonnetmouths",2008,2523.6
Sri Lanka,taxon,"Grunts, sweetlips, bonnetmouths",2009,2334.0
Sri Lanka,taxon,"Grunts, sweetlips, bonnetmouths",2010,1995.1
Sri Lanka,taxon,"Grunts, sweetlips, bonnetmouths",2011,2241.7
Sri Lanka,taxon,"Grunts, sweetlips, bonnetmouths",2012,1433.4
Sri Lanka,taxon,"Grunts, sweetlips, bonnetmouths",2013,1406.4
Sri Lanka,taxon,"Grunts, sweetlips, bonnetmouths",2014,1135.2
Sri Lanka,taxon,"Grunts, sweetlips, bonnetmouths",2015,1669.3
Sri Lanka,taxon,"Grunts, sweetlips, bonnetmouths",2016,1629.6
Sri Lanka,taxon,"Grunts, sweetlips, bonnetmouths",2017,1355.5
Sri Lanka,taxon,"Grunts, sweetlips, bonnetmouths",2018,1426.8
Sri Lanka,taxon,"Grunts, sweetlips, bonnetmouths",2019,1426.8
Sri Lanka,taxon,Bigeye trevally,1950,2543.0
Sri Lanka,taxon,Bigeye trevally,1951,2561.4
Sri Lanka,taxon,Bigeye trevally,1952,2577.3
Sri Lanka,taxon,Bigeye trevally,1953,2596.5
Sri Lanka,taxon,Bigeye trevally,1954,2617.4
Sri Lanka,taxon,Bigeye trevally,1955,2627.5
Sri Lanka,taxon,Bigeye trevally,1956,2635.9
Sri Lanka,taxon,Bigeye trevally,1957,2650.6
Sri Lanka,taxon,Bigeye trevally,1958,2658.8
Sri Lanka,taxon,Bigeye trevally,1959,2668.1
Sri Lanka,taxon,Bigeye trevally,1960,2630.1
Sri Lanka,taxon,Bigeye trevally,1961,2638.5
Sri Lanka,taxon,Bigeye trevally,1962,2643.4
Sri Lanka,taxon,Bigeye trevally,1963,2645.6
Sri Lanka,taxon,Bigeye trevally,1964,2645.9
Sri Lanka,taxon,Bigeye trevally,1965,2644.8
Sri Lanka,taxon,Bigeye trevally,1966,2642.3
Sri Lanka,taxon,Bigeye trevally,1967,2638.0
Sri Lanka,taxon,Bigeye trevally,1968,2631.1
Sri Lanka,taxon,Bigeye trevally,1969,2620.9
Sri Lanka,taxon,Bigeye trevally,1970,2606.7
Sri Lanka,taxon,Bigeye trevally,1971,2588.4
Sri Lanka,taxon,Bigeye trevally,1972,2566.1
Sri Lanka,taxon,Bigeye trevally,1973,2539.9
Sri Lanka,taxon,Bigeye trevally,1974,2510.3
Sri Lanka,taxon,Bigeye trevally,1975,2477.5
Sri Lanka,taxon,Bigeye trevally,1976,2441.4
Sri Lanka,taxon,Bigeye trevally,1977,2402.1
Sri Lanka,taxon,Bigeye trevally,1978,2358.9
Sri Lanka,taxon,Bigeye trevally,1979,2311.4
Sri Lanka,taxon,Bigeye trevally,1980,2259.2
Sri Lanka,taxon,Bigeye trevally,1981,2230.1
Sri Lanka,taxon,Bigeye trevally,1982,2187.1
Sri Lanka,taxon,Bigeye trevally,1983,2141.1
Sri Lanka,taxon,Bigeye trevally,1984,2093.0
Sri Lanka,taxon,Bigeye trevally,1985,2043.4
Sri Lanka,taxon,Bigeye trevally,1986,1992.5
Sri Lanka,taxon,Bigeye trevally,1987,2021.6
Sri Lanka,taxon,Bigeye trevally,1988,2050.9
Sri Lanka,taxon,Bigeye trevally,1989,2080.1
Sri Lanka,taxon,Bigeye trevally,1990,2108.6
Sri Lanka,taxon,Bigeye trevally,1991,2136.6
Sri Lanka,taxon,Bigeye trevally,1992,2163.9
Sri Lanka,taxon,Bigeye trevally,1993,2190.2
Sri Lanka,taxon,Bigeye trevally,1994,2215.0
Sri Lanka,taxon,Bigeye trevally,1995,2238.1
Sri Lanka,taxon,Bigeye trevally,1996,2259.2
Sri Lanka,taxon,Bigeye trevally,1997,2278.5
Sri Lanka,taxon,Bigeye trevally,1998,2296.2
Sri Lanka,taxon,Bigeye trevally,1999,2312.3
Sri Lanka,taxon,Bigeye trevally,2000,2327.2
Sri Lanka,taxon,Bigeye trevally,2001,2339.7
Sri Lanka,taxon,Bigeye trevally,2002,2357.3
Sri Lanka,taxon,Bigeye trevally,2003,2390.9
Sri Lanka,taxon,Bigeye trevally,2004,2429.1
Sri Lanka,taxon,Bigeye trevally,2005,1297.8
Sri Lanka,taxon,Bigeye trevally,2006,2486.6
Sri Lanka,taxon,Bigeye trevally,2007,2504.8
Sri Lanka,taxon,Bigeye trevally,2008,2523.6
Sri Lanka,taxon,Bigeye trevally,2009,2334.0
Sri Lanka,taxon,Bigeye trevally,2010,1995.1
Sri Lanka,taxon,Bigeye trevally,2011,2241.7
Sri Lanka,taxon,Bigeye trevally,2012,1433.4
Sri Lanka,taxon,Bigeye trevally,2013,1406.4
Sri Lanka,taxon,Bigeye trevally,2014,1135.2
Sri Lanka,taxon,Bigeye trevally,2015,1669.3
Sri Lanka,taxon,Bigeye trevally,2016,1629.6
Sri Lanka,taxon,Bigeye trevally,2017,1355.5
Sri Lanka,taxon,Bigeye trevally,2018,1426.8
Sri Lanka,taxon,Bigeye trevally,2019,1426.8
Sri Lanka,taxon,Bluefin trevally,1950,2543.0
Sri Lanka,taxon,Bluefin trevally,1951,2561.4
Sri Lanka,taxon,Bluefin trevally,1952,2577.3
Sri Lanka,taxon,Bluefin trevally,1953,2596.5
Sri Lanka,taxon,Bluefin trevally,1954,2617.4
Sri Lanka,taxon,Bluefin trevally,1955,2627.5
Sri Lanka,taxon,Bluefin trevally,1956,2635.9
Sri Lanka,taxon,Bluefin trevally,1957,2650.6
Sri Lanka,taxon,Bluefin trevally,1958,2658.8
Sri Lanka,taxon,Bluefin trevally,1959,2668.1
Sri Lanka,taxon,Bluefin trevally,1960,2630.1
Sri Lanka,taxon,Bluefin trevally,1961,2638.5
Sri Lanka,taxon,Bluefin trevally,1962,2643.4
Sri Lanka,taxon,Bluefin trevally,1963,2645.6
Sri Lanka,taxon,Bluefin trevally,1964,2645.9
Sri Lanka,taxon,Bluefin trevally,1965,2644.8
Sri Lanka,taxon,Bluefin trevally,1966,2642.3
Sri Lanka,taxon,Bluefin trevally,1967,2638.0
Sri Lanka,taxon,Bluefin trevally,1968,2631.1
Sri Lanka,taxon,Bluefin trevally,1969,2620.9
Sri Lanka,taxon,Bluefin trevally,1970,2606.7
Sri Lanka,taxon,Bluefin trevally,1971,2588.4
Sri Lanka,taxon,Bluefin trevally,1972,2566.1
Sri Lanka,taxon,Bluefin trevally,1973,2539.9
Sri Lanka,taxon,Bluefin trevally,1974,2510.3
Sri Lanka,taxon,Bluefin trevally,1975,2477.5
Sri Lanka,taxon,Bluefin trevally,1976,2441.4
Sri Lanka,taxon,Bluefin trevally,1977,2402.1
Sri Lanka,taxon,Bluefin trevally,1978,2358.9
Sri Lanka,taxon,Bluefin trevally,1979,2311.4
Sri Lanka,taxon,Bluefin trevally,1980,2259.2
Sri Lanka,taxon,Bluefin trevally,1981,2230.1
Sri Lanka,taxon,Bluefin trevally,1982,2187.1
Sri Lanka,taxon,Bluefin trevally,1983,2141.1
Sri Lanka,taxon,Bluefin trevally,1984,2093.0
Sri Lanka,taxon,Bluefin trevally,1985,2043.4
Sri Lanka,taxon,Bluefin trevally,1986,1992.5
Sri Lanka,taxon,Bluefin trevally,1987,2021.6
Sri Lanka,taxon,Bluefin trevally,1988,2050.9
Sri Lanka,taxon,Bluefin trevally,1989,2080.1
Sri Lanka,taxon,Bluefin trevally,1990,2108.6
Sri Lanka,taxon,Bluefin trevally,1991,2136.6
Sri Lanka,taxon,Bluefin trevally,1992,2163.9
Sri Lanka,taxon,Bluefin trevally,1993,2190.2
Sri Lanka,taxon,Bluefin trevally,1994,2215.0
Sri Lanka,taxon,Bluefin trevally,1995,2238.1
Sri Lanka,taxon,Bluefin trevally,1996,2259.2
Sri Lanka,taxon,Bluefin trevally,1997,2278.5
Sri Lanka,taxon,Bluefin trevally,1998,2296.2
Sri Lanka,taxon,Bluefin trevally,1999,2312.3
Sri Lanka,taxon,Bluefin trevally,2000,2327.2
Sri Lanka,taxon,Bluefin trevally,2001,2339.7
Sri Lanka,taxon,Bluefin trevally,2002,2357.3
Sri Lanka,taxon,Bluefin trevally,2003,2390.9
Sri Lanka,taxon,Bluefin trevally,2004,2429.1
Sri Lanka,taxon,Bluefin trevally,2005,1297.8
Sri Lanka,taxon,Bluefin trevally,2006,2486.6
Sri Lanka,taxon,Bluefin trevally,2007,2504.8
Sri Lanka,taxon,Bluefin trevally,2008,2523.6
Sri Lanka,taxon,Bluefin trevally,2009,2334.0
Sri Lanka,taxon,Bluefin trevally,2010,1995.1
Sri Lanka,taxon,Bluefin trevally,2011,2241.7
Sri Lanka,taxon,Bluefin trevally,2012,1433.4
Sri Lanka,taxon,Bluefin trevally,2013,1406.4
Sri Lanka,taxon,Bluefin trevally,2014,1135.2
Sri Lanka,taxon,Bluefin trevally,2015,1669.3
Sri Lanka,taxon,Bluefin trevally,2016,1629.6
Sri Lanka,taxon,Bluefin trevally,2017,1355.5
Sri Lanka,taxon,Bluefin trevally,2018,1426.8
Sri Lanka,taxon,Bluefin trevally,2019,1426.8
Sri Lanka,taxon,Blue shark,1950,865.5
Sri Lanka,taxon,Blue shark,1951,1415.6
Sri Lanka,taxon,Blue shark,1952,1049.0
Sri Lanka,taxon,Blue shark,1953,682.9
Sri Lanka,taxon,Blue shark,1954,1310.7
Sri Lanka,taxon,Blue shark,1955,1057.0
Sri Lanka,taxon,Blue shark,1956,1268.5
Sri Lanka,taxon,Blue shark,1957,1649.0
Sri Lanka,taxon,Blue shark,1958,1818.1
Sri Lanka,taxon,Blue shark,1959,1818.1
Sri Lanka,taxon,Blue shark,1960,2114.1
Sri Lanka,taxon,Blue shark,1961,2114.1
Sri Lanka,taxon,Blue shark,1962,3382.6
Sri Lanka,taxon,Blue shark,1963,3382.6
Sri Lanka,taxon,Blue shark,1964,3805.4
Sri Lanka,taxon,Blue shark,1965,3382.6
Sri Lanka,taxon,Blue shark,1966,3382.6
Sri Lanka,taxon,Blue shark,1967,4064.8
Sri Lanka,taxon,Blue shark,1968,4089.0
Sri Lanka,taxon,Blue shark,1969,4535.4
Sri Lanka,taxon,Blue shark,1970,3985.6
Sri Lanka,taxon,Blue shark,1971,3139.0
Sri Lanka,taxon,Blue shark,1972,4014.4
Sri Lanka,taxon,Blue shark,1973,5670.7
Sri Lanka,taxon,Blue shark,1974,4998.3
Sri Lanka,taxon,Blue shark,1975,4149.4
Sri Lanka,taxon,Blue shark,1976,4948.7
Sri Lanka,taxon,Blue shark,1977,3595.5
Sri Lanka,taxon,Blue shark,1978,3980.2
Sri Lanka,taxon,Blue shark,1979,4062.7
Sri Lanka,taxon,Blue shark,1980,4487.5
Sri Lanka,taxon,Blue shark,1981,6193.4
Sri Lanka,taxon,Blue shark,1982,4203.5
Sri Lanka,taxon,Blue shark,1983,3164.7
Sri Lanka,taxon,Blue shark,1984,3388.7
Sri Lanka,taxon,Blue shark,1985,2178.8
Sri Lanka,taxon,Blue shark,1986,2096.5
Sri Lanka,taxon,Blue shark,1987,1821.5
Sri Lanka,taxon,Blue shark,1988,1658.3
Sri Lanka,taxon,Blue shark,1989,2487.4
Sri Lanka,taxon,Blue shark,1990,1525.6
Sri Lanka,taxon,Blue shark,1991,1810.9
Sri Lanka,taxon,Blue shark,1992,1642.3
Sri Lanka,taxon,Blue shark,1993,2658.8
Sri Lanka,taxon,Blue shark,1994,2764.3
Sri Lanka,taxon,Blue shark,1995,2075.6
Sri Lanka,taxon,Blue shark,1996,2062.2
Sri Lanka,taxon,Blue shark,1997,1304.0
Sri Lanka,taxon,Blue shark,1998,1715.8
Sri Lanka,taxon,Blue shark,1999,1392.8
Sri Lanka,taxon,Blue shark,2000,1152.8
Sri Lanka,taxon,Blue shark,2001,1514.5
Sri Lanka,taxon,Blue shark,2002,2091.0
Sri Lanka,taxon,Blue shark,2003,1059.3
Sri Lanka,taxon,Blue shark,2004,1411.4
Sri Lanka,taxon,Blue shark,2005,505.5
Sri Lanka,taxon,Blue shark,2006,538.0
Sri Lanka,taxon,Blue shark,2007,246.7
Sri Lanka,taxon,Blue shark,2008,254.7
Sri Lanka,taxon,Blue shark,2009,396.9
Sri Lanka,taxon,Blue shark,2010,417.5
Sri Lanka,taxon,Blue shark,2011,143.7
Sri Lanka,taxon,Blue shark,2012,231.7
Sri Lanka,taxon,Blue shark,2013,244.2
Sri Lanka,taxon,Blue shark,2014,319.4
Sri Lanka,taxon,Blue shark,2015,285.2
Sri Lanka,taxon,Blue shark,2016,437.4
Sri Lanka,taxon,Blue shark,2017,602.8
Sri Lanka,taxon,Blue shark,2018,591.7
Sri Lanka,taxon,Blue shark,2019,794.5
Sri Lanka,taxon,Mako sharks,1950,686.9
Sri Lanka,taxon,Mako sharks,1951,1123.5
Sri Lanka,taxon,Mako sharks,1952,832.5
Sri Lanka,taxon,Mako sharks,1953,541.9
Sri Lanka,taxon,Mako sharks,1954,1040.3
Sri Lanka,taxon,Mako sharks,1955,838.9
Sri Lanka,taxon,Mako sharks,1956,1006.7
Sri Lanka,taxon,Mako sharks,1957,1308.7
Sri Lanka,taxon,Mako sharks,1958,1443.0
Sri Lanka,taxon,Mako sharks,1959,1443.0
Sri Lanka,taxon,Mako sharks,1960,1677.9
Sri Lanka,taxon,Mako sharks,1961,1677.9
Sri Lanka,taxon,Mako sharks,1962,2684.6
Sri Lanka,taxon,Mako sharks,1963,2684.6
Sri Lanka,taxon,Mako sharks,1964,3020.1
Sri Lanka,taxon,Mako sharks,1965,2684.6
Sri Lanka,taxon,Mako sharks,1966,2684.6
Sri Lanka,taxon,Mako sharks,1967,3221.5
Sri Lanka,taxon,Mako sharks,1968,3233.6
Sri Lanka,taxon,Mako sharks,1969,3579.2
Sri Lanka,taxon,Mako sharks,1970,3154.4
Sri Lanka,taxon,Mako sharks,1971,2483.2
Sri Lanka,taxon,Mako sharks,1972,3174.2
Sri Lanka,taxon,Mako sharks,1973,4496.6
Sri Lanka,taxon,Mako sharks,1974,3959.7
Sri Lanka,taxon,Mako sharks,1975,3288.6
Sri Lanka,taxon,Mako sharks,1976,3926.2
Sri Lanka,taxon,Mako sharks,1977,2852.3
Sri Lanka,taxon,Mako sharks,1978,3154.4
Sri Lanka,taxon,Mako sharks,1979,3221.5
Sri Lanka,taxon,Mako sharks,1980,3557.0
Sri Lanka,taxon,Mako sharks,1981,4915.4
Sri Lanka,taxon,Mako sharks,1982,3336.1
Sri Lanka,taxon,Mako sharks,1983,2511.7
Sri Lanka,taxon,Mako sharks,1984,2689.4
Sri Lanka,taxon,Mako sharks,1985,1729.2
Sri Lanka,taxon,Mako sharks,1986,1663.9
Sri Lanka,taxon,Mako sharks,1987,1445.6
Sri Lanka,taxon,Mako sharks,1988,1316.1
Sri Lanka,taxon,Mako sharks,1989,1974.2
Sri Lanka,taxon,Mako sharks,1990,1116.2
Sri Lanka,taxon,Mako sharks,1991,1314.7
Sri Lanka,taxon,Mako sharks,1992,1124.9
Sri Lanka,taxon,Mako sharks,1993,1842.7
Sri Lanka,taxon,Mako sharks,1994,1763.1
Sri Lanka,taxon,Mako sharks,1995,1193.9
Sri Lanka,taxon,Mako sharks,1996,1242.0
Sri Lanka,taxon,Mako sharks,1997,428.5
Sri Lanka,taxon,Mako sharks,1998,855.1
Sri Lanka,taxon,Mako sharks,1999,380.9
Sri Lanka,taxon,Mako sharks,2000,332.0
Sri Lanka,taxon,Mako sharks,2001,876.7
Sri Lanka,taxon,Mako sharks,2002,1460.1
Sri Lanka,taxon,Mako sharks,2003,543.9
Sri Lanka,taxon,Mako sharks,2004,970.5
Sri Lanka,taxon,Mako sharks,2005,342.1
Sri Lanka,taxon,Mako sharks,2006,382.8
Sri Lanka,taxon,Mako sharks,2007,165.2
Sri Lanka,taxon,Mako sharks,2008,175.6
Sri Lanka,taxon,Mako sharks,2009,287.0
Sri Lanka,taxon,Mako sharks,2010,255.4
Sri Lanka,taxon,Mako sharks,2011,111.5
Sri Lanka,taxon,Mako sharks,2012,183.9
Sri Lanka,taxon,Mako sharks,2013,193.8
Sri Lanka,taxon,Mako sharks,2014,251.3
Sri Lanka,taxon,Mako sharks,2015,225.8
Sri Lanka,taxon,Mako sharks,2016,332.0
Sri Lanka,taxon,Mako sharks,2017,238.2
Sri Lanka,taxon,Mako sharks,2018,35.3
Sri Lanka,taxon,Mako sharks,2019,219.3
Sri Lanka,taxon,"Marine crabs, shrimps, lobsters nei",1950,50.0
Sri Lanka,taxon,"Marine crabs, shrimps, lobsters nei",1951,50.0
Sri Lanka,taxon,"Marine crabs, shrimps, lobsters nei",1952,60.0
Sri Lanka,taxon,"Marine crabs, shrimps, lobsters nei",1953,70.0
Sri Lanka,taxon,"Marine crabs, shrimps, lobsters nei",1954,120.0
Sri Lanka,taxon,"Marine crabs, shrimps, lobsters nei",1955,100.0
Sri Lanka,taxon,"Marine crabs, shrimps, lobsters nei",1956,150.0
Sri Lanka,taxon,"Marine crabs, shrimps, lobsters nei",1957,130.0
Sri Lanka,taxon,"Marine crabs, shrimps, lobsters nei",1958,210.0
Sri Lanka,taxon,"Marine crabs, shrimps, lobsters nei",1959,190.0
Sri Lanka,taxon,"Marine crabs, shrimps, lobsters nei",1960,200.0
Sri Lanka,taxon,"Marine crabs, shrimps, lobsters nei",1961,180.0
Sri Lanka,taxon,"Marine crabs, shrimps, lobsters nei",1962,300.0
Sri Lanka,taxon,"Marine crabs, shrimps, lobsters nei",1963,240.0
Sri Lanka,taxon,"Marine crabs, shrimps, lobsters nei",1964,490.0
Sri Lanka,taxon,"Marine crabs, shrimps, lobsters nei",1965,270.0
Sri Lanka,taxon,"Marine crabs, shrimps, lobsters nei",1966,320.0
Sri Lanka,taxon,"Marine crabs, shrimps, lobsters nei",1967,350.0
Sri Lanka,taxon,"Marine crabs, shrimps, lobsters nei",1968,260.0
Sri Lanka,taxon,"Marine crabs, shrimps, lobsters nei",1969,400.0
Sri Lanka,taxon,"Marine crabs, shrimps, lobsters nei",1970,350.0
Sri Lanka,taxon,"Marine crabs, shrimps, lobsters nei",1971,371.3
Sri Lanka,taxon,"Marine crabs, shrimps, lobsters nei",1972,370.0
Sri Lanka,taxon,"Marine crabs, shrimps, lobsters nei",1973,330.0
Sri Lanka,taxon,"Marine crabs, shrimps, lobsters nei",1974,530.0
Sri Lanka,taxon,"Marine crabs, shrimps, lobsters nei",1975,619.2
Sri Lanka,taxon,"Marine crabs, shrimps, lobsters nei",1976,714.9
Sri Lanka,taxon,"Marine crabs, shrimps, lobsters nei",1977,609.0
Sri Lanka,taxon,"Marine crabs, shrimps, lobsters nei",1978,726.9
Sri Lanka,taxon,"Marine crabs, shrimps, lobsters nei",1979,548.6
Sri Lanka,taxon,"Marine crabs, shrimps, lobsters nei",1980,495.0
Sri Lanka,taxon,"Marine crabs, shrimps, lobsters nei",1981,718.0
Sri Lanka,taxon,"Marine crabs, shrimps, lobsters nei",1982,998.9
Sri Lanka,taxon,"Marine crabs, shrimps, lobsters nei",1983,768.2
Sri Lanka,taxon,"Marine crabs, shrimps, lobsters nei",1984,746.3
Sri Lanka,taxon,"Marine crabs, shrimps, lobsters nei",1985,478.4
Sri Lanka,taxon,"Marine crabs, shrimps, lobsters nei",1986,491.9
Sri Lanka,taxon,"Marine crabs, shrimps, lobsters nei",1987,509.0
Sri Lanka,taxon,"Marine crabs, shrimps, lobsters nei",1988,528.9
Sri Lanka,taxon,"Marine crabs, shrimps, lobsters nei",1989,536.7
Sri Lanka,taxon,"Marine crabs, shrimps, lobsters nei",1990,509.8
Sri Lanka,taxon,"Marine crabs, shrimps, lobsters nei",1991,596.5
Sri Lanka,taxon,"Marine crabs, shrimps, lobsters nei",1992,778.3
Sri Lanka,taxon,"Marine crabs, shrimps, lobsters nei",1993,759.9
Sri Lanka,taxon,"Marine crabs, shrimps, lobsters nei",1994,4900.0
Sri Lanka,taxon,"Marine crabs, shrimps, lobsters nei",1995,1800.0
Sri Lanka,taxon,"Marine crabs, shrimps, lobsters nei",1996,2502.0
Sri Lanka,taxon,"Marine crabs, shrimps, lobsters nei",1997,2360.0
Sri Lanka,taxon,"Marine crabs, shrimps, lobsters nei",1998,880.0
Sri Lanka,taxon,"Marine crabs, shrimps, lobsters nei",1999,3080.0
Sri Lanka,taxon,"Marine crabs, shrimps, lobsters nei",2000,230.0
Sri Lanka,taxon,"Marine crabs, shrimps, lobsters nei",2001,4450.0
Sri Lanka,taxon,"Marine crabs, shrimps, lobsters nei",2002,7530.0
Sri Lanka,taxon,"Marine crabs, shrimps, lobsters nei",2003,930.0
Sri Lanka,taxon,"Marine crabs, shrimps, lobsters nei",2004,3000.0
Sri Lanka,taxon,"Marine crabs, shrimps, lobsters nei",2005,2310.0
Sri Lanka,taxon,"Marine crabs, shrimps, lobsters nei",2006,1220.0
Sri Lanka,taxon,"Marine crabs, shrimps, lobsters nei",2007,2490.0
Sri Lanka,taxon,"Marine crabs, shrimps, lobsters nei",2008,1620.0
Sri Lanka,taxon,"Marine crabs, shrimps, lobsters nei",2009,1815.3
Sri Lanka,taxon,"Marine crabs, shrimps, lobsters nei",2010,2181.1
Sri Lanka,taxon,"Marine crabs, shrimps, lobsters nei",2011,1665.4
Sri Lanka,taxon,"Marine crabs, shrimps, lobsters nei",2012,2016.1
Sri Lanka,taxon,"Marine crabs, shrimps, lobsters nei",2013,2549.6
Sri Lanka,taxon,"Marine crabs, shrimps, lobsters nei",2014,4382.8
Sri Lanka,taxon,"Marine crabs, shrimps, lobsters nei",2015,4179.3
Sri Lanka,taxon,"Marine crabs, shrimps, lobsters nei",2016,5124.0
Sri Lanka,taxon,"Marine crabs, shrimps, lobsters nei",2017,4080.3
Sri Lanka,taxon,"Marine crabs, shrimps, lobsters nei",2018,4176.5
Sri Lanka,taxon,"Marine crabs, shrimps, lobsters nei",2019,4263.2
Sri Lanka,taxon,Indian oil sardine,1974,0.6
Sri Lanka,taxon,Indian oil sardine,1975,0.3
Sri Lanka,taxon,Indian oil sardine,1976,0.3
Sri Lanka,taxon,Indian oil sardine,1977,2.9
Sri Lanka,taxon,Indian oil sardine,1978,0.2
Sri Lanka,taxon,Indian oil sardine,1979,6.2
Sri Lanka,taxon,Indian oil sardine,1980,2.3
Sri Lanka,taxon,Indian oil sardine,1981,1.6
Sri Lanka,taxon,Indian oil sardine,1982,9.9
Sri Lanka,taxon,Indian oil sardine,1983,14.8
Sri Lanka,taxon,Indian oil sardine,1984,29.7
Sri Lanka,taxon,Indian oil sardine,1985,56.5
Sri Lanka,taxon,Indian oil sardine,1986,121.2
Sri Lanka,taxon,Indian oil sardine,1987,25.0
Sri Lanka,taxon,Indian oil sardine,1988,55.2
Sri Lanka,taxon,Indian oil sardine,1989,349.3
Sri Lanka,taxon,Indian oil sardine,1990,669.8
Sri Lanka,taxon,Indian oil sardine,1991,623.7
Sri Lanka,taxon,Indian oil sardine,1992,739.5
Sri Lanka,taxon,Indian oil sardine,1993,806.1
Sri Lanka,taxon,Indian oil sardine,1994,931.2
Sri Lanka,taxon,Indian oil sardine,1995,835.4
Sri Lanka,taxon,Indian oil sardine,1996,1649.7
Sri Lanka,taxon,Indian oil sardine,1997,2733.8
Sri Lanka,taxon,Indian oil sardine,1998,2684.2
Sri Lanka,taxon,Indian oil sardine,1999,1824.0
Sri Lanka,taxon,Indian oil sardine,2000,2089.2
Sri Lanka,taxon,Indian oil sardine,2001,1598.7
Sri Lanka,taxon,Indian oil sardine,2002,983.5
Sri Lanka,taxon,Indian oil sardine,2003,1646.8
Sri Lanka,taxon,Indian oil sardine,2004,2035.1
Sri Lanka,taxon,Indian oil sardine,2005,1821.6
Sri Lanka,taxon,Indian oil sardine,2006,2489.2
Sri Lanka,taxon,Indian oil sardine,2007,3614.0
Sri Lanka,taxon,Indian oil sardine,2008,3488.7
Sri Lanka,taxon,Indian oil sardine,2009,4484.5
Sri Lanka,taxon,Indian oil sardine,2010,4800.8
Sri Lanka,taxon,Indian oil sardine,2011,6738.3
Sri Lanka,taxon,Indian oil sardine,2012,7745.6
Sri Lanka,taxon,Indian oil sardine,2013,6650.3
Sri Lanka,taxon,Indian oil sardine,2014,2805.5
Sri Lanka,taxon,Indian oil sardine,2015,4100.2
Sri Lanka,taxon,Indian oil sardine,2016,3403.4
Sri Lanka,taxon,Indian oil sardine,2017,1881.3
Sri Lanka,taxon,Indian oil sardine,2018,1089.4
Sri Lanka,taxon,Indian oil sardine,2019,3133.5
Sri Lanka,taxon,Swimming crabs,1950,1271.5
Sri Lanka,taxon,Swimming crabs,1951,1280.7
Sri Lanka,taxon,Swimming crabs,1952,1288.7
Sri Lanka,taxon,Swimming crabs,1953,1298.3
Sri Lanka,taxon,Swimming crabs,1954,1308.7
Sri Lanka,taxon,Swimming crabs,1955,1313.7
Sri Lanka,taxon,Swimming crabs,1956,1318.0
Sri Lanka,taxon,Swimming crabs,1957,1325.3
Sri Lanka,taxon,Swimming crabs,1958,1329.4
Sri Lanka,taxon,Swimming crabs,1959,1334.1
Sri Lanka,taxon,Swimming crabs,1960,1315.1
Sri Lanka,taxon,Swimming crabs,1961,1319.2
Sri Lanka,taxon,Swimming crabs,1962,1321.7
Sri Lanka,taxon,Swimming crabs,1963,1322.8
Sri Lanka,taxon,Swimming crabs,1964,1323.0
Sri Lanka,taxon,Swimming crabs,1965,1322.4
Sri Lanka,taxon,Swimming crabs,1966,1321.2
Sri Lanka,taxon,Swimming crabs,1967,1319.0
Sri Lanka,taxon,Swimming crabs,1968,1315.6
Sri Lanka,taxon,Swimming crabs,1969,1310.5
Sri Lanka,taxon,Swimming crabs,1970,1303.4
Sri Lanka,taxon,Swimming crabs,1971,1294.2
Sri Lanka,taxon,Swimming crabs,1972,1283.0
Sri Lanka,taxon,Swimming crabs,1973,1270.0
Sri Lanka,taxon,Swimming crabs,1974,1255.2
Sri Lanka,taxon,Swimming crabs,1975,1238.7
Sri Lanka,taxon,Swimming crabs,1976,1220.7
Sri Lanka,taxon,Swimming crabs,1977,1201.0
Sri Lanka,taxon,Swimming crabs,1978,1179.5
Sri Lanka,taxon,Swimming crabs,1979,1155.7
Sri Lanka,taxon,Swimming crabs,1980,1129.6
Sri Lanka,taxon,Swimming crabs,1981,1115.1
Sri Lanka,taxon,Swimming crabs,1982,1093.5
Sri Lanka,taxon,Swimming crabs,1983,1070.5
Sri Lanka,taxon,Swimming crabs,1984,1046.5
Sri Lanka,taxon,Swimming crabs,1985,1021.7
Sri Lanka,taxon,Swimming crabs,1986,996.2
Sri Lanka,taxon,Swimming crabs,1987,1010.8
Sri Lanka,taxon,Swimming crabs,1988,1025.5
Sri Lanka,taxon,Swimming crabs,1989,1040.0
Sri Lanka,taxon,Swimming crabs,1990,1054.3
Sri Lanka,taxon,Swimming crabs,1991,1068.3
Sri Lanka,taxon,Swimming crabs,1992,1082.0
Sri Lanka,taxon,Swimming crabs,1993,1095.1
Sri Lanka,taxon,Swimming crabs,1994,1107.5
Sri Lanka,taxon,Swimming crabs,1995,1119.0
Sri Lanka,taxon,Swimming crabs,1996,1129.6
Sri Lanka,taxon,Swimming crabs,1997,1139.3
Sri Lanka,taxon,Swimming crabs,1998,1148.1
Sri Lanka,taxon,Swimming crabs,1999,1156.2
Sri Lanka,taxon,Swimming crabs,2000,1163.6
Sri Lanka,taxon,Swimming crabs,2001,1169.8
Sri Lanka,taxon,Swimming crabs,2002,1178.6
Sri Lanka,taxon,Swimming crabs,2003,1195.4
Sri Lanka,taxon,Swimming crabs,2004,1214.6
Sri Lanka,taxon,Swimming crabs,2005,648.9
Sri Lanka,taxon,Swimming crabs,2006,1243.3
Sri Lanka,taxon,Swimming crabs,2007,1252.4
Sri Lanka,taxon,Swimming crabs,2008,1261.8
Sri Lanka,taxon,Swimming crabs,2009,1167.0
Sri Lanka,taxon,Swimming crabs,2010,997.6
Sri Lanka,taxon,Swimming crabs,2011,1120.8
Sri Lanka,taxon,Swimming crabs,2012,716.7
Sri Lanka,taxon,Swimming crabs,2013,703.2
Sri Lanka,taxon,Swimming crabs,2014,567.6
Sri Lanka,taxon,Swimming crabs,2015,834.7
Sri Lanka,taxon,Swimming crabs,2016,814.8
Sri Lanka,taxon,Swimming crabs,2017,677.7
Sri Lanka,taxon,Swimming crabs,2018,713.4
Sri Lanka,taxon,Swimming crabs,2019,713.4
Sri Lanka,taxon,Swimmer crabs,1950,1271.5
Sri Lanka,taxon,Swimmer crabs,1951,1280.7
Sri Lanka,taxon,Swimmer crabs,1952,1288.7
Sri Lanka,taxon,Swimmer crabs,1953,1298.3
Sri Lanka,taxon,Swimmer crabs,1954,1308.7
Sri Lanka,taxon,Swimmer crabs,1955,1313.7
Sri Lanka,taxon,Swimmer crabs,1956,1318.0
Sri Lanka,taxon,Swimmer crabs,1957,1325.3
Sri Lanka,taxon,Swimmer crabs,1958,1329.4
Sri Lanka,taxon,Swimmer crabs,1959,1334.1
Sri Lanka,taxon,Swimmer crabs,1960,1315.1
Sri Lanka,taxon,Swimmer crabs,1961,1319.2
Sri Lanka,taxon,Swimmer crabs,1962,1321.7
Sri Lanka,taxon,Swimmer crabs,1963,1322.8
Sri Lanka,taxon,Swimmer crabs,1964,1323.0
Sri Lanka,taxon,Swimmer crabs,1965,1322.4
Sri Lanka,taxon,Swimmer crabs,1966,1321.2
Sri Lanka,taxon,Swimmer crabs,1967,1319.0
Sri Lanka,taxon,Swimmer crabs,1968,1315.6
Sri Lanka,taxon,Swimmer crabs,1969,1310.5
Sri Lanka,taxon,Swimmer crabs,1970,1303.4
Sri Lanka,taxon,Swimmer crabs,1971,1294.2
Sri Lanka,taxon,Swimmer crabs,1972,1283.0
Sri Lanka,taxon,Swimmer crabs,1973,1270.0
Sri Lanka,taxon,Swimmer crabs,1974,1255.2
Sri Lanka,taxon,Swimmer crabs,1975,1238.7
Sri Lanka,taxon,Swimmer crabs,1976,1220.7
Sri Lanka,taxon,Swimmer crabs,1977,1201.0
Sri Lanka,taxon,Swimmer crabs,1978,1179.5
Sri Lanka,taxon,Swimmer crabs,1979,1155.7
Sri Lanka,taxon,Swimmer crabs,1980,1129.6
Sri Lanka,taxon,Swimmer crabs,1981,1115.1
Sri Lanka,taxon,Swimmer crabs,1982,1093.5
Sri Lanka,taxon,Swimmer crabs,1983,1070.5
Sri Lanka,taxon,Swimmer crabs,1984,1046.5
Sri Lanka,taxon,Swimmer crabs,1985,1021.7
Sri Lanka,taxon,Swimmer crabs,1986,996.2
Sri Lanka,taxon,Swimmer crabs,1987,1010.8
Sri Lanka,taxon,Swimmer crabs,1988,1025.5
Sri Lanka,taxon,Swimmer crabs,1989,1040.0
Sri Lanka,taxon,Swimmer crabs,1990,1054.3
Sri Lanka,taxon,Swimmer crabs,1991,1068.3
Sri Lanka,taxon,Swimmer crabs,1992,1082.0
Sri Lanka,taxon,Swimmer crabs,1993,1095.1
Sri Lanka,taxon,Swimmer crabs,1994,1107.5
Sri Lanka,taxon,Swimmer crabs,1995,1119.0
Sri Lanka,taxon,Swimmer crabs,1996,1129.6
Sri Lanka,taxon,Swimmer crabs,1997,1139.3
Sri Lanka,taxon,Swimmer crabs,1998,1148.1
Sri Lanka,taxon,Swimmer crabs,1999,1156.2
Sri Lanka,taxon,Swimmer crabs,2000,1163.6
Sri Lanka,taxon,Swimmer crabs,2001,1169.8
Sri Lanka,taxon,Swimmer crabs,2002,1178.6
Sri Lanka,taxon,Swimmer crabs,2003,1195.4
Sri Lanka,taxon,Swimmer crabs,2004,1214.6
Sri Lanka,taxon,Swimmer crabs,2005,648.9
Sri Lanka,taxon,Swimmer crabs,2006,1243.3
Sri Lanka,taxon,Swimmer crabs,2007,1252.4
Sri Lanka,taxon,Swimmer crabs,2008,1261.8
Sri Lanka,taxon,Swimmer crabs,2009,1167.0
Sri Lanka,taxon,Swimmer crabs,2010,997.6
Sri Lanka,taxon,Swimmer crabs,2011,1120.8
Sri Lanka,taxon,Swimmer crabs,2012,716.7
Sri Lanka,taxon,Swimmer crabs,2013,703.2
Sri Lanka,taxon,Swimmer crabs,2014,567.6
Sri Lanka,taxon,Swimmer crabs,2015,834.7
Sri Lanka,taxon,Swimmer crabs,2016,814.8
Sri Lanka,taxon,Swimmer crabs,2017,677.7
Sri Lanka,taxon,Swimmer crabs,2018,713.4
Sri Lanka,taxon,Swimmer crabs,2019,713.4
Sri Lanka,taxon,Bullet and frigate tunas,1950,11.0
Sri Lanka,taxon,Bullet and frigate tunas,1951,15.0
Sri Lanka,taxon,Bullet and frigate tunas,1952,11.0
Sri Lanka,taxon,Bullet and frigate tunas,1953,9.0
Sri Lanka,taxon,Bullet and frigate tunas,1954,8.0
Sri Lanka,taxon,Bullet and frigate tunas,1955,7.0
Sri Lanka,taxon,Bullet and frigate tunas,1956,9.0
Sri Lanka,taxon,Bullet and frigate tunas,1957,10.0
Sri Lanka,taxon,Bullet and frigate tunas,1958,11.0
Sri Lanka,taxon,Bullet and frigate tunas,1959,11.0
Sri Lanka,taxon,Bullet and frigate tunas,1960,15.0
Sri Lanka,taxon,Bullet and frigate tunas,1961,19.0
Sri Lanka,taxon,Bullet and frigate tunas,1962,28.0
Sri Lanka,taxon,Bullet and frigate tunas,1963,37.0
Sri Lanka,taxon,Bullet and frigate tunas,1964,37.0
Sri Lanka,taxon,Bullet and frigate tunas,1965,35.0
Sri Lanka,taxon,Bullet and frigate tunas,1966,1202.0
Sri Lanka,taxon,Bullet and frigate tunas,1967,1324.0
Sri Lanka,taxon,Bullet and frigate tunas,1968,1499.0
Sri Lanka,taxon,Bullet and frigate tunas,1969,1675.0
Sri Lanka,taxon,Bullet and frigate tunas,1970,1316.0
Sri Lanka,taxon,Bullet and frigate tunas,1971,957.0
Sri Lanka,taxon,Bullet and frigate tunas,1972,1581.0
Sri Lanka,taxon,Bullet and frigate tunas,1973,1921.0
Sri Lanka,taxon,Bullet and frigate tunas,1974,1685.0
Sri Lanka,taxon,Bullet and frigate tunas,1975,1336.0
Sri Lanka,taxon,Bullet and frigate tunas,1976,2436.0
Sri Lanka,taxon,Bullet and frigate tunas,1977,2347.0
Sri Lanka,taxon,Bullet and frigate tunas,1978,2630.0
Sri Lanka,taxon,Bullet and frigate tunas,1979,2383.0
Sri Lanka,taxon,Bullet and frigate tunas,1980,2803.0
Sri Lanka,taxon,Bullet and frigate tunas,1981,2956.6
Sri Lanka,taxon,Bullet and frigate tunas,1982,3534.2
Sri Lanka,taxon,Bullet and frigate tunas,1983,2926.6
Sri Lanka,taxon,Bullet and frigate tunas,1984,1986.6
Sri Lanka,taxon,Bullet and frigate tunas,1985,1866.7
Sri Lanka,taxon,Bullet and frigate tunas,1986,1469.2
Sri Lanka,taxon,Bullet and frigate tunas,1987,1226.2
Sri Lanka,taxon,Bullet and frigate tunas,1988,965.4
Sri Lanka,taxon,Bullet and frigate tunas,1989,719.5
Sri Lanka,taxon,Bullet and frigate tunas,1990,420.2
Sri Lanka,taxon,Bullet and frigate tunas,1991,460.6
Sri Lanka,taxon,Bullet and frigate tunas,1992,525.9
Sri Lanka,taxon,Bullet and frigate tunas,1993,648.9
Sri Lanka,taxon,Bullet and frigate tunas,1994,783.3
Sri Lanka,taxon,Bullet and frigate tunas,1995,887.2
Sri Lanka,taxon,Bullet and frigate tunas,1996,1025.2
Sri Lanka,taxon,Bullet and frigate tunas,1997,1318.7
Sri Lanka,taxon,Bullet and frigate tunas,1998,1296.7
Sri Lanka,taxon,Bullet and frigate tunas,1999,1010.5
Sri Lanka,taxon,Bullet and frigate tunas,2000,823.5
Sri Lanka,taxon,Bullet and frigate tunas,2001,720.9
Sri Lanka,taxon,Bullet and frigate tunas,2002,1053.9
Sri Lanka,taxon,Bullet and frigate tunas,2003,1153.1
Sri Lanka,taxon,Bullet and frigate tunas,2004,1167.8
Sri Lanka,taxon,Bullet and frigate tunas,2005,860.6
Sri Lanka,taxon,Bullet and frigate tunas,2006,879.6
Sri Lanka,taxon,Bullet and frigate tunas,2007,878.4
Sri Lanka,taxon,Bullet and frigate tunas,2008,860.7
Sri Lanka,taxon,Bullet and frigate tunas,2009,1462.9
Sri Lanka,taxon,Bullet and frigate tunas,2010,2289.0
Sri Lanka,taxon,Bullet and frigate tunas,2018,0.4
Sri Lanka,taxon,Thresher sharks,1950,261.0
Sri Lanka,taxon,Thresher sharks,1951,426.9
Sri Lanka,taxon,Thresher sharks,1952,316.4
Sri Lanka,taxon,Thresher sharks,1953,205.9
Sri Lanka,taxon,Thresher sharks,1954,395.3
Sri Lanka,taxon,Thresher sharks,1955,318.8
Sri Lanka,taxon,Thresher sharks,1956,382.6
Sri Lanka,taxon,Thresher sharks,1957,497.3
Sri Lanka,taxon,Thresher sharks,1958,548.3
Sri Lanka,taxon,Thresher sharks,1959,548.3
Sri Lanka,taxon,Thresher sharks,1960,637.6
Sri Lanka,taxon,Thresher sharks,1961,637.6
Sri Lanka,taxon,Thresher sharks,1962,1020.1
Sri Lanka,taxon,Thresher sharks,1963,1020.1
Sri Lanka,taxon,Thresher sharks,1964,1147.7
Sri Lanka,taxon,Thresher sharks,1965,1020.1
Sri Lanka,taxon,Thresher sharks,1966,1020.1
Sri Lanka,taxon,Thresher sharks,1967,1224.2
Sri Lanka,taxon,Thresher sharks,1968,1228.8
Sri Lanka,taxon,Thresher sharks,1969,1360.1
Sri Lanka,taxon,Thresher sharks,1970,1198.7
Sri Lanka,taxon,Thresher sharks,1971,943.6
Sri Lanka,taxon,Thresher sharks,1972,1206.2
Sri Lanka,taxon,Thresher sharks,1973,1708.7
Sri Lanka,taxon,Thresher sharks,1974,1504.7
Sri Lanka,taxon,Thresher sharks,1975,1249.7
Sri Lanka,taxon,Thresher sharks,1976,1491.9
Sri Lanka,taxon,Thresher sharks,1977,1083.9
Sri Lanka,taxon,Thresher sharks,1978,1198.7
Sri Lanka,taxon,Thresher sharks,1979,1224.2
Sri Lanka,taxon,Thresher sharks,1980,1351.7
Sri Lanka,taxon,Thresher sharks,1981,2027.5
Sri Lanka,taxon,Thresher sharks,1982,1504.7
Sri Lanka,taxon,Thresher sharks,1983,1249.7
Sri Lanka,taxon,Thresher sharks,1984,1491.9
Sri Lanka,taxon,Thresher sharks,1985,1083.9
Sri Lanka,taxon,Thresher sharks,1986,1198.7
Sri Lanka,taxon,Thresher sharks,1987,1224.2
Sri Lanka,taxon,Thresher sharks,1988,1351.7
Sri Lanka,taxon,Thresher sharks,1989,2027.5
Sri Lanka,taxon,Thresher sharks,1990,1146.4
Sri Lanka,taxon,Thresher sharks,1991,1350.3
Sri Lanka,taxon,Thresher sharks,1992,1155.3
Sri Lanka,taxon,Thresher sharks,1993,1892.5
Sri Lanka,taxon,Thresher sharks,1994,1810.7
Sri Lanka,taxon,Thresher sharks,1995,1226.2
Sri Lanka,taxon,Thresher sharks,1996,1322.3
Sri Lanka,taxon,Thresher sharks,1997,473.6
Sri Lanka,taxon,Thresher sharks,1998,982.4
Sri Lanka,taxon,Thresher sharks,1999,455.6
Sri Lanka,taxon,Thresher sharks,2000,414.2
Sri Lanka,taxon,Thresher sharks,2001,1142.7
Sri Lanka,taxon,Thresher sharks,2002,1992.6
Sri Lanka,taxon,Thresher sharks,2003,778.9
Sri Lanka,taxon,Thresher sharks,2004,1461.8
Sri Lanka,taxon,Thresher sharks,2005,543.5
Sri Lanka,taxon,Thresher sharks,2006,643.2
Sri Lanka,taxon,Thresher sharks,2007,294.7
Sri Lanka,taxon,Thresher sharks,2008,333.6
Sri Lanka,taxon,Thresher sharks,2009,109.1
Sri Lanka,taxon,Thresher sharks,2010,97.0
Sri Lanka,taxon,Thresher sharks,2011,42.3
Sri Lanka,taxon,Thresher sharks,2012,69.9
Sri Lanka,taxon,Thresher sharks,2013,73.6
Sri Lanka,taxon,Thresher sharks,2014,95.5
Sri Lanka,taxon,Thresher sharks,2015,85.8
Sri Lanka,taxon,Thresher sharks,2016,126.2
Sri Lanka,taxon,Thresher sharks,2017,86.3
Sri Lanka,taxon,Thresher sharks,2018,0.0
Sri Lanka,taxon,Thresher sharks,2019,78.5
Sri Lanka,taxon,Silky shark,1990,1021.6
Sri Lanka,taxon,Silky shark,1991,1320.5
Sri Lanka,taxon,Silky shark,1992,1926.2
Sri Lanka,taxon,Silky shark,1993,2889.3
Sri Lanka,taxon,Silky shark,1994,4649.4
Sri Lanka,taxon,Silky shark,1995,4892.9
Sri Lanka,taxon,Silky shark,1996,4257.4
Sri Lanka,taxon,Silky shark,1997,6543.4
Sri Lanka,taxon,Silky shark,1998,5467.0
Sri Lanka,taxon,Silky shark,1999,7816.8
Sri Lanka,taxon,Silky shark,2000,6290.6
Sri Lanka,taxon,Silky shark,2001,3510.4
Sri Lanka,taxon,Silky shark,2002,2149.4
Sri Lanka,taxon,Silky shark,2003,3202.7
Sri Lanka,taxon,Silky shark,2004,1614.0
Sri Lanka,taxon,Silky shark,2005,636.6
Sri Lanka,taxon,Silky shark,2006,477.4
Sri Lanka,taxon,Silky shark,2007,327.7
Sri Lanka,taxon,Silky shark,2008,285.0
Sri Lanka,taxon,Silky shark,2009,293.2
Sri Lanka,taxon,Silky shark,2010,778.8
Sri Lanka,taxon,Silky shark,2014,0.0
Sri Lanka,taxon,Silky shark,2015,5.9
Sri Lanka,taxon,Silky shark,2016,1.4
Sri Lanka,taxon,Silky shark,2017,9.2
Sri Lanka,taxon,Silky shark,2018,2.9
Sri Lanka,taxon,Silky shark,2019,6.1
Sri Lanka,taxon,"Squids, cuttlefishes, octopuses",1985,64.0
Sri Lanka,taxon,"Squids, cuttlefishes, octopuses",1986,139.0
Sri Lanka,taxon,"Squids, cuttlefishes, octopuses",1987,168.0
Sri Lanka,taxon,"Squids, cuttlefishes, octopuses",1988,224.0
Sri Lanka,taxon,"Squids, cuttlefishes, octopuses",1989,369.0
Sri Lanka,taxon,"Squids, cuttlefishes, octopuses",1990,241.0
Sri Lanka,taxon,"Squids, cuttlefishes, octopuses",1991,200.0
Sri Lanka,taxon,"Squids, cuttlefishes, octopuses",1992,200.0
Sri Lanka,taxon,"Squids, cuttlefishes, octopuses",1993,200.0
Sri Lanka,taxon,"Squids, cuttlefishes, octopuses",1994,250.0
Sri Lanka,taxon,"Squids, cuttlefishes, octopuses",1995,300.0
Sri Lanka,taxon,"Squids, cuttlefishes, octopuses",1996,300.0
Sri Lanka,taxon,"Squids, cuttlefishes, octopuses",1997,300.0
Sri Lanka,taxon,"Squids, cuttlefishes, octopuses",1998,300.0
Sri Lanka,taxon,"Squids, cuttlefishes, octopuses",1999,365.0
Sri Lanka,taxon,"Squids, cuttlefishes, octopuses",2000,310.0
Sri Lanka,taxon,"Squids, cuttlefishes, octopuses",2001,290.0
Sri Lanka,taxon,"Squids, cuttlefishes, octopuses",2002,380.0
Sri Lanka,taxon,"Squids, cuttlefishes, octopuses",2003,420.0
Sri Lanka,taxon,"Squids, cuttlefishes, octopuses",2004,380.0
Sri Lanka,taxon,"Squids, cuttlefishes, octopuses",2005,190.0
Sri Lanka,taxon,"Squids, cuttlefishes, octopuses",2006,120.0
Sri Lanka,taxon,"Squids, cuttlefishes, octopuses",2007,430.0
Sri Lanka,taxon,"Squids, cuttlefishes, octopuses",2008,480.0
Sri Lanka,taxon,"Squids, cuttlefishes, octopuses",2009,510.0
Sri Lanka,taxon,"Squids, cuttlefishes, octopuses",2010,780.0
Sri Lanka,taxon,"Squids, cuttlefishes, octopuses",2011,970.0
Sri Lanka,taxon,"Squids, cuttlefishes, octopuses",2012,1220.0
Sri Lanka,taxon,"Squids, cuttlefishes, octopuses",2013,1720.0
Sri Lanka,taxon,"Squids, cuttlefishes, octopuses",2014,4140.0
Sri Lanka,taxon,"Squids, cuttlefishes, octopuses",2015,3790.0
Sri Lanka,taxon,"Squids, cuttlefishes, octopuses",2016,4280.0
Sri Lanka,taxon,"Squids, cuttlefishes, octopuses",2017,7930.0
Sri Lanka,taxon,"Squids, cuttlefishes, octopuses",2018,10640.0
Sri Lanka,taxon,"Squids, cuttlefishes, octopuses",2019,10570.0
Sri Lanka,taxon,Green tiger prawn,1950,47.5
Sri Lanka,taxon,Green tiger prawn,1951,47.5
Sri Lanka,taxon,Green tiger prawn,1952,57.0
Sri Lanka,taxon,Green tiger prawn,1953,66.5
Sri Lanka,taxon,Green tiger prawn,1954,114.0
Sri Lanka,taxon,Green tiger prawn,1955,95.0
Sri Lanka,taxon,Green tiger prawn,1956,142.6
Sri Lanka,taxon,Green tiger prawn,1957,123.6
Sri Lanka,taxon,Green tiger prawn,1958,199.6
Sri Lanka,taxon,Green tiger prawn,1959,180.6
Sri Lanka,taxon,Green tiger prawn,1960,190.1
Sri Lanka,taxon,Green tiger prawn,1961,171.1
Sri Lanka,taxon,Green tiger prawn,1962,285.1
Sri Lanka,taxon,Green tiger prawn,1963,228.1
Sri Lanka,taxon,Green tiger prawn,1964,465.7
Sri Lanka,taxon,Green tiger prawn,1965,256.6
Sri Lanka,taxon,Green tiger prawn,1966,304.1
Sri Lanka,taxon,Green tiger prawn,1967,332.6
Sri Lanka,taxon,Green tiger prawn,1968,247.1
Sri Lanka,taxon,Green tiger prawn,1969,380.2
Sri Lanka,taxon,Green tiger prawn,1970,332.6
Sri Lanka,taxon,Green tiger prawn,1971,304.1
Sri Lanka,taxon,Green tiger prawn,1972,351.6
Sri Lanka,taxon,Green tiger prawn,1973,313.6
Sri Lanka,taxon,Green tiger prawn,1974,503.7
Sri Lanka,taxon,Green tiger prawn,1975,588.5
Sri Lanka,taxon,Green tiger prawn,1976,679.4
Sri Lanka,taxon,Green tiger prawn,1977,578.8
Sri Lanka,taxon,Green tiger prawn,1978,690.8
Sri Lanka,taxon,Green tiger prawn,1979,521.4
Sri Lanka,taxon,Green tiger prawn,1980,470.4
Sri Lanka,taxon,Green tiger prawn,1981,682.4
Sri Lanka,taxon,Green tiger prawn,1982,949.4
Sri Lanka,taxon,Green tiger prawn,1983,730.1
Sri Lanka,taxon,Green tiger prawn,1984,709.3
Sri Lanka,taxon,Green tiger prawn,1985,454.7
Sri Lanka,taxon,Green tiger prawn,1986,467.5
Sri Lanka,taxon,Green tiger prawn,1987,483.8
Sri Lanka,taxon,Green tiger prawn,1988,502.7
Sri Lanka,taxon,Green tiger prawn,1989,510.1
Sri Lanka,taxon,Green tiger prawn,1990,484.5
Sri Lanka,taxon,Green tiger prawn,1991,566.9
Sri Lanka,taxon,Green tiger prawn,1992,739.7
Sri Lanka,taxon,Green tiger prawn,1993,722.2
Sri Lanka,taxon,Green tiger prawn,1994,329.9
Sri Lanka,taxon,Green tiger prawn,1995,702.2
Sri Lanka,taxon,Green tiger prawn,1996,607.8
Sri Lanka,taxon,Green tiger prawn,1997,602.4
Sri Lanka,taxon,Green tiger prawn,1998,738.4
Sri Lanka,taxon,Green tiger prawn,1999,485.8
Sri Lanka,taxon,Green tiger prawn,2000,880.9
Sri Lanka,taxon,Green tiger prawn,2001,478.0
Sri Lanka,taxon,Green tiger prawn,2002,448.7
Sri Lanka,taxon,Green tiger prawn,2003,1222.8
Sri Lanka,taxon,Green tiger prawn,2004,1287.6
Sri Lanka,taxon,Green tiger prawn,2005,297.9
Sri Lanka,taxon,Green tiger prawn,2006,802.7
Sri Lanka,taxon,Green tiger prawn,2007,878.4
Sri Lanka,taxon,Green tiger prawn,2008,1108.8
Sri Lanka,taxon,Green tiger prawn,2009,1242.5
Sri Lanka,taxon,Green tiger prawn,2010,1492.8
Sri Lanka,taxon,Green tiger prawn,2011,1139.9
Sri Lanka,taxon,Green tiger prawn,2012,1379.9
Sri Lanka,taxon,Green tiger prawn,2013,1745.1
Sri Lanka,taxon,Green tiger prawn,2014,2999.8
Sri Lanka,taxon,Green tiger prawn,2015,2860.5
Sri Lanka,taxon,Green tiger prawn,2016,3507.1
Sri Lanka,taxon,Green tiger prawn,2017,2792.7
Sri Lanka,taxon,Green tiger prawn,2018,2858.6
Sri Lanka,taxon,Green tiger prawn,2019,2917.9
Sri Lanka,taxon,Indian white prawn,1950,47.5
Sri Lanka,taxon,Indian white prawn,1951,47.5
Sri Lanka,taxon,Indian white prawn,1952,57.0
Sri Lanka,taxon,Indian white prawn,1953,66.5
Sri Lanka,taxon,Indian white prawn,1954,114.0
Sri Lanka,taxon,Indian white prawn,1955,95.0
Sri Lanka,taxon,Indian white prawn,1956,142.6
Sri Lanka,taxon,Indian white prawn,1957,123.6
Sri Lanka,taxon,Indian white prawn,1958,199.6
Sri Lanka,taxon,Indian white prawn,1959,180.6
Sri Lanka,taxon,Indian white prawn,1960,190.1
Sri Lanka,taxon,Indian white prawn,1961,171.1
Sri Lanka,taxon,Indian white prawn,1962,285.1
Sri Lanka,taxon,Indian white prawn,1963,228.1
Sri Lanka,taxon,Indian white prawn,1964,465.7
Sri Lanka,taxon,Indian white prawn,1965,256.6
Sri Lanka,taxon,Indian white prawn,1966,304.1
Sri Lanka,taxon,Indian white prawn,1967,332.6
Sri Lanka,taxon,Indian white prawn,1968,247.1
Sri Lanka,taxon,Indian white prawn,1969,380.2
Sri Lanka,taxon,Indian white prawn,1970,332.6
Sri Lanka,taxon,Indian white prawn,1971,304.1
Sri Lanka,taxon,Indian white prawn,1972,351.6
Sri Lanka,taxon,Indian white prawn,1973,313.6
Sri Lanka,taxon,Indian white prawn,1974,503.7
Sri Lanka,taxon,Indian white prawn,1975,588.5
Sri Lanka,taxon,Indian white prawn,1976,679.4
Sri Lanka,taxon,Indian white prawn,1977,578.8
Sri Lanka,taxon,Indian white prawn,1978,690.8
Sri Lanka,taxon,Indian white prawn,1979,521.4
Sri Lanka,taxon,Indian white prawn,1980,470.4
Sri Lanka,taxon,Indian white prawn,1981,682.4
Sri Lanka,taxon,Indian white prawn,1982,949.4
Sri Lanka,taxon,Indian white prawn,1983,730.1
Sri Lanka,taxon,Indian white prawn,1984,709.3
Sri Lanka,taxon,Indian white prawn,1985,454.7
Sri Lanka,taxon,Indian white prawn,1986,467.5
Sri Lanka,taxon,Indian white prawn,1987,483.8
Sri Lanka,taxon,Indian white prawn,1988,502.7
Sri Lanka,taxon,Indian white prawn,1989,510.1
Sri Lanka,taxon,Indian white prawn,1990,484.5
Sri Lanka,taxon,Indian white prawn,1991,566.9
Sri Lanka,taxon,Indian white prawn,1992,739.7
Sri Lanka,taxon,Indian white prawn,1993,722.2
Sri Lanka,taxon,Indian white prawn,1994,329.9
Sri Lanka,taxon,Indian white prawn,1995,702.2
Sri Lanka,taxon,Indian white prawn,1996,607.8
Sri Lanka,taxon,Indian white prawn,1997,602.4
Sri Lanka,taxon,Indian white prawn,1998,738.4
Sri Lanka,taxon,Indian white prawn,1999,485.8
Sri Lanka,taxon,Indian white prawn,2000,880.9
Sri Lanka,taxon,Indian white prawn,2001,478.0
Sri Lanka,taxon,Indian white prawn,2002,448.7
Sri Lanka,taxon,Indian white prawn,2003,1222.8
Sri Lanka,taxon,Indian white prawn,2004,1287.6
Sri Lanka,taxon,Indian white prawn,2005,297.9
Sri Lanka,taxon,Indian white prawn,2006,802.7
Sri Lanka,taxon,Indian white prawn,2007,878.4
Sri Lanka,taxon,Indian white prawn,2008,1108.8
Sri Lanka,taxon,Indian white prawn,2009,1242.5
Sri Lanka,taxon,Indian white prawn,2010,1492.8
Sri Lanka,taxon,Indian white prawn,2011,1139.9
Sri Lanka,taxon,Indian white prawn,2012,1379.9
Sri Lanka,taxon,Indian white prawn,2013,1745.1
Sri Lanka,taxon,Indian white prawn,2014,2999.8
Sri Lanka,taxon,Indian white prawn,2015,2860.5
Sri Lanka,taxon,Indian white prawn,2016,3507.1
Sri Lanka,taxon,Indian white prawn,2017,2792.7
Sri Lanka,taxon,Indian white prawn,2018,2858.6
Sri Lanka,taxon,Indian white prawn,2019,2917.9
Sri Lanka,taxon,Banana prawn,1950,47.5
Sri Lanka,taxon,Banana prawn,1951,47.5
Sri Lanka,taxon,Banana prawn,1952,57.0
Sri Lanka,taxon,Banana prawn,1953,66.5
Sri Lanka,taxon,Banana prawn,1954,114.0
Sri Lanka,taxon,Banana prawn,1955,95.0
Sri Lanka,taxon,Banana prawn,1956,142.6
Sri Lanka,taxon,Banana prawn,1957,123.6
Sri Lanka,taxon,Banana prawn,1958,199.6
Sri Lanka,taxon,Banana prawn,1959,180.6
Sri Lanka,taxon,Banana prawn,1960,190.1
Sri Lanka,taxon,Banana prawn,1961,171.1
Sri Lanka,taxon,Banana prawn,1962,285.1
Sri Lanka,taxon,Banana prawn,1963,228.1
Sri Lanka,taxon,Banana prawn,1964,465.7
Sri Lanka,taxon,Banana prawn,1965,256.6
Sri Lanka,taxon,Banana prawn,1966,304.1
Sri Lanka,taxon,Banana prawn,1967,332.6
Sri Lanka,taxon,Banana prawn,1968,247.1
Sri Lanka,taxon,Banana prawn,1969,380.2
Sri Lanka,taxon,Banana prawn,1970,332.6
Sri Lanka,taxon,Banana prawn,1971,304.1
Sri Lanka,taxon,Banana prawn,1972,351.6
Sri Lanka,taxon,Banana prawn,1973,313.6
Sri Lanka,taxon,Banana prawn,1974,503.7
Sri Lanka,taxon,Banana prawn,1975,588.5
Sri Lanka,taxon,Banana prawn,1976,679.4
Sri Lanka,taxon,Banana prawn,1977,578.8
Sri Lanka,taxon,Banana prawn,1978,690.8
Sri Lanka,taxon,Banana prawn,1979,521.4
Sri Lanka,taxon,Banana prawn,1980,470.4
Sri Lanka,taxon,Banana prawn,1981,682.4
Sri Lanka,taxon,Banana prawn,1982,949.4
Sri Lanka,taxon,Banana prawn,1983,730.1
Sri Lanka,taxon,Banana prawn,1984,709.3
Sri Lanka,taxon,Banana prawn,1985,454.7
Sri Lanka,taxon,Banana prawn,1986,467.5
Sri Lanka,taxon,Banana prawn,1987,483.8
Sri Lanka,taxon,Banana prawn,1988,502.7
Sri Lanka,taxon,Banana prawn,1989,510.1
Sri Lanka,taxon,Banana prawn,1990,484.5
Sri Lanka,taxon,Banana prawn,1991,566.9
Sri Lanka,taxon,Banana prawn,1992,739.7
Sri Lanka,taxon,Banana prawn,1993,722.2
Sri Lanka,taxon,Banana prawn,1994,329.9
Sri Lanka,taxon,Banana prawn,1995,702.2
Sri Lanka,taxon,Banana prawn,1996,607.8
Sri Lanka,taxon,Banana prawn,1997,602.4
Sri Lanka,taxon,Banana prawn,1998,738.4
Sri Lanka,taxon,Banana prawn,1999,485.8
Sri Lanka,taxon,Banana prawn,2000,880.9
Sri Lanka,taxon,Banana prawn,2001,478.0
Sri Lanka,taxon,Banana prawn,2002,448.7
Sri Lanka,taxon,Banana prawn,2003,1222.8
Sri Lanka,taxon,Banana prawn,2004,1287.6
Sri Lanka,taxon,Banana prawn,2005,297.9
Sri Lanka,taxon,Banana prawn,2006,802.7
Sri Lanka,taxon,Banana prawn,2007,878.4
Sri Lanka,taxon,Banana prawn,2008,1108.8
Sri Lanka,taxon,Banana prawn,2009,1242.5
Sri Lanka,taxon,Banana prawn,2010,1492.8
Sri Lanka,taxon,Banana prawn,2011,1139.9
Sri Lanka,taxon,Banana prawn,2012,1379.9
Sri Lanka,taxon,Banana prawn,2013,1745.1
Sri Lanka,taxon,Banana prawn,2014,2999.8
Sri Lanka,taxon,Banana prawn,2015,2860.5
Sri Lanka,taxon,Banana prawn,2016,3507.1
Sri Lanka,taxon,Banana prawn,2017,2792.7
Sri Lanka,taxon,Banana prawn,2018,2858.6
Sri Lanka,taxon,Banana prawn,2019,2917.9
Sri Lanka,taxon,Giant tiger prawn,1950,47.5
Sri Lanka,taxon,Giant tiger prawn,1951,47.5
Sri Lanka,taxon,Giant tiger prawn,1952,57.0
Sri Lanka,taxon,Giant tiger prawn,1953,66.5
Sri Lanka,taxon,Giant tiger prawn,1954,114.0
Sri Lanka,taxon,Giant tiger prawn,1955,95.0
Sri Lanka,taxon,Giant tiger prawn,1956,142.6
Sri Lanka,taxon,Giant tiger prawn,1957,123.6
Sri Lanka,taxon,Giant tiger prawn,1958,199.6
Sri Lanka,taxon,Giant tiger prawn,1959,180.6
Sri Lanka,taxon,Giant tiger prawn,1960,190.1
Sri Lanka,taxon,Giant tiger prawn,1961,171.1
Sri Lanka,taxon,Giant tiger prawn,1962,285.1
Sri Lanka,taxon,Giant tiger prawn,1963,228.1
Sri Lanka,taxon,Giant tiger prawn,1964,465.7
Sri Lanka,taxon,Giant tiger prawn,1965,256.6
Sri Lanka,taxon,Giant tiger prawn,1966,304.1
Sri Lanka,taxon,Giant tiger prawn,1967,332.6
Sri Lanka,taxon,Giant tiger prawn,1968,247.1
Sri Lanka,taxon,Giant tiger prawn,1969,380.2
Sri Lanka,taxon,Giant tiger prawn,1970,332.6
Sri Lanka,taxon,Giant tiger prawn,1971,304.1
Sri Lanka,taxon,Giant tiger prawn,1972,351.6
Sri Lanka,taxon,Giant tiger prawn,1973,313.6
Sri Lanka,taxon,Giant tiger prawn,1974,503.7
Sri Lanka,taxon,Giant tiger prawn,1975,588.5
Sri Lanka,taxon,Giant tiger prawn,1976,679.4
Sri Lanka,taxon,Giant tiger prawn,1977,578.8
Sri Lanka,taxon,Giant tiger prawn,1978,690.8
Sri Lanka,taxon,Giant tiger prawn,1979,521.4
Sri Lanka,taxon,Giant tiger prawn,1980,470.4
Sri Lanka,taxon,Giant tiger prawn,1981,682.4
Sri Lanka,taxon,Giant tiger prawn,1982,949.4
Sri Lanka,taxon,Giant tiger prawn,1983,730.1
Sri Lanka,taxon,Giant tiger prawn,1984,709.3
Sri Lanka,taxon,Giant tiger prawn,1985,454.7
Sri Lanka,taxon,Giant tiger prawn,1986,467.5
Sri Lanka,taxon,Giant tiger prawn,1987,483.8
Sri Lanka,taxon,Giant tiger prawn,1988,502.7
Sri Lanka,taxon,Giant tiger prawn,1989,510.1
Sri Lanka,taxon,Giant tiger prawn,1990,484.5
Sri Lanka,taxon,Giant tiger prawn,1991,566.9
Sri Lanka,taxon,Giant tiger prawn,1992,739.7
Sri Lanka,taxon,Giant tiger prawn,1993,722.2
Sri Lanka,taxon,Giant tiger prawn,1994,329.9
Sri Lanka,taxon,Giant tiger prawn,1995,702.2
Sri Lanka,taxon,Giant tiger prawn,1996,607.8
Sri Lanka,taxon,Giant tiger prawn,1997,602.4
Sri Lanka,taxon,Giant tiger prawn,1998,738.4
Sri Lanka,taxon,Giant tiger prawn,1999,485.8
Sri Lanka,taxon,Giant tiger prawn,2000,880.9
Sri Lanka,taxon,Giant tiger prawn,2001,478.0
Sri Lanka,taxon,Giant tiger prawn,2002,448.7
Sri Lanka,taxon,Giant tiger prawn,2003,1222.8
Sri Lanka,taxon,Giant tiger prawn,2004,1287.6
Sri Lanka,taxon,Giant tiger prawn,2005,297.9
Sri Lanka,taxon,Giant tiger prawn,2006,802.7
Sri Lanka,taxon,Giant tiger prawn,2007,878.4
Sri Lanka,taxon,Giant tiger prawn,2008,1108.8
Sri Lanka,taxon,Giant tiger prawn,2009,1242.5
Sri Lanka,taxon,Giant tiger prawn,2010,1492.8
Sri Lanka,taxon,Giant tiger prawn,2011,1139.9
Sri Lanka,taxon,Giant tiger prawn,2012,1379.9
Sri Lanka,taxon,Giant tiger prawn,2013,1745.1
Sri Lanka,taxon,Giant tiger prawn,2014,2999.8
Sri Lanka,taxon,Giant tiger prawn,2015,2860.5
Sri Lanka,taxon,Giant tiger prawn,2016,3507.1
Sri Lanka,taxon,Giant tiger prawn,2017,2792.7
Sri Lanka,taxon,Giant tiger prawn,2018,2858.6
Sri Lanka,taxon,Giant tiger prawn,2019,2917.9
Sri Lanka,taxon,"Clams, seasnails, squids, octopuses",1950,300.0
Sri Lanka,taxon,"Clams, seasnails, squids, octopuses",1951,400.0
Sri Lanka,taxon,"Clams, seasnails, squids, octopuses",1952,1500.0
Sri Lanka,taxon,"Clams, seasnails, squids, octopuses",1953,2800.0
Sri Lanka,taxon,"Clams, seasnails, squids, octopuses",1954,400.0
Sri Lanka,taxon,"Clams, seasnails, squids, octopuses",1955,400.0
Sri Lanka,taxon,"Clams, seasnails, squids, octopuses",1956,400.0
Sri Lanka,taxon,"Clams, seasnails, squids, octopuses",1957,300.0
Sri Lanka,taxon,"Clams, seasnails, squids, octopuses",1958,300.0
Sri Lanka,taxon,"Clams, seasnails, squids, octopuses",1959,100.0
Sri Lanka,taxon,"Clams, seasnails, squids, octopuses",1960,200.0
Sri Lanka,taxon,"Clams, seasnails, squids, octopuses",1961,300.0
Sri Lanka,taxon,"Clams, seasnails, squids, octopuses",1962,500.0
Sri Lanka,taxon,"Clams, seasnails, squids, octopuses",1963,500.0
Sri Lanka,taxon,"Clams, seasnails, squids, octopuses",1964,1400.0
Sri Lanka,taxon,"Clams, seasnails, squids, octopuses",1965,800.0
Sri Lanka,taxon,"Clams, seasnails, squids, octopuses",1966,500.0
Sri Lanka,taxon,"Clams, seasnails, squids, octopuses",1967,800.0
Sri Lanka,taxon,"Clams, seasnails, squids, octopuses",1968,400.0
Sri Lanka,taxon,"Clams, seasnails, squids, octopuses",1969,600.0
Sri Lanka,taxon,"Clams, seasnails, squids, octopuses",1970,600.0
Sri Lanka,taxon,"Clams, seasnails, squids, octopuses",1971,500.0
Sri Lanka,taxon,"Clams, seasnails, squids, octopuses",1972,800.0
Sri Lanka,taxon,"Clams, seasnails, squids, octopuses",1973,500.0
Sri Lanka,taxon,"Clams, seasnails, squids, octopuses",1974,800.0
Sri Lanka,taxon,"Clams, seasnails, squids, octopuses",1975,634.0
Sri Lanka,taxon,"Clams, seasnails, squids, octopuses",1976,956.0
Sri Lanka,taxon,"Clams, seasnails, squids, octopuses",1977,592.0
Sri Lanka,taxon,"Clams, seasnails, squids, octopuses",1978,867.0
Sri Lanka,taxon,"Clams, seasnails, squids, octopuses",1979,636.0
Sri Lanka,taxon,"Clams, seasnails, squids, octopuses",1980,221.0
Sri Lanka,taxon,"Clams, seasnails, squids, octopuses",1981,263.0
Sri Lanka,taxon,"Clams, seasnails, squids, octopuses",1982,809.0
Sri Lanka,taxon,"Clams, seasnails, squids, octopuses",1983,0.2
Sri Lanka,taxon,"Clams, seasnails, squids, octopuses",1984,0.2
Sri Lanka,taxon,"Clams, seasnails, squids, octopuses",1985,0.2
Sri Lanka,taxon,"Clams, seasnails, squids, octopuses",1986,0.2
Sri Lanka,taxon,"Clams, seasnails, squids, octopuses",1987,0.2
Sri Lanka,taxon,"Clams, seasnails, squids, octopuses",1988,0.2
Sri Lanka,taxon,"Clams, seasnails, squids, octopuses",1989,0.2
Sri Lanka,taxon,"Clams, seasnails, squids, octopuses",1990,0.2
Sri Lanka,taxon,"Clams, seasnails, squids, octopuses",1991,0.2
Sri Lanka,taxon,"Clams, seasnails, squids, octopuses",1992,0.2
Sri Lanka,taxon,"Clams, seasnails, squids, octopuses",1993,0.2
Sri Lanka,taxon,"Clams, seasnails, squids, octopuses",1994,0.2
Sri Lanka,taxon,"Clams, seasnails, squids, octopuses",1995,0.2
Sri Lanka,taxon,"Clams, seasnails, squids, octopuses",1996,0.2
Sri Lanka,taxon,"Clams, seasnails, squids, octopuses",1999,10.0
Sri Lanka,taxon,"Clams, seasnails, squids, octopuses",2000,15.0
Sri Lanka,taxon,"Clams, seasnails, squids, octopuses",2001,30.0
Sri Lanka,taxon,"Clams, seasnails, squids, octopuses",2002,60.0
Sri Lanka,taxon,"Clams, seasnails, squids, octopuses",2003,110.0
Sri Lanka,taxon,"Clams, seasnails, squids, octopuses",2004,250.0
Sri Lanka,taxon,"Clams, seasnails, squids, octopuses",2005,300.0
Sri Lanka,taxon,"Clams, seasnails, squids, octopuses",2006,120.0
Sri Lanka,taxon,"Clams, seasnails, squids, octopuses",2007,710.0
Sri Lanka,taxon,"Clams, seasnails, squids, octopuses",2008,1420.0
Sri Lanka,taxon,"Clams, seasnails, squids, octopuses",2009,1260.0
Sri Lanka,taxon,"Clams, seasnails, squids, octopuses",2010,1940.0
Sri Lanka,taxon,"Clams, seasnails, squids, octopuses",2011,2240.0
Sri Lanka,taxon,"Clams, seasnails, squids, octopuses",2012,2430.0
Sri Lanka,taxon,"Clams, seasnails, squids, octopuses",2013,3040.0
Sri Lanka,taxon,"Clams, seasnails, squids, octopuses",2014,2590.0
Sri Lanka,taxon,"Clams, seasnails, squids, octopuses",2015,1545.0
Sri Lanka,taxon,"Clams, seasnails, squids, octopuses",2016,590.0
Sri Lanka,taxon,"Clams, seasnails, squids, octopuses",2017,1040.0
Sri Lanka,taxon,"Clams, seasnails, squids, octopuses",2018,1620.0
Sri Lanka,taxon,"Clams, seasnails, squids, octopuses",2019,1590.0
Sri Lanka,taxon,Sepia cuttlefishes,1950,635.8
Sri Lanka,taxon,Sepia cuttlefishes,1951,640.4
Sri Lanka,taxon,Sepia cuttlefishes,1952,644.3
Sri Lanka,taxon,Sepia cuttlefishes,1953,649.2
Sri Lanka,taxon,Sepia cuttlefishes,1954,654.4
Sri Lanka,taxon,Sepia cuttlefishes,1955,656.9
Sri Lanka,taxon,Sepia cuttlefishes,1956,659.0
Sri Lanka,taxon,Sepia cuttlefishes,1957,662.7
Sri Lanka,taxon,Sepia cuttlefishes,1958,664.7
Sri Lanka,taxon,Sepia cuttlefishes,1959,667.1
Sri Lanka,taxon,Sepia cuttlefishes,1960,657.5
Sri Lanka,taxon,Sepia cuttlefishes,1961,659.6
Sri Lanka,taxon,Sepia cuttlefishes,1962,660.9
Sri Lanka,taxon,Sepia cuttlefishes,1963,662.1
Sri Lanka,taxon,Sepia cuttlefishes,1964,662.1
Sri Lanka,taxon,Sepia cuttlefishes,1965,661.5
Sri Lanka,taxon,Sepia cuttlefishes,1966,660.6
Sri Lanka,taxon,Sepia cuttlefishes,1967,659.5
Sri Lanka,taxon,Sepia cuttlefishes,1968,657.8
Sri Lanka,taxon,Sepia cuttlefishes,1969,655.2
Sri Lanka,taxon,Sepia cuttlefishes,1970,651.7
Sri Lanka,taxon,Sepia cuttlefishes,1971,649.5
Sri Lanka,taxon,Sepia cuttlefishes,1972,641.5
Sri Lanka,taxon,Sepia cuttlefishes,1973,635.0
Sri Lanka,taxon,Sepia cuttlefishes,1974,627.6
Sri Lanka,taxon,Sepia cuttlefishes,1975,619.4
Sri Lanka,taxon,Sepia cuttlefishes,1976,610.4
Sri Lanka,taxon,Sepia cuttlefishes,1977,600.5
Sri Lanka,taxon,Sepia cuttlefishes,1978,589.7
Sri Lanka,taxon,Sepia cuttlefishes,1979,577.8
Sri Lanka,taxon,Sepia cuttlefishes,1980,564.8
Sri Lanka,taxon,Sepia cuttlefishes,1981,557.5
Sri Lanka,taxon,Sepia cuttlefishes,1982,546.8
Sri Lanka,taxon,Sepia cuttlefishes,1983,535.3
Sri Lanka,taxon,Sepia cuttlefishes,1984,523.2
Sri Lanka,taxon,Sepia cuttlefishes,1985,510.9
Sri Lanka,taxon,Sepia cuttlefishes,1986,498.1
Sri Lanka,taxon,Sepia cuttlefishes,1987,505.4
Sri Lanka,taxon,Sepia cuttlefishes,1988,512.7
Sri Lanka,taxon,Sepia cuttlefishes,1989,520.0
Sri Lanka,taxon,Sepia cuttlefishes,1990,527.2
Sri Lanka,taxon,Sepia cuttlefishes,1991,534.1
Sri Lanka,taxon,Sepia cuttlefishes,1992,541.0
Sri Lanka,taxon,Sepia cuttlefishes,1993,547.6
Sri Lanka,taxon,Sepia cuttlefishes,1994,553.8
Sri Lanka,taxon,Sepia cuttlefishes,1995,559.5
Sri Lanka,taxon,Sepia cuttlefishes,1996,564.8
Sri Lanka,taxon,Sepia cuttlefishes,1997,569.6
Sri Lanka,taxon,Sepia cuttlefishes,1998,574.0
Sri Lanka,taxon,Sepia cuttlefishes,1999,578.1
Sri Lanka,taxon,Sepia cuttlefishes,2000,581.8
Sri Lanka,taxon,Sepia cuttlefishes,2001,584.9
Sri Lanka,taxon,Sepia cuttlefishes,2002,589.3
Sri Lanka,taxon,Sepia cuttlefishes,2003,597.7
Sri Lanka,taxon,Sepia cuttlefishes,2004,607.3
Sri Lanka,taxon,Sepia cuttlefishes,2005,324.5
Sri Lanka,taxon,Sepia cuttlefishes,2006,621.6
Sri Lanka,taxon,Sepia cuttlefishes,2007,626.2
Sri Lanka,taxon,Sepia cuttlefishes,2008,630.9
Sri Lanka,taxon,Sepia cuttlefishes,2009,583.5
Sri Lanka,taxon,Sepia cuttlefishes,2010,498.8
Sri Lanka,taxon,Sepia cuttlefishes,2011,560.4
Sri Lanka,taxon,Sepia cuttlefishes,2012,358.4
Sri Lanka,taxon,Sepia cuttlefishes,2013,351.6
Sri Lanka,taxon,Sepia cuttlefishes,2014,283.8
Sri Lanka,taxon,Sepia cuttlefishes,2015,417.3
Sri Lanka,taxon,Sepia cuttlefishes,2016,407.4
Sri Lanka,taxon,Sepia cuttlefishes,2017,338.9
Sri Lanka,taxon,Sepia cuttlefishes,2018,356.7
Sri Lanka,taxon,Sepia cuttlefishes,2019,356.7
Sri Lanka,taxon,"Octopuses, argonauts",1950,635.8
Sri Lanka,taxon,"Octopuses, argonauts",1951,640.3
Sri Lanka,taxon,"Octopuses, argonauts",1952,644.3
Sri Lanka,taxon,"Octopuses, argonauts",1953,649.1
Sri Lanka,taxon,"Octopuses, argonauts",1954,654.4
Sri Lanka,taxon,"Octopuses, argonauts",1955,656.9
Sri Lanka,taxon,"Octopuses, argonauts",1956,659.0
Sri Lanka,taxon,"Octopuses, argonauts",1957,662.7
Sri Lanka,taxon,"Octopuses, argonauts",1958,664.7
Sri Lanka,taxon,"Octopuses, argonauts",1959,667.0
Sri Lanka,taxon,"Octopuses, argonauts",1960,657.5
Sri Lanka,taxon,"Octopuses, argonauts",1961,659.6
Sri Lanka,taxon,"Octopuses, argonauts",1962,660.9
Sri Lanka,taxon,"Octopuses, argonauts",1963,661.4
Sri Lanka,taxon,"Octopuses, argonauts",1964,661.5
Sri Lanka,taxon,"Octopuses, argonauts",1965,661.2
Sri Lanka,taxon,"Octopuses, argonauts",1966,660.6
Sri Lanka,taxon,"Octopuses, argonauts",1967,659.5
Sri Lanka,taxon,"Octopuses, argonauts",1968,657.8
Sri Lanka,taxon,"Octopuses, argonauts",1969,655.2
Sri Lanka,taxon,"Octopuses, argonauts",1970,651.7
Sri Lanka,taxon,"Octopuses, argonauts",1971,647.1
Sri Lanka,taxon,"Octopuses, argonauts",1972,641.5
Sri Lanka,taxon,"Octopuses, argonauts",1973,635.0
Sri Lanka,taxon,"Octopuses, argonauts",1974,627.6
Sri Lanka,taxon,"Octopuses, argonauts",1975,619.4
Sri Lanka,taxon,"Octopuses, argonauts",1976,610.4
Sri Lanka,taxon,"Octopuses, argonauts",1977,600.5
Sri Lanka,taxon,"Octopuses, argonauts",1978,589.7
Sri Lanka,taxon,"Octopuses, argonauts",1979,577.8
Sri Lanka,taxon,"Octopuses, argonauts",1980,564.8
Sri Lanka,taxon,"Octopuses, argonauts",1981,557.5
Sri Lanka,taxon,"Octopuses, argonauts",1982,546.8
Sri Lanka,taxon,"Octopuses, argonauts",1983,535.3
Sri Lanka,taxon,"Octopuses, argonauts",1984,523.2
Sri Lanka,taxon,"Octopuses, argonauts",1985,510.9
Sri Lanka,taxon,"Octopuses, argonauts",1986,498.1
Sri Lanka,taxon,"Octopuses, argonauts",1987,505.4
Sri Lanka,taxon,"Octopuses, argonauts",1988,512.7
Sri Lanka,taxon,"Octopuses, argonauts",1989,520.0
Sri Lanka,taxon,"Octopuses, argonauts",1990,527.2
Sri Lanka,taxon,"Octopuses, argonauts",1991,534.1
Sri Lanka,taxon,"Octopuses, argonauts",1992,541.0
Sri Lanka,taxon,"Octopuses, argonauts",1993,547.6
Sri Lanka,taxon,"Octopuses, argonauts",1994,553.8
Sri Lanka,taxon,"Octopuses, argonauts",1995,559.5
Sri Lanka,taxon,"Octopuses, argonauts",1996,564.8
Sri Lanka,taxon,"Octopuses, argonauts",1997,569.6
Sri Lanka,taxon,"Octopuses, argonauts",1998,574.0
Sri Lanka,taxon,"Octopuses, argonauts",1999,578.1
Sri Lanka,taxon,"Octopuses, argonauts",2000,581.8
Sri Lanka,taxon,"Octopuses, argonauts",2001,584.9
Sri Lanka,taxon,"Octopuses, argonauts",2002,589.3
Sri Lanka,taxon,"Octopuses, argonauts",2003,597.7
Sri Lanka,taxon,"Octopuses, argonauts",2004,607.3
Sri Lanka,taxon,"Octopuses, argonauts",2005,324.5
Sri Lanka,taxon,"Octopuses, argonauts",2006,621.6
Sri Lanka,taxon,"Octopuses, argonauts",2007,626.2
Sri Lanka,taxon,"Octopuses, argonauts",2008,630.9
Sri Lanka,taxon,"Octopuses, argonauts",2009,583.5
Sri Lanka,taxon,"Octopuses, argonauts",2010,498.8
Sri Lanka,taxon,"Octopuses, argonauts",2011,560.4
Sri Lanka,taxon,"Octopuses, argonauts",2012,358.4
Sri Lanka,taxon,"Octopuses, argonauts",2013,351.6
Sri Lanka,taxon,"Octopuses, argonauts",2014,283.8
Sri Lanka,taxon,"Octopuses, argonauts",2015,417.3
Sri Lanka,taxon,"Octopuses, argonauts",2016,407.4
Sri Lanka,taxon,"Octopuses, argonauts",2017,338.9
Sri Lanka,taxon,"Octopuses, argonauts",2018,356.7
Sri Lanka,taxon,"Octopuses, argonauts",2019,356.7
Sri Lanka,taxon,Commercial shrimps and prawns,1974,11.7
Sri Lanka,taxon,Commercial shrimps and prawns,1975,25.0
Sri Lanka,taxon,Commercial shrimps and prawns,1976,35.8
Sri Lanka,taxon,Commercial shrimps and prawns,1977,36.9
Sri Lanka,taxon,Commercial shrimps and prawns,1978,71.7
Sri Lanka,taxon,Commercial shrimps and prawns,1979,79.2
Sri Lanka,taxon,Commercial shrimps and prawns,1980,66.6
Sri Lanka,taxon,Commercial shrimps and prawns,1981,102.6
Sri Lanka,taxon,Commercial shrimps and prawns,1982,138.9
Sri Lanka,taxon,Commercial shrimps and prawns,1983,154.6
Sri Lanka,taxon,Commercial shrimps and prawns,1984,185.4
Sri Lanka,taxon,Commercial shrimps and prawns,1985,156.7
Sri Lanka,taxon,Commercial shrimps and prawns,1986,233.7
Sri Lanka,taxon,Commercial shrimps and prawns,1987,226.0
Sri Lanka,taxon,Commercial shrimps and prawns,1988,230.7
Sri Lanka,taxon,Commercial shrimps and prawns,1989,258.2
Sri Lanka,taxon,Commercial shrimps and prawns,1990,343.5
Sri Lanka,taxon,Commercial shrimps and prawns,1991,344.8
Sri Lanka,taxon,Commercial shrimps and prawns,1992,405.3
Sri Lanka,taxon,Commercial shrimps and prawns,1993,484.7
Sri Lanka,taxon,Commercial shrimps and prawns,1994,610.0
Sri Lanka,taxon,Commercial shrimps and prawns,1995,649.5
Sri Lanka,taxon,Commercial shrimps and prawns,1996,670.0
Sri Lanka,taxon,Commercial shrimps and prawns,1997,660.2
Sri Lanka,taxon,Commercial shrimps and prawns,1998,772.8
Sri Lanka,taxon,Commercial shrimps and prawns,1999,838.9
Sri Lanka,taxon,Commercial shrimps and prawns,2000,877.1
Sri Lanka,taxon,Commercial shrimps and prawns,2001,736.0
Sri Lanka,taxon,Commercial shrimps and prawns,2002,883.5
Sri Lanka,taxon,Commercial shrimps and prawns,2003,902.9
Sri Lanka,taxon,Commercial shrimps and prawns,2004,889.1
Sri Lanka,taxon,Commercial shrimps and prawns,2005,976.3
Sri Lanka,taxon,Commercial shrimps and prawns,2006,1006.8
Sri Lanka,taxon,Commercial shrimps and prawns,2007,1352.4
Sri Lanka,taxon,Commercial shrimps and prawns,2008,1458.6
Sri Lanka,taxon,Commercial shrimps and prawns,2009,2205.8
Sri Lanka,taxon,Commercial shrimps and prawns,2010,2586.8
Sri Lanka,taxon,Commercial shrimps and prawns,2011,2896.9
Sri Lanka,taxon,Commercial shrimps and prawns,2012,2548.1
Sri Lanka,taxon,Commercial shrimps and prawns,2013,1664.3
Sri Lanka,taxon,Commercial shrimps and prawns,2014,1449.6
Sri Lanka,taxon,Commercial shrimps and prawns,2015,1456.3
Sri Lanka,taxon,Commercial shrimps and prawns,2016,1640.3
Sri Lanka,taxon,Commercial shrimps and prawns,2017,1475.3
Sri Lanka,taxon,Commercial shrimps and prawns,2018,1228.6
Sri Lanka,taxon,Commercial shrimps and prawns,2019,1610.3
Sri Lanka,taxon,Perch-likes,1965,0.3
Sri Lanka,taxon,Perch-likes,1966,0.2
Sri Lanka,taxon,Perch-likes,1967,0.2
Sri Lanka,taxon,Perch-likes,1968,0.1
Sri Lanka,taxon,Perch-likes,1973,49.6
Sri Lanka,taxon,Perch-likes,1974,69.5
Sri Lanka,taxon,Perch-likes,1981,77.7
Sri Lanka,taxon,Perch-likes,1982,122.9
Sri Lanka,taxon,Perch-likes,1983,162.0
Sri Lanka,taxon,Perch-likes,1984,195.3
Sri Lanka,taxon,Perch-likes,1985,180.0
Sri Lanka,taxon,Perch-likes,1986,190.8
Sri Lanka,taxon,Perch-likes,1987,318.2
Sri Lanka,taxon,Perch-likes,1988,261.6
Sri Lanka,taxon,Perch-likes,1989,239.9
Sri Lanka,taxon,Perch-likes,1990,239.9
Sri Lanka,taxon,Perch-likes,1991,259.9
Sri Lanka,taxon,Perch-likes,1992,348.5
Sri Lanka,taxon,Perch-likes,1993,427.8
Sri Lanka,taxon,Perch-likes,1994,374.0
Sri Lanka,taxon,Perch-likes,1995,522.9
Sri Lanka,taxon,Perch-likes,1996,516.9
Sri Lanka,taxon,Perch-likes,1997,497.7
Sri Lanka,taxon,Perch-likes,1998,471.3
Sri Lanka,taxon,Perch-likes,1999,536.1
Sri Lanka,taxon,Perch-likes,2000,579.0
Sri Lanka,taxon,Perch-likes,2001,605.9
Sri Lanka,taxon,Perch-likes,2002,661.8
Sri Lanka,taxon,Perch-likes,2003,837.5
Sri Lanka,taxon,Perch-likes,2004,724.6
Sri Lanka,taxon,Perch-likes,2005,705.3
Sri Lanka,taxon,Perch-likes,2006,956.6
Sri Lanka,taxon,Perch-likes,2007,1144.9
Sri Lanka,taxon,Perch-likes,2008,1908.3
Sri Lanka,taxon,Perch-likes,2009,1358.8
Sri Lanka,taxon,Perch-likes,2010,1279.3
Sri Lanka,taxon,Perch-likes,2011,1470.9
Sri Lanka,taxon,Perch-likes,2012,1630.4
Sri Lanka,taxon,Perch-likes,2013,1639.2
Sri Lanka,taxon,Perch-likes,2014,1093.9
Sri Lanka,taxon,Perch-likes,2015,1732.1
Sri Lanka,taxon,Perch-likes,2016,1521.1
Sri Lanka,taxon,Perch-likes,2017,2061.4
Sri Lanka,taxon,Perch-likes,2018,1930.2
Sri Lanka,taxon,Perch-likes,2019,2095.5
Sri Lanka,taxon,Indo-Pacific king mackerel,1950,161.0
Sri Lanka,taxon,Indo-Pacific king mackerel,1951,237.0
Sri Lanka,taxon,Indo-Pacific king mackerel,1952,192.0
Sri Lanka,taxon,Indo-Pacific king mackerel,1953,146.0
Sri Lanka,taxon,Indo-Pacific king mackerel,1954,125.0
Sri Lanka,taxon,Indo-Pacific king mackerel,1955,104.0
Sri Lanka,taxon,Indo-Pacific king mackerel,1956,109.0
Sri Lanka,taxon,Indo-Pacific king mackerel,1957,114.0
Sri Lanka,taxon,Indo-Pacific king mackerel,1958,136.0
Sri Lanka,taxon,Indo-Pacific king mackerel,1959,158.0
Sri Lanka,taxon,Indo-Pacific king mackerel,1960,157.0
Sri Lanka,taxon,Indo-Pacific king mackerel,1961,157.0
Sri Lanka,taxon,Indo-Pacific king mackerel,1962,265.0
Sri Lanka,taxon,Indo-Pacific king mackerel,1963,373.0
Sri Lanka,taxon,Indo-Pacific king mackerel,1964,318.0
Sri Lanka,taxon,Indo-Pacific king mackerel,1965,264.0
Sri Lanka,taxon,Indo-Pacific king mackerel,1966,469.0
Sri Lanka,taxon,Indo-Pacific king mackerel,1967,668.0
Sri Lanka,taxon,Indo-Pacific king mackerel,1968,655.0
Sri Lanka,taxon,Indo-Pacific king mackerel,1969,641.0
Sri Lanka,taxon,Indo-Pacific king mackerel,1970,476.0
Sri Lanka,taxon,Indo-Pacific king mackerel,1971,311.0
Sri Lanka,taxon,Indo-Pacific king mackerel,1972,350.0
Sri Lanka,taxon,Indo-Pacific king mackerel,1973,391.0
Sri Lanka,taxon,Indo-Pacific king mackerel,1974,383.0
Sri Lanka,taxon,Indo-Pacific king mackerel,1975,375.0
Sri Lanka,taxon,Indo-Pacific king mackerel,1976,451.0
Sri Lanka,taxon,Indo-Pacific king mackerel,1977,448.0
Sri Lanka,taxon,Indo-Pacific king mackerel,1978,455.0
Sri Lanka,taxon,Indo-Pacific king mackerel,1979,558.0
Sri Lanka,taxon,Indo-Pacific king mackerel,1980,1912.7
Sri Lanka,taxon,Indo-Pacific king mackerel,1981,1895.8
Sri Lanka,taxon,Indo-Pacific king mackerel,1982,1649.6
Sri Lanka,taxon,Indo-Pacific king mackerel,1983,1925.0
Sri Lanka,taxon,Indo-Pacific king mackerel,1984,1932.7
Sri Lanka,taxon,Indo-Pacific king mackerel,1985,1920.3
Sri Lanka,taxon,Indo-Pacific king mackerel,1986,406.0
Sri Lanka,taxon,Indo-Pacific king mackerel,1987,425.8
Sri Lanka,taxon,Indo-Pacific king mackerel,1988,447.2
Sri Lanka,taxon,Indo-Pacific king mackerel,1989,461.0
Sri Lanka,taxon,Indo-Pacific king mackerel,1990,434.3
Sri Lanka,taxon,Indo-Pacific king mackerel,1991,438.0
Sri Lanka,taxon,Indo-Pacific king mackerel,1992,417.5
Sri Lanka,taxon,Indo-Pacific king mackerel,1993,376.7
Sri Lanka,taxon,Indo-Pacific king mackerel,1994,378.0
Sri Lanka,taxon,Indo-Pacific king mackerel,1995,364.0
Sri Lanka,taxon,Indo-Pacific king mackerel,1996,251.0
Sri Lanka,taxon,Indo-Pacific king mackerel,1997,258.7
Sri Lanka,taxon,Indo-Pacific king mackerel,1998,268.6
Sri Lanka,taxon,Indo-Pacific king mackerel,1999,270.2
Sri Lanka,taxon,Indo-Pacific king mackerel,2000,244.3
Sri Lanka,taxon,Indo-Pacific king mackerel,2001,210.8
Sri Lanka,taxon,Indo-Pacific king mackerel,2002,240.5
Sri Lanka,taxon,Indo-Pacific king mackerel,2003,307.0
Sri Lanka,taxon,Indo-Pacific king mackerel,2004,308.0
Sri Lanka,taxon,Indo-Pacific king mackerel,2005,240.0
Sri Lanka,taxon,Indo-Pacific king mackerel,2006,239.0
Sri Lanka,taxon,Indo-Pacific king mackerel,2007,219.0
Sri Lanka,taxon,Indo-Pacific king mackerel,2008,235.0
Sri Lanka,taxon,Indo-Pacific king mackerel,2009,198.0
Sri Lanka,taxon,Indo-Pacific king mackerel,2010,248.0
Sri Lanka,taxon,Indo-Pacific king mackerel,2011,231.0
Sri Lanka,taxon,Indo-Pacific king mackerel,2012,189.0
Sri Lanka,taxon,Indo-Pacific king mackerel,2013,177.0
Sri Lanka,taxon,Indo-Pacific king mackerel,2014,172.0
Sri Lanka,taxon,Indo-Pacific king mackerel,2015,141.0
Sri Lanka,taxon,Indo-Pacific king mackerel,2016,141.0
Sri Lanka,taxon,Indo-Pacific king mackerel,2017,190.3
Sri Lanka,taxon,Indo-Pacific king mackerel,2018,0.6
Sri Lanka,taxon,Indo-Pacific king mackerel,2019,2.4
Sri Lanka,taxon,"Sea catfishes, coblers",1969,1300.0
Sri Lanka,taxon,"Sea catfishes, coblers",1970,1100.0
Sri Lanka,taxon,"Sea catfishes, coblers",1971,800.0
Sri Lanka,taxon,"Sea catfishes, coblers",1972,6600.0
Sri Lanka,taxon,"Sea catfishes, coblers",1973,6000.0
Sri Lanka,taxon,"Sea catfishes, coblers",1974,6400.0
Sri Lanka,taxon,"Sea catfishes, coblers",1975,6237.0
Sri Lanka,taxon,"Crabs, lobsters, shrimps",1981,105.7
Sri Lanka,taxon,"Crabs, lobsters, shrimps",1982,158.1
Sri Lanka,taxon,"Crabs, lobsters, shrimps",1983,172.8
Sri Lanka,taxon,"Crabs, lobsters, shrimps",1984,150.1
Sri Lanka,taxon,"Crabs, lobsters, shrimps",1985,128.0
Sri Lanka,taxon,"Crabs, lobsters, shrimps",1986,150.5
Sri Lanka,taxon,"Crabs, lobsters, shrimps",1987,180.9
Sri Lanka,taxon,"Crabs, lobsters, shrimps",1988,176.2
Sri Lanka,taxon,"Crabs, lobsters, shrimps",1989,167.2
Sri Lanka,taxon,"Crabs, lobsters, shrimps",1990,190.4
Sri Lanka,taxon,"Crabs, lobsters, shrimps",1991,305.6
Sri Lanka,taxon,"Crabs, lobsters, shrimps",1992,305.9
Sri Lanka,taxon,"Crabs, lobsters, shrimps",1993,378.9
Sri Lanka,taxon,"Crabs, lobsters, shrimps",1994,353.8
Sri Lanka,taxon,"Crabs, lobsters, shrimps",1995,425.8
Sri Lanka,taxon,"Crabs, lobsters, shrimps",1996,360.0
Sri Lanka,taxon,"Crabs, lobsters, shrimps",1997,474.5
Sri Lanka,taxon,"Crabs, lobsters, shrimps",1998,528.6
Sri Lanka,taxon,"Crabs, lobsters, shrimps",1999,509.8
Sri Lanka,taxon,"Crabs, lobsters, shrimps",2000,590.2
Sri Lanka,taxon,"Crabs, lobsters, shrimps",2001,528.4
Sri Lanka,taxon,"Crabs, lobsters, shrimps",2002,777.2
Sri Lanka,taxon,"Crabs, lobsters, shrimps",2003,883.9
Sri Lanka,taxon,"Crabs, lobsters, shrimps",2004,875.4
Sri Lanka,taxon,"Crabs, lobsters, shrimps",2005,821.3
Sri Lanka,taxon,"Crabs, lobsters, shrimps",2006,1096.2
Sri Lanka,taxon,"Crabs, lobsters, shrimps",2007,973.6
Sri Lanka,taxon,"Crabs, lobsters, shrimps",2008,1260.3
Sri Lanka,taxon,"Crabs, lobsters, shrimps",2009,1355.3
Sri Lanka,taxon,"Crabs, lobsters, shrimps",2010,1554.3
Sri Lanka,taxon,"Crabs, lobsters, shrimps",2011,1568.9
Sri Lanka,taxon,"Crabs, lobsters, shrimps",2012,1443.8
Sri Lanka,taxon,"Crabs, lobsters, shrimps",2013,981.7
Sri Lanka,taxon,"Crabs, lobsters, shrimps",2014,1075.2
Sri Lanka,taxon,"Crabs, lobsters, shrimps",2015,1133.8
Sri Lanka,taxon,"Crabs, lobsters, shrimps",2016,1458.0
Sri Lanka,taxon,"Crabs, lobsters, shrimps",2017,1217.1
Sri Lanka,taxon,"Crabs, lobsters, shrimps",2018,1609.6
Sri Lanka,taxon,"Crabs, lobsters, shrimps",2019,1870.9
Sri Lanka,taxon,Yellowfin tuna,1954,167.1
Sri Lanka,taxon,Yellowfin tuna,1955,1211.9
Sri Lanka,taxon,Yellowfin tuna,1956,1601.9
Sri Lanka,taxon,Yellowfin tuna,1957,421.1
Sri Lanka,taxon,Yellowfin tuna,1958,506.4
Sri Lanka,taxon,Yellowfin tuna,1959,728.3
Sri Lanka,taxon,Yellowfin tuna,1960,806.7
Sri Lanka,taxon,Yellowfin tuna,1961,946.3
Sri Lanka,taxon,Yellowfin tuna,1962,809.9
Sri Lanka,taxon,Yellowfin tuna,1963,697.6
Sri Lanka,taxon,Yellowfin tuna,1964,795.9
Sri Lanka,taxon,Yellowfin tuna,1965,523.8
Sri Lanka,taxon,Yellowfin tuna,1966,1398.2
Sri Lanka,taxon,Yellowfin tuna,1967,636.2
Sri Lanka,taxon,Yellowfin tuna,1968,2945.4
Sri Lanka,taxon,Yellowfin tuna,1969,1850.9
Sri Lanka,taxon,Yellowfin tuna,1970,181.0
Sri Lanka,taxon,Yellowfin tuna,1971,929.0
Sri Lanka,taxon,Yellowfin tuna,1972,223.0
Sri Lanka,taxon,Yellowfin tuna,1973,172.0
Sri Lanka,taxon,Yellowfin tuna,1974,163.0
Sri Lanka,taxon,Yellowfin tuna,1975,843.2
Sri Lanka,taxon,Yellowfin tuna,1976,165.7
Sri Lanka,taxon,Yellowfin tuna,1977,195.2
Sri Lanka,taxon,Yellowfin tuna,1978,199.7
Sri Lanka,taxon,Yellowfin tuna,1979,136.2
Sri Lanka,taxon,Yellowfin tuna,1980,62.3
Sri Lanka,taxon,Yellowfin tuna,1981,0.6
Sri Lanka,taxon,Yellowfin tuna,1982,0.9
Sri Lanka,taxon,Yellowfin tuna,1983,17.2
Sri Lanka,taxon,Yellowfin tuna,1984,26.7
Sri Lanka,taxon,Yellowfin tuna,1985,56.3
Sri Lanka,taxon,Yellowfin tuna,1986,17.8
Sri Lanka,taxon,Yellowfin tuna,1987,5.0
Sri Lanka,taxon,Yellowfin tuna,1988,2.9
Sri Lanka,taxon,Yellowfin tuna,1989,0.7
Sri Lanka,taxon,Yellowfin tuna,1990,0.4
Sri Lanka,taxon,Yellowfin tuna,1991,1.2
Sri Lanka,taxon,Yellowfin tuna,1992,0.7
Sri Lanka,taxon,Yellowfin tuna,1993,15.6
Sri Lanka,taxon,Yellowfin tuna,1994,1.3
Sri Lanka,taxon,Yellowfin tuna,1995,10.4
Sri Lanka,taxon,Yellowfin tuna,1996,0.8
Sri Lanka,taxon,Yellowfin tuna,1997,0.9
Sri Lanka,taxon,Yellowfin tuna,1998,7.1
Sri Lanka,taxon,Yellowfin tuna,1999,51.8
Sri Lanka,taxon,Yellowfin tuna,2000,111.3
Sri Lanka,taxon,Yellowfin tuna,2001,484.8
Sri Lanka,taxon,Yellowfin tuna,2002,252.7
Sri Lanka,taxon,Yellowfin tuna,2003,195.4
Sri Lanka,taxon,Yellowfin tuna,2004,421.4
Sri Lanka,taxon,Yellowfin tuna,2005,918.3
Sri Lanka,taxon,Yellowfin tuna,2006,205.6
Sri Lanka,taxon,Yellowfin tuna,2007,181.4
Sri Lanka,taxon,Yellowfin tuna,2008,123.3
Sri Lanka,taxon,Yellowfin tuna,2009,27.9
Sri Lanka,taxon,Yellowfin tuna,2010,162.3
Sri Lanka,taxon,Yellowfin tuna,2011,118.9
Sri Lanka,taxon,Yellowfin tuna,2012,22.7
Sri Lanka,taxon,Yellowfin tuna,2013,8.0
Sri Lanka,taxon,Yellowfin tuna,2014,107.4
Sri Lanka,taxon,Yellowfin tuna,2015,244.4
Sri Lanka,taxon,Yellowfin tuna,2016,175.1
Sri Lanka,taxon,Yellowfin tuna,2017,459.5
Sri Lanka,taxon,Yellowfin tuna,2018,1748.7
Sri Lanka,taxon,Yellowfin tuna,2019,1013.2
Sri Lanka,taxon,"Batoids, skates, rays, sawfishes",1981,175.7
Sri Lanka,taxon,"Batoids, skates, rays, sawfishes",1982,184.0
Sri Lanka,taxon,"Batoids, skates, rays, sawfishes",1983,286.9
Sri Lanka,taxon,"Batoids, skates, rays, sawfishes",1984,220.8
Sri Lanka,taxon,"Batoids, skates, rays, sawfishes",1985,174.1
Sri Lanka,taxon,"Batoids, skates, rays, sawfishes",1986,184.0
Sri Lanka,taxon,"Batoids, skates, rays, sawfishes",1987,367.0
Sri Lanka,taxon,"Batoids, skates, rays, sawfishes",1988,301.7
Sri Lanka,taxon,"Batoids, skates, rays, sawfishes",1989,315.0
Sri Lanka,taxon,"Batoids, skates, rays, sawfishes",1990,303.0
Sri Lanka,taxon,"Batoids, skates, rays, sawfishes",1991,325.5
Sri Lanka,taxon,"Batoids, skates, rays, sawfishes",1992,317.4
Sri Lanka,taxon,"Batoids, skates, rays, sawfishes",1993,431.3
Sri Lanka,taxon,"Batoids, skates, rays, sawfishes",1994,394.5
Sri Lanka,taxon,"Batoids, skates, rays, sawfishes",1995,482.8
Sri Lanka,taxon,"Batoids, skates, rays, sawfishes",1996,553.5
Sri Lanka,taxon,"Batoids, skates, rays, sawfishes",1997,752.6
Sri Lanka,taxon,"Batoids, skates, rays, sawfishes",1998,692.7
Sri Lanka,taxon,"Batoids, skates, rays, sawfishes",1999,679.5
Sri Lanka,taxon,"Batoids, skates, rays, sawfishes",2000,703.3
Sri Lanka,taxon,"Batoids, skates, rays, sawfishes",2001,664.9
Sri Lanka,taxon,"Batoids, skates, rays, sawfishes",2002,683.3
Sri Lanka,taxon,"Batoids, skates, rays, sawfishes",2003,962.4
Sri Lanka,taxon,"Batoids, skates, rays, sawfishes",2004,741.1
Sri Lanka,taxon,"Batoids, skates, rays, sawfishes",2005,654.5
Sri Lanka,taxon,"Batoids, skates, rays, sawfishes",2006,722.3
Sri Lanka,taxon,"Batoids, skates, rays, sawfishes",2007,670.5
Sri Lanka,taxon,"Batoids, skates, rays, sawfishes",2008,736.7
Sri Lanka,taxon,"Batoids, skates, rays, sawfishes",2009,925.2
Sri Lanka,taxon,"Batoids, skates, rays, sawfishes",2010,858.0
Sri Lanka,taxon,"Batoids, skates, rays, sawfishes",2011,1094.7
Sri Lanka,taxon,"Batoids, skates, rays, sawfishes",2012,1224.1
Sri Lanka,taxon,"Batoids, skates, rays, sawfishes",2013,921.9
Sri Lanka,taxon,"Batoids, skates, rays, sawfishes",2014,636.8
Sri Lanka,taxon,"Batoids, skates, rays, sawfishes",2015,980.8
Sri Lanka,taxon,"Batoids, skates, rays, sawfishes",2016,887.7
Sri Lanka,taxon,"Batoids, skates, rays, sawfishes",2017,636.5
Sri Lanka,taxon,"Batoids, skates, rays, sawfishes",2018,600.3
Sri Lanka,taxon,"Batoids, skates, rays, sawfishes",2019,893.5
Sri Lanka,taxon,Hammerhead sharks,1950,103.0
Sri Lanka,taxon,Hammerhead sharks,1951,168.5
Sri Lanka,taxon,Hammerhead sharks,1952,124.9
Sri Lanka,taxon,Hammerhead sharks,1953,81.3
Sri Lanka,taxon,Hammerhead sharks,1954,156.0
Sri Lanka,taxon,Hammerhead sharks,1955,125.8
Sri Lanka,taxon,Hammerhead sharks,1956,151.0
Sri Lanka,taxon,Hammerhead sharks,1957,196.3
Sri Lanka,taxon,Hammerhead sharks,1958,216.4
Sri Lanka,taxon,Hammerhead sharks,1959,216.4
Sri Lanka,taxon,Hammerhead sharks,1960,251.7
Sri Lanka,taxon,Hammerhead sharks,1961,251.7
Sri Lanka,taxon,Hammerhead sharks,1962,402.7
Sri Lanka,taxon,Hammerhead sharks,1963,402.7
Sri Lanka,taxon,Hammerhead sharks,1964,453.0
Sri Lanka,taxon,Hammerhead sharks,1965,402.7
Sri Lanka,taxon,Hammerhead sharks,1966,402.7
Sri Lanka,taxon,Hammerhead sharks,1967,483.2
Sri Lanka,taxon,Hammerhead sharks,1968,485.0
Sri Lanka,taxon,Hammerhead sharks,1969,536.9
Sri Lanka,taxon,Hammerhead sharks,1970,473.2
Sri Lanka,taxon,Hammerhead sharks,1971,372.5
Sri Lanka,taxon,Hammerhead sharks,1972,476.1
Sri Lanka,taxon,Hammerhead sharks,1973,674.5
Sri Lanka,taxon,Hammerhead sharks,1974,594.0
Sri Lanka,taxon,Hammerhead sharks,1975,493.3
Sri Lanka,taxon,Hammerhead sharks,1976,588.9
Sri Lanka,taxon,Hammerhead sharks,1977,427.9
Sri Lanka,taxon,Hammerhead sharks,1978,473.2
Sri Lanka,taxon,Hammerhead sharks,1979,483.2
Sri Lanka,taxon,Hammerhead sharks,1980,533.6
Sri Lanka,taxon,Hammerhead sharks,1981,737.3
Sri Lanka,taxon,Hammerhead sharks,1982,500.4
Sri Lanka,taxon,Hammerhead sharks,1983,376.7
Sri Lanka,taxon,Hammerhead sharks,1984,403.4
Sri Lanka,taxon,Hammerhead sharks,1985,259.4
Sri Lanka,taxon,Hammerhead sharks,1986,249.6
Sri Lanka,taxon,Hammerhead sharks,1987,216.8
Sri Lanka,taxon,Hammerhead sharks,1988,197.4
Sri Lanka,taxon,Hammerhead sharks,1989,296.1
Sri Lanka,taxon,Hammerhead sharks,1990,167.4
Sri Lanka,taxon,Hammerhead sharks,1991,197.2
Sri Lanka,taxon,Hammerhead sharks,1992,168.7
Sri Lanka,taxon,Hammerhead sharks,1993,276.4
Sri Lanka,taxon,Hammerhead sharks,1994,264.5
Sri Lanka,taxon,Hammerhead sharks,1995,179.1
Sri Lanka,taxon,Hammerhead sharks,1996,186.3
Sri Lanka,taxon,Hammerhead sharks,1997,64.3
Sri Lanka,taxon,Hammerhead sharks,1998,128.3
Sri Lanka,taxon,Hammerhead sharks,1999,57.1
Sri Lanka,taxon,Hammerhead sharks,2000,49.8
Sri Lanka,taxon,Hammerhead sharks,2001,131.5
Sri Lanka,taxon,Hammerhead sharks,2002,219.0
Sri Lanka,taxon,Hammerhead sharks,2003,81.6
Sri Lanka,taxon,Hammerhead sharks,2004,145.6
Sri Lanka,taxon,Hammerhead sharks,2005,51.3
Sri Lanka,taxon,Hammerhead sharks,2006,57.4
Sri Lanka,taxon,Hammerhead sharks,2007,24.8
Sri Lanka,taxon,Hammerhead sharks,2008,26.3
Sri Lanka,taxon,Hammerhead sharks,2009,43.0
Sri Lanka,taxon,Hammerhead sharks,2010,38.3
Sri Lanka,taxon,Hammerhead sharks,2011,16.7
Sri Lanka,taxon,Hammerhead sharks,2012,27.6
Sri Lanka,taxon,Hammerhead sharks,2013,29.1
Sri Lanka,taxon,Hammerhead sharks,2014,37.7
Sri Lanka,taxon,Hammerhead sharks,2015,33.9
Sri Lanka,taxon,Hammerhead sharks,2016,49.8
Sri Lanka,taxon,Hammerhead sharks,2017,34.1
Sri Lanka,taxon,Hammerhead sharks,2018,0.3
Sri Lanka,taxon,Hammerhead sharks,2019,31.1
Sri Lanka,taxon,Longlegged spiny lobster,1950,16.2
Sri Lanka,taxon,Longlegged spiny lobster,1951,16.2
Sri Lanka,taxon,Longlegged spiny lobster,1952,19.4
Sri Lanka,taxon,Longlegged spiny lobster,1953,22.7
Sri Lanka,taxon,Longlegged spiny lobster,1954,38.9
Sri Lanka,taxon,Longlegged spiny lobster,1955,32.4
Sri Lanka,taxon,Longlegged spiny lobster,1956,48.6
Sri Lanka,taxon,Longlegged spiny lobster,1957,42.1
Sri Lanka,taxon,Longlegged spiny lobster,1958,68.0
Sri Lanka,taxon,Longlegged spiny lobster,1959,61.6
Sri Lanka,taxon,Longlegged spiny lobster,1960,64.8
Sri Lanka,taxon,Longlegged spiny lobster,1961,58.3
Sri Lanka,taxon,Longlegged spiny lobster,1962,97.2
Sri Lanka,taxon,Longlegged spiny lobster,1963,77.8
Sri Lanka,taxon,Longlegged spiny lobster,1964,158.8
Sri Lanka,taxon,Longlegged spiny lobster,1965,87.5
Sri Lanka,taxon,Longlegged spiny lobster,1966,103.7
Sri Lanka,taxon,Longlegged spiny lobster,1967,113.4
Sri Lanka,taxon,Longlegged spiny lobster,1968,84.2
Sri Lanka,taxon,Longlegged spiny lobster,1969,129.6
Sri Lanka,taxon,Longlegged spiny lobster,1970,113.4
Sri Lanka,taxon,Longlegged spiny lobster,1971,103.7
Sri Lanka,taxon,Longlegged spiny lobster,1972,119.9
Sri Lanka,taxon,Longlegged spiny lobster,1973,106.9
Sri Lanka,taxon,Longlegged spiny lobster,1974,171.7
Sri Lanka,taxon,Longlegged spiny lobster,1975,200.6
Sri Lanka,taxon,Longlegged spiny lobster,1976,231.6
Sri Lanka,taxon,Longlegged spiny lobster,1977,197.3
Sri Lanka,taxon,Longlegged spiny lobster,1978,235.5
Sri Lanka,taxon,Longlegged spiny lobster,1979,177.7
Sri Lanka,taxon,Longlegged spiny lobster,1980,160.4
Sri Lanka,taxon,Longlegged spiny lobster,1981,232.6
Sri Lanka,taxon,Longlegged spiny lobster,1982,323.6
Sri Lanka,taxon,Longlegged spiny lobster,1983,248.9
Sri Lanka,taxon,Longlegged spiny lobster,1984,241.8
Sri Lanka,taxon,Longlegged spiny lobster,1985,155.0
Sri Lanka,taxon,Longlegged spiny lobster,1986,159.4
Sri Lanka,taxon,Longlegged spiny lobster,1987,164.9
Sri Lanka,taxon,Longlegged spiny lobster,1988,171.4
Sri Lanka,taxon,Longlegged spiny lobster,1989,173.9
Sri Lanka,taxon,Longlegged spiny lobster,1990,165.2
Sri Lanka,taxon,Longlegged spiny lobster,1991,193.3
Sri Lanka,taxon,Longlegged spiny lobster,1992,252.2
Sri Lanka,taxon,Longlegged spiny lobster,1993,246.2
Sri Lanka,taxon,Longlegged spiny lobster,1994,112.5
Sri Lanka,taxon,Longlegged spiny lobster,1995,239.4
Sri Lanka,taxon,Longlegged spiny lobster,1996,207.2
Sri Lanka,taxon,Longlegged spiny lobster,1997,205.4
Sri Lanka,taxon,Longlegged spiny lobster,1998,251.7
Sri Lanka,taxon,Longlegged spiny lobster,1999,165.6
Sri Lanka,taxon,Longlegged spiny lobster,2000,335.9
Sri Lanka,taxon,Longlegged spiny lobster,2001,379.9
Sri Lanka,taxon,Longlegged spiny lobster,2002,267.3
Sri Lanka,taxon,Longlegged spiny lobster,2003,759.0
Sri Lanka,taxon,Longlegged spiny lobster,2004,477.0
Sri Lanka,taxon,Longlegged spiny lobster,2005,38.2
Sri Lanka,taxon,Longlegged spiny lobster,2006,120.3
Sri Lanka,taxon,Longlegged spiny lobster,2007,192.0
Sri Lanka,taxon,Longlegged spiny lobster,2008,276.0
Sri Lanka,taxon,Longlegged spiny lobster,2009,309.3
Sri Lanka,taxon,Longlegged spiny lobster,2010,371.6
Sri Lanka,taxon,Longlegged spiny lobster,2011,283.7
Sri Lanka,taxon,Longlegged spiny lobster,2012,343.5
Sri Lanka,taxon,Longlegged spiny lobster,2013,434.4
Sri Lanka,taxon,Longlegged spiny lobster,2014,746.7
Sri Lanka,taxon,Longlegged spiny lobster,2015,712.0
Sri Lanka,taxon,Longlegged spiny lobster,2016,873.0
Sri Lanka,taxon,Longlegged spiny lobster,2017,695.2
Sri Lanka,taxon,Longlegged spiny lobster,2018,711.6
Sri Lanka,taxon,Longlegged spiny lobster,2019,726.3
Sri Lanka,taxon,Scalloped spiny lobster,1950,16.2
Sri Lanka,taxon,Scalloped spiny lobster,1951,16.2
Sri Lanka,taxon,Scalloped spiny lobster,1952,19.4
Sri Lanka,taxon,Scalloped spiny lobster,1953,22.7
Sri Lanka,taxon,Scalloped spiny lobster,1954,38.9
Sri Lanka,taxon,Scalloped spiny lobster,1955,32.4
Sri Lanka,taxon,Scalloped spiny lobster,1956,48.6
Sri Lanka,taxon,Scalloped spiny lobster,1957,42.1
Sri Lanka,taxon,Scalloped spiny lobster,1958,68.0
Sri Lanka,taxon,Scalloped spiny lobster,1959,61.6
Sri Lanka,taxon,Scalloped spiny lobster,1960,64.8
Sri Lanka,taxon,Scalloped spiny lobster,1961,58.3
Sri Lanka,taxon,Scalloped spiny lobster,1962,97.2
Sri Lanka,taxon,Scalloped spiny lobster,1963,77.8
Sri Lanka,taxon,Scalloped spiny lobster,1964,158.8
Sri Lanka,taxon,Scalloped spiny lobster,1965,87.5
Sri Lanka,taxon,Scalloped spiny lobster,1966,103.7
Sri Lanka,taxon,Scalloped spiny lobster,1967,113.4
Sri Lanka,taxon,Scalloped spiny lobster,1968,84.2
Sri Lanka,taxon,Scalloped spiny lobster,1969,129.6
Sri Lanka,taxon,Scalloped spiny lobster,1970,113.4
Sri Lanka,taxon,Scalloped spiny lobster,1971,103.7
Sri Lanka,taxon,Scalloped spiny lobster,1972,119.9
Sri Lanka,taxon,Scalloped spiny lobster,1973,106.9
Sri Lanka,taxon,Scalloped spiny lobster,1974,171.7
Sri Lanka,taxon,Scalloped spiny lobster,1975,200.6
Sri Lanka,taxon,Scalloped spiny lobster,1976,231.6
Sri Lanka,taxon,Scalloped spiny lobster,1977,197.3
Sri Lanka,taxon,Scalloped spiny lobster,1978,235.5
Sri Lanka,taxon,Scalloped spiny lobster,1979,177.7
Sri Lanka,taxon,Scalloped spiny lobster,1980,160.4
Sri Lanka,taxon,Scalloped spiny lobster,1981,232.6
Sri Lanka,taxon,Scalloped spiny lobster,1982,323.6
Sri Lanka,taxon,Scalloped spiny lobster,1983,248.9
Sri Lanka,taxon,Scalloped spiny lobster,1984,241.8
Sri Lanka,taxon,Scalloped spiny lobster,1985,155.0
Sri Lanka,taxon,Scalloped spiny lobster,1986,159.4
Sri Lanka,taxon,Scalloped spiny lobster,1987,164.9
Sri Lanka,taxon,Scalloped spiny lobster,1988,171.4
Sri Lanka,taxon,Scalloped spiny lobster,1989,173.9
Sri Lanka,taxon,Scalloped spiny lobster,1990,165.2
Sri Lanka,taxon,Scalloped spiny lobster,1991,193.3
Sri Lanka,taxon,Scalloped spiny lobster,1992,252.2
Sri Lanka,taxon,Scalloped spiny lobster,1993,246.2
Sri Lanka,taxon,Scalloped spiny lobster,1994,112.5
Sri Lanka,taxon,Scalloped spiny lobster,1995,239.4
Sri Lanka,taxon,Scalloped spiny lobster,1996,207.2
Sri Lanka,taxon,Scalloped spiny lobster,1997,205.4
Sri Lanka,taxon,Scalloped spiny lobster,1998,251.7
Sri Lanka,taxon,Scalloped spiny lobster,1999,165.6
Sri Lanka,taxon,Scalloped spiny lobster,2000,335.9
Sri Lanka,taxon,Scalloped spiny lobster,2001,379.9
Sri Lanka,taxon,Scalloped spiny lobster,2002,267.3
Sri Lanka,taxon,Scalloped spiny lobster,2003,759.0
Sri Lanka,taxon,Scalloped spiny lobster,2004,477.0
Sri Lanka,taxon,Scalloped spiny lobster,2005,38.2
Sri Lanka,taxon,Scalloped spiny lobster,2006,120.3
Sri Lanka,taxon,Scalloped spiny lobster,2007,192.0
Sri Lanka,taxon,Scalloped spiny lobster,2008,276.0
Sri Lanka,taxon,Scalloped spiny lobster,2009,309.3
Sri Lanka,taxon,Scalloped spiny lobster,2010,371.6
Sri Lanka,taxon,Scalloped spiny lobster,2011,283.7
Sri Lanka,taxon,Scalloped spiny lobster,2012,343.5
Sri Lanka,taxon,Scalloped spiny lobster,2013,434.4
Sri Lanka,taxon,Scalloped spiny lobster,2014,746.7
Sri Lanka,taxon,Scalloped spiny lobster,2015,712.0
Sri Lanka,taxon,Scalloped spiny lobster,2016,873.0
Sri Lanka,taxon,Scalloped spiny lobster,2017,695.2
Sri Lanka,taxon,Scalloped spiny lobster,2018,711.6
Sri Lanka,taxon,Scalloped spiny lobster,2019,726.3
Sri Lanka,taxon,Requiem sharks,1950,89.3
Sri Lanka,taxon,Requiem sharks,1951,146.1
Sri Lanka,taxon,Requiem sharks,1952,108.2
Sri Lanka,taxon,Requiem sharks,1953,70.5
Sri Lanka,taxon,Requiem sharks,1954,135.2
Sri Lanka,taxon,Requiem sharks,1955,109.1
Sri Lanka,taxon,Requiem sharks,1956,130.9
Sri Lanka,taxon,Requiem sharks,1957,170.1
Sri Lanka,taxon,Requiem sharks,1958,187.6
Sri Lanka,taxon,Requiem sharks,1959,187.6
Sri Lanka,taxon,Requiem sharks,1960,218.1
Sri Lanka,taxon,Requiem sharks,1961,218.1
Sri Lanka,taxon,Requiem sharks,1962,349.0
Sri Lanka,taxon,Requiem sharks,1963,349.0
Sri Lanka,taxon,Requiem sharks,1964,392.6
Sri Lanka,taxon,Requiem sharks,1965,349.0
Sri Lanka,taxon,Requiem sharks,1966,349.0
Sri Lanka,taxon,Requiem sharks,1967,418.8
Sri Lanka,taxon,Requiem sharks,1968,420.4
Sri Lanka,taxon,Requiem sharks,1969,465.3
Sri Lanka,taxon,Requiem sharks,1970,410.1
Sri Lanka,taxon,Requiem sharks,1971,322.8
Sri Lanka,taxon,Requiem sharks,1972,412.6
Sri Lanka,taxon,Requiem sharks,1973,584.6
Sri Lanka,taxon,Requiem sharks,1974,514.8
Sri Lanka,taxon,Requiem sharks,1975,427.5
Sri Lanka,taxon,Requiem sharks,1976,510.4
Sri Lanka,taxon,Requiem sharks,1977,370.8
Sri Lanka,taxon,Requiem sharks,1978,410.1
Sri Lanka,taxon,Requiem sharks,1979,418.8
Sri Lanka,taxon,Requiem sharks,1980,462.4
Sri Lanka,taxon,Requiem sharks,1981,639.0
Sri Lanka,taxon,Requiem sharks,1982,433.7
Sri Lanka,taxon,Requiem sharks,1983,326.5
Sri Lanka,taxon,Requiem sharks,1984,349.6
Sri Lanka,taxon,Requiem sharks,1985,224.8
Sri Lanka,taxon,Requiem sharks,1986,216.3
Sri Lanka,taxon,Requiem sharks,1987,187.9
Sri Lanka,taxon,Requiem sharks,1988,171.1
Sri Lanka,taxon,Requiem sharks,1989,256.6
Sri Lanka,taxon,Requiem sharks,1990,145.1
Sri Lanka,taxon,Requiem sharks,1991,170.9
Sri Lanka,taxon,Requiem sharks,1992,146.2
Sri Lanka,taxon,Requiem sharks,1993,239.5
Sri Lanka,taxon,Requiem sharks,1994,229.2
Sri Lanka,taxon,Requiem sharks,1995,155.2
Sri Lanka,taxon,Requiem sharks,1996,161.5
Sri Lanka,taxon,Requiem sharks,1997,55.7
Sri Lanka,taxon,Requiem sharks,1998,111.2
Sri Lanka,taxon,Requiem sharks,1999,49.5
Sri Lanka,taxon,Requiem sharks,2000,43.2
Sri Lanka,taxon,Requiem sharks,2001,114.0
Sri Lanka,taxon,Requiem sharks,2002,189.8
Sri Lanka,taxon,Requiem sharks,2003,70.7
Sri Lanka,taxon,Requiem sharks,2004,126.2
Sri Lanka,taxon,Requiem sharks,2005,44.5
Sri Lanka,taxon,Requiem sharks,2006,49.8
Sri Lanka,taxon,Requiem sharks,2007,21.5
Sri Lanka,taxon,Requiem sharks,2008,22.8
Sri Lanka,taxon,Requiem sharks,2009,37.3
Sri Lanka,taxon,Requiem sharks,2010,33.2
Sri Lanka,taxon,Requiem sharks,2011,14.5
Sri Lanka,taxon,Requiem sharks,2012,23.9
Sri Lanka,taxon,Requiem sharks,2013,25.2
Sri Lanka,taxon,Requiem sharks,2014,32.7
Sri Lanka,taxon,Requiem sharks,2015,29.4
Sri Lanka,taxon,Requiem sharks,2016,43.2
Sri Lanka,taxon,Requiem sharks,2017,29.5
Sri Lanka,taxon,Requiem sharks,2019,26.8
Sri Lanka,taxon,Bigeye tuna,1954,12.6
Sri Lanka,taxon,Bigeye tuna,1955,94.6
Sri Lanka,taxon,Bigeye tuna,1956,128.6
Sri Lanka,taxon,Bigeye tuna,1957,98.5
Sri Lanka,taxon,Bigeye tuna,1958,202.1
Sri Lanka,taxon,Bigeye tuna,1959,128.9
Sri Lanka,taxon,Bigeye tuna,1960,154.3
Sri Lanka,taxon,Bigeye tuna,1961,181.0
Sri Lanka,taxon,Bigeye tuna,1962,196.9
Sri Lanka,taxon,Bigeye tuna,1963,222.8
Sri Lanka,taxon,Bigeye tuna,1964,225.9
Sri Lanka,taxon,Bigeye tuna,1965,230.7
Sri Lanka,taxon,Bigeye tuna,1966,603.8
Sri Lanka,taxon,Bigeye tuna,1967,340.4
Sri Lanka,taxon,Bigeye tuna,1968,1099.5
Sri Lanka,taxon,Bigeye tuna,1969,395.3
Sri Lanka,taxon,Bigeye tuna,1970,114.9
Sri Lanka,taxon,Bigeye tuna,1971,756.6
Sri Lanka,taxon,Bigeye tuna,1972,142.4
Sri Lanka,taxon,Bigeye tuna,1973,183.7
Sri Lanka,taxon,Bigeye tuna,1974,176.2
Sri Lanka,taxon,Bigeye tuna,1975,383.0
Sri Lanka,taxon,Bigeye tuna,1976,252.3
Sri Lanka,taxon,Bigeye tuna,1977,262.3
Sri Lanka,taxon,Bigeye tuna,1978,363.6
Sri Lanka,taxon,Bigeye tuna,1979,191.1
Sri Lanka,taxon,Bigeye tuna,1980,96.0
Sri Lanka,taxon,Bigeye tuna,1983,0.1
Sri Lanka,taxon,Bigeye tuna,1984,0.1
Sri Lanka,taxon,Bigeye tuna,1985,0.2
Sri Lanka,taxon,Bigeye tuna,1986,0.0
Sri Lanka,taxon,Bigeye tuna,1987,0.0
Sri Lanka,taxon,Bigeye tuna,1988,0.0
Sri Lanka,taxon,Bigeye tuna,1989,0.0
Sri Lanka,taxon,Bigeye tuna,1990,0.0
Sri Lanka,taxon,Bigeye tuna,1991,0.0
Sri Lanka,taxon,Bigeye tuna,1992,1.3
Sri Lanka,taxon,Bigeye tuna,1993,0.0
Sri Lanka,taxon,Bigeye tuna,1994,1.1
Sri Lanka,taxon,Bigeye tuna,1999,21.0
Sri Lanka,taxon,Bigeye tuna,2000,202.6
Sri Lanka,taxon,Bigeye tuna,2001,753.6
Sri Lanka,taxon,Bigeye tuna,2002,452.5
Sri Lanka,taxon,Bigeye tuna,2003,376.6
Sri Lanka,taxon,Bigeye tuna,2004,609.0
Sri Lanka,taxon,Bigeye tuna,2005,723.8
Sri Lanka,taxon,Bigeye tuna,2006,158.6
Sri Lanka,taxon,Bigeye tuna,2007,122.9
Sri Lanka,taxon,Bigeye tuna,2008,282.4
Sri Lanka,taxon,Bigeye tuna,2012,0.8
Sri Lanka,taxon,Bigeye tuna,2013,0.0
Sri Lanka,taxon,Bigeye tuna,2014,158.9
Sri Lanka,taxon,Bigeye tuna,2015,289.6
Sri Lanka,taxon,Bigeye tuna,2016,116.3
Sri Lanka,taxon,Bigeye tuna,2017,562.7
Sri Lanka,taxon,Bigeye tuna,2018,1127.3
Sri Lanka,taxon,Bigeye tuna,2019,1119.4
Sri Lanka,taxon,Goatfishes,1974,2.2
Sri Lanka,taxon,Goatfishes,1975,4.4
Sri Lanka,taxon,Goatfishes,1976,3.5
Sri Lanka,taxon,Goatfishes,1977,4.3
Sri Lanka,taxon,Goatfishes,1978,11.1
Sri Lanka,taxon,Goatfishes,1979,11.5
Sri Lanka,taxon,Goatfishes,1980,12.1
Sri Lanka,taxon,Goatfishes,1981,15.1
Sri Lanka,taxon,Goatfishes,1982,26.4
Sri Lanka,taxon,Goatfishes,1983,38.2
Sri Lanka,taxon,Goatfishes,1984,28.7
Sri Lanka,taxon,Goatfishes,1985,45.4
Sri Lanka,taxon,Goatfishes,1986,59.2
Sri Lanka,taxon,Goatfishes,1987,105.4
Sri Lanka,taxon,Goatfishes,1988,198.0
Sri Lanka,taxon,Goatfishes,1989,169.1
Sri Lanka,taxon,Goatfishes,1990,199.0
Sri Lanka,taxon,Goatfishes,1991,220.8
Sri Lanka,taxon,Goatfishes,1992,137.4
Sri Lanka,taxon,Goatfishes,1993,163.0
Sri Lanka,taxon,Goatfishes,1994,184.7
Sri Lanka,taxon,Goatfishes,1995,137.1
Sri Lanka,taxon,Goatfishes,1996,154.8
Sri Lanka,taxon,Goatfishes,1997,176.2
Sri Lanka,taxon,Goatfishes,1998,223.2
Sri Lanka,taxon,Goatfishes,1999,396.8
Sri Lanka,taxon,Goatfishes,2000,301.8
Sri Lanka,taxon,Goatfishes,2001,233.7
Sri Lanka,taxon,Goatfishes,2002,285.3
Sri Lanka,taxon,Goatfishes,2003,309.3
Sri Lanka,taxon,Goatfishes,2004,408.9
Sri Lanka,taxon,Goatfishes,2005,443.6
Sri Lanka,taxon,Goatfishes,2006,427.2
Sri Lanka,taxon,Goatfishes,2007,452.6
Sri Lanka,taxon,Goatfishes,2008,595.7
Sri Lanka,taxon,Goatfishes,2009,920.1
Sri Lanka,taxon,Goatfishes,2010,1027.6
Sri Lanka,taxon,Goatfishes,2011,907.7
Sri Lanka,taxon,Goatfishes,2012,885.4
Sri Lanka,taxon,Goatfishes,2013,650.2
Sri Lanka,taxon,Goatfishes,2014,364.5
Sri Lanka,taxon,Goatfishes,2015,769.2
Sri Lanka,taxon,Goatfishes,2016,717.8
Sri Lanka,taxon,Goatfishes,2017,556.1
Sri Lanka,taxon,Goatfishes,2018,533.1
Sri Lanka,taxon,Goatfishes,2019,791.5
Sri Lanka,taxon,Catfishes,1974,11.5
Sri Lanka,taxon,Catfishes,1975,17.3
Sri Lanka,taxon,Catfishes,1976,17.5
Sri Lanka,taxon,Catfishes,1977,37.0
Sri Lanka,taxon,Catfishes,1978,22.2
Sri Lanka,taxon,Catfishes,1979,27.3
Sri Lanka,taxon,Catfishes,1980,27.4
Sri Lanka,taxon,Catfishes,1981,62.4
Sri Lanka,taxon,Catfishes,1982,83.9
Sri Lanka,taxon,Catfishes,1983,59.8
Sri Lanka,taxon,Catfishes,1984,82.4
Sri Lanka,taxon,Catfishes,1985,70.9
Sri Lanka,taxon,Catfishes,1986,66.8
Sri Lanka,taxon,Catfishes,1987,74.8
Sri Lanka,taxon,Catfishes,1988,67.5
Sri Lanka,taxon,Catfishes,1989,92.7
Sri Lanka,taxon,Catfishes,1990,77.5
Sri Lanka,taxon,Catfishes,1991,94.3
Sri Lanka,taxon,Catfishes,1992,114.3
Sri Lanka,taxon,Catfishes,1993,145.5
Sri Lanka,taxon,Catfishes,1994,124.4
Sri Lanka,taxon,Catfishes,1995,131.2
Sri Lanka,taxon,Catfishes,1996,140.7
Sri Lanka,taxon,Catfishes,1997,152.2
Sri Lanka,taxon,Catfishes,1998,168.5
Sri Lanka,taxon,Catfishes,1999,160.2
Sri Lanka,taxon,Catfishes,2000,227.9
Sri Lanka,taxon,Catfishes,2001,205.9
Sri Lanka,taxon,Catfishes,2002,229.9
Sri Lanka,taxon,Catfishes,2003,269.0
Sri Lanka,taxon,Catfishes,2004,269.2
Sri Lanka,taxon,Catfishes,2005,242.1
Sri Lanka,taxon,Catfishes,2006,300.6
Sri Lanka,taxon,Catfishes,2007,358.1
Sri Lanka,taxon,Catfishes,2008,499.6
Sri Lanka,taxon,Catfishes,2009,663.5
Sri Lanka,taxon,Catfishes,2010,531.2
Sri Lanka,taxon,Catfishes,2011,549.6
Sri Lanka,taxon,Catfishes,2012,502.0
Sri Lanka,taxon,Catfishes,2013,455.7
Sri Lanka,taxon,Catfishes,2014,193.7
Sri Lanka,taxon,Catfishes,2015,361.9
Sri Lanka,taxon,Catfishes,2016,465.3
Sri Lanka,taxon,Catfishes,2017,606.4
Sri Lanka,taxon,Catfishes,2018,257.6
Sri Lanka,taxon,Catfishes,2019,530.6
Sri Lanka,taxon,Mackerel sharks,1990,122.0
Sri Lanka,taxon,Mackerel sharks,1991,159.0
Sri Lanka,taxon,Mackerel sharks,1992,232.0
Sri Lanka,taxon,Mackerel sharks,1993,348.0
Sri Lanka,taxon,Mackerel sharks,1994,558.0
Sri Lanka,taxon,Mackerel sharks,1995,588.0
Sri Lanka,taxon,Mackerel sharks,1996,530.0
Sri Lanka,taxon,Mackerel sharks,1997,844.0
Sri Lanka,taxon,Mackerel sharks,1998,734.0
Sri Lanka,taxon,Mackerel sharks,1999,1092.0
Sri Lanka,taxon,Mackerel sharks,2000,917.0
Sri Lanka,taxon,Mackerel sharks,2001,535.0
Sri Lanka,taxon,Mackerel sharks,2002,344.0
Sri Lanka,taxon,Mackerel sharks,2003,536.0
Sri Lanka,taxon,Mackerel sharks,2004,284.0
Sri Lanka,taxon,Mackerel sharks,2005,118.0
Sri Lanka,taxon,Mackerel sharks,2006,94.0
Sri Lanka,taxon,Mackerel sharks,2007,69.0
Sri Lanka,taxon,Mackerel sharks,2008,64.0
Sri Lanka,taxon,Mackerel sharks,2009,71.0
Sri Lanka,taxon,Mackerel sharks,2010,197.0
Sri Lanka,taxon,Mackerel sharks,2011,179.0
Sri Lanka,taxon,Mackerel sharks,2012,793.0
Sri Lanka,taxon,Wahoo,1950,103.0
Sri Lanka,taxon,Wahoo,1951,153.0
Sri Lanka,taxon,Wahoo,1952,124.0
Sri Lanka,taxon,Wahoo,1953,95.0
Sri Lanka,taxon,Wahoo,1954,81.0
Sri Lanka,taxon,Wahoo,1955,67.0
Sri Lanka,taxon,Wahoo,1956,70.0
Sri Lanka,taxon,Wahoo,1957,73.0
Sri Lanka,taxon,Wahoo,1958,88.0
Sri Lanka,taxon,Wahoo,1959,102.0
Sri Lanka,taxon,Wahoo,1960,102.0
Sri Lanka,taxon,Wahoo,1961,102.0
Sri Lanka,taxon,Wahoo,1962,171.0
Sri Lanka,taxon,Wahoo,1963,241.0
Sri Lanka,taxon,Wahoo,1964,206.0
Sri Lanka,taxon,Wahoo,1965,171.0
Sri Lanka,taxon,Wahoo,1966,303.0
Sri Lanka,taxon,Wahoo,1967,432.0
Sri Lanka,taxon,Wahoo,1968,424.0
Sri Lanka,taxon,Wahoo,1969,414.0
Sri Lanka,taxon,Wahoo,1970,308.0
Sri Lanka,taxon,Wahoo,1971,201.0
Sri Lanka,taxon,Wahoo,1972,227.0
Sri Lanka,taxon,Wahoo,1973,253.0
Sri Lanka,taxon,Wahoo,1974,248.0
Sri Lanka,taxon,Wahoo,1975,242.0
Sri Lanka,taxon,Wahoo,1976,292.0
Sri Lanka,taxon,Wahoo,1977,290.0
Sri Lanka,taxon,Wahoo,1978,294.0
Sri Lanka,taxon,Wahoo,1979,360.0
Sri Lanka,taxon,Wahoo,1980,488.4
Sri Lanka,taxon,Wahoo,1981,346.2
Sri Lanka,taxon,Wahoo,1982,200.9
Sri Lanka,taxon,Wahoo,1983,180.0
Sri Lanka,taxon,Wahoo,1984,113.8
Sri Lanka,taxon,Wahoo,1985,95.8
Sri Lanka,taxon,Wahoo,1986,82.3
Sri Lanka,taxon,Wahoo,1987,67.3
Sri Lanka,taxon,Wahoo,1988,52.1
Sri Lanka,taxon,Wahoo,1989,35.8
Sri Lanka,taxon,Wahoo,1990,22.4
Sri Lanka,taxon,Wahoo,1991,25.0
Sri Lanka,taxon,Wahoo,1992,26.3
Sri Lanka,taxon,Wahoo,1993,37.4
Sri Lanka,taxon,Wahoo,1994,34.7
Sri Lanka,taxon,Wahoo,1995,27.0
Sri Lanka,taxon,Wahoo,1996,18.4
Sri Lanka,taxon,Wahoo,1997,16.3
Sri Lanka,taxon,Wahoo,1998,15.2
Sri Lanka,taxon,Wahoo,1999,22.2
Sri Lanka,taxon,Wahoo,2000,24.5
Sri Lanka,taxon,Wahoo,2001,19.5
Sri Lanka,taxon,Wahoo,2002,25.9
Sri Lanka,taxon,Wahoo,2003,24.6
Sri Lanka,taxon,Wahoo,2004,11.4
Sri Lanka,taxon,Wahoo,2005,15.9
Sri Lanka,taxon,Wahoo,2006,35.8
Sri Lanka,taxon,Wahoo,2007,16.1
Sri Lanka,taxon,Wahoo,2008,15.6
Sri Lanka,taxon,Wahoo,2009,175.0
Sri Lanka,taxon,Wahoo,2010,431.0
Sri Lanka,taxon,Wahoo,2014,11.6
Sri Lanka,taxon,Wahoo,2015,4.2
Sri Lanka,taxon,Wahoo,2016,0.0
Sri Lanka,taxon,Wahoo,2017,0.7
Sri Lanka,taxon,Wahoo,2018,2.0
Sri Lanka,taxon,Wahoo,2019,0.0
Sri Lanka,taxon,Striped bonito,1950,50.0
Sri Lanka,taxon,Striped bonito,1951,74.0
Sri Lanka,taxon,Striped bonito,1952,58.0
Sri Lanka,taxon,Striped bonito,1953,42.0
Sri Lanka,taxon,Striped bonito,1954,40.0
Sri Lanka,taxon,Striped bonito,1955,36.0
Sri Lanka,taxon,Striped bonito,1956,48.0
Sri Lanka,taxon,Striped bonito,1957,48.0
Sri Lanka,taxon,Striped bonito,1958,54.0
Sri Lanka,taxon,Striped bonito,1959,58.0
Sri Lanka,taxon,Striped bonito,1960,74.0
Sri Lanka,taxon,Striped bonito,1961,92.0
Sri Lanka,taxon,Striped bonito,1962,138.0
Sri Lanka,taxon,Striped bonito,1963,184.0
Sri Lanka,taxon,Striped bonito,1964,178.0
Sri Lanka,taxon,Striped bonito,1965,172.0
Sri Lanka,taxon,Striped bonito,1966,112.0
Sri Lanka,taxon,Striped bonito,1967,124.0
Sri Lanka,taxon,Striped bonito,1968,140.0
Sri Lanka,taxon,Striped bonito,1969,156.0
Sri Lanka,taxon,Striped bonito,1970,122.0
Sri Lanka,taxon,Striped bonito,1971,90.0
Sri Lanka,taxon,Striped bonito,1972,148.0
Sri Lanka,taxon,Striped bonito,1973,180.0
Sri Lanka,taxon,Striped bonito,1974,158.0
Sri Lanka,taxon,Striped bonito,1975,124.0
Sri Lanka,taxon,Striped bonito,1976,228.0
Sri Lanka,taxon,Striped bonito,1977,220.0
Sri Lanka,taxon,Striped bonito,1978,246.4
Sri Lanka,taxon,Striped bonito,1979,222.4
Sri Lanka,taxon,Striped bonito,1980,262.4
Sri Lanka,taxon,Striped bonito,1981,277.0
Sri Lanka,taxon,Striped bonito,1982,223.5
Sri Lanka,taxon,Striped bonito,1983,184.2
Sri Lanka,taxon,Striped bonito,1984,125.7
Sri Lanka,taxon,Striped bonito,1985,118.5
Sri Lanka,taxon,Striped bonito,1986,92.0
Sri Lanka,taxon,Striped bonito,1987,76.2
Sri Lanka,taxon,Striped bonito,1988,59.9
Sri Lanka,taxon,Striped bonito,1989,41.4
Sri Lanka,taxon,Striped bonito,1990,24.6
Sri Lanka,taxon,Striped bonito,1991,27.4
Sri Lanka,taxon,Striped bonito,1992,30.2
Sri Lanka,taxon,Striped bonito,1993,33.0
Sri Lanka,taxon,Striped bonito,1994,35.6
Sri Lanka,taxon,Striped bonito,1995,42.0
Sri Lanka,taxon,Striped bonito,1996,42.6
Sri Lanka,taxon,Striped bonito,1997,51.8
Sri Lanka,taxon,Striped bonito,1998,51.2
Sri Lanka,taxon,Striped bonito,1999,50.8
Sri Lanka,taxon,Striped bonito,2000,46.6
Sri Lanka,taxon,Striped bonito,2001,39.6
Sri Lanka,taxon,Striped bonito,2002,44.2
Sri Lanka,taxon,Striped bonito,2003,59.2
Sri Lanka,taxon,Striped bonito,2004,59.4
Sri Lanka,taxon,Striped bonito,2005,46.4
Sri Lanka,taxon,Striped bonito,2006,46.0
Sri Lanka,taxon,Striped bonito,2007,42.2
Sri Lanka,taxon,Striped bonito,2008,45.4
Sri Lanka,taxon,Striped bonito,2009,382.0
Sri Lanka,taxon,Striped bonito,2010,478.0
Sri Lanka,taxon,Striped bonito,2011,346.0
Sri Lanka,taxon,Striped bonito,2012,276.0
Sri Lanka,taxon,Striped bonito,2013,248.0
Sri Lanka,taxon,Striped bonito,2014,271.0
Sri Lanka,taxon,Striped bonito,2015,222.0
Sri Lanka,taxon,Striped bonito,2016,222.0
Sri Lanka,taxon,Striped bonito,2017,200.0
Sri Lanka,taxon,Striped bonito,2018,200.0
Sri Lanka,taxon,Striped bonito,2019,180.0
Sri Lanka,taxon,Spiny lobsters,1950,8.6
Sri Lanka,taxon,Spiny lobsters,1951,8.6
Sri Lanka,taxon,Spiny lobsters,1952,10.4
Sri Lanka,taxon,Spiny lobsters,1953,12.1
Sri Lanka,taxon,Spiny lobsters,1954,20.7
Sri Lanka,taxon,Spiny lobsters,1955,17.3
Sri Lanka,taxon,Spiny lobsters,1956,25.9
Sri Lanka,taxon,Spiny lobsters,1957,22.5
Sri Lanka,taxon,Spiny lobsters,1958,36.3
Sri Lanka,taxon,Spiny lobsters,1959,32.8
Sri Lanka,taxon,Spiny lobsters,1960,34.6
Sri Lanka,taxon,Spiny lobsters,1961,31.1
Sri Lanka,taxon,Spiny lobsters,1962,51.8
Sri Lanka,taxon,Spiny lobsters,1963,41.5
Sri Lanka,taxon,Spiny lobsters,1964,84.7
Sri Lanka,taxon,Spiny lobsters,1965,46.7
Sri Lanka,taxon,Spiny lobsters,1966,55.3
Sri Lanka,taxon,Spiny lobsters,1967,60.5
Sri Lanka,taxon,Spiny lobsters,1968,44.9
Sri Lanka,taxon,Spiny lobsters,1969,69.1
Sri Lanka,taxon,Spiny lobsters,1970,60.5
Sri Lanka,taxon,Spiny lobsters,1971,55.3
Sri Lanka,taxon,Spiny lobsters,1972,63.9
Sri Lanka,taxon,Spiny lobsters,1973,57.0
Sri Lanka,taxon,Spiny lobsters,1974,91.6
Sri Lanka,taxon,Spiny lobsters,1975,107.0
Sri Lanka,taxon,Spiny lobsters,1976,123.5
Sri Lanka,taxon,Spiny lobsters,1977,105.2
Sri Lanka,taxon,Spiny lobsters,1978,125.6
Sri Lanka,taxon,Spiny lobsters,1979,94.8
Sri Lanka,taxon,Spiny lobsters,1980,85.5
Sri Lanka,taxon,Spiny lobsters,1981,124.1
Sri Lanka,taxon,Spiny lobsters,1982,172.6
Sri Lanka,taxon,Spiny lobsters,1983,132.7
Sri Lanka,taxon,Spiny lobsters,1984,129.0
Sri Lanka,taxon,Spiny lobsters,1985,82.7
Sri Lanka,taxon,Spiny lobsters,1986,85.0
Sri Lanka,taxon,Spiny lobsters,1987,88.0
Sri Lanka,taxon,Spiny lobsters,1988,91.4
Sri Lanka,taxon,Spiny lobsters,1989,92.7
Sri Lanka,taxon,Spiny lobsters,1990,88.1
Sri Lanka,taxon,Spiny lobsters,1991,103.1
Sri Lanka,taxon,Spiny lobsters,1992,134.5
Sri Lanka,taxon,Spiny lobsters,1993,131.3
Sri Lanka,taxon,Spiny lobsters,1994,60.0
Sri Lanka,taxon,Spiny lobsters,1995,127.7
Sri Lanka,taxon,Spiny lobsters,1996,110.5
Sri Lanka,taxon,Spiny lobsters,1997,109.5
Sri Lanka,taxon,Spiny lobsters,1998,134.3
Sri Lanka,taxon,Spiny lobsters,1999,88.3
Sri Lanka,taxon,Spiny lobsters,2000,179.1
Sri Lanka,taxon,Spiny lobsters,2001,202.6
Sri Lanka,taxon,Spiny lobsters,2002,142.6
Sri Lanka,taxon,Spiny lobsters,2003,404.8
Sri Lanka,taxon,Spiny lobsters,2004,254.4
Sri Lanka,taxon,Spiny lobsters,2005,20.4
Sri Lanka,taxon,Spiny lobsters,2006,64.2
Sri Lanka,taxon,Spiny lobsters,2007,102.4
Sri Lanka,taxon,Spiny lobsters,2008,147.2
Sri Lanka,taxon,Spiny lobsters,2009,164.9
Sri Lanka,taxon,Spiny lobsters,2010,198.2
Sri Lanka,taxon,Spiny lobsters,2011,151.3
Sri Lanka,taxon,Spiny lobsters,2012,183.2
Sri Lanka,taxon,Spiny lobsters,2013,231.7
Sri Lanka,taxon,Spiny lobsters,2014,398.2
Sri Lanka,taxon,Spiny lobsters,2015,379.7
Sri Lanka,taxon,Spiny lobsters,2016,465.6
Sri Lanka,taxon,Spiny lobsters,2017,370.7
Sri Lanka,taxon,Spiny lobsters,2018,379.5
Sri Lanka,taxon,Spiny lobsters,2019,387.4
Sri Lanka,taxon,Kawakawa,1978,340.8
Sri Lanka,taxon,Kawakawa,1979,747.6
Sri Lanka,taxon,Kawakawa,1980,1136.6
Sri Lanka,taxon,Kawakawa,1981,1009.5
Sri Lanka,taxon,Kawakawa,1982,1030.8
Sri Lanka,taxon,Kawakawa,1983,819.8
Sri Lanka,taxon,Kawakawa,1984,1022.2
Sri Lanka,taxon,Kawakawa,1985,1425.9
Sri Lanka,taxon,Kawakawa,1997,11.6
Sri Lanka,taxon,Kawakawa,1998,7.3
Sri Lanka,taxon,Kawakawa,1999,13.5
Sri Lanka,taxon,Kawakawa,2000,3.8
Sri Lanka,taxon,Kawakawa,2001,7.7
Sri Lanka,taxon,Kawakawa,2002,14.4
Sri Lanka,taxon,Kawakawa,2015,0.0
Sri Lanka,taxon,Kawakawa,2018,0.1
Sri Lanka,taxon,Kawakawa,2019,3.1
Sri Lanka,taxon,Pronghorn spiny lobster,1950,4.3
Sri Lanka,taxon,Pronghorn spiny lobster,1951,4.3
Sri Lanka,taxon,Pronghorn spiny lobster,1952,5.2
Sri Lanka,taxon,Pronghorn spiny lobster,1953,6.0
Sri Lanka,taxon,Pronghorn spiny lobster,1954,10.4
Sri Lanka,taxon,Pronghorn spiny lobster,1955,8.6
Sri Lanka,taxon,Pronghorn spiny lobster,1956,13.0
Sri Lanka,taxon,Pronghorn spiny lobster,1957,11.2
Sri Lanka,taxon,Pronghorn spiny lobster,1958,18.1
Sri Lanka,taxon,Pronghorn spiny lobster,1959,16.4
Sri Lanka,taxon,Pronghorn spiny lobster,1960,17.3
Sri Lanka,taxon,Pronghorn spiny lobster,1961,15.6
Sri Lanka,taxon,Pronghorn spiny lobster,1962,25.9
Sri Lanka,taxon,Pronghorn spiny lobster,1963,20.7
Sri Lanka,taxon,Pronghorn spiny lobster,1964,42.3
Sri Lanka,taxon,Pronghorn spiny lobster,1965,23.3
Sri Lanka,taxon,Pronghorn spiny lobster,1966,27.6
Sri Lanka,taxon,Pronghorn spiny lobster,1967,30.2
Sri Lanka,taxon,Pronghorn spiny lobster,1968,22.5
Sri Lanka,taxon,Pronghorn spiny lobster,1969,34.6
Sri Lanka,taxon,Pronghorn spiny lobster,1970,30.2
Sri Lanka,taxon,Pronghorn spiny lobster,1971,27.6
Sri Lanka,taxon,Pronghorn spiny lobster,1972,32.0
Sri Lanka,taxon,Pronghorn spiny lobster,1973,28.5
Sri Lanka,taxon,Pronghorn spiny lobster,1974,45.8
Sri Lanka,taxon,Pronghorn spiny lobster,1975,53.5
Sri Lanka,taxon,Pronghorn spiny lobster,1976,61.8
Sri Lanka,taxon,Pronghorn spiny lobster,1977,52.6
Sri Lanka,taxon,Pronghorn spiny lobster,1978,62.8
Sri Lanka,taxon,Pronghorn spiny lobster,1979,47.4
Sri Lanka,taxon,Pronghorn spiny lobster,1980,42.8
Sri Lanka,taxon,Pronghorn spiny lobster,1981,62.0
Sri Lanka,taxon,Pronghorn spiny lobster,1982,86.3
Sri Lanka,taxon,Pronghorn spiny lobster,1983,66.4
Sri Lanka,taxon,Pronghorn spiny lobster,1984,64.5
Sri Lanka,taxon,Pronghorn spiny lobster,1985,41.3
Sri Lanka,taxon,Pronghorn spiny lobster,1986,42.5
Sri Lanka,taxon,Pronghorn spiny lobster,1987,44.0
Sri Lanka,taxon,Pronghorn spiny lobster,1988,45.7
Sri Lanka,taxon,Pronghorn spiny lobster,1989,46.4
Sri Lanka,taxon,Pronghorn spiny lobster,1990,44.0
Sri Lanka,taxon,Pronghorn spiny lobster,1991,51.5
Sri Lanka,taxon,Pronghorn spiny lobster,1992,67.2
Sri Lanka,taxon,Pronghorn spiny lobster,1993,65.7
Sri Lanka,taxon,Pronghorn spiny lobster,1994,30.0
Sri Lanka,taxon,Pronghorn spiny lobster,1995,63.8
Sri Lanka,taxon,Pronghorn spiny lobster,1996,55.3
Sri Lanka,taxon,Pronghorn spiny lobster,1997,54.8
Sri Lanka,taxon,Pronghorn spiny lobster,1998,67.1
Sri Lanka,taxon,Pronghorn spiny lobster,1999,44.2
Sri Lanka,taxon,Pronghorn spiny lobster,2000,89.6
Sri Lanka,taxon,Pronghorn spiny lobster,2001,101.3
Sri Lanka,taxon,Pronghorn spiny lobster,2002,71.3
Sri Lanka,taxon,Pronghorn spiny lobster,2003,202.4
Sri Lanka,taxon,Pronghorn spiny lobster,2004,127.2
Sri Lanka,taxon,Pronghorn spiny lobster,2005,10.2
Sri Lanka,taxon,Pronghorn spiny lobster,2006,32.1
Sri Lanka,taxon,Pronghorn spiny lobster,2007,51.2
Sri Lanka,taxon,Pronghorn spiny lobster,2008,73.6
Sri Lanka,taxon,Pronghorn spiny lobster,2009,82.5
Sri Lanka,taxon,Pronghorn spiny lobster,2010,99.1
Sri Lanka,taxon,Pronghorn spiny lobster,2011,75.7
Sri Lanka,taxon,Pronghorn spiny lobster,2012,91.6
Sri Lanka,taxon,Pronghorn spiny lobster,2013,115.8
Sri Lanka,taxon,Pronghorn spiny lobster,2014,199.1
Sri Lanka,taxon,Pronghorn spiny lobster,2015,189.9
Sri Lanka,taxon,Pronghorn spiny lobster,2016,232.8
Sri Lanka,taxon,Pronghorn spiny lobster,2017,185.4
Sri Lanka,taxon,Pronghorn spiny lobster,2018,189.7
Sri Lanka,taxon,Pronghorn spiny lobster,2019,193.7
Sri Lanka,taxon,Painted spiny lobster,1950,4.3
Sri Lanka,taxon,Painted spiny lobster,1951,4.3
Sri Lanka,taxon,Painted spiny lobster,1952,5.2
Sri Lanka,taxon,Painted spiny lobster,1953,6.0
Sri Lanka,taxon,Painted spiny lobster,1954,10.4
Sri Lanka,taxon,Painted spiny lobster,1955,8.6
Sri Lanka,taxon,Painted spiny lobster,1956,13.0
Sri Lanka,taxon,Painted spiny lobster,1957,11.2
Sri Lanka,taxon,Painted spiny lobster,1958,18.1
Sri Lanka,taxon,Painted spiny lobster,1959,16.4
Sri Lanka,taxon,Painted spiny lobster,1960,17.3
Sri Lanka,taxon,Painted spiny lobster,1961,15.6
Sri Lanka,taxon,Painted spiny lobster,1962,25.9
Sri Lanka,taxon,Painted spiny lobster,1963,20.7
Sri Lanka,taxon,Painted spiny lobster,1964,42.3
Sri Lanka,taxon,Painted spiny lobster,1965,23.3
Sri Lanka,taxon,Painted spiny lobster,1966,27.6
Sri Lanka,taxon,Painted spiny lobster,1967,30.2
Sri Lanka,taxon,Painted spiny lobster,1968,22.5
Sri Lanka,taxon,Painted spiny lobster,1969,34.6
Sri Lanka,taxon,Painted spiny lobster,1970,30.2
Sri Lanka,taxon,Painted spiny lobster,1971,27.6
Sri Lanka,taxon,Painted spiny lobster,1972,32.0
Sri Lanka,taxon,Painted spiny lobster,1973,28.5
Sri Lanka,taxon,Painted spiny lobster,1974,45.8
Sri Lanka,taxon,Painted spiny lobster,1975,53.5
Sri Lanka,taxon,Painted spiny lobster,1976,61.8
Sri Lanka,taxon,Painted spiny lobster,1977,52.6
Sri Lanka,taxon,Painted spiny lobster,1978,62.8
Sri Lanka,taxon,Painted spiny lobster,1979,47.4
Sri Lanka,taxon,Painted spiny lobster,1980,42.8
Sri Lanka,taxon,Painted spiny lobster,1981,62.0
Sri Lanka,taxon,Painted spiny lobster,1982,86.3
Sri Lanka,taxon,Painted spiny lobster,1983,66.4
Sri Lanka,taxon,Painted spiny lobster,1984,64.5
Sri Lanka,taxon,Painted spiny lobster,1985,41.3
Sri Lanka,taxon,Painted spiny lobster,1986,42.5
Sri Lanka,taxon,Painted spiny lobster,1987,44.0
Sri Lanka,taxon,Painted spiny lobster,1988,45.7
Sri Lanka,taxon,Painted spiny lobster,1989,46.4
Sri Lanka,taxon,Painted spiny lobster,1990,44.0
Sri Lanka,taxon,Painted spiny lobster,1991,51.5
Sri Lanka,taxon,Painted spiny lobster,1992,67.2
Sri Lanka,taxon,Painted spiny lobster,1993,65.7
Sri Lanka,taxon,Painted spiny lobster,1994,30.0
Sri Lanka,taxon,Painted spiny lobster,1995,63.8
Sri Lanka,taxon,Painted spiny lobster,1996,55.3
Sri Lanka,taxon,Painted spiny lobster,1997,54.8
Sri Lanka,taxon,Painted spiny lobster,1998,67.1
Sri Lanka,taxon,Painted spiny lobster,1999,44.2
Sri Lanka,taxon,Painted spiny lobster,2000,89.6
Sri Lanka,taxon,Painted spiny lobster,2001,101.3
Sri Lanka,taxon,Painted spiny lobster,2002,71.3
Sri Lanka,taxon,Painted spiny lobster,2003,202.4
Sri Lanka,taxon,Painted spiny lobster,2004,127.2
Sri Lanka,taxon,Painted spiny lobster,2005,10.2
Sri Lanka,taxon,Painted spiny lobster,2006,32.1
Sri Lanka,taxon,Painted spiny lobster,2007,51.2
Sri Lanka,taxon,Painted spiny lobster,2008,73.6
Sri Lanka,taxon,Painted spiny lobster,2009,82.5
Sri Lanka,taxon,Painted spiny lobster,2010,99.1
Sri Lanka,taxon,Painted spiny lobster,2011,75.7
Sri Lanka,taxon,Painted spiny lobster,2012,91.6
Sri Lanka,taxon,Painted spiny lobster,2013,115.8
Sri Lanka,taxon,Painted spiny lobster,2014,199.1
Sri Lanka,taxon,Painted spiny lobster,2015,189.9
Sri Lanka,taxon,Painted spiny lobster,2016,232.8
Sri Lanka,taxon,Painted spiny lobster,2017,185.4
Sri Lanka,taxon,Painted spiny lobster,2018,189.7
Sri Lanka,taxon,Painted spiny lobster,2019,193.7
Sri Lanka,taxon,Oceanic whitetip shark,1950,6.9
Sri Lanka,taxon,Oceanic whitetip shark,1951,11.2
Sri Lanka,taxon,Oceanic whitetip shark,1952,8.3
Sri Lanka,taxon,Oceanic whitetip shark,1953,5.4
Sri Lanka,taxon,Oceanic whitetip shark,1954,10.4
Sri Lanka,taxon,Oceanic whitetip shark,1955,8.4
Sri Lanka,taxon,Oceanic whitetip shark,1956,10.1
Sri Lanka,taxon,Oceanic whitetip shark,1957,13.1
Sri Lanka,taxon,Oceanic whitetip shark,1958,14.4
Sri Lanka,taxon,Oceanic whitetip shark,1959,14.4
Sri Lanka,taxon,Oceanic whitetip shark,1960,16.8
Sri Lanka,taxon,Oceanic whitetip shark,1961,16.8
Sri Lanka,taxon,Oceanic whitetip shark,1962,26.8
Sri Lanka,taxon,Oceanic whitetip shark,1963,26.8
Sri Lanka,taxon,Oceanic whitetip shark,1964,30.2
Sri Lanka,taxon,Oceanic whitetip shark,1965,26.8
Sri Lanka,taxon,Oceanic whitetip shark,1966,26.8
Sri Lanka,taxon,Oceanic whitetip shark,1967,32.2
Sri Lanka,taxon,Oceanic whitetip shark,1968,32.3
Sri Lanka,taxon,Oceanic whitetip shark,1969,35.8
Sri Lanka,taxon,Oceanic whitetip shark,1970,31.5
Sri Lanka,taxon,Oceanic whitetip shark,1971,24.8
Sri Lanka,taxon,Oceanic whitetip shark,1972,31.7
Sri Lanka,taxon,Oceanic whitetip shark,1973,45.0
Sri Lanka,taxon,Oceanic whitetip shark,1974,39.6
Sri Lanka,taxon,Oceanic whitetip shark,1975,32.9
Sri Lanka,taxon,Oceanic whitetip shark,1976,39.3
Sri Lanka,taxon,Oceanic whitetip shark,1977,28.5
Sri Lanka,taxon,Oceanic whitetip shark,1978,31.5
Sri Lanka,taxon,Oceanic whitetip shark,1979,32.2
Sri Lanka,taxon,Oceanic whitetip shark,1980,35.6
Sri Lanka,taxon,Oceanic whitetip shark,1981,49.2
Sri Lanka,taxon,Oceanic whitetip shark,1982,33.4
Sri Lanka,taxon,Oceanic whitetip shark,1983,25.1
Sri Lanka,taxon,Oceanic whitetip shark,1984,26.9
Sri Lanka,taxon,Oceanic whitetip shark,1985,17.3
Sri Lanka,taxon,Oceanic whitetip shark,1986,16.6
Sri Lanka,taxon,Oceanic whitetip shark,1987,14.5
Sri Lanka,taxon,Oceanic whitetip shark,1988,13.2
Sri Lanka,taxon,Oceanic whitetip shark,1989,19.7
Sri Lanka,taxon,Oceanic whitetip shark,1990,50.0
Sri Lanka,taxon,Oceanic whitetip shark,1991,63.8
Sri Lanka,taxon,Oceanic whitetip shark,1992,84.9
Sri Lanka,taxon,Oceanic whitetip shark,1993,129.1
Sri Lanka,taxon,Oceanic whitetip shark,1994,196.0
Sri Lanka,taxon,Oceanic whitetip shark,1995,199.5
Sri Lanka,taxon,Oceanic whitetip shark,1996,175.5
Sri Lanka,taxon,Oceanic whitetip shark,1997,255.3
Sri Lanka,taxon,Oceanic whitetip shark,1998,218.3
Sri Lanka,taxon,Oceanic whitetip shark,1999,303.8
Sri Lanka,taxon,Oceanic whitetip shark,2000,245.1
Sri Lanka,taxon,Oceanic whitetip shark,2001,143.5
Sri Lanka,taxon,Oceanic whitetip shark,2002,97.0
Sri Lanka,taxon,Oceanic whitetip shark,2003,128.0
Sri Lanka,taxon,Oceanic whitetip shark,2004,71.5
Sri Lanka,taxon,Oceanic whitetip shark,2005,27.8
Sri Lanka,taxon,Oceanic whitetip shark,2006,22.1
Sri Lanka,taxon,Oceanic whitetip shark,2007,14.2
Sri Lanka,taxon,Oceanic whitetip shark,2008,12.8
Sri Lanka,taxon,Oceanic whitetip shark,2009,14.2
Sri Lanka,taxon,Oceanic whitetip shark,2010,32.3
Sri Lanka,taxon,Oceanic whitetip shark,2011,1.1
Sri Lanka,taxon,Oceanic whitetip shark,2012,1.8
Sri Lanka,taxon,Oceanic whitetip shark,2013,1.9
Sri Lanka,taxon,Oceanic whitetip shark,2014,2.7
Sri Lanka,taxon,Oceanic whitetip shark,2015,2.3
Sri Lanka,taxon,Oceanic whitetip shark,2016,3.3
Sri Lanka,taxon,Oceanic whitetip shark,2017,2.3
Sri Lanka,taxon,Oceanic whitetip shark,2018,0.8
Sri Lanka,taxon,Oceanic whitetip shark,2019,2.1
Sri Lanka,taxon,Swordfish,1954,0.7
Sri Lanka,taxon,Swordfish,1955,4.7
Sri Lanka,taxon,Swordfish,1956,12.1
Sri Lanka,taxon,Swordfish,1957,2.2
Sri Lanka,taxon,Swordfish,1958,8.5
Sri Lanka,taxon,Swordfish,1959,10.3
Sri Lanka,taxon,Swordfish,1960,9.4
Sri Lanka,taxon,Swordfish,1961,16.2
Sri Lanka,taxon,Swordfish,1962,7.7
Sri Lanka,taxon,Swordfish,1963,17.4
Sri Lanka,taxon,Swordfish,1964,29.5
Sri Lanka,taxon,Swordfish,1965,6.5
Sri Lanka,taxon,Swordfish,1966,37.6
Sri Lanka,taxon,Swordfish,1967,13.2
Sri Lanka,taxon,Swordfish,1968,61.0
Sri Lanka,taxon,Swordfish,1969,59.8
Sri Lanka,taxon,Swordfish,1970,22.1
Sri Lanka,taxon,Swordfish,1971,89.8
Sri Lanka,taxon,Swordfish,1972,13.6
Sri Lanka,taxon,Swordfish,1973,36.3
Sri Lanka,taxon,Swordfish,1974,0.6
Sri Lanka,taxon,Swordfish,1975,63.5
Sri Lanka,taxon,Swordfish,1976,30.2
Sri Lanka,taxon,Swordfish,1977,3.8
Sri Lanka,taxon,Swordfish,1978,10.3
Sri Lanka,taxon,Swordfish,1979,6.7
Sri Lanka,taxon,Swordfish,1980,7.8
Sri Lanka,taxon,Swordfish,1983,1.6
Sri Lanka,taxon,Swordfish,1984,3.6
Sri Lanka,taxon,Swordfish,1985,2.8
Sri Lanka,taxon,Swordfish,1986,0.0
Sri Lanka,taxon,Swordfish,1987,0.0
Sri Lanka,taxon,Swordfish,1988,0.0
Sri Lanka,taxon,Swordfish,1989,0.0
Sri Lanka,taxon,Swordfish,1990,0.0
Sri Lanka,taxon,Swordfish,1991,0.0
Sri Lanka,taxon,Swordfish,1992,0.0
Sri Lanka,taxon,Swordfish,1993,0.0
Sri Lanka,taxon,Swordfish,1995,0.1
Sri Lanka,taxon,Swordfish,1996,0.0
Sri Lanka,taxon,Swordfish,1997,0.0
Sri Lanka,taxon,Swordfish,1998,0.2
Sri Lanka,taxon,Swordfish,1999,12.9
Sri Lanka,taxon,Swordfish,2000,45.9
Sri Lanka,taxon,Swordfish,2001,294.4
Sri Lanka,taxon,Swordfish,2002,105.4
Sri Lanka,taxon,Swordfish,2003,63.3
Sri Lanka,taxon,Swordfish,2004,57.3
Sri Lanka,taxon,Swordfish,2005,54.4
Sri Lanka,taxon,Swordfish,2006,15.6
Sri Lanka,taxon,Swordfish,2007,4.3
Sri Lanka,taxon,Swordfish,2008,37.3
Sri Lanka,taxon,Swordfish,2009,21.8
Sri Lanka,taxon,Swordfish,2010,46.2
Sri Lanka,taxon,Swordfish,2011,18.2
Sri Lanka,taxon,Swordfish,2012,0.0
Sri Lanka,taxon,Swordfish,2013,0.0
Sri Lanka,taxon,Swordfish,2014,41.3
Sri Lanka,taxon,Swordfish,2015,59.4
Sri Lanka,taxon,Swordfish,2016,45.9
Sri Lanka,taxon,Swordfish,2017,110.8
Sri Lanka,taxon,Swordfish,2018,509.7
Sri Lanka,taxon,Swordfish,2019,420.7
Sri Lanka,taxon,Albacore,1954,0.0
Sri Lanka,taxon,Albacore,1955,0.2
Sri Lanka,taxon,Albacore,1956,0.2
Sri Lanka,taxon,Albacore,1958,18.7
Sri Lanka,taxon,Albacore,1959,17.8
Sri Lanka,taxon,Albacore,1960,3.0
Sri Lanka,taxon,Albacore,1961,4.7
Sri Lanka,taxon,Albacore,1963,38.3
Sri Lanka,taxon,Albacore,1964,43.8
Sri Lanka,taxon,Albacore,1965,0.2
Sri Lanka,taxon,Albacore,1966,49.8
Sri Lanka,taxon,Albacore,1967,2.2
Sri Lanka,taxon,Albacore,1968,103.3
Sri Lanka,taxon,Albacore,1969,1.4
Sri Lanka,taxon,Albacore,1970,0.7
Sri Lanka,taxon,Albacore,1971,0.9
Sri Lanka,taxon,Albacore,1972,0.5
Sri Lanka,taxon,Albacore,1973,1.9
Sri Lanka,taxon,Albacore,1975,0.1
Sri Lanka,taxon,Albacore,1977,0.5
Sri Lanka,taxon,Albacore,1978,1.5
Sri Lanka,taxon,Albacore,1979,0.6
Sri Lanka,taxon,Albacore,1980,0.2
Sri Lanka,taxon,Albacore,1998,0.0
Sri Lanka,taxon,Albacore,1999,0.4
Sri Lanka,taxon,Albacore,2000,0.0
Sri Lanka,taxon,Albacore,2001,0.5
Sri Lanka,taxon,Albacore,2002,3.6
Sri Lanka,taxon,Albacore,2003,2.2
Sri Lanka,taxon,Albacore,2004,8.6
Sri Lanka,taxon,Albacore,2005,9.3
Sri Lanka,taxon,Albacore,2006,4.5
Sri Lanka,taxon,Albacore,2007,4.3
Sri Lanka,taxon,Albacore,2008,0.8
Sri Lanka,taxon,Albacore,2009,1.8
Sri Lanka,taxon,Albacore,2010,8.5
Sri Lanka,taxon,Albacore,2011,11.5
Sri Lanka,taxon,Albacore,2015,0.2
Sri Lanka,taxon,Albacore,2016,0.8
Sri Lanka,taxon,Albacore,2017,1702.7
Sri Lanka,taxon,Albacore,2018,137.0
Sri Lanka,taxon,Albacore,2019,180.4
Sri Lanka,taxon,Streaked seerfish,1950,15.0
Sri Lanka,taxon,Streaked seerfish,1951,23.0
Sri Lanka,taxon,Streaked seerfish,1952,18.0
Sri Lanka,taxon,Streaked seerfish,1953,14.0
Sri Lanka,taxon,Streaked seerfish,1954,12.0
Sri Lanka,taxon,Streaked seerfish,1955,10.0
Sri Lanka,taxon,Streaked seerfish,1956,10.0
Sri Lanka,taxon,Streaked seerfish,1957,11.0
Sri Lanka,taxon,Streaked seerfish,1958,13.0
Sri Lanka,taxon,Streaked seerfish,1959,15.0
Sri Lanka,taxon,Streaked seerfish,1960,15.0
Sri Lanka,taxon,Streaked seerfish,1961,15.0
Sri Lanka,taxon,Streaked seerfish,1962,25.0
Sri Lanka,taxon,Streaked seerfish,1963,35.0
Sri Lanka,taxon,Streaked seerfish,1964,30.0
Sri Lanka,taxon,Streaked seerfish,1965,25.0
Sri Lanka,taxon,Streaked seerfish,1966,45.0
Sri Lanka,taxon,Streaked seerfish,1967,64.0
Sri Lanka,taxon,Streaked seerfish,1968,62.0
Sri Lanka,taxon,Streaked seerfish,1969,61.0
Sri Lanka,taxon,Streaked seerfish,1970,45.0
Sri Lanka,taxon,Streaked seerfish,1971,30.0
Sri Lanka,taxon,Streaked seerfish,1972,33.0
Sri Lanka,taxon,Streaked seerfish,1973,37.0
Sri Lanka,taxon,Streaked seerfish,1974,36.0
Sri Lanka,taxon,Streaked seerfish,1975,36.0
Sri Lanka,taxon,Streaked seerfish,1976,43.0
Sri Lanka,taxon,Streaked seerfish,1977,43.0
Sri Lanka,taxon,Streaked seerfish,1978,43.0
Sri Lanka,taxon,Streaked seerfish,1979,53.0
Sri Lanka,taxon,Streaked seerfish,1980,94.5
Sri Lanka,taxon,Streaked seerfish,1981,83.6
Sri Lanka,taxon,Streaked seerfish,1982,56.0
Sri Lanka,taxon,Streaked seerfish,1983,62.1
Sri Lanka,taxon,Streaked seerfish,1984,51.0
Sri Lanka,taxon,Streaked seerfish,1985,38.6
Sri Lanka,taxon,Streaked seerfish,1986,36.0
Sri Lanka,taxon,Streaked seerfish,1987,37.0
Sri Lanka,taxon,Streaked seerfish,1988,39.0
Sri Lanka,taxon,Streaked seerfish,1989,40.0
Sri Lanka,taxon,Streaked seerfish,1990,42.0
Sri Lanka,taxon,Streaked seerfish,1991,38.0
Sri Lanka,taxon,Streaked seerfish,1992,35.0
Sri Lanka,taxon,Streaked seerfish,1993,36.0
Sri Lanka,taxon,Streaked seerfish,1994,33.0
Sri Lanka,taxon,Streaked seerfish,1995,35.0
Sri Lanka,taxon,Streaked seerfish,1996,24.0
Sri Lanka,taxon,Streaked seerfish,1997,24.3
Sri Lanka,taxon,Streaked seerfish,1998,25.0
Sri Lanka,taxon,Streaked seerfish,1999,26.0
Sri Lanka,taxon,Streaked seerfish,2000,23.0
Sri Lanka,taxon,Streaked seerfish,2001,20.0
Sri Lanka,taxon,Streaked seerfish,2002,22.0
Sri Lanka,taxon,Streaked seerfish,2003,29.0
Sri Lanka,taxon,Streaked seerfish,2004,29.0
Sri Lanka,taxon,Streaked seerfish,2005,23.0
Sri Lanka,taxon,Streaked seerfish,2006,23.0
Sri Lanka,taxon,Streaked seerfish,2007,21.0
Sri Lanka,taxon,Streaked seerfish,2008,22.0
Sri Lanka,taxon,Streaked seerfish,2009,19.0
Sri Lanka,taxon,Streaked seerfish,2010,24.0
Sri Lanka,taxon,Streaked seerfish,2011,21.0
Sri Lanka,taxon,Streaked seerfish,2012,17.0
Sri Lanka,taxon,Streaked seerfish,2013,15.0
Sri Lanka,taxon,Streaked seerfish,2014,16.0
Sri Lanka,taxon,Streaked seerfish,2015,13.0
Sri Lanka,taxon,Streaked seerfish,2016,13.0
Sri Lanka,taxon,Streaked seerfish,2017,11.0
Sri Lanka,taxon,Striped marlin,1954,7.6
Sri Lanka,taxon,Striped marlin,1955,29.8
Sri Lanka,taxon,Striped marlin,1956,58.8
Sri Lanka,taxon,Striped marlin,1957,14.3
Sri Lanka,taxon,Striped marlin,1958,35.1
Sri Lanka,taxon,Striped marlin,1959,72.0
Sri Lanka,taxon,Striped marlin,1960,55.8
Sri Lanka,taxon,Striped marlin,1961,58.6
Sri Lanka,taxon,Striped marlin,1962,35.2
Sri Lanka,taxon,Striped marlin,1963,55.4
Sri Lanka,taxon,Striped marlin,1964,77.3
Sri Lanka,taxon,Striped marlin,1965,75.6
Sri Lanka,taxon,Striped marlin,1966,262.3
Sri Lanka,taxon,Striped marlin,1967,125.9
Sri Lanka,taxon,Striped marlin,1968,251.3
Sri Lanka,taxon,Striped marlin,1969,190.8
Sri Lanka,taxon,Striped marlin,1970,79.8
Sri Lanka,taxon,Striped marlin,1971,117.8
Sri Lanka,taxon,Striped marlin,1972,41.1
Sri Lanka,taxon,Striped marlin,1973,6.0
Sri Lanka,taxon,Striped marlin,1974,17.9
Sri Lanka,taxon,Striped marlin,1975,122.6
Sri Lanka,taxon,Striped marlin,1976,59.6
Sri Lanka,taxon,Striped marlin,1977,11.3
Sri Lanka,taxon,Striped marlin,1978,42.5
Sri Lanka,taxon,Striped marlin,1979,25.8
Sri Lanka,taxon,Striped marlin,1980,20.3
Sri Lanka,taxon,Striped marlin,1998,0.0
Sri Lanka,taxon,Striped marlin,1999,1.4
Sri Lanka,taxon,Striped marlin,2000,7.1
Sri Lanka,taxon,Striped marlin,2004,4.9
Sri Lanka,taxon,Striped marlin,2005,4.1
Sri Lanka,taxon,Striped marlin,2006,3.5
Sri Lanka,taxon,Striped marlin,2007,3.5
Sri Lanka,taxon,Striped marlin,2008,3.6
Sri Lanka,taxon,Striped marlin,2009,3.7
Sri Lanka,taxon,Striped marlin,2010,6.5
Sri Lanka,taxon,Striped marlin,2011,6.7
Sri Lanka,taxon,Striped marlin,2014,1.1
Sri Lanka,taxon,Striped marlin,2015,0.2
Sri Lanka,taxon,Striped marlin,2016,0.2
Sri Lanka,taxon,Striped marlin,2017,8.3
Sri Lanka,taxon,Striped marlin,2018,34.7
Sri Lanka,taxon,Striped marlin,2019,41.2
Sri Lanka,taxon,Shortfin mako,1967,0.2
Sri Lanka,taxon,Shortfin mako,1968,0.3
Sri Lanka,taxon,Shortfin mako,1969,0.6
Sri Lanka,taxon,Shortfin mako,1970,0.3
Sri Lanka,taxon,Shortfin mako,1971,0.2
Sri Lanka,taxon,Shortfin mako,1972,0.3
Sri Lanka,taxon,Shortfin mako,1973,0.1
Sri Lanka,taxon,Shortfin mako,1974,0.2
Sri Lanka,taxon,Shortfin mako,1975,0.1
Sri Lanka,taxon,Shortfin mako,1976,0.0
Sri Lanka,taxon,Shortfin mako,1977,0.0
Sri Lanka,taxon,Shortfin mako,1978,0.1
Sri Lanka,taxon,Shortfin mako,1979,0.1
Sri Lanka,taxon,Shortfin mako,1980,0.2
Sri Lanka,taxon,Shortfin mako,1990,32.2
Sri Lanka,taxon,Shortfin mako,1991,41.4
Sri Lanka,taxon,Shortfin mako,1992,60.3
Sri Lanka,taxon,Shortfin mako,1993,90.7
Sri Lanka,taxon,Shortfin mako,1994,146.2
Sri Lanka,taxon,Shortfin mako,1995,153.6
Sri Lanka,taxon,Shortfin mako,1996,133.8
Sri Lanka,taxon,Shortfin mako,1997,205.6
Sri Lanka,taxon,Shortfin mako,1998,172.0
Sri Lanka,taxon,Shortfin mako,1999,245.6
Sri Lanka,taxon,Shortfin mako,2000,197.7
Sri Lanka,taxon,Shortfin mako,2001,110.2
Sri Lanka,taxon,Shortfin mako,2002,67.7
Sri Lanka,taxon,Shortfin mako,2003,100.6
Sri Lanka,taxon,Shortfin mako,2004,50.7
Sri Lanka,taxon,Shortfin mako,2005,19.9
Sri Lanka,taxon,Shortfin mako,2006,15.2
Sri Lanka,taxon,Shortfin mako,2007,10.4
Sri Lanka,taxon,Shortfin mako,2008,9.0
Sri Lanka,taxon,Shortfin mako,2009,9.3
Sri Lanka,taxon,Shortfin mako,2010,24.5
Sri Lanka,taxon,Shortfin mako,2014,0.1
Sri Lanka,taxon,Shortfin mako,2015,0.1
Sri Lanka,taxon,Shortfin mako,2016,0.9
Sri Lanka,taxon,Shortfin mako,2017,12.0
Sri Lanka,taxon,Shortfin mako,2018,12.0
Sri Lanka,taxon,Shortfin mako,2019,13.7
Sri Lanka,taxon,"Hammer, bonnet, scoophead sharks",1990,27.8
Sri Lanka,taxon,"Hammer, bonnet, scoophead sharks",1991,36.3
Sri Lanka,taxon,"Hammer, bonnet, scoophead sharks",1992,52.2
Sri Lanka,taxon,"Hammer, bonnet, scoophead sharks",1993,78.8
Sri Lanka,taxon,"Hammer, bonnet, scoophead sharks",1994,126.5
Sri Lanka,taxon,"Hammer, bonnet, scoophead sharks",1995,133.2
Sri Lanka,taxon,"Hammer, bonnet, scoophead sharks",1996,115.6
Sri Lanka,taxon,"Hammer, bonnet, scoophead sharks",1997,177.8
Sri Lanka,taxon,"Hammer, bonnet, scoophead sharks",1998,148.8
Sri Lanka,taxon,"Hammer, bonnet, scoophead sharks",1999,212.9
Sri Lanka,taxon,"Hammer, bonnet, scoophead sharks",2000,171.2
Sri Lanka,taxon,"Hammer, bonnet, scoophead sharks",2001,95.3
Sri Lanka,taxon,"Hammer, bonnet, scoophead sharks",2002,58.5
Sri Lanka,taxon,"Hammer, bonnet, scoophead sharks",2003,87.0
Sri Lanka,taxon,"Hammer, bonnet, scoophead sharks",2004,43.6
Sri Lanka,taxon,"Hammer, bonnet, scoophead sharks",2005,17.5
Sri Lanka,taxon,"Hammer, bonnet, scoophead sharks",2006,12.9
Sri Lanka,taxon,"Hammer, bonnet, scoophead sharks",2007,8.9
Sri Lanka,taxon,"Hammer, bonnet, scoophead sharks",2008,7.8
Sri Lanka,taxon,"Hammer, bonnet, scoophead sharks",2009,8.0
Sri Lanka,taxon,"Hammer, bonnet, scoophead sharks",2010,21.2
Sri Lanka,taxon,Skipjack tuna,1954,0.2
Sri Lanka,taxon,Skipjack tuna,1955,1.3
Sri Lanka,taxon,Skipjack tuna,1956,1.7
Sri Lanka,taxon,Skipjack tuna,1957,0.6
Sri Lanka,taxon,Skipjack tuna,1958,2.0
Sri Lanka,taxon,Skipjack tuna,1959,2.3
Sri Lanka,taxon,Skipjack tuna,1960,1.0
Sri Lanka,taxon,Skipjack tuna,1961,1.0
Sri Lanka,taxon,Skipjack tuna,1962,8.3
Sri Lanka,taxon,Skipjack tuna,1963,7.2
Sri Lanka,taxon,Skipjack tuna,1964,8.3
Sri Lanka,taxon,Skipjack tuna,1965,0.9
Sri Lanka,taxon,Skipjack tuna,1966,1.6
Sri Lanka,taxon,Skipjack tuna,1967,1.1
Sri Lanka,taxon,Skipjack tuna,1968,1.9
Sri Lanka,taxon,Skipjack tuna,1969,1.0
Sri Lanka,taxon,Skipjack tuna,1970,0.3
Sri Lanka,taxon,Skipjack tuna,1971,0.4
Sri Lanka,taxon,Skipjack tuna,1972,0.6
Sri Lanka,taxon,Skipjack tuna,1973,0.4
Sri Lanka,taxon,Skipjack tuna,1974,0.3
Sri Lanka,taxon,Skipjack tuna,1975,0.2
Sri Lanka,taxon,Skipjack tuna,1976,0.3
Sri Lanka,taxon,Skipjack tuna,1977,0.1
Sri Lanka,taxon,Skipjack tuna,1978,0.4
Sri Lanka,taxon,Skipjack tuna,1979,0.0
Sri Lanka,taxon,Skipjack tuna,1980,0.0
Sri Lanka,taxon,Skipjack tuna,1981,0.0
Sri Lanka,taxon,Skipjack tuna,1982,0.0
Sri Lanka,taxon,Skipjack tuna,1983,0.0
Sri Lanka,taxon,Skipjack tuna,1984,0.0
Sri Lanka,taxon,Skipjack tuna,1985,0.0
Sri Lanka,taxon,Skipjack tuna,1986,0.0
Sri Lanka,taxon,Skipjack tuna,1987,0.0
Sri Lanka,taxon,Skipjack tuna,1988,0.0
Sri Lanka,taxon,Skipjack tuna,1989,0.0
Sri Lanka,taxon,Skipjack tuna,1990,0.0
Sri Lanka,taxon,Skipjack tuna,1991,0.0
Sri Lanka,taxon,Skipjack tuna,1992,0.0
Sri Lanka,taxon,Skipjack tuna,1993,0.0
Sri Lanka,taxon,Skipjack tuna,1994,12.7
Sri Lanka,taxon,Skipjack tuna,1997,0.0
Sri Lanka,taxon,Skipjack tuna,1998,0.0
Sri Lanka,taxon,Skipjack tuna,1999,0.3
Sri Lanka,taxon,Skipjack tuna,2000,0.2
Sri Lanka,taxon,Skipjack tuna,2001,0.2
Sri Lanka,taxon,Skipjack tuna,2002,0.3
Sri Lanka,taxon,Skipjack tuna,2003,1.6
Sri Lanka,taxon,Skipjack tuna,2004,1.8
Sri Lanka,taxon,Skipjack tuna,2005,2.1
Sri Lanka,taxon,Skipjack tuna,2006,1.5
Sri Lanka,taxon,Skipjack tuna,2007,0.3
Sri Lanka,taxon,Skipjack tuna,2008,0.1
Sri Lanka,taxon,Skipjack tuna,2009,0.7
Sri Lanka,taxon,Skipjack tuna,2010,1.5
Sri Lanka,taxon,Skipjack tuna,2011,0.7
Sri Lanka,taxon,Skipjack tuna,2012,0.9
Sri Lanka,taxon,Skipjack tuna,2013,1.1
Sri Lanka,taxon,Skipjack tuna,2014,350.3
Sri Lanka,taxon,Skipjack tuna,2015,198.1
Sri Lanka,taxon,Skipjack tuna,2016,114.2
Sri Lanka,taxon,Skipjack tuna,2017,126.3
Sri Lanka,taxon,Skipjack tuna,2018,280.0
Sri Lanka,taxon,Skipjack tuna,2019,284.6
Sri Lanka,taxon,"Sharks, rays, skates",1964,11.1
Sri Lanka,taxon,"Sharks, rays, skates",1965,6.6
Sri Lanka,taxon,"Sharks, rays, skates",1966,10.7
Sri Lanka,taxon,"Sharks, rays, skates",1967,12.1
Sri Lanka,taxon,"Sharks, rays, skates",1968,13.2
Sri Lanka,taxon,"Sharks, rays, skates",1969,13.8
Sri Lanka,taxon,"Sharks, rays, skates",1970,5.2
Sri Lanka,taxon,"Sharks, rays, skates",1971,5.0
Sri Lanka,taxon,"Sharks, rays, skates",1972,6.5
Sri Lanka,taxon,"Sharks, rays, skates",1973,3.0
Sri Lanka,taxon,"Sharks, rays, skates",1974,35.2
Sri Lanka,taxon,"Sharks, rays, skates",1975,82.6
Sri Lanka,taxon,"Sharks, rays, skates",1976,103.8
Sri Lanka,taxon,"Sharks, rays, skates",1977,131.2
Sri Lanka,taxon,"Sharks, rays, skates",1978,171.2
Sri Lanka,taxon,"Sharks, rays, skates",1979,270.2
Sri Lanka,taxon,"Sharks, rays, skates",1980,211.0
Sri Lanka,taxon,"Sharks, rays, skates",1986,6.3
Sri Lanka,taxon,"Sharks, rays, skates",1987,3.4
Sri Lanka,taxon,"Sharks, rays, skates",1988,3.2
Sri Lanka,taxon,"Sharks, rays, skates",1989,0.8
Sri Lanka,taxon,"Sharks, rays, skates",1990,1.7
Sri Lanka,taxon,"Sharks, rays, skates",1991,2.9
Sri Lanka,taxon,"Sharks, rays, skates",1992,1.9
Sri Lanka,taxon,"Sharks, rays, skates",1993,2.5
Sri Lanka,taxon,"Sharks, rays, skates",1995,0.2
Sri Lanka,taxon,"Sharks, rays, skates",1996,0.0
Sri Lanka,taxon,"Sharks, rays, skates",1997,0.4
Sri Lanka,taxon,"Sharks, rays, skates",1998,3.5
Sri Lanka,taxon,"Sharks, rays, skates",1999,54.8
Sri Lanka,taxon,"Sharks, rays, skates",2000,27.2
Sri Lanka,taxon,"Sharks, rays, skates",2001,0.1
Sri Lanka,taxon,"Sharks, rays, skates",2002,0.0
Sri Lanka,taxon,"Sharks, rays, skates",2003,0.0
Sri Lanka,taxon,"Sharks, rays, skates",2004,1.3
Sri Lanka,taxon,"Sharks, rays, skates",2005,1.1
Sri Lanka,taxon,"Sharks, rays, skates",2006,4.4
Sri Lanka,taxon,"Sharks, rays, skates",2007,0.2
Sri Lanka,taxon,"Sharks, rays, skates",2008,0.3
Sri Lanka,taxon,"Sharks, rays, skates",2009,0.3
Sri Lanka,taxon,"Sharks, rays, skates",2010,0.1
Sri Lanka,taxon,"Sharks, rays, skates",2011,0.4
Sri Lanka,taxon,"Sharks, rays, skates",2012,0.0
Sri Lanka,taxon,"Sharks, rays, skates",2013,0.0
Sri Lanka,taxon,"Sharks, rays, skates",2014,2.0
Sri Lanka,taxon,"Sharks, rays, skates",2015,1.4
Sri Lanka,taxon,"Sharks, rays, skates",2016,1.0
Sri Lanka,taxon,"Sharks, rays, skates",2017,15.0
Sri Lanka,taxon,"Sharks, rays, skates",2018,5.6
Sri Lanka,taxon,"Sharks, rays, skates",2019,30.6
Sri Lanka,taxon,"Tunas, bonitos, billfishes",1986,1.5
Sri Lanka,taxon,"Tunas, bonitos, billfishes",1987,1.1
Sri Lanka,taxon,"Tunas, bonitos, billfishes",1988,0.9
Sri Lanka,taxon,"Tunas, bonitos, billfishes",1989,0.3
Sri Lanka,taxon,"Tunas, bonitos, billfishes",1990,0.6
Sri Lanka,taxon,"Tunas, bonitos, billfishes",1991,0.2
Sri Lanka,taxon,"Tunas, bonitos, billfishes",1992,0.9
Sri Lanka,taxon,"Tunas, bonitos, billfishes",1993,1.3
Sri Lanka,taxon,"Tunas, bonitos, billfishes",1995,0.5
Sri Lanka,taxon,"Tunas, bonitos, billfishes",1996,0.1
Sri Lanka,taxon,"Tunas, bonitos, billfishes",1997,0.1
Sri Lanka,taxon,"Tunas, bonitos, billfishes",2001,0.0
Sri Lanka,taxon,"Tunas, bonitos, billfishes",2002,0.0
Sri Lanka,taxon,"Tunas, bonitos, billfishes",2004,32.3
Sri Lanka,taxon,"Tunas, bonitos, billfishes",2005,38.5
Sri Lanka,taxon,"Tunas, bonitos, billfishes",2006,47.1
Sri Lanka,taxon,"Tunas, bonitos, billfishes",2007,13.2
Sri Lanka,taxon,"Tunas, bonitos, billfishes",2008,26.1
Sri Lanka,taxon,"Tunas, bonitos, billfishes",2009,7.7
Sri Lanka,taxon,"Tunas, bonitos, billfishes",2010,5.1
Sri Lanka,taxon,"Tunas, bonitos, billfishes",2011,11.0
Sri Lanka,taxon,"Tunas, bonitos, billfishes",2012,0.1
Sri Lanka,taxon,"Tunas, bonitos, billfishes",2013,0.0
Sri Lanka,taxon,"Tunas, bonitos, billfishes",2014,0.1
Sri Lanka,taxon,"Tunas, bonitos, billfishes",2015,0.2
Sri Lanka,taxon,"Tunas, bonitos, billfishes",2016,1.7
Sri Lanka,taxon,"Tunas, bonitos, billfishes",2017,21.4
Sri Lanka,taxon,"Tunas, bonitos, billfishes",2018,36.5
Sri Lanka,taxon,"Tunas, bonitos, billfishes",2019,323.4
Sri Lanka,taxon,Black marlin,1954,0.7
Sri Lanka,taxon,Black marlin,1955,3.4
Sri Lanka,taxon,Black marlin,1956,5.0
Sri Lanka,taxon,Black marlin,1957,6.0
Sri Lanka,taxon,Black marlin,1958,8.1
Sri Lanka,taxon,Black marlin,1959,6.5
Sri Lanka,taxon,Black marlin,1960,5.6
Sri Lanka,taxon,Black marlin,1961,9.7
Sri Lanka,taxon,Black marlin,1962,10.0
Sri Lanka,taxon,Black marlin,1963,6.1
Sri Lanka,taxon,Black marlin,1964,8.2
Sri Lanka,taxon,Black marlin,1965,7.4
Sri Lanka,taxon,Black marlin,1966,9.3
Sri Lanka,taxon,Black marlin,1967,12.8
Sri Lanka,taxon,Black marlin,1968,18.1
Sri Lanka,taxon,Black marlin,1969,12.3
Sri Lanka,taxon,Black marlin,1970,10.0
Sri Lanka,taxon,Black marlin,1971,17.8
Sri Lanka,taxon,Black marlin,1972,4.9
Sri Lanka,taxon,Black marlin,1973,1.8
Sri Lanka,taxon,Black marlin,1974,0.6
Sri Lanka,taxon,Black marlin,1975,8.7
Sri Lanka,taxon,Black marlin,1976,4.3
Sri Lanka,taxon,Black marlin,1977,2.7
Sri Lanka,taxon,Black marlin,1978,9.2
Sri Lanka,taxon,Black marlin,1979,5.1
Sri Lanka,taxon,Black marlin,1980,1.6
Sri Lanka,taxon,Black marlin,1998,0.0
Sri Lanka,taxon,Black marlin,1999,0.5
Sri Lanka,taxon,Black marlin,2001,0.4
Sri Lanka,taxon,Black marlin,2004,1.9
Sri Lanka,taxon,Black marlin,2005,2.5
Sri Lanka,taxon,Black marlin,2006,4.1
Sri Lanka,taxon,Black marlin,2007,6.7
Sri Lanka,taxon,Black marlin,2008,2.6
Sri Lanka,taxon,Black marlin,2009,3.0
Sri Lanka,taxon,Black marlin,2010,7.7
Sri Lanka,taxon,Black marlin,2011,3.2
Sri Lanka,taxon,Black marlin,2012,0.0
Sri Lanka,taxon,Black marlin,2014,27.8
Sri Lanka,taxon,Black marlin,2015,32.0
Sri Lanka,taxon,Black marlin,2016,19.7
Sri Lanka,taxon,Black marlin,2017,37.1
Sri Lanka,taxon,Black marlin,2018,94.7
Sri Lanka,taxon,Black marlin,2019,108.3
Sri Lanka,taxon,Indo-Pacific sailfish,1954,3.8
Sri Lanka,taxon,Indo-Pacific sailfish,1955,46.7
Sri Lanka,taxon,Indo-Pacific sailfish,1956,6.5
Sri Lanka,taxon,Indo-Pacific sailfish,1957,3.9
Sri Lanka,taxon,Indo-Pacific sailfish,1958,4.0
Sri Lanka,taxon,Indo-Pacific sailfish,1959,8.1
Sri Lanka,taxon,Indo-Pacific sailfish,1960,11.7
Sri Lanka,taxon,Indo-Pacific sailfish,1961,11.6
Sri Lanka,taxon,Indo-Pacific sailfish,1962,16.2
Sri Lanka,taxon,Indo-Pacific sailfish,1963,25.2
Sri Lanka,taxon,Indo-Pacific sailfish,1964,23.7
Sri Lanka,taxon,Indo-Pacific sailfish,1965,12.9
Sri Lanka,taxon,Indo-Pacific sailfish,1966,31.8
Sri Lanka,taxon,Indo-Pacific sailfish,1967,19.5
Sri Lanka,taxon,Indo-Pacific sailfish,1968,40.4
Sri Lanka,taxon,Indo-Pacific sailfish,1969,22.1
Sri Lanka,taxon,Indo-Pacific sailfish,1970,5.8
Sri Lanka,taxon,Indo-Pacific sailfish,1971,30.2
Sri Lanka,taxon,Indo-Pacific sailfish,1972,4.4
Sri Lanka,taxon,Indo-Pacific sailfish,1973,2.8
Sri Lanka,taxon,Indo-Pacific sailfish,1974,0.8
Sri Lanka,taxon,Indo-Pacific sailfish,1975,32.8
Sri Lanka,taxon,Indo-Pacific sailfish,1976,8.3
Sri Lanka,taxon,Indo-Pacific sailfish,1977,1.5
Sri Lanka,taxon,Indo-Pacific sailfish,1978,2.2
Sri Lanka,taxon,Indo-Pacific sailfish,1979,1.4
Sri Lanka,taxon,Indo-Pacific sailfish,1980,1.0
Sri Lanka,taxon,Indo-Pacific sailfish,1983,0.3
Sri Lanka,taxon,Indo-Pacific sailfish,1984,0.6
Sri Lanka,taxon,Indo-Pacific sailfish,1985,0.5
Sri Lanka,taxon,Indo-Pacific sailfish,1986,0.0
Sri Lanka,taxon,Indo-Pacific sailfish,1987,0.0
Sri Lanka,taxon,Indo-Pacific sailfish,1988,0.0
Sri Lanka,taxon,Indo-Pacific sailfish,1989,0.0
Sri Lanka,taxon,Indo-Pacific sailfish,1990,0.0
Sri Lanka,taxon,Indo-Pacific sailfish,1991,0.0
Sri Lanka,taxon,Indo-Pacific sailfish,1992,0.0
Sri Lanka,taxon,Indo-Pacific sailfish,1993,0.0
Sri Lanka,taxon,Indo-Pacific sailfish,1995,0.4
Sri Lanka,taxon,Indo-Pacific sailfish,1996,0.1
Sri Lanka,taxon,Indo-Pacific sailfish,1997,0.4
Sri Lanka,taxon,Indo-Pacific sailfish,1998,0.8
Sri Lanka,taxon,Indo-Pacific sailfish,1999,1.5
Sri Lanka,taxon,Indo-Pacific sailfish,2000,0.9
Sri Lanka,taxon,Indo-Pacific sailfish,2001,12.3
Sri Lanka,taxon,Indo-Pacific sailfish,2002,0.0
Sri Lanka,taxon,Indo-Pacific sailfish,2003,0.4
Sri Lanka,taxon,Indo-Pacific sailfish,2006,0.0
Sri Lanka,taxon,Indo-Pacific sailfish,2007,8.2
Sri Lanka,taxon,Indo-Pacific sailfish,2009,0.0
Sri Lanka,taxon,Indo-Pacific sailfish,2010,0.0
Sri Lanka,taxon,Indo-Pacific sailfish,2011,0.0
Sri Lanka,taxon,Indo-Pacific sailfish,2012,1.4
Sri Lanka,taxon,Indo-Pacific sailfish,2013,0.0
Sri Lanka,taxon,Indo-Pacific sailfish,2014,1.8
Sri Lanka,taxon,Indo-Pacific sailfish,2015,4.1
Sri Lanka,taxon,Indo-Pacific sailfish,2016,9.3
Sri Lanka,taxon,Indo-Pacific sailfish,2017,9.5
Sri Lanka,taxon,Indo-Pacific sailfish,2018,69.0
Sri Lanka,taxon,Indo-Pacific sailfish,2019,46.2
Sri Lanka,taxon,Billfishes,1954,0.0
Sri Lanka,taxon,Billfishes,1955,0.3
Sri Lanka,taxon,Billfishes,1956,0.7
Sri Lanka,taxon,Billfishes,1957,0.8
Sri Lanka,taxon,Billfishes,1958,1.3
Sri Lanka,taxon,Billfishes,1959,4.5
Sri Lanka,taxon,Billfishes,1960,2.4
Sri Lanka,taxon,Billfishes,1961,2.1
Sri Lanka,taxon,Billfishes,1962,2.9
Sri Lanka,taxon,Billfishes,1963,4.1
Sri Lanka,taxon,Billfishes,1964,5.1
Sri Lanka,taxon,Billfishes,1965,2.8
Sri Lanka,taxon,Billfishes,1966,2.9
Sri Lanka,taxon,Billfishes,1967,1.3
Sri Lanka,taxon,Billfishes,1968,5.3
Sri Lanka,taxon,Billfishes,1969,6.3
Sri Lanka,taxon,Billfishes,1970,4.3
Sri Lanka,taxon,Billfishes,1971,28.5
Sri Lanka,taxon,Billfishes,1972,2.0
Sri Lanka,taxon,Billfishes,1973,3.0
Sri Lanka,taxon,Billfishes,1974,0.1
Sri Lanka,taxon,Billfishes,1975,1.1
Sri Lanka,taxon,Billfishes,1976,14.0
Sri Lanka,taxon,Billfishes,1986,1.7
Sri Lanka,taxon,Billfishes,1987,0.8
Sri Lanka,taxon,Billfishes,1988,0.7
Sri Lanka,taxon,Billfishes,1989,0.3
Sri Lanka,taxon,Billfishes,1990,0.4
Sri Lanka,taxon,Billfishes,1991,0.2
Sri Lanka,taxon,Billfishes,1992,0.3
Sri Lanka,taxon,Billfishes,1993,0.2
Sri Lanka,taxon,Billfishes,1995,0.2
Sri Lanka,taxon,Billfishes,1996,0.1
Sri Lanka,taxon,Billfishes,1997,0.0
Sri Lanka,taxon,Billfishes,2000,13.9
Sri Lanka,taxon,Billfishes,2001,37.1
Sri Lanka,taxon,Billfishes,2002,68.1
Sri Lanka,taxon,Billfishes,2003,11.6
Sri Lanka,taxon,Billfishes,2004,18.8
Sri Lanka,taxon,Billfishes,2005,35.8
Sri Lanka,taxon,Billfishes,2006,14.5
Sri Lanka,taxon,Billfishes,2007,2.9
Sri Lanka,taxon,Billfishes,2008,49.7
Sri Lanka,taxon,Billfishes,2009,0.4
Sri Lanka,taxon,Billfishes,2010,1.1
Sri Lanka,taxon,Billfishes,2011,6.2
Sri Lanka,taxon,Billfishes,2017,0.3
Sri Lanka,taxon,Billfishes,2018,0.7
Sri Lanka,taxon,Billfishes,2019,1.2
Sri Lanka,taxon,Kelee shad,1950,0.2
Sri Lanka,taxon,Kelee shad,1951,0.4
Sri Lanka,taxon,Kelee shad,1952,0.3
Sri Lanka,taxon,Kelee shad,1953,0.5
Sri Lanka,taxon,Kelee shad,1954,0.6
Sri Lanka,taxon,Kelee shad,1955,0.3
Sri Lanka,taxon,Kelee shad,1956,0.4
Sri Lanka,taxon,Kelee shad,1957,0.3
Sri Lanka,taxon,Kelee shad,1958,0.3
Sri Lanka,taxon,Kelee shad,1959,0.3
Sri Lanka,taxon,Kelee shad,1960,0.4
Sri Lanka,taxon,Kelee shad,1961,0.5
Sri Lanka,taxon,Kelee shad,1962,0.5
Sri Lanka,taxon,Kelee shad,1963,15.0
Sri Lanka,taxon,Kelee shad,1964,10.5
Sri Lanka,taxon,Kelee shad,1965,17.4
Sri Lanka,taxon,Kelee shad,1966,9.7
Sri Lanka,taxon,Kelee shad,1967,6.6
Sri Lanka,taxon,Kelee shad,1968,1.6
Sri Lanka,taxon,Kelee shad,1969,4.7
Sri Lanka,taxon,Kelee shad,1970,26.5
Sri Lanka,taxon,Kelee shad,1971,16.2
Sri Lanka,taxon,Kelee shad,1972,27.9
Sri Lanka,taxon,Kelee shad,1973,21.2
Sri Lanka,taxon,Kelee shad,1974,35.2
Sri Lanka,taxon,Kelee shad,1975,26.3
Sri Lanka,taxon,Kelee shad,1976,31.5
Sri Lanka,taxon,Longtail tuna,1978,9.5
Sri Lanka,taxon,Longtail tuna,1979,16.7
Sri Lanka,taxon,Longtail tuna,1980,13.6
Sri Lanka,taxon,Longtail tuna,1981,12.8
Sri Lanka,taxon,Longtail tuna,1982,16.1
Sri Lanka,taxon,Longtail tuna,1983,15.4
Sri Lanka,taxon,Longtail tuna,1984,33.9
Sri Lanka,taxon,Longtail tuna,1985,109.3
Sri Lanka,taxon,Longtail tuna,1997,3.3
Sri Lanka,taxon,Longtail tuna,1998,2.0
Sri Lanka,taxon,Longtail tuna,1999,3.2
Sri Lanka,taxon,Longtail tuna,2000,0.9
Sri Lanka,taxon,Longtail tuna,2001,3.2
Sri Lanka,taxon,Longtail tuna,2002,3.6
Sri Lanka,taxon,Longtail tuna,2017,0.0
Sri Lanka,taxon,Longtail tuna,2018,0.3
Sri Lanka,taxon,Longtail tuna,2019,0.9
Sri Lanka,taxon,Bullet tuna,1978,14.9
Sri Lanka,taxon,Bullet tuna,1979,33.5
Sri Lanka,taxon,Bullet tuna,1980,24.5
Sri Lanka,taxon,Bullet tuna,1981,13.7
Sri Lanka,taxon,Bullet tuna,1982,20.9
Sri Lanka,taxon,Bullet tuna,1983,18.8
Sri Lanka,taxon,Bullet tuna,1984,20.5
Sri Lanka,taxon,Bullet tuna,1985,33.2
Sri Lanka,taxon,Bullet tuna,1997,1.2
Sri Lanka,taxon,Bullet tuna,1998,0.7
Sri Lanka,taxon,Bullet tuna,1999,0.9
Sri Lanka,taxon,Bullet tuna,2000,0.2
Sri Lanka,taxon,Bullet tuna,2001,0.5
Sri Lanka,taxon,Bullet tuna,2002,0.8
Sri Lanka,taxon,Bullet tuna,2014,0.3
Sri Lanka,taxon,Bullet tuna,2015,1.2
Sri Lanka,taxon,Bullet tuna,2016,0.1
Sri Lanka,taxon,Bullet tuna,2017,0.3
Sri Lanka,taxon,Bullet tuna,2018,0.5
Sri Lanka,taxon,Bullet tuna,2019,0.8
Sri Lanka,taxon,Indian mackerels,1952,0.0
Sri Lanka,taxon,Indian mackerels,1953,0.0
Sri Lanka,taxon,Indian mackerels,1954,0.0
Sri Lanka,taxon,Indian mackerels,1955,0.0
Sri Lanka,taxon,Indian mackerels,1956,0.0
Sri Lanka,taxon,Indian mackerels,1957,0.0
Sri Lanka,taxon,Indian mackerels,1960,0.0
Sri Lanka,taxon,Indian mackerels,1961,0.0
Sri Lanka,taxon,Indian mackerels,1962,0.1
Sri Lanka,taxon,Indian mackerels,1966,0.1
Sri Lanka,taxon,Indian mackerels,1967,10.9
Sri Lanka,taxon,Indian mackerels,1968,11.7
Sri Lanka,taxon,Indian mackerels,1969,13.8
Sri Lanka,taxon,Indian mackerels,1970,6.7
Sri Lanka,taxon,Indian mackerels,1971,8.7
Sri Lanka,taxon,Indian mackerels,1973,9.0
Sri Lanka,taxon,Indian mackerels,1974,8.5
Sri Lanka,taxon,Indian mackerels,1975,14.5
Sri Lanka,taxon,Indian mackerels,1976,9.3
Sri Lanka,taxon,Indian mackerels,1977,12.4
Sri Lanka,taxon,Indian mackerels,1978,15.5
Sri Lanka,taxon,Indian mackerels,1979,18.6
Sri Lanka,taxon,Indian mackerels,1980,21.7
Sri Lanka,taxon,Lollyfish,1976,0.5
Sri Lanka,taxon,Lollyfish,1977,0.3
Sri Lanka,taxon,Lollyfish,1978,0.3
Sri Lanka,taxon,Lollyfish,1979,0.3
Sri Lanka,taxon,Lollyfish,1980,0.4
Sri Lanka,taxon,Lollyfish,1981,0.4
Sri Lanka,taxon,Lollyfish,1982,0.4
Sri Lanka,taxon,Lollyfish,1983,0.3
Sri Lanka,taxon,Lollyfish,1984,0.2
Sri Lanka,taxon,Lollyfish,1985,0.6
Sri Lanka,taxon,Lollyfish,1986,0.5
Sri Lanka,taxon,Lollyfish,1987,0.4
Sri Lanka,taxon,Lollyfish,1988,0.4
Sri Lanka,taxon,Lollyfish,1989,0.2
Sri Lanka,taxon,Lollyfish,1990,0.3
Sri Lanka,taxon,Lollyfish,1991,0.3
Sri Lanka,taxon,Lollyfish,1992,0.3
Sri Lanka,taxon,Lollyfish,1993,0.3
Sri Lanka,taxon,Lollyfish,1994,0.5
Sri Lanka,taxon,Lollyfish,1995,0.5
Sri Lanka,taxon,Lollyfish,1996,0.8
Sri Lanka,taxon,Lollyfish,1997,1.4
Sri Lanka,taxon,Lollyfish,1998,1.0
Sri Lanka,taxon,Lollyfish,1999,0.8
Sri Lanka,taxon,Lollyfish,2000,0.7
Sri Lanka,taxon,Lollyfish,2001,0.5
Sri Lanka,taxon,Lollyfish,2002,0.8
Sri Lanka,taxon,Lollyfish,2003,0.8
Sri Lanka,taxon,Lollyfish,2004,1.4
Sri Lanka,taxon,Lollyfish,2005,11.7
Sri Lanka,taxon,Lollyfish,2006,6.8
Sri Lanka,taxon,Lollyfish,2007,14.4
Sri Lanka,taxon,Lollyfish,2008,21.1
Sri Lanka,taxon,Lollyfish,2009,35.6
Sri Lanka,taxon,Lollyfish,2010,37.2
Sri Lanka,taxon,Pinkfish,1976,0.5
Sri Lanka,taxon,Pinkfish,1977,0.3
Sri Lanka,taxon,Pinkfish,1978,0.3
Sri Lanka,taxon,Pinkfish,1979,0.3
Sri Lanka,taxon,Pinkfish,1980,0.4
Sri Lanka,taxon,Pinkfish,1981,0.4
Sri Lanka,taxon,Pinkfish,1982,0.4
Sri Lanka,taxon,Pinkfish,1983,0.3
Sri Lanka,taxon,Pinkfish,1984,0.2
Sri Lanka,taxon,Pinkfish,1985,0.6
Sri Lanka,taxon,Pinkfish,1986,0.5
Sri Lanka,taxon,Pinkfish,1987,0.4
Sri Lanka,taxon,Pinkfish,1988,0.4
Sri Lanka,taxon,Pinkfish,1989,0.2
Sri Lanka,taxon,Pinkfish,1990,0.3
Sri Lanka,taxon,Pinkfish,1991,0.3
Sri Lanka,taxon,Pinkfish,1992,0.3
Sri Lanka,taxon,Pinkfish,1993,0.3
Sri Lanka,taxon,Pinkfish,1994,0.5
Sri Lanka,taxon,Pinkfish,1995,0.5
Sri Lanka,taxon,Pinkfish,1996,0.8
Sri Lanka,taxon,Pinkfish,1997,1.4
Sri Lanka,taxon,Pinkfish,1998,1.0
Sri Lanka,taxon,Pinkfish,1999,0.8
Sri Lanka,taxon,Pinkfish,2000,0.7
Sri Lanka,taxon,Pinkfish,2001,0.5
Sri Lanka,taxon,Pinkfish,2002,0.8
Sri Lanka,taxon,Pinkfish,2003,0.8
Sri Lanka,taxon,Pinkfish,2004,1.4
Sri Lanka,taxon,Pinkfish,2005,11.7
Sri Lanka,taxon,Pinkfish,2006,6.8
Sri Lanka,taxon,Pinkfish,2007,14.4
Sri Lanka,taxon,Pinkfish,2008,21.1
Sri Lanka,taxon,Pinkfish,2009,35.6
Sri Lanka,taxon,Pinkfish,2010,37.2
Sri Lanka,taxon,Chalky cucumber,1976,0.5
Sri Lanka,taxon,Chalky cucumber,1977,0.3
Sri Lanka,taxon,Chalky cucumber,1978,0.3
Sri Lanka,taxon,Chalky cucumber,1979,0.3
Sri Lanka,taxon,Chalky cucumber,1980,0.4
Sri Lanka,taxon,Chalky cucumber,1981,0.4
Sri Lanka,taxon,Chalky cucumber,1982,0.4
Sri Lanka,taxon,Chalky cucumber,1983,0.3
Sri Lanka,taxon,Chalky cucumber,1984,0.2
Sri Lanka,taxon,Chalky cucumber,1985,0.6
Sri Lanka,taxon,Chalky cucumber,1986,0.5
Sri Lanka,taxon,Chalky cucumber,1987,0.4
Sri Lanka,taxon,Chalky cucumber,1988,0.4
Sri Lanka,taxon,Chalky cucumber,1989,0.2
Sri Lanka,taxon,Chalky cucumber,1990,0.3
Sri Lanka,taxon,Chalky cucumber,1991,0.3
Sri Lanka,taxon,Chalky cucumber,1992,0.3
Sri Lanka,taxon,Chalky cucumber,1993,0.3
Sri Lanka,taxon,Chalky cucumber,1994,0.5
Sri Lanka,taxon,Chalky cucumber,1995,0.5
Sri Lanka,taxon,Chalky cucumber,1996,0.8
Sri Lanka,taxon,Chalky cucumber,1997,1.4
Sri Lanka,taxon,Chalky cucumber,1998,1.0
Sri Lanka,taxon,Chalky cucumber,1999,0.8
Sri Lanka,taxon,Chalky cucumber,2000,0.7
Sri Lanka,taxon,Chalky cucumber,2001,0.5
Sri Lanka,taxon,Chalky cucumber,2002,0.8
Sri Lanka,taxon,Chalky cucumber,2003,0.8
Sri Lanka,taxon,Chalky cucumber,2004,1.4
Sri Lanka,taxon,Chalky cucumber,2005,11.7
Sri Lanka,taxon,Chalky cucumber,2006,6.8
Sri Lanka,taxon,Chalky cucumber,2007,14.4
Sri Lanka,taxon,Chalky cucumber,2008,21.1
Sri Lanka,taxon,Chalky cucumber,2009,35.6
Sri Lanka,taxon,Chalky cucumber,2010,37.2
Sri Lanka,taxon,Shortbill spearfish,1954,0.4
Sri Lanka,taxon,Shortbill spearfish,1955,3.7
Sri Lanka,taxon,Shortbill spearfish,1956,5.3
Sri Lanka,taxon,Shortbill spearfish,1957,1.8
Sri Lanka,taxon,Shortbill spearfish,1958,3.6
Sri Lanka,taxon,Shortbill spearfish,1959,7.2
Sri Lanka,taxon,Shortbill spearfish,1960,8.5
Sri Lanka,taxon,Shortbill spearfish,1961,9.6
Sri Lanka,taxon,Shortbill spearfish,1962,4.9
Sri Lanka,taxon,Shortbill spearfish,1963,8.2
Sri Lanka,taxon,Shortbill spearfish,1964,8.0
Sri Lanka,taxon,Shortbill spearfish,1965,3.9
Sri Lanka,taxon,Shortbill spearfish,1966,10.3
Sri Lanka,taxon,Shortbill spearfish,1967,5.9
Sri Lanka,taxon,Shortbill spearfish,1968,13.3
Sri Lanka,taxon,Shortbill spearfish,1969,7.7
Sri Lanka,taxon,Shortbill spearfish,1970,2.0
Sri Lanka,taxon,Shortbill spearfish,1971,10.4
Sri Lanka,taxon,Shortbill spearfish,1972,1.6
Sri Lanka,taxon,Shortbill spearfish,1973,1.0
Sri Lanka,taxon,Shortbill spearfish,1974,0.2
Sri Lanka,taxon,Shortbill spearfish,1975,1.7
Sri Lanka,taxon,Shortbill spearfish,1976,2.5
Sri Lanka,taxon,Shortbill spearfish,1977,0.1
Sri Lanka,taxon,Shortbill spearfish,1978,0.4
Sri Lanka,taxon,Shortbill spearfish,1979,0.1
Sri Lanka,taxon,Shortbill spearfish,1980,0.3
Sri Lanka,taxon,Shortbill spearfish,1998,0.0
Sri Lanka,taxon,Shortbill spearfish,1999,0.0
Sri Lanka,taxon,Shortbill spearfish,2000,0.2
Sri Lanka,taxon,Shortbill spearfish,2005,0.4
Sri Lanka,taxon,Shortbill spearfish,2006,0.1
Sri Lanka,taxon,Shortbill spearfish,2007,2.1
Sri Lanka,taxon,Shortbill spearfish,2008,0.0
Sri Lanka,taxon,Shortbill spearfish,2009,0.0
Sri Lanka,taxon,Shortbill spearfish,2010,0.0
Sri Lanka,taxon,Shortbill spearfish,2011,0.0
Sri Lanka,taxon,Shortbill spearfish,2017,0.4
Sri Lanka,taxon,Shortbill spearfish,2018,1.1
Sri Lanka,taxon,Shortbill spearfish,2019,2.2
Sri Lanka,taxon,Scads,1950,0.1
Sri Lanka,taxon,Scads,1951,0.2
Sri Lanka,taxon,Scads,1952,0.1
Sri Lanka,taxon,Scads,1953,0.1
Sri Lanka,taxon,Scads,1954,0.1
Sri Lanka,taxon,Scads,1955,0.1
Sri Lanka,taxon,Scads,1956,0.1
Sri Lanka,taxon,Scads,1957,0.1
Sri Lanka,taxon,Scads,1958,0.1
Sri Lanka,taxon,Scads,1959,0.1
Sri Lanka,taxon,Scads,1960,0.1
Sri Lanka,taxon,Scads,1961,0.1
Sri Lanka,taxon,Scads,1962,0.1
Sri Lanka,taxon,Scads,1963,3.7
Sri Lanka,taxon,Scads,1964,2.6
Sri Lanka,taxon,Scads,1965,2.3
Sri Lanka,taxon,Scads,1966,2.4
Sri Lanka,taxon,Scads,1967,0.2
Sri Lanka,taxon,Scads,1971,0.2
Sri Lanka,taxon,Scads,1972,7.6
Sri Lanka,taxon,Scads,1973,4.8
Sri Lanka,taxon,Scads,1974,9.9
Sri Lanka,taxon,Scads,1975,8.0
Sri Lanka,taxon,Scads,1976,5.8
Sri Lanka,taxon,Shrimps and prawns,1950,0.1
Sri Lanka,taxon,Shrimps and prawns,1951,0.2
Sri Lanka,taxon,Shrimps and prawns,1952,0.2
Sri Lanka,taxon,Shrimps and prawns,1953,0.3
Sri Lanka,taxon,Shrimps and prawns,1954,0.4
Sri Lanka,taxon,Shrimps and prawns,1955,0.2
Sri Lanka,taxon,Shrimps and prawns,1956,0.3
Sri Lanka,taxon,Shrimps and prawns,1957,0.2
Sri Lanka,taxon,Shrimps and prawns,1958,0.2
Sri Lanka,taxon,Shrimps and prawns,1959,0.2
Sri Lanka,taxon,Shrimps and prawns,1960,0.1
Sri Lanka,taxon,Shrimps and prawns,1961,0.2
Sri Lanka,taxon,Shrimps and prawns,1962,0.3
Sri Lanka,taxon,Shrimps and prawns,1963,5.3
Sri Lanka,taxon,Shrimps and prawns,1964,3.8
Sri Lanka,taxon,Shrimps and prawns,1965,4.1
Sri Lanka,taxon,Shrimps and prawns,1966,1.2
Sri Lanka,taxon,Shrimps and prawns,1969,0.2
Sri Lanka,taxon,Shrimps and prawns,1970,5.3
Sri Lanka,taxon,Shrimps and prawns,1971,4.7
Sri Lanka,taxon,Shrimps and prawns,1972,12.5
Sri Lanka,taxon,Shrimps and prawns,1975,0.9
Sri Lanka,taxon,Garment anchovies,1970,4.6
Sri Lanka,taxon,Garment anchovies,1971,5.3
Sri Lanka,taxon,Garment anchovies,1972,7.3
Sri Lanka,taxon,Garment anchovies,1973,15.1
Sri Lanka,taxon,Garment anchovies,1975,4.0
Sri Lanka,taxon,Torpedo scad,1953,0.0
Sri Lanka,taxon,Torpedo scad,1966,0.9
Sri Lanka,taxon,Torpedo scad,1970,2.8
Sri Lanka,taxon,Torpedo scad,1971,1.4
Sri Lanka,taxon,Torpedo scad,1972,0.3
Sri Lanka,taxon,Torpedo scad,1973,1.1
Sri Lanka,taxon,Torpedo scad,1974,7.3
Sri Lanka,taxon,Torpedo scad,1975,6.6
Sri Lanka,taxon,Blue marlins,1983,2.1
Sri Lanka,taxon,Blue marlins,1984,4.5
Sri Lanka,taxon,Blue marlins,1985,3.6
Sri Lanka,taxon,Blue marlins,1986,0.1
Sri Lanka,taxon,Blue marlins,1987,0.1
Sri Lanka,taxon,Blue marlins,1988,0.0
Sri Lanka,taxon,Blue marlins,1989,0.0
Sri Lanka,taxon,Blue marlins,1990,0.0
Sri Lanka,taxon,Blue marlins,1991,0.0
Sri Lanka,taxon,Blue marlins,1992,0.0
Sri Lanka,taxon,Blue marlins,1993,0.1
Sri Lanka,taxon,Blue marlins,1995,0.5
Sri Lanka,taxon,Blue marlins,1996,0.1
Sri Lanka,taxon,Blue marlins,1997,0.1
Sri Lanka,taxon,Blue marlins,1998,0.5
Sri Lanka,taxon,Blue marlins,1999,0.9
Sri Lanka,taxon,Blue marlins,2000,0.5
Sri Lanka,taxon,Blue marlins,2001,0.0
Sri Lanka,taxon,Blue marlins,2003,0.0
Sri Lanka,taxon,Blue marlins,2004,0.0
Sri Lanka,taxon,Blue marlins,2007,2.0
Sri Lanka,taxon,Blue marlins,2014,0.6
Sri Lanka,taxon,Blue marlins,2015,1.1
Sri Lanka,taxon,Blue marlins,2016,2.2
Sri Lanka,taxon,Blue marlins,2017,0.1
Sri Lanka,taxon,Blue marlins,2018,0.6
Sri Lanka,taxon,Pennah croakers,1950,0.1
Sri Lanka,taxon,Pennah croakers,1951,0.2
Sri Lanka,taxon,Pennah croakers,1952,0.1
Sri Lanka,taxon,Pennah croakers,1953,0.0
Sri Lanka,taxon,Pennah croakers,1954,0.0
Sri Lanka,taxon,Pennah croakers,1955,0.0
Sri Lanka,taxon,Pennah croakers,1956,0.0
Sri Lanka,taxon,Pennah croakers,1957,0.0
Sri Lanka,taxon,Pennah croakers,1958,0.1
Sri Lanka,taxon,Pennah croakers,1959,0.1
Sri Lanka,taxon,Pennah croakers,1960,0.1
Sri Lanka,taxon,Pennah croakers,1961,0.1
Sri Lanka,taxon,Pennah croakers,1962,0.1
Sri Lanka,taxon,Pennah croakers,1963,2.3
Sri Lanka,taxon,Pennah croakers,1964,1.6
Sri Lanka,taxon,Pennah croakers,1965,1.2
Sri Lanka,taxon,Pennah croakers,1966,1.5
Sri Lanka,taxon,Pennah croakers,1967,3.8
Sri Lanka,taxon,Pennah croakers,1968,0.6
Sri Lanka,taxon,Pennah croakers,1976,5.4
Sri Lanka,taxon,Chacunda gizzard shad,1963,0.7
Sri Lanka,taxon,Chacunda gizzard shad,1964,0.4
Sri Lanka,taxon,Chacunda gizzard shad,1965,0.8
Sri Lanka,taxon,Chacunda gizzard shad,1966,0.5
Sri Lanka,taxon,Chacunda gizzard shad,1967,0.5
Sri Lanka,taxon,Chacunda gizzard shad,1968,0.2
Sri Lanka,taxon,Chacunda gizzard shad,1969,0.5
Sri Lanka,taxon,Chacunda gizzard shad,1970,1.4
Sri Lanka,taxon,Chacunda gizzard shad,1971,0.8
Sri Lanka,taxon,Chacunda gizzard shad,1972,1.6
Sri Lanka,taxon,Chacunda gizzard shad,1973,1.5
Sri Lanka,taxon,Chacunda gizzard shad,1974,2.0
Sri Lanka,taxon,Chacunda gizzard shad,1975,1.5
Sri Lanka,taxon,Chacunda gizzard shad,1976,1.9
Sri Lanka,taxon,Clams,1964,0.7
Sri Lanka,taxon,Clams,1965,0.9
Sri Lanka,taxon,Clams,1966,0.1
Sri Lanka,taxon,Clams,1970,0.6
Sri Lanka,taxon,Clams,1971,0.6
Sri Lanka,taxon,Clams,1972,0.3
Sri Lanka,taxon,Clams,1973,0.0
Sri Lanka,taxon,Clams,1976,8.1
Sri Lanka,taxon,Scalloped hammerhead,2005,0.0
Sri Lanka,taxon,Scalloped hammerhead,2006,0.0
Sri Lanka,taxon,Scalloped hammerhead,2007,0.0
Sri Lanka,taxon,Scalloped hammerhead,2008,0.0
Sri Lanka,taxon,Scalloped hammerhead,2009,0.0
Sri Lanka,taxon,Scalloped hammerhead,2010,0.0
Sri Lanka,taxon,Scalloped hammerhead,2011,0.0
Sri Lanka,taxon,Scalloped hammerhead,2014,0.1
Sri Lanka,taxon,Scalloped hammerhead,2015,1.9
Sri Lanka,taxon,Scalloped hammerhead,2016,3.0
Sri Lanka,taxon,Scalloped hammerhead,2017,0.5
Sri Lanka,taxon,Scalloped hammerhead,2018,3.2
Sri Lanka,taxon,Scalloped hammerhead,2019,1.3
Sri Lanka,taxon,Ponyfishes,1950,0.0
Sri Lanka,taxon,Ponyfishes,1951,0.1
Sri Lanka,taxon,Ponyfishes,1952,0.0
Sri Lanka,taxon,Ponyfishes,1953,0.0
Sri Lanka,taxon,Ponyfishes,1954,0.1
Sri Lanka,taxon,Ponyfishes,1955,0.0
Sri Lanka,taxon,Ponyfishes,1956,0.0
Sri Lanka,taxon,Ponyfishes,1957,0.0
Sri Lanka,taxon,Ponyfishes,1958,0.0
Sri Lanka,taxon,Ponyfishes,1959,0.1
Sri Lanka,taxon,Ponyfishes,1960,0.0
Sri Lanka,taxon,Ponyfishes,1961,0.0
Sri Lanka,taxon,Ponyfishes,1962,0.0
Sri Lanka,taxon,Ponyfishes,1963,1.2
Sri Lanka,taxon,Ponyfishes,1964,1.1
Sri Lanka,taxon,Ponyfishes,1965,1.6
Sri Lanka,taxon,Ponyfishes,1966,1.6
Sri Lanka,taxon,Ponyfishes,1967,1.0
Sri Lanka,taxon,Ponyfishes,1968,0.3
Sri Lanka,taxon,Ponyfishes,1976,2.2
Sri Lanka,taxon,Grey mullets,1950,0.1
Sri Lanka,taxon,Grey mullets,1951,0.2
Sri Lanka,taxon,Grey mullets,1952,0.0
Sri Lanka,taxon,Grey mullets,1953,0.0
Sri Lanka,taxon,Grey mullets,1954,0.0
Sri Lanka,taxon,Grey mullets,1955,0.0
Sri Lanka,taxon,Grey mullets,1956,0.0
Sri Lanka,taxon,Grey mullets,1957,0.0
Sri Lanka,taxon,Grey mullets,1958,0.0
Sri Lanka,taxon,Grey mullets,1959,0.1
Sri Lanka,taxon,Grey mullets,1960,0.0
Sri Lanka,taxon,Grey mullets,1961,0.0
Sri Lanka,taxon,Grey mullets,1962,0.0
Sri Lanka,taxon,Grey mullets,1963,1.5
Sri Lanka,taxon,Grey mullets,1964,1.2
Sri Lanka,taxon,Grey mullets,1965,1.3
Sri Lanka,taxon,Grey mullets,1966,0.8
Sri Lanka,taxon,Grey mullets,1967,0.2
Sri Lanka,taxon,Grey mullets,1968,0.1
Sri Lanka,taxon,Grey mullets,1969,1.2
Sri Lanka,taxon,Grey mullets,1970,1.0
Sri Lanka,taxon,Grey mullets,1971,0.4
Sri Lanka,taxon,Acetes shrimps,1970,0.6
Sri Lanka,taxon,Acetes shrimps,1971,0.4
Sri Lanka,taxon,Acetes shrimps,1973,0.6
Sri Lanka,taxon,Acetes shrimps,1974,2.3
Sri Lanka,taxon,Acetes shrimps,1975,1.7
Sri Lanka,taxon,Blue swimming crab,1961,0.0
Sri Lanka,taxon,Blue swimming crab,1962,0.0
Sri Lanka,taxon,Blue swimming crab,1963,0.7
Sri Lanka,taxon,Blue swimming crab,1964,0.4
Sri Lanka,taxon,Blue swimming crab,1965,0.6
Sri Lanka,taxon,Blue swimming crab,1966,0.8
Sri Lanka,taxon,Blue swimming crab,1967,0.5
Sri Lanka,taxon,Blue swimming crab,1968,0.1
Sri Lanka,taxon,Blue swimming crab,1970,0.7
Sri Lanka,taxon,Blue swimming crab,1975,0.1
Sri Lanka,taxon,Congers,1950,0.0
Sri Lanka,taxon,Congers,1952,0.0
Sri Lanka,taxon,Congers,1959,0.0
Sri Lanka,taxon,Congers,1960,0.0
Sri Lanka,taxon,Congers,1961,0.0
Sri Lanka,taxon,Congers,1962,0.0
Sri Lanka,taxon,Congers,1963,0.4
Sri Lanka,taxon,Congers,1964,0.3
Sri Lanka,taxon,Congers,1965,0.3
Sri Lanka,taxon,Congers,1966,0.4
Sri Lanka,taxon,Congers,1970,0.2
Sri Lanka,taxon,Congers,1971,0.1
Sri Lanka,taxon,Congers,1972,0.4
Sri Lanka,taxon,Congers,1973,1.6
Sri Lanka,taxon,Indian pellona,1970,0.5
Sri Lanka,taxon,Indian pellona,1971,0.4
Sri Lanka,taxon,Indian pellona,1973,0.6
Sri Lanka,taxon,Indian pellona,1974,0.7
Sri Lanka,taxon,Indian pellona,1975,0.5
Sri Lanka,taxon,Indian pellona,1976,1.0
Sri Lanka,taxon,Tunas,1954,0.0
Sri Lanka,taxon,Tunas,1955,0.0
Sri Lanka,taxon,Tunas,1956,0.0
Sri Lanka,taxon,Tunas,1958,0.1
Sri Lanka,taxon,Tunas,1959,0.1
Sri Lanka,taxon,Tunas,1960,0.1
Sri Lanka,taxon,Tunas,1961,0.1
Sri Lanka,taxon,Tunas,1963,0.2
Sri Lanka,taxon,Tunas,1964,0.2
Sri Lanka,taxon,Tunas,1966,0.3
Sri Lanka,taxon,Tunas,1968,1.7
Sri Lanka,taxon,Tunas,1969,0.7
Sri Lanka,taxon,Tunas,1970,0.1
Sri Lanka,taxon,Tunas,2007,0.0
Sri Lanka,taxon,Common dolphinfish,2007,0.0
Sri Lanka,taxon,Common dolphinfish,2008,0.0
Sri Lanka,taxon,Common dolphinfish,2009,0.0
Sri Lanka,taxon,Common dolphinfish,2010,0.0
Sri Lanka,taxon,Common dolphinfish,2011,0.0
Sri Lanka,taxon,Common dolphinfish,2012,0.0
Sri Lanka,taxon,Common dolphinfish,2013,0.0
Sri Lanka,taxon,Common dolphinfish,2014,0.0
Sri Lanka,taxon,Common dolphinfish,2015,2.6
Sri Lanka,taxon,Common dolphinfish,2016,0.0
Sri Lanka,taxon,Common dolphinfish,2017,0.0
Sri Lanka,taxon,Common dolphinfish,2018,0.0
Sri Lanka,taxon,Common dolphinfish,2019,0.0
Sri Lanka,taxon,Queenfishes,1950,0.0
Sri Lanka,taxon,Queenfishes,1951,0.0
Sri Lanka,taxon,Queenfishes,1952,0.0
Sri Lanka,taxon,Queenfishes,1953,0.0
Sri Lanka,taxon,Queenfishes,1954,0.0
Sri Lanka,taxon,Queenfishes,1955,0.0
Sri Lanka,taxon,Queenfishes,1956,0.0
Sri Lanka,taxon,Queenfishes,1957,0.0
Sri Lanka,taxon,Queenfishes,1958,0.0
Sri Lanka,taxon,Queenfishes,1959,0.0
Sri Lanka,taxon,Queenfishes,1960,0.0
Sri Lanka,taxon,Queenfishes,1961,0.0
Sri Lanka,taxon,Queenfishes,1962,0.0
Sri Lanka,taxon,Queenfishes,1963,0.3
Sri Lanka,taxon,Queenfishes,1964,0.3
Sri Lanka,taxon,Queenfishes,1965,0.3
Sri Lanka,taxon,Queenfishes,1966,0.7
Sri Lanka,taxon,Queenfishes,1967,0.3
Sri Lanka,taxon,Queenfishes,1968,0.1
Sri Lanka,taxon,Queenfishes,1969,0.1
Sri Lanka,taxon,Threadfin breams,1962,0.0
Sri Lanka,taxon,Threadfin breams,1963,0.1
Sri Lanka,taxon,Threadfin breams,1964,0.2
Sri Lanka,taxon,Threadfin breams,1965,0.7
Sri Lanka,taxon,Threadfin breams,1966,0.7
Sri Lanka,taxon,Threadfin breams,1967,0.2
Sri Lanka,taxon,Mackerel scad,2014,0.1
Sri Lanka,taxon,Mackerel scad,2015,1.7
Sri Lanka,taxon,Mackerel scad,2017,0.1
Sri Lanka,taxon,Upeneid goatfishes,1966,0.0
Sri Lanka,taxon,Upeneid goatfishes,1967,0.1
Sri Lanka,taxon,Upeneid goatfishes,1976,1.8
Sri Lanka,taxon,Hairtails,1950,0.0
Sri Lanka,taxon,Hairtails,1951,0.0
Sri Lanka,taxon,Hairtails,1952,0.0
Sri Lanka,taxon,Hairtails,1953,0.0
Sri Lanka,taxon,Hairtails,1954,0.0
Sri Lanka,taxon,Hairtails,1955,0.0
Sri Lanka,taxon,Hairtails,1956,0.0
Sri Lanka,taxon,Hairtails,1957,0.0
Sri Lanka,taxon,Hairtails,1958,0.0
Sri Lanka,taxon,Hairtails,1959,0.0
Sri Lanka,taxon,Hairtails,1960,0.0
Sri Lanka,taxon,Hairtails,1961,0.0
Sri Lanka,taxon,Hairtails,1962,0.0
Sri Lanka,taxon,Hairtails,1963,0.2
Sri Lanka,taxon,Hairtails,1964,0.1
Sri Lanka,taxon,Hairtails,1965,0.1
Sri Lanka,taxon,Hairtails,1966,0.0
Sri Lanka,taxon,Hairtails,1969,0.0
Sri Lanka,taxon,Hairtails,1974,0.0
Sri Lanka,taxon,Hairtails,1975,0.1
Sri Lanka,taxon,Hairtails,1976,1.1
Sri Lanka,taxon,Tonguesoles,1970,0.1
Sri Lanka,taxon,Tonguesoles,1973,0.2
Sri Lanka,taxon,Tonguesoles,1974,0.8
Sri Lanka,taxon,Tonguesoles,1975,0.6
Sri Lanka,taxon,Tonguesoles,1976,0.1
Sri Lanka,taxon,Rainbow runner,1970,0.2
Sri Lanka,taxon,Rainbow runner,1971,0.2
Sri Lanka,taxon,Rainbow runner,1973,0.2
Sri Lanka,taxon,Rainbow runner,1974,0.5
Sri Lanka,taxon,Rainbow runner,1975,0.3
Sri Lanka,taxon,Rainbow runner,1976,0.3
Sri Lanka,taxon,Smelt-whitings,1974,0.6
Sri Lanka,taxon,Smelt-whitings,1975,0.5
Sri Lanka,taxon,Smelt-whitings,1976,0.5
Sri Lanka,taxon,Wolf herrings,1961,0.0
Sri Lanka,taxon,Wolf herrings,1964,0.0
Sri Lanka,taxon,Wolf herrings,1965,0.4
Sri Lanka,taxon,Wolf herrings,1966,0.4
Sri Lanka,taxon,Wolf herrings,1972,0.1
Sri Lanka,taxon,Wolf herrings,1975,0.5
Sri Lanka,taxon,Smooth hammerhead,2015,1.4
Sri Lanka,taxon,Lizardfishes,1970,0.1
Sri Lanka,taxon,Lizardfishes,1974,0.2
Sri Lanka,taxon,Lizardfishes,1975,0.1
Sri Lanka,taxon,Lizardfishes,1976,0.8
Sri Lanka,taxon,Copper shark,2012,1.2
Sri Lanka,taxon,Skates and rays,1951,0.0
Sri Lanka,taxon,Skates and rays,1952,0.0
Sri Lanka,taxon,Skates and rays,1953,0.0
Sri Lanka,taxon,Skates and rays,1954,0.1
Sri Lanka,taxon,Skates and rays,1955,0.0
Sri Lanka,taxon,Skates and rays,1956,0.1
Sri Lanka,taxon,Skates and rays,1957,0.0
Sri Lanka,taxon,Skates and rays,1958,0.0
Sri Lanka,taxon,Skates and rays,1963,0.2
Sri Lanka,taxon,Skates and rays,1964,0.2
Sri Lanka,taxon,Skates and rays,1966,0.1
Sri Lanka,taxon,Skates and rays,2014,0.1
Sri Lanka,taxon,Skates and rays,2015,0.0
Sri Lanka,taxon,Skates and rays,2017,0.1
Sri Lanka,taxon,Skates and rays,2018,0.2
Sri Lanka,taxon,Skates and rays,2019,0.0
Sri Lanka,taxon,Silver grunt,1972,0.5
Sri Lanka,taxon,Silver grunt,1974,0.1
Sri Lanka,taxon,Silver grunt,1975,0.3
Sri Lanka,taxon,"Barracudas, sennets",1964,0.0
Sri Lanka,taxon,"Barracudas, sennets",1965,0.0
Sri Lanka,taxon,"Barracudas, sennets",1967,0.0
Sri Lanka,taxon,"Barracudas, sennets",1968,0.0
Sri Lanka,taxon,"Barracudas, sennets",1969,0.1
Sri Lanka,taxon,"Barracudas, sennets",1971,0.0
Sri Lanka,taxon,"Barracudas, sennets",1972,0.0
Sri Lanka,taxon,"Barracudas, sennets",1973,0.0
Sri Lanka,taxon,"Barracudas, sennets",1974,0.2
Sri Lanka,taxon,"Barracudas, sennets",1975,0.2
Sri Lanka,taxon,"Barracudas, sennets",1976,0.0
Sri Lanka,taxon,Barracudas,2005,0.0
Sri Lanka,taxon,Barracudas,2006,0.0
Sri Lanka,taxon,Barracudas,2007,0.0
Sri Lanka,taxon,Barracudas,2008,0.0
Sri Lanka,taxon,Barracudas,2009,0.0
Sri Lanka,taxon,Barracudas,2011,0.0
Sri Lanka,taxon,Barracudas,2012,0.0
Sri Lanka,taxon,Barracudas,2013,0.0
Sri Lanka,taxon,Barracudas,2015,0.0
Sri Lanka,taxon,Barracudas,2016,0.0
Sri Lanka,taxon,Barracudas,2017,0.0
Sri Lanka,taxon,Barracudas,2018,0.7
Sri Lanka,taxon,Barracudas,2019,0.0
Sri Lanka,taxon,Sicklefishes,1976,0.5
Sri Lanka,taxon,Triggerfishes,1969,0.0
Sri Lanka,taxon,Triggerfishes,1974,0.2
Sri Lanka,taxon,Triggerfishes,1975,0.1
Sri Lanka,taxon,Spanish mackerels,1975,0.1
Sri Lanka,taxon,Sandbar shark,2012,0.1
Sri Lanka,taxon,Jacks,1952,0.1
Sri Lanka,taxon,Dusky shark,2007,0.0
Sri Lanka,taxon,Dusky shark,2008,0.0
Sri Lanka,taxon,Dusky shark,2009,0.0
Sri Lanka,taxon,Dusky shark,2010,0.0
Sri Lanka,taxon,Dusky shark,2011,0.0
Sri Lanka,taxon,Dusky shark,2012,0.0
Sri Lanka,taxon,Blacktip shark,2012,0.0
Sri Lanka,taxon,Tiger shark,2011,0.0
Sri Lanka,taxon,Tiger shark,2012,0.0
Sri Lanka,taxon,Thresher,2009,0.0
Sri Lanka,taxon,Thresher,2011,0.0
Sri Lanka,taxon,Thresher,2017,0.0
Sri Lanka,taxon,Silvertip shark,2009,0.0
Sri Lanka,taxon,Silvertip shark,2011,0.0
Sri Lanka,taxon,Pelagic thresher,2009,0.0
Sri Lanka,taxon,Pelagic thresher,2010,0.0
Sri Lanka,taxon,Pelagic thresher,2018,0.0
Sri Lanka,taxon,Others,1950,27878.7
Sri Lanka,taxon,Others,1951,28009.7
Sri Lanka,taxon,Others,1952,28981.6
Sri Lanka,taxon,Others,1953,31165.4
Sri Lanka,taxon,Others,1954,31008.8
Sri Lanka,taxon,Others,1955,31693.9
Sri Lanka,taxon,Others,1956,30381.0
Sri Lanka,taxon,Others,1957,29874.5
Sri Lanka,taxon,Others,1958,33502.2
Sri Lanka,taxon,Others,1959,34673.6
Sri Lanka,taxon,Others,1960,35250.6
Sri Lanka,taxon,Others,1961,34833.9
Sri Lanka,taxon,Others,1962,36220.2
Sri Lanka,taxon,Others,1963,37817.1
Sri Lanka,taxon,Others,1964,42766.9
Sri Lanka,taxon,Others,1965,40974.2
Sri Lanka,taxon,Others,1966,42256.9
Sri Lanka,taxon,Others,1967,42254.4
Sri Lanka,taxon,Others,1968,50182.8
Sri Lanka,taxon,Others,1969,49737.8
Sri Lanka,taxon,Others,1970,47366.3
Sri Lanka,taxon,Others,1971,46774.4
Sri Lanka,taxon,Others,1972,46444.2
Sri Lanka,taxon,Others,1973,43997.0
Sri Lanka,taxon,Others,1974,44130.2
Sri Lanka,taxon,Others,1975,48753.8
Sri Lanka,taxon,Others,1976,56921.6
Sri Lanka,taxon,Others,1977,55595.0
Sri Lanka,taxon,Others,1978,58692.3
Sri Lanka,taxon,Others,1979,62014.8
Sri Lanka,taxon,Others,1980,59110.9
Sri Lanka,taxon,Others,1981,65791.5
Sri Lanka,taxon,Others,1982,66913.2
Sri Lanka,taxon,Others,1983,68631.1
Sri Lanka,taxon,Others,1984,52808.8
Sri Lanka,taxon,Others,1985,91937.5
Sri Lanka,taxon,Others,1986,92933.5
Sri Lanka,taxon,Others,1987,92565.8
Sri Lanka,taxon,Others,1988,106166.4
Sri Lanka,taxon,Others,1989,110693.9
Sri Lanka,taxon,Others,1990,84436.5
Sri Lanka,taxon,Others,1991,104185.2
Sri Lanka,taxon,Others,1992,90930.3
Sri Lanka,taxon,Others,1993,95051.0
Sri Lanka,taxon,Others,1994,94509.8
Sri Lanka,taxon,Others,1995,80071.3
Sri Lanka,taxon,Others,1996,89255.9
Sri Lanka,taxon,Others,1997,77703.2
Sri Lanka,taxon,Others,1998,88563.4
Sri Lanka,taxon,Others,1999,86231.0
Sri Lanka,taxon,Others,2000,79112.3
Sri Lanka,taxon,Others,2001,71296.6
Sri Lanka,taxon,Others,2002,67164.4
Sri Lanka,taxon,Others,2003,72646.7
Sri Lanka,taxon,Others,2004,77187.0
Sri Lanka,taxon,Others,2005,41680.9
Sri Lanka,taxon,Others,2006,65198.0
Sri Lanka,taxon,Others,2007,69748.5
Sri Lanka,taxon,Others,2008,73070.7
Sri Lanka,taxon,Others,2009,77137.0
Sri Lanka,taxon,Others,2010,89872.8
Sri Lanka,taxon,Others,2011,90162.3
Sri Lanka,taxon,Others,2012,98322.5
Sri Lanka,taxon,Others,2013,86606.6
Sri Lanka,taxon,Others,2014,73877.3
Sri Lanka,taxon,Others,2015,64454.8
Sri Lanka,taxon,Others,2016,64589.3
Sri Lanka,taxon,Others,2017,56460.3
Sri Lanka,taxon,Others,2018,63802.7
Sri Lanka,taxon,Others,2019,57181.9
Sri Lanka,gear,small scale,1950,142666.5
Sri Lanka,gear,small scale,1951,144494.6
Sri Lanka,gear,small scale,1952,147573.0
Sri Lanka,gear,small scale,1953,150388.5
Sri Lanka,gear,small scale,1954,151003.4
Sri Lanka,gear,small scale,1955,153280.7
Sri Lanka,gear,small scale,1956,157542.4
Sri Lanka,gear,small scale,1957,153931.4
Sri Lanka,gear,small scale,1958,158977.7
Sri Lanka,gear,small scale,1959,164082.2
Sri Lanka,gear,small scale,1960,167559.6
Sri Lanka,gear,small scale,1961,175653.2
Sri Lanka,gear,small scale,1962,181443.9
Sri Lanka,gear,small scale,1963,177592.5
Sri Lanka,gear,small scale,1964,192916.1
Sri Lanka,gear,small scale,1965,177872.0
Sri Lanka,gear,small scale,1966,179658.5
Sri Lanka,gear,small scale,1967,179813.9
Sri Lanka,gear,small scale,1968,194712.3
Sri Lanka,gear,small scale,1969,187839.1
Sri Lanka,gear,small scale,1970,185349.5
Sri Lanka,gear,small scale,1971,176151.1
Sri Lanka,gear,small scale,1972,183105.9
Sri Lanka,gear,small scale,1973,181015.1
Sri Lanka,gear,small scale,1974,184670.5
Sri Lanka,gear,small scale,1975,190698.2
Sri Lanka,gear,small scale,1976,198494.4
Sri Lanka,gear,small scale,1977,205760.7
Sri Lanka,gear,small scale,1978,215136.8
Sri Lanka,gear,small scale,1979,224869.3
Sri Lanka,gear,small scale,1980,232551.1
Sri Lanka,gear,small scale,1981,229001.7
Sri Lanka,gear,small scale,1982,223235.0
Sri Lanka,gear,small scale,1983,229892.6
Sri Lanka,gear,small scale,1984,195632.2
Sri Lanka,gear,small scale,1985,209994.6
Sri Lanka,gear,small scale,1986,210122.7
Sri Lanka,gear,small scale,1987,212381.6
Sri Lanka,gear,small scale,1988,228830.9
Sri Lanka,gear,small scale,1989,235472.5
Sri Lanka,gear,small scale,1990,206185.3
Sri Lanka,gear,small scale,1991,232769.8
Sri Lanka,gear,small scale,1992,220434.9
Sri Lanka,gear,small scale,1993,230283.1
Sri Lanka,gear,small scale,1994,233690.1
Sri Lanka,gear,small scale,1995,226693.8
Sri Lanka,gear,small scale,1996,234454.3
Sri Lanka,gear,small scale,1997,223907.0
Sri Lanka,gear,small scale,1998,240048.9
Sri Lanka,gear,small scale,1999,241607.2
Sri Lanka,gear,small scale,2000,235397.0
Sri Lanka,gear,small scale,2001,226307.7
Sri Lanka,gear,small scale,2002,227667.8
Sri Lanka,gear,small scale,2003,239210.9
Sri Lanka,gear,small scale,2004,241710.5
Sri Lanka,gear,small scale,2005,127561.1
Sri Lanka,gear,small scale,2006,233250.0
Sri Lanka,gear,small scale,2007,247685.0
Sri Lanka,gear,small scale,2008,255296.4
Sri Lanka,gear,small scale,2009,257378.0
Sri Lanka,gear,small scale,2010,264931.4
Sri Lanka,gear,small scale,2011,274089.3
Sri Lanka,gear,small scale,2012,274591.5
Sri Lanka,gear,small scale,2013,275281.9
Sri Lanka,gear,small scale,2014,265646.9
Sri Lanka,gear,small scale,2015,288308.9
Sri Lanka,gear,small scale,2016,295354.5
Sri Lanka,gear,small scale,2017,256702.8
Sri Lanka,gear,small scale,2018,264224.8
Sri Lanka,gear,small scale,2019,222753.4
Sri Lanka,gear,bottom trawl,1950,4540.2
Sri Lanka,gear,bottom trawl,1951,4539.8
Sri Lanka,gear,bottom trawl,1952,5447.3
Sri Lanka,gear,bottom trawl,1953,6355.3
Sri Lanka,gear,bottom trawl,1954,10894.6
Sri Lanka,gear,bottom trawl,1955,9078.7
Sri Lanka,gear,bottom trawl,1956,13618.0
Sri Lanka,gear,bottom trawl,1957,11802.2
Sri Lanka,gear,bottom trawl,1958,19064.9
Sri Lanka,gear,bottom trawl,1959,17249.3
Sri Lanka,gear,bottom trawl,1960,18157.1
Sri Lanka,gear,bottom trawl,1961,16341.4
Sri Lanka,gear,bottom trawl,1962,27235.6
Sri Lanka,gear,bottom trawl,1963,21798.9
Sri Lanka,gear,bottom trawl,1964,44492.8
Sri Lanka,gear,bottom trawl,1965,24522.1
Sri Lanka,gear,bottom trawl,1966,29058.0
Sri Lanka,gear,bottom trawl,1967,31780.2
Sri Lanka,gear,bottom trawl,1968,23605.0
Sri Lanka,gear,bottom trawl,1969,36314.2
Sri Lanka,gear,bottom trawl,1970,31783.3
Sri Lanka,gear,bottom trawl,1971,29057.6
Sri Lanka,gear,bottom trawl,1972,33605.1
Sri Lanka,gear,bottom trawl,1973,29962.4
Sri Lanka,gear,bottom trawl,1974,48326.8
Sri Lanka,gear,bottom trawl,1975,56698.8
Sri Lanka,gear,bottom trawl,1976,65599.1
Sri Lanka,gear,bottom trawl,1977,56035.2
Sri Lanka,gear,bottom trawl,1978,66994.8
Sri Lanka,gear,bottom trawl,1979,51308.3
Sri Lanka,gear,bottom trawl,1980,45542.7
Sri Lanka,gear,bottom trawl,1981,64607.1
Sri Lanka,gear,bottom trawl,1982,87154.2
Sri Lanka,gear,bottom trawl,1983,67113.1
Sri Lanka,gear,bottom trawl,1984,63201.0
Sri Lanka,gear,bottom trawl,1985,40599.9
Sri Lanka,gear,bottom trawl,1986,41345.3
Sri Lanka,gear,bottom trawl,1987,42578.2
Sri Lanka,gear,bottom trawl,1988,42753.8
Sri Lanka,gear,bottom trawl,1989,42161.8
Sri Lanka,gear,bottom trawl,1990,39894.0
Sri Lanka,gear,bottom trawl,1991,44851.8
Sri Lanka,gear,bottom trawl,1992,55645.0
Sri Lanka,gear,bottom trawl,1993,54121.3
Sri Lanka,gear,bottom trawl,1994,34131.7
Sri Lanka,gear,bottom trawl,1995,52505.0
Sri Lanka,gear,bottom trawl,1996,47413.1
Sri Lanka,gear,bottom trawl,1997,47682.7
Sri Lanka,gear,bottom trawl,1998,51159.6
Sri Lanka,gear,bottom trawl,1999,39058.5
Sri Lanka,gear,bottom trawl,2000,54114.5
Sri Lanka,gear,bottom trawl,2001,37758.9
Sri Lanka,gear,bottom trawl,2002,39632.2
Sri Lanka,gear,bottom trawl,2003,64735.4
Sri Lanka,gear,bottom trawl,2004,66504.4
Sri Lanka,gear,bottom trawl,2005,25603.7
Sri Lanka,gear,bottom trawl,2006,43694.4
Sri Lanka,gear,bottom trawl,2007,49068.0
Sri Lanka,gear,bottom trawl,2008,55039.8
Sri Lanka,gear,bottom trawl,2009,60649.1
Sri Lanka,gear,bottom trawl,2010,64811.7
Sri Lanka,gear,bottom trawl,2011,57727.7
Sri Lanka,gear,bottom trawl,2012,66090.4
Sri Lanka,gear,bottom trawl,2013,65042.2
Sri Lanka,gear,bottom trawl,2014,79312.4
Sri Lanka,gear,bottom trawl,2015,74916.1
Sri Lanka,gear,bottom trawl,2016,80525.7
Sri Lanka,gear,bottom trawl,2017,69509.5
Sri Lanka,gear,bottom trawl,2018,63991.0
Sri Lanka,gear,bottom trawl,2019,47056.6
Sri Lanka,gear,gillnets,1950,2211.0
Sri Lanka,gear,gillnets,1951,3590.0
Sri Lanka,gear,gillnets,1952,2674.0
Sri Lanka,gear,gillnets,1953,1761.0
Sri Lanka,gear,gillnets,1954,3229.0
Sri Lanka,gear,gillnets,1955,2610.0
Sri Lanka,gear,gillnets,1956,3127.0
Sri Lanka,gear,gillnets,1957,4031.0
Sri Lanka,gear,gillnets,1958,4453.0
Sri Lanka,gear,gillnets,1959,4471.0
Sri Lanka,gear,gillnets,1960,5191.0
Sri Lanka,gear,gillnets,1961,5213.0
Sri Lanka,gear,gillnets,1962,8337.0
Sri Lanka,gear,gillnets,1963,8462.0
Sri Lanka,gear,gillnets,1964,9421.0
Sri Lanka,gear,gillnets,1965,8378.0
Sri Lanka,gear,gillnets,1966,9617.0
Sri Lanka,gear,gillnets,1967,11480.0
Sri Lanka,gear,gillnets,1968,11699.0
Sri Lanka,gear,gillnets,1969,12911.0
Sri Lanka,gear,gillnets,1970,11146.0
Sri Lanka,gear,gillnets,1971,8648.0
Sri Lanka,gear,gillnets,1972,11415.0
Sri Lanka,gear,gillnets,1973,15754.0
Sri Lanka,gear,gillnets,1974,13891.0
Sri Lanka,gear,gillnets,1975,11502.0
Sri Lanka,gear,gillnets,1976,14657.4
Sri Lanka,gear,gillnets,1977,11357.8
Sri Lanka,gear,gillnets,1978,12571.0
Sri Lanka,gear,gillnets,1979,12565.9
Sri Lanka,gear,gillnets,1980,14154.2
Sri Lanka,gear,gillnets,1981,18408.7
Sri Lanka,gear,gillnets,1982,14168.2
Sri Lanka,gear,gillnets,1983,11093.0
Sri Lanka,gear,gillnets,1984,10768.9
Sri Lanka,gear,gillnets,1985,7717.9
Sri Lanka,gear,gillnets,1986,7244.3
Sri Lanka,gear,gillnets,1987,6442.6
Sri Lanka,gear,gillnets,1988,5964.3
Sri Lanka,gear,gillnets,1989,8125.8
Sri Lanka,gear,gillnets,1990,5973.2
Sri Lanka,gear,gillnets,1991,7156.6
Sri Lanka,gear,gillnets,1992,7328.5
Sri Lanka,gear,gillnets,1993,11415.1
Sri Lanka,gear,gillnets,1994,13601.1
Sri Lanka,gear,gillnets,1995,11916.3
Sri Lanka,gear,gillnets,1996,11449.2
Sri Lanka,gear,gillnets,1997,11805.4
Sri Lanka,gear,gillnets,1998,12028.2
Sri Lanka,gear,gillnets,1999,13152.8
Sri Lanka,gear,gillnets,2000,10764.3
Sri Lanka,gear,gillnets,2001,9105.3
Sri Lanka,gear,gillnets,2002,10057.6
Sri Lanka,gear,gillnets,2003,7930.7
Sri Lanka,gear,gillnets,2004,7614.4
Sri Lanka,gear,gillnets,2005,3336.2
Sri Lanka,gear,gillnets,2006,3359.0
Sri Lanka,gear,gillnets,2007,2201.8
Sri Lanka,gear,gillnets,2008,2220.5
Sri Lanka,gear,gillnets,2009,3409.0
Sri Lanka,gear,gillnets,2010,5213.1
Sri Lanka,gear,gillnets,2011,32797.0
Sri Lanka,gear,gillnets,2012,30247.0
Sri Lanka,gear,gillnets,2013,26367.0
Sri Lanka,gear,gillnets,2014,13446.0
Sri Lanka,gear,gillnets,2015,14759.1
Sri Lanka,gear,gillnets,2016,7796.6
Sri Lanka,gear,gillnets,2017,15389.7
Sri Lanka,gear,gillnets,2018,6564.6
Sri Lanka,gear,gillnets,2019,6410.8
Sri Lanka,gear,longline,1950,0.0
Sri Lanka,gear,longline,1951,0.0
Sri Lanka,gear,longline,1952,0.0
Sri Lanka,gear,longline,1953,0.0
Sri Lanka,gear,longline,1954,244.5
Sri Lanka,gear,longline,1955,1768.8
Sri Lanka,gear,longline,1956,2307.9
Sri Lanka,gear,longline,1957,730.0
Sri Lanka,gear,longline,1958,1135.4
Sri Lanka,gear,longline,1959,1352.3
Sri Lanka,gear,longline,1960,1378.4
Sri Lanka,gear,longline,1961,1615.9
Sri Lanka,gear,longline,1962,1407.9
Sri Lanka,gear,longline,1963,1397.3
Sri Lanka,gear,longline,1964,1632.2
Sri Lanka,gear,longline,1965,1150.9
Sri Lanka,gear,longline,1966,3129.7
Sri Lanka,gear,longline,1967,1546.9
Sri Lanka,gear,longline,1968,5772.7
Sri Lanka,gear,longline,1969,3407.1
Sri Lanka,gear,longline,1970,570.8
Sri Lanka,gear,longline,1971,2949.4
Sri Lanka,gear,longline,1972,580.2
Sri Lanka,gear,longline,1973,528.4
Sri Lanka,gear,longline,1974,469.9
Sri Lanka,gear,longline,1975,1862.1
Sri Lanka,gear,longline,1976,673.7
Sri Lanka,gear,longline,1977,595.8
Sri Lanka,gear,longline,1978,801.2
Sri Lanka,gear,longline,1979,471.5
Sri Lanka,gear,longline,1980,256.7
Sri Lanka,gear,longline,1981,0.0
Sri Lanka,gear,longline,1982,0.0
Sri Lanka,gear,longline,1983,25.9
Sri Lanka,gear,longline,1984,43.5
Sri Lanka,gear,longline,1985,77.3
Sri Lanka,gear,longline,1986,28.9
Sri Lanka,gear,longline,1987,11.2
Sri Lanka,gear,longline,1988,8.4
Sri Lanka,gear,longline,1989,2.3
Sri Lanka,gear,longline,1990,3.2
Sri Lanka,gear,longline,1991,5.0
Sri Lanka,gear,longline,1992,4.1
Sri Lanka,gear,longline,1993,22.3
Sri Lanka,gear,longline,1994,0.0
Sri Lanka,gear,longline,1995,13.8
Sri Lanka,gear,longline,1996,1.4
Sri Lanka,gear,longline,1997,2.1
Sri Lanka,gear,longline,1998,13.6
Sri Lanka,gear,longline,1999,100.2
Sri Lanka,gear,longline,2000,472.6
Sri Lanka,gear,longline,2001,1923.3
Sri Lanka,gear,longline,2002,983.8
Sri Lanka,gear,longline,2003,678.9
Sri Lanka,gear,longline,2004,1197.9
Sri Lanka,gear,longline,2005,1989.2
Sri Lanka,gear,longline,2006,476.0
Sri Lanka,gear,longline,2007,369.3
Sri Lanka,gear,longline,2008,599.4
Sri Lanka,gear,longline,2009,72.5
Sri Lanka,gear,longline,2010,264.6
Sri Lanka,gear,longline,2011,196.0
Sri Lanka,gear,longline,2012,4.5
Sri Lanka,gear,longline,2013,0.6
Sri Lanka,gear,longline,2014,279.4
Sri Lanka,gear,longline,2015,619.1
Sri Lanka,gear,longline,2016,381.4
Sri Lanka,gear,longline,2017,3435.4
Sri Lanka,gear,longline,2018,5264.8
Sri Lanka,gear,longline,2019,4529.6
Sri Lanka,gear,unknown,1950,0.0
Sri Lanka,gear,unknown,1951,0.0
Sri Lanka,gear,unknown,1952,0.0
Sri Lanka,gear,unknown,1953,0.0
Sri Lanka,gear,unknown,1954,0.0
Sri Lanka,gear,unknown,1955,0.0
Sri Lanka,gear,unknown,1956,0.0
Sri Lanka,gear,unknown,1957,0.0
Sri Lanka,gear,unknown,1958,0.0
Sri Lanka,gear,unknown,1959,0.0
Sri Lanka,gear,unknown,1960,0.0
Sri Lanka,gear,unknown,1961,0.0
Sri Lanka,gear,unknown,1962,0.0
Sri Lanka,gear,unknown,1963,0.0
Sri Lanka,gear,unknown,1964,0.0
Sri Lanka,gear,unknown,1965,0.0
Sri Lanka,gear,unknown,1966,0.0
Sri Lanka,gear,unknown,1967,0.0
Sri Lanka,gear,unknown,1968,331.7
Sri Lanka,gear,unknown,1969,0.0
Sri Lanka,gear,unknown,1970,72.9
Sri Lanka,gear,unknown,1971,134.4
Sri Lanka,gear,unknown,1972,116.5
Sri Lanka,gear,unknown,1973,315.4
Sri Lanka,gear,unknown,1974,489.5
Sri Lanka,gear,unknown,1975,164.7
Sri Lanka,gear,unknown,1976,151.1
Sri Lanka,gear,unknown,1977,75.2
Sri Lanka,gear,unknown,1978,96.4
Sri Lanka,gear,unknown,1979,269.2
Sri Lanka,gear,unknown,1980,0.0
Sri Lanka,gear,unknown,1981,0.0
Sri Lanka,gear,unknown,1982,0.0
Sri Lanka,gear,unknown,1983,0.0
Sri Lanka,gear,unknown,1984,0.0
Sri Lanka,gear,unknown,1985,0.0
Sri Lanka,gear,unknown,1986,0.0
Sri Lanka,gear,unknown,1987,0.0
Sri Lanka,gear,unknown,1988,0.0
Sri Lanka,gear,unknown,1989,0.0
Sri Lanka,gear,unknown,1990,0.0
Sri Lanka,gear,unknown,1991,0.0
Sri Lanka,gear,unknown,1992,0.0
Sri Lanka,gear,unknown,1993,0.0
Sri Lanka,gear,unknown,1994,0.0
Sri Lanka,gear,unknown,1995,0.0
Sri Lanka,gear,unknown,1996,47.5
Sri Lanka,gear,unknown,1997,57.3
Sri Lanka,gear,unknown,1998,73.9
Sri Lanka,gear,unknown,1999,182.2
Sri Lanka,gear,unknown,2000,74.1
Sri Lanka,gear,unknown,2001,32.0
Sri Lanka,gear,unknown,2002,4.5
Sri Lanka,gear,unknown,2003,2.4
Sri Lanka,gear,unknown,2004,1.8
Sri Lanka,gear,unknown,2005,0.7
Sri Lanka,gear,unknown,2006,0.7
Sri Lanka,gear,unknown,2007,0.5
Sri Lanka,gear,unknown,2008,0.1
Sri Lanka,gear,unknown,2009,0.6
Sri Lanka,gear,unknown,2010,2.2
Sri Lanka,gear,unknown,2011,0.5
Sri Lanka,gear,unknown,2012,0.0
Sri Lanka,gear,unknown,2013,0.0
Sri Lanka,gear,unknown,2014,0.0
Sri Lanka,gear,unknown,2015,0.0
Sri Lanka,gear,unknown,2016,0.0
Sri Lanka,gear,unknown,2017,995.8
Sri Lanka,gear,unknown,2018,843.2
Sri Lanka,gear,unknown,2019,31960.4
Sri Lanka,gear,other,1950,0.0
Sri Lanka,gear,other,1951,0.0
Sri Lanka,gear,other,1952,0.0
Sri Lanka,gear,other,1953,0.0
Sri Lanka,gear,other,1954,0.0
Sri Lanka,gear,other,1955,0.0
Sri Lanka,gear,other,1956,0.0
Sri Lanka,gear,other,1957,0.0
Sri Lanka,gear,other,1958,0.0
Sri Lanka,gear,other,1959,0.0
Sri Lanka,gear,other,1960,0.0
Sri Lanka,gear,other,1961,0.0
Sri Lanka,gear,other,1962,0.0
Sri Lanka,gear,other,1963,0.0
Sri Lanka,gear,other,1964,0.0
Sri Lanka,gear,other,1965,0.0
Sri Lanka,gear,other,1966,0.0
Sri Lanka,gear,other,1967,0.0
Sri Lanka,gear,other,1968,0.0
Sri Lanka,gear,other,1969,0.0
Sri Lanka,gear,other,1970,0.0
Sri Lanka,gear,other,1971,0.0
Sri Lanka,gear,other,1972,0.0
Sri Lanka,gear,other,1973,0.0
Sri Lanka,gear,other,1974,0.0
Sri Lanka,gear,other,1975,0.0
Sri Lanka,gear,other,1976,0.0
Sri Lanka,gear,other,1977,0.0
Sri Lanka,gear,other,1978,0.0
Sri Lanka,gear,other,1979,0.0
Sri Lanka,gear,other,1980,2224.6
Sri Lanka,gear,other,1981,2319.5
Sri Lanka,gear,other,1982,2895.2
Sri Lanka,gear,other,1983,3028.9
Sri Lanka,gear,other,1984,3066.2
Sri Lanka,gear,other,1985,2853.8
Sri Lanka,gear,other,1986,34.1
Sri Lanka,gear,other,1987,38.6
Sri Lanka,gear,other,1988,45.6
Sri Lanka,gear,other,1989,54.0
Sri Lanka,gear,other,1990,38.9
Sri Lanka,gear,other,1991,54.6
Sri Lanka,gear,other,1992,52.6
Sri Lanka,gear,other,1993,11.7
Sri Lanka,gear,other,1994,0.0
Sri Lanka,gear,other,1995,0.0
Sri Lanka,gear,other,1996,0.0
Sri Lanka,gear,other,1997,19.9
Sri Lanka,gear,other,1998,16.0
Sri Lanka,gear,other,1999,22.3
Sri Lanka,gear,other,2000,9.1
Sri Lanka,gear,other,2001,17.3
Sri Lanka,gear,other,2002,34.8
Sri Lanka,gear,other,2003,2.8
Sri Lanka,gear,other,2004,2.8
Sri Lanka,gear,other,2005,4.1
Sri Lanka,gear,other,2006,3.0
Sri Lanka,gear,other,2007,1.6
Sri Lanka,gear,other,2008,0.5
Sri Lanka,gear,other,2009,1.6
Sri Lanka,gear,other,2010,5.5
Sri Lanka,gear,other,2011,5.3
Sri Lanka,gear,other,2012,13.8
Sri Lanka,gear,other,2013,5.5
Sri Lanka,gear,other,2014,15.9
Sri Lanka,gear,other,2015,4.2
Sri Lanka,gear,other,2016,7.0
Sri Lanka,gear,other,2017,2.5
Sri Lanka,gear,other,2018,0.0
Sri Lanka,gear,other,2019,5.2
Sri Lanka,gear,purse seine,1950,0.2
Sri Lanka,gear,purse seine,1951,0.3
Sri Lanka,gear,purse seine,1952,0.1
Sri Lanka,gear,purse seine,1953,0.2
Sri Lanka,gear,purse seine,1954,0.2
Sri Lanka,gear,purse seine,1955,0.1
Sri Lanka,gear,purse seine,1956,0.2
Sri Lanka,gear,purse seine,1957,0.1
Sri Lanka,gear,purse seine,1958,0.1
Sri Lanka,gear,purse seine,1959,0.2
Sri Lanka,gear,purse seine,1960,0.1
Sri Lanka,gear,purse seine,1961,0.2
Sri Lanka,gear,purse seine,1962,0.3
Sri Lanka,gear,purse seine,1963,5.4
Sri Lanka,gear,purse seine,1964,3.9
Sri Lanka,gear,purse seine,1965,4.2
Sri Lanka,gear,purse seine,1966,4.5
Sri Lanka,gear,purse seine,1967,11.7
Sri Lanka,gear,purse seine,1968,11.9
Sri Lanka,gear,purse seine,1969,14.8
Sri Lanka,gear,purse seine,1970,16.0
Sri Lanka,gear,purse seine,1971,16.6
Sri Lanka,gear,purse seine,1972,16.1
Sri Lanka,gear,purse seine,1973,30.7
Sri Lanka,gear,purse seine,1974,23.5
Sri Lanka,gear,purse seine,1975,28.0
Sri Lanka,gear,purse seine,1976,7.5
Sri Lanka,gear,purse seine,1977,0.0
Sri Lanka,gear,purse seine,1978,433.8
Sri Lanka,gear,purse seine,1979,950.6
Sri Lanka,gear,purse seine,1980,1583.5
Sri Lanka,gear,purse seine,1981,1381.5
Sri Lanka,gear,purse seine,1982,1525.7
Sri Lanka,gear,purse seine,1983,1311.0
Sri Lanka,gear,purse seine,1984,1549.3
Sri Lanka,gear,purse seine,1985,2105.1
Sri Lanka,gear,purse seine,1986,11.3
Sri Lanka,gear,purse seine,1987,10.0
Sri Lanka,gear,purse seine,1988,11.7
Sri Lanka,gear,purse seine,1989,13.3
Sri Lanka,gear,purse seine,1990,12.0
Sri Lanka,gear,purse seine,1991,13.9
Sri Lanka,gear,purse seine,1992,17.0
Sri Lanka,gear,purse seine,1993,2.9
Sri Lanka,gear,purse seine,1994,15.7
Sri Lanka,gear,purse seine,1995,0.1
Sri Lanka,gear,purse seine,1996,0.0
Sri Lanka,gear,purse seine,1997,25.9
Sri Lanka,gear,purse seine,1998,16.0
Sri Lanka,gear,purse seine,1999,27.2
Sri Lanka,gear,purse seine,2000,7.8
Sri Lanka,gear,purse seine,2001,17.4
Sri Lanka,gear,purse seine,2002,30.1
Sri Lanka,gear,purse seine,2003,1.1
Sri Lanka,gear,purse seine,2004,1.1
Sri Lanka,gear,purse seine,2005,1.8
Sri Lanka,gear,purse seine,2006,1.3
Sri Lanka,gear,purse seine,2007,0.9
Sri Lanka,gear,purse seine,2008,0.3
Sri Lanka,gear,purse seine,2009,0.7
Sri Lanka,gear,purse seine,2010,3.1
Sri Lanka,gear,purse seine,2011,3.3
Sri Lanka,gear,purse seine,2012,9.3
Sri Lanka,gear,purse seine,2013,3.2
Sri Lanka,gear,purse seine,2014,8.4
Sri Lanka,gear,purse seine,2015,3.2
Sri Lanka,gear,purse seine,2016,5.5
Sri Lanka,gear,purse seine,2017,3.9
Sri Lanka,gear,purse seine,2018,1.4
Sri Lanka,gear,purse seine,2019,5.8
Sri Lanka,gear,pelagic trawl,1950,0.2
Sri Lanka,gear,pelagic trawl,1951,0.4
Sri Lanka,gear,pelagic trawl,1952,0.4
Sri Lanka,gear,pelagic trawl,1953,0.6
Sri Lanka,gear,pelagic trawl,1954,0.6
Sri Lanka,gear,pelagic trawl,1955,0.3
Sri Lanka,gear,pelagic trawl,1956,0.4
Sri Lanka,gear,pelagic trawl,1957,0.3
Sri Lanka,gear,pelagic trawl,1958,0.3
Sri Lanka,gear,pelagic trawl,1959,0.3
Sri Lanka,gear,pelagic trawl,1960,0.5
Sri Lanka,gear,pelagic trawl,1961,0.5
Sri Lanka,gear,pelagic trawl,1962,0.5
Sri Lanka,gear,pelagic trawl,1963,16.4
Sri Lanka,gear,pelagic trawl,1964,11.5
Sri Lanka,gear,pelagic trawl,1965,18.6
Sri Lanka,gear,pelagic trawl,1966,11.0
Sri Lanka,gear,pelagic trawl,1967,7.0
Sri Lanka,gear,pelagic trawl,1968,1.7
Sri Lanka,gear,pelagic trawl,1969,5.2
Sri Lanka,gear,pelagic trawl,1970,27.4
Sri Lanka,gear,pelagic trawl,1971,19.4
Sri Lanka,gear,pelagic trawl,1972,28.8
Sri Lanka,gear,pelagic trawl,1973,22.8
Sri Lanka,gear,pelagic trawl,1974,37.8
Sri Lanka,gear,pelagic trawl,1975,28.9
Sri Lanka,gear,pelagic trawl,1976,34.5
Sri Lanka,gear,pelagic trawl,1977,0.0
Sri Lanka,gear,pelagic trawl,1978,0.0
Sri Lanka,gear,pelagic trawl,1979,0.0
Sri Lanka,gear,pelagic trawl,1980,0.0
Sri Lanka,gear,pelagic trawl,1981,0.0
Sri Lanka,gear,pelagic trawl,1982,0.0
Sri Lanka,gear,pelagic trawl,1983,0.0
Sri Lanka,gear,pelagic trawl,1984,0.0
Sri Lanka,gear,pelagic trawl,1985,0.0
Sri Lanka,gear,pelagic trawl,1986,0.0
Sri Lanka,gear,pelagic trawl,1987,0.0
Sri Lanka,gear,pelagic trawl,1988,0.0
Sri Lanka,gear,pelagic trawl,1989,0.0
Sri Lanka,gear,pelagic trawl,1990,0.0
Sri Lanka,gear,pelagic trawl,1991,0.0
Sri Lanka,gear,pelagic trawl,1992,0.0
Sri Lanka,gear,pelagic trawl,1993,0.0
Sri Lanka,gear,pelagic trawl,1994,0.0
Sri Lanka,gear,pelagic trawl,1995,0.0
Sri Lanka,gear,pelagic trawl,1996,0.0
Sri Lanka,gear,pelagic trawl,1997,0.0
Sri Lanka,gear,pelagic trawl,1998,0.0
Sri Lanka,gear,pelagic trawl,1999,0.0
Sri Lanka,gear,pelagic trawl,2000,0.0
Sri Lanka,gear,pelagic trawl,2001,0.0
Sri Lanka,gear,pelagic trawl,2002,0.0
Sri Lanka,gear,pelagic trawl,2003,0.0
Sri Lanka,gear,pelagic trawl,2004,0.0
Sri Lanka,gear,pelagic trawl,2005,0.0
Sri Lanka,gear,pelagic trawl,2006,0.0
Sri Lanka,gear,pelagic trawl,2007,0.0
Sri Lanka,gear,pelagic trawl,2008,0.0
Sri Lanka,gear,pelagic trawl,2009,0.0
Sri Lanka,gear,pelagic trawl,2010,0.0
Sri Lanka,gear,pelagic trawl,2011,0.0
Sri Lanka,gear,pelagic trawl,2012,0.0
Sri Lanka,gear,pelagic trawl,2013,0.0
Sri Lanka,gear,pelagic trawl,2014,0.0
Sri Lanka,gear,pelagic trawl,2015,0.0
Sri Lanka,gear,pelagic trawl,2016,0.0
Sri Lanka,gear,pelagic trawl,2017,0.0
Sri Lanka,gear,pelagic trawl,2018,0.0
Sri Lanka,gear,pelagic trawl,2019,0.0
Sri Lanka,reporting-status,Unreported,1950,131190.7
Sri Lanka,reporting-status,Unreported,1951,132106.8
Sri Lanka,reporting-status,Unreported,1952,133712.0
Sri Lanka,reporting-status,Unreported,1953,135480.4
Sri Lanka,reporting-status,Unreported,1954,140608.5
Sri Lanka,reporting-status,Unreported,1955,139763.9
Sri Lanka,reporting-status,Unreported,1956,144319.5
Sri Lanka,reporting-status,Unreported,1957,143167.0
Sri Lanka,reporting-status,Unreported,1958,150109.6
Sri Lanka,reporting-status,Unreported,1959,148999.9
Sri Lanka,reporting-status,Unreported,1960,147908.5
Sri Lanka,reporting-status,Unreported,1961,146751.9
Sri Lanka,reporting-status,Unreported,1962,156666.9
Sri Lanka,reporting-status,Unreported,1963,151923.6
Sri Lanka,reporting-status,Unreported,1964,172174.2
Sri Lanka,reporting-status,Unreported,1965,154263.8
Sri Lanka,reporting-status,Unreported,1966,158534.5
Sri Lanka,reporting-status,Unreported,1967,160457.9
Sri Lanka,reporting-status,Unreported,1968,153620.6
Sri Lanka,reporting-status,Unreported,1969,163969.2
Sri Lanka,reporting-status,Unreported,1970,158707.2
Sri Lanka,reporting-status,Unreported,1971,155798.5
Sri Lanka,reporting-status,Unreported,1972,158291.7
Sri Lanka,reporting-status,Unreported,1973,153760.7
Sri Lanka,reporting-status,Unreported,1974,168439.2
Sri Lanka,reporting-status,Unreported,1975,174235.9
Sri Lanka,reporting-status,Unreported,1976,179942.8
Sri Lanka,reporting-status,Unreported,1977,169417.1
Sri Lanka,reporting-status,Unreported,1978,176820.0
Sri Lanka,reporting-status,Unreported,1979,159988.1
Sri Lanka,reporting-status,Unreported,1980,151970.1
Sri Lanka,reporting-status,Unreported,1981,166509.7
Sri Lanka,reporting-status,Unreported,1982,183764.5
Sri Lanka,reporting-status,Unreported,1983,162681.2
Sri Lanka,reporting-status,Unreported,1984,157118.9
Sri Lanka,reporting-status,Unreported,1985,134819.5
Sri Lanka,reporting-status,Unreported,1986,132261.6
Sri Lanka,reporting-status,Unreported,1987,133898.5
Sri Lanka,reporting-status,Unreported,1988,135635.9
Sri Lanka,reporting-status,Unreported,1989,136557.6
Sri Lanka,reporting-status,Unreported,1990,135426.5
Sri Lanka,reporting-status,Unreported,1991,140681.0
Sri Lanka,reporting-status,Unreported,1992,150617.6
Sri Lanka,reporting-status,Unreported,1993,149478.2
Sri Lanka,reporting-status,Unreported,1994,128944.9
Sri Lanka,reporting-status,Unreported,1995,147925.2
Sri Lanka,reporting-status,Unreported,1996,143079.8
Sri Lanka,reporting-status,Unreported,1997,142593.1
Sri Lanka,reporting-status,Unreported,1998,148077.7
Sri Lanka,reporting-status,Unreported,1999,137088.2
Sri Lanka,reporting-status,Unreported,2000,152072.7
Sri Lanka,reporting-status,Unreported,2001,136508.0
Sri Lanka,reporting-status,Unreported,2002,135254.1
Sri Lanka,reporting-status,Unreported,2003,160612.7
Sri Lanka,reporting-status,Unreported,2004,161890.2
Sri Lanka,reporting-status,Unreported,2005,75644.1
Sri Lanka,reporting-status,Unreported,2006,147089.1
Sri Lanka,reporting-status,Unreported,2007,148088.9
Sri Lanka,reporting-status,Unreported,2008,152052.1
Sri Lanka,reporting-status,Unreported,2009,142568.5
Sri Lanka,reporting-status,Unreported,2010,126965.6
Sri Lanka,reporting-status,Unreported,2011,131059.5
Sri Lanka,reporting-status,Unreported,2012,91005.7
Sri Lanka,reporting-status,Unreported,2013,90064.0
Sri Lanka,reporting-status,Unreported,2014,81904.7
Sri Lanka,reporting-status,Unreported,2015,101280.8
Sri Lanka,reporting-status,Unreported,2016,102619.7
Sri Lanka,reporting-status,Unreported,2017,83699.8
Sri Lanka,reporting-status,Unreported,2018,81768.8
Sri Lanka,reporting-status,Unreported,2019,85397.4
Sri Lanka,reporting-status,Reported,1950,18227.5
Sri Lanka,reporting-status,Reported,1951,20518.3
Sri Lanka,reporting-status,Reported,1952,21982.8
Sri Lanka,reporting-status,Reported,1953,23025.2
Sri Lanka,reporting-status,Reported,1954,24763.9
Sri Lanka,reporting-status,Reported,1955,26974.6
Sri Lanka,reporting-status,Reported,1956,32276.4
Sri Lanka,reporting-status,Reported,1957,27328.0
Sri Lanka,reporting-status,Reported,1958,33521.9
Sri Lanka,reporting-status,Reported,1959,38155.5
Sri Lanka,reporting-status,Reported,1960,44378.2
Sri Lanka,reporting-status,Reported,1961,52072.3
Sri Lanka,reporting-status,Reported,1962,61758.3
Sri Lanka,reporting-status,Reported,1963,57349.0
Sri Lanka,reporting-status,Reported,1964,76303.3
Sri Lanka,reporting-status,Reported,1965,57682.0
Sri Lanka,reporting-status,Reported,1966,62944.3
Sri Lanka,reporting-status,Reported,1967,64181.8
Sri Lanka,reporting-status,Reported,1968,82513.7
Sri Lanka,reporting-status,Reported,1969,76522.1
Sri Lanka,reporting-status,Reported,1970,70258.8
Sri Lanka,reporting-status,Reported,1971,61178.1
Sri Lanka,reporting-status,Reported,1972,70576.0
Sri Lanka,reporting-status,Reported,1973,73868.1
Sri Lanka,reporting-status,Reported,1974,79469.9
Sri Lanka,reporting-status,Reported,1975,86746.7
Sri Lanka,reporting-status,Reported,1976,99674.9
Sri Lanka,reporting-status,Reported,1977,104407.5
Sri Lanka,reporting-status,Reported,1978,119214.0
Sri Lanka,reporting-status,Reported,1979,130446.7
Sri Lanka,reporting-status,Reported,1980,144342.7
Sri Lanka,reporting-status,Reported,1981,149208.8
Sri Lanka,reporting-status,Reported,1982,145214.0
Sri Lanka,reporting-status,Reported,1983,149783.4
Sri Lanka,reporting-status,Reported,1984,117142.2
Sri Lanka,reporting-status,Reported,1985,128529.1
Sri Lanka,reporting-status,Reported,1986,126525.1
Sri Lanka,reporting-status,Reported,1987,127563.7
Sri Lanka,reporting-status,Reported,1988,141978.7
Sri Lanka,reporting-status,Reported,1989,149272.2
Sri Lanka,reporting-status,Reported,1990,116680.0
Sri Lanka,reporting-status,Reported,1991,144170.8
Sri Lanka,reporting-status,Reported,1992,132864.5
Sri Lanka,reporting-status,Reported,1993,146378.3
Sri Lanka,reporting-status,Reported,1994,152493.6
Sri Lanka,reporting-status,Reported,1995,143203.8
Sri Lanka,reporting-status,Reported,1996,150285.6
Sri Lanka,reporting-status,Reported,1997,140907.1
Sri Lanka,reporting-status,Reported,1998,155278.5
Sri Lanka,reporting-status,Reported,1999,157062.2
Sri Lanka,reporting-status,Reported,2000,148766.7
Sri Lanka,reporting-status,Reported,2001,138654.0
Sri Lanka,reporting-status,Reported,2002,143156.4
Sri Lanka,reporting-status,Reported,2003,151949.6
Sri Lanka,reporting-status,Reported,2004,155142.6
Sri Lanka,reporting-status,Reported,2005,82852.7
Sri Lanka,reporting-status,Reported,2006,133695.3
Sri Lanka,reporting-status,Reported,2007,151238.1
Sri Lanka,reporting-status,Reported,2008,161105.0
Sri Lanka,reporting-status,Reported,2009,178943.0
Sri Lanka,reporting-status,Reported,2010,208266.0
Sri Lanka,reporting-status,Reported,2011,233759.7
Sri Lanka,reporting-status,Reported,2012,279950.8
Sri Lanka,reporting-status,Reported,2013,276636.4
Sri Lanka,reporting-status,Reported,2014,276804.3
Sri Lanka,reporting-status,Reported,2015,277329.7
Sri Lanka,reporting-status,Reported,2016,281451.1
Sri Lanka,reporting-status,Reported,2017,262339.7
Sri Lanka,reporting-status,Reported,2018,259120.9
Sri Lanka,reporting-status,Reported,2019,227324.4
